epoch,time,train/box_loss,train/seg_loss,train/cls_loss,train/dfl_loss,train/sem_loss,metrics/precision(B),metrics/recall(B),metrics/mAP50(B),metrics/mAP50-95(B),metrics/precision(M),metrics/recall(M),metrics/mAP50(M),metrics/mAP50-95(M),val/box_loss,val/seg_loss,val/cls_loss,val/dfl_loss,val/sem_loss,lr/pg0,lr/pg1,lr/pg2
1,26.4417,2.65766,5.07783,3.37597,2.51338,0,0.00818,0.61364,0.01227,0.00283,0,0,0,0,3.2479,3.31154,3.18531,3.1335,0,0.000615385,0.000615385,0.000615385
2,30.3115,2.63671,4.87564,3.29841,2.43846,0,0.00818,0.61364,0.0095,0.00187,0,0,0,0,3.24501,3.06933,3.30863,3.06301,0,0.00128078,0.00128078,0.00128078
3,34.1775,2.60951,4.98414,3.24539,2.53112,0,0.00879,0.65909,0.00808,0.00145,0,0,0,0,3.16832,2.85124,3.55397,2.94657,0,0.00194486,0.00194486,0.00194486
4,38.032,2.60335,5.24885,3.3198,2.43787,0,0.00606,0.45455,0.00361,0.00052,0,0,0,0,3.22334,2.75873,3.80434,2.94091,0,0.00199406,0.00199406,0.00199406
5,41.8903,2.72907,5.01765,3.30676,2.58227,0,0.00485,0.36364,0.00203,0.00035,0,0,0,0,3.1941,2.84038,3.88192,2.89852,0,0.00199208,0.00199208,0.00199208
6,45.7661,2.6769,4.94765,3.36272,2.47073,0,0.00485,0.36364,0.00203,0.00035,0,0,0,0,3.1941,2.84038,3.88192,2.89852,0,0.0019901,0.0019901,0.0019901
7,49.8918,2.47847,4.98744,3.29728,2.4165,0,0.00455,0.34091,0.00216,0.00047,0,0,0,0,3.20029,2.94827,3.97464,2.92784,0,0.00198812,0.00198812,0.00198812
8,53.9691,2.9394,4.79009,8.36574,2.71641,0,0.00526,0.29545,0.00185,0.00024,0,0,0,0,4.158,28.738,174.259,7.16257,0,0.00198614,0.00198614,0.00198614
9,58.198,3.19425,4.16136,10.3357,2.9192,0,0.00696,0.29545,0.00286,0.00048,0,0,0,0,nan,nan,nan,nan,0,0.00198416,0.00198416,0.00198416
10,62.457,3.23658,3.68679,4.50726,3.03226,0,0,0,0,0,0,0,0,0,nan,nan,nan,nan,0,0.00198218,0.00198218,0.00198218
11,66.7857,3.17674,5.593,3.12887,3.02936,0,0,0,0,0,0,0,0,0,nan,nan,nan,nan,0,0.0019802,0.0019802,0.0019802
12,71.0968,3.24173,4.01845,3.08686,3.08711,0,0,0,0,0,0,0,0,0,nan,nan,nan,nan,0,0.00197822,0.00197822,0.00197822
13,75.4183,3.24892,3.56913,3.0345,3.05886,0,0,0,0,0,0,0,0,0,nan,nan,nan,nan,0,0.00197624,0.00197624,0.00197624
14,79.7858,3.16306,3.23147,2.93878,3.07858,0,0,0,0,0,0,0,0,0,nan,nan,nan,nan,0,0.00197426,0.00197426,0.00197426
15,84.0945,3.04985,3.13281,3.04383,3.03207,0,0,0,0,0,0,0,0,0,nan,nan,nan,nan,0,0.00197228,0.00197228,0.00197228
16,88.519,2.86735,3.41355,3.08005,2.86336,0,0,0,0,0,0,0,0,0,nan,nan,nan,nan,0,0.0019703,0.0019703,0.0019703
17,93.0156,3.02857,3.2115,2.95514,2.97815,0,0.00031,0.02273,1e-05,0,0,0,0,0,nan,nan,nan,nan,0,0.00196832,0.00196832,0.00196832
18,97.3371,2.98749,3.00213,2.88061,2.94432,0,0,0,0,0,0,0,0,0,nan,nan,nan,nan,0,0.00196634,0.00196634,0.00196634
19,101.797,2.86324,3.09041,2.78774,2.86236,0,0,0,0,0,0,0,0,0,4.683,77.4634,3345.94,9.7645,0,0.00196436,0.00196436,0.00196436
20,106.262,2.95274,3.04948,2.77477,2.93937,0,0.0037,0.11364,0.00101,0.00018,0,0,0,0,4.21283,75.6046,16.0077,7.25128,0,0.00196238,0.00196238,0.00196238
21,110.898,2.78266,2.96215,2.65658,2.85779,0,0.00436,0.15909,0.00186,0.00041,0,0,0,0,4.38059,61.3457,4.27788,9.9124,0,0.0019604,0.0019604,0.0019604
22,115.098,2.82551,2.83149,2.66664,2.8925,0,0.00436,0.15909,0.00186,0.00041,0,0,0,0,4.38059,61.3457,4.27788,9.9124,0,0.00195842,0.00195842,0.00195842
23,119.455,2.74785,2.85443,2.55813,2.87449,0,0.00981,0.02273,0.00158,0.0004,0,0,0,0,4.48951,15.3795,4.03694,5.15733,0,0.00195644,0.00195644,0.00195644
24,123.848,2.8363,2.88447,2.60717,2.89856,0,0.00494,0.11364,0.00172,0.00046,0,0,0,0,3.96418,76.8228,4.15769,6.41191,0,0.00195446,0.00195446,0.00195446
25,128.286,2.73137,2.80343,2.66331,2.81622,0,0.00333,0.25,0.00167,0.00026,0,0,0,0,4.01945,180.27,9.49903,9.08363,0,0.00195248,0.00195248,0.00195248
26,132.655,2.65765,2.81287,2.61824,2.80514,0,0.00225,0.15909,0.00424,0.00079,0,0,0,0,4.12178,33.2449,3.34252,4.998,0,0.0019505,0.0019505,0.0019505
27,137.167,2.70929,2.75191,2.58079,2.75239,0,0.00225,0.15909,0.00424,0.00079,0,0,0,0,4.12178,33.2449,3.34252,4.998,0,0.00194852,0.00194852,0.00194852
28,141.621,2.74223,2.76482,2.60365,2.7432,0,0.00707,0.13636,0.0043,0.00102,0,0,0,0,4.05503,363.785,3.09169,4.97936,0,0.00194654,0.00194654,0.00194654
29,146.011,2.60366,2.74445,2.57159,2.77936,0,0.00338,0.18182,0.00416,0.00085,0,0,0,0,5.12892,231.743,3.67672,21.2248,0,0.00194456,0.00194456,0.00194456
30,150.366,2.71033,2.73589,2.59995,2.78698,0,0.00373,0.13636,0.00242,0.00066,0,0,0,0,4.48427,63.9342,4.34797,7.91813,0,0.00194258,0.00194258,0.00194258
31,154.807,2.5866,2.72112,2.57064,2.73116,0,0.0086,0.13636,0.0081,0.00183,0,0,0,0,3.93515,20.1017,3.77884,4.6371,0,0.0019406,0.0019406,0.0019406
32,159.194,2.65829,2.81279,2.61141,2.69583,0,0.0086,0.13636,0.0081,0.00183,0,0,0,0,3.93515,20.1017,3.77884,4.6371,0,0.00193862,0.00193862,0.00193862
33,163.547,2.58214,2.73664,2.62688,2.73691,0,0.01861,0.04545,0.01855,0.0057,0,0,0,0,3.82954,15.8191,4.0523,5.53536,0,0.00193664,0.00193664,0.00193664
34,167.962,2.58472,2.75874,2.59841,2.71332,0,0.10583,0.20455,0.05361,0.01261,0,0,0,0,3.61218,13.5666,4.04865,5.55214,0,0.00193466,0.00193466,0.00193466
35,172.566,2.52933,2.65709,2.55354,2.61654,0,0.13479,0.2373,0.06908,0.01599,0.0003,0.02273,4e-05,0,3.70688,3.91357,3.30482,4.9145,0,0.00193268,0.00193268,0.00193268
36,177.198,2.55728,2.69741,2.55008,2.69874,0,0.05737,0.15909,0.0403,0.01184,0,0,0,0,3.20632,3.13459,3.38828,4.21377,0,0.0019307,0.0019307,0.0019307
37,181.681,2.57991,2.64168,2.52511,2.62616,0,0.0632,0.25,0.05583,0.0117,0.0003,0.02273,4e-05,0,3.05078,2.12431,3.01038,3.30952,0,0.00192872,0.00192872,0.00192872
38,186.128,2.39275,2.54504,2.44297,2.61172,0,0.0632,0.25,0.05583,0.0117,0.0003,0.02273,4e-05,0,3.05078,2.12431,3.01038,3.30952,0,0.00192674,0.00192674,0.00192674
39,190.488,2.50636,2.56242,2.47498,2.65977,0,0.06696,0.18182,0.08036,0.02641,0.0003,0.02273,2e-05,0,2.84539,2.07697,2.97225,3.11278,0,0.00192476,0.00192476,0.00192476
40,194.998,2.43606,2.52485,2.5374,2.60046,0,0.063,0.18182,0.07197,0.02094,0.0003,0.02273,1e-05,0,2.79584,2.05264,3.00326,3.04217,0,0.00192278,0.00192278,0.00192278
41,199.41,2.54552,2.70265,2.50376,2.60152,0,0.0936,0.20455,0.08207,0.02277,0.00152,0.11364,0.0002,2e-05,2.83526,2.05502,2.92543,3.04284,0,0.0019208,0.0019208,0.0019208
42,204.021,2.50051,2.50628,2.47954,2.61491,0,0.04619,0.54545,0.10453,0.0285,0.00121,0.09091,0.00021,4e-05,2.84966,1.98713,2.71625,3.01575,0,0.00191882,0.00191882,0.00191882
43,208.442,2.40973,2.36407,2.46169,2.58429,0,0.04619,0.54545,0.10453,0.0285,0.00121,0.09091,0.00021,4e-05,2.84966,1.98713,2.71625,3.01575,0,0.00191684,0.00191684,0.00191684
44,213.054,2.43626,2.49351,2.46498,2.58788,0,0.05416,0.5,0.11245,0.03426,0.00093,0.06818,0.00013,3e-05,2.69639,1.9913,2.79669,2.91782,0,0.00191486,0.00191486,0.00191486
45,217.46,2.48615,2.51912,2.49259,2.61932,0,0.05923,0.31818,0.11145,0.03267,0.00094,0.06818,9e-05,2e-05,2.66947,2.01926,2.82352,2.89324,0,0.00191288,0.00191288,0.00191288
46,222.03,2.41524,2.48673,2.50506,2.59063,0,0.09851,0.34091,0.15073,0.04402,0.00092,0.06818,0.00011,2e-05,2.62519,2.12841,3.1885,2.8465,0,0.0019109,0.0019109,0.0019109
47,226.524,2.38954,2.49153,2.40941,2.54691,0,0.12246,0.29545,0.10174,0.0328,0.00132,0.09091,0.00025,5e-05,2.73924,2.15472,3.24919,2.93853,0,0.00190892,0.00190892,0.00190892
48,231.084,2.43917,2.56083,2.38548,2.50784,0,0.12246,0.29545,0.10174,0.0328,0.00132,0.09091,0.00025,5e-05,2.73924,2.15472,3.24919,2.93853,0,0.00190694,0.00190694,0.00190694
49,235.528,2.37419,2.43464,2.49096,2.51867,0,0.08246,0.11364,0.07362,0.01766,0.00091,0.06818,0.0001,2e-05,2.88553,2.20871,3.54537,3.11599,0,0.00190496,0.00190496,0.00190496
50,239.882,2.36451,2.5145,2.38887,2.50372,0,0.11194,0.13636,0.10603,0.02582,0.00121,0.09091,0.00016,3e-05,2.78074,2.17614,3.00097,2.96337,0,0.00190298,0.00190298,0.00190298
51,244.315,2.3392,2.44064,2.44984,2.50113,0,0.1278,0.36632,0.13358,0.03901,0.00152,0.11364,0.00043,9e-05,2.72666,2.02928,2.69202,2.88619,0,0.001901,0.001901,0.001901
52,248.826,2.34744,2.42339,2.39377,2.43105,0,0.08251,0.45455,0.09996,0.02995,0.00152,0.11364,0.00096,0.00016,2.8015,1.9916,2.71827,2.98837,0,0.00189902,0.00189902,0.00189902
53,253.257,2.46969,2.47669,2.45074,2.54026,0,0.13659,0.11364,0.07765,0.03039,0.00212,0.15909,0.0011,0.00018,2.54906,1.92998,2.78908,2.72666,0,0.00189704,0.00189704,0.00189704
54,257.718,2.37843,2.39068,2.38601,2.47066,0,0.13659,0.11364,0.07765,0.03039,0.00212,0.15909,0.0011,0.00018,2.54906,1.92998,2.78908,2.72666,0,0.00189506,0.00189506,0.00189506
55,262.244,2.28518,2.4274,2.40097,2.40385,0,0.05945,0.06818,0.06692,0.02582,0.00182,0.13636,0.00043,9e-05,2.53576,1.90948,2.83639,2.69747,0,0.00189308,0.00189308,0.00189308
56,266.63,2.43907,2.44036,2.42545,2.51378,0,0.14339,0.22727,0.09683,0.03467,0.00152,0.11364,0.00022,4e-05,2.53022,1.89511,2.84495,2.67133,0,0.0018911,0.0018911,0.0018911
57,271.191,2.30499,2.40141,2.41198,2.44528,0,0.11246,0.34091,0.12059,0.04225,0.00121,0.09091,0.00012,2e-05,2.50169,1.92079,2.80408,2.64536,0,0.00188912,0.00188912,0.00188912
58,275.634,2.27769,2.34754,2.39704,2.44865,0,0.11493,0.38636,0.101,0.03615,0.00121,0.09091,0.00018,3e-05,2.53169,1.89847,2.88153,2.68455,0,0.00188714,0.00188714,0.00188714
59,280.173,2.31798,2.43036,2.32884,2.48314,0,0.11493,0.38636,0.101,0.03615,0.00121,0.09091,0.00018,3e-05,2.53169,1.89847,2.88153,2.68455,0,0.00188516,0.00188516,0.00188516
60,284.605,2.23255,2.55617,2.43922,2.40386,0,0.08986,0.45455,0.10231,0.045,0.00091,0.06818,0.0001,2e-05,2.52558,1.8737,3.05499,2.7127,0,0.00188318,0.00188318,0.00188318
61,289.084,2.27349,2.35996,2.35755,2.41574,0,0.08357,0.43182,0.09147,0.03429,0.00091,0.06818,0.00013,3e-05,2.5952,1.82503,2.86495,2.76748,0,0.0018812,0.0018812,0.0018812
62,293.513,2.23617,2.33488,2.4165,2.44893,0,0.08909,0.29545,0.07015,0.02692,0.00152,0.11364,0.00037,7e-05,2.57134,1.83014,2.73485,2.77575,0,0.00187922,0.00187922,0.00187922
63,297.97,2.24311,2.37184,2.41894,2.44808,0,0.08109,0.20455,0.08803,0.03832,0.00121,0.09091,0.00053,0.0001,2.5462,1.793,2.82548,2.75663,0,0.00187724,0.00187724,0.00187724
64,302.351,2.30835,2.45946,2.3631,2.41262,0,0.08109,0.20455,0.08803,0.03832,0.00121,0.09091,0.00053,0.0001,2.5462,1.793,2.82548,2.75663,0,0.00187526,0.00187526,0.00187526
65,306.819,2.3313,2.42998,2.35739,2.39444,0,0.1124,0.34091,0.13869,0.04423,0.00152,0.11364,0.00041,6e-05,2.60813,1.86836,2.99216,2.73237,0,0.00187328,0.00187328,0.00187328
66,311.256,2.26127,2.4576,2.32853,2.36978,0,0.15342,0.34091,0.17831,0.05764,0.00215,0.15909,0.00059,9e-05,2.47641,1.83972,2.91423,2.73458,0,0.0018713,0.0018713,0.0018713
67,315.775,2.23618,2.29866,2.29732,2.34784,0,0.15162,0.29545,0.14593,0.04822,0.00413,0.06818,0.00055,0.00012,2.45771,1.77117,2.65907,2.66116,0,0.00186932,0.00186932,0.00186932
68,320.28,2.29901,2.42177,2.43332,2.4195,0,0.18234,0.27273,0.15172,0.05225,0.00387,0.02273,0.00083,0.00017,2.38902,1.87314,2.57961,2.60048,0,0.00186734,0.00186734,0.00186734
69,324.723,2.19151,2.35185,2.3242,2.31885,0,0.14382,0.15909,0.13082,0.03922,0.00115,0.06818,0.00053,5e-05,2.38827,1.92232,2.81824,2.61376,0,0.00186536,0.00186536,0.00186536
70,329.146,2.17759,2.30145,2.27104,2.30451,0,0.14382,0.15909,0.13082,0.03922,0.00115,0.06818,0.00053,5e-05,2.38827,1.92232,2.81824,2.61376,0,0.00186338,0.00186338,0.00186338
71,333.469,2.18146,2.37124,2.36195,2.3876,0,0.20847,0.15909,0.09714,0.03719,0.00121,0.09091,0.00038,4e-05,2.31575,1.92565,3.11867,2.60382,0,0.0018614,0.0018614,0.0018614
72,337.863,2.20157,2.33575,2.26996,2.34096,0,0.26706,0.20455,0.13601,0.05977,0.00203,0.13636,0.00062,0.0001,2.36549,1.86405,3.01472,2.65167,0,0.00185942,0.00185942,0.00185942
73,342.331,2.21059,2.45049,2.40014,2.35072,0,0.19195,0.23764,0.13601,0.05988,0.00199,0.13636,0.00062,0.0001,2.41247,1.89238,2.75665,2.65711,0,0.00185744,0.00185744,0.00185744
74,346.771,2.25759,2.34215,2.37485,2.38604,0,0.15673,0.20455,0.12172,0.04839,0.00167,0.11364,0.0007,9e-05,2.34469,1.90769,2.85601,2.59134,0,0.00185546,0.00185546,0.00185546
75,351.265,2.18142,2.24955,2.32596,2.30725,0,0.15673,0.20455,0.12172,0.04839,0.00167,0.11364,0.0007,9e-05,2.34469,1.90769,2.85601,2.59134,0,0.00185348,0.00185348,0.00185348
76,355.682,2.17137,2.43444,2.35958,2.2864,0,0.09115,0.22727,0.07254,0.02628,0.00094,0.06818,0.00012,2e-05,2.40316,1.92995,2.92816,2.61248,0,0.0018515,0.0018515,0.0018515
77,360.002,2.14277,2.37972,2.3572,2.30776,0,0.12417,0.31818,0.09307,0.02945,0.00092,0.06818,0.0001,2e-05,2.38725,1.87106,2.73487,2.59173,0,0.00184952,0.00184952,0.00184952
78,364.423,2.09765,2.30719,2.24001,2.28077,0,0.14548,0.29545,0.1129,0.038,0.00154,0.11364,0.00022,3e-05,2.4058,1.88929,2.60113,2.62721,0,0.00184754,0.00184754,0.00184754
79,368.904,2.17357,2.32958,2.21794,2.29455,0,0.17841,0.27273,0.11643,0.04389,0.00098,0.06818,0.00016,3e-05,2.41195,1.9036,2.73494,2.67567,0,0.00184556,0.00184556,0.00184556
80,373.375,2.14755,2.28621,2.24497,2.30519,0,0.17841,0.27273,0.11643,0.04389,0.00098,0.06818,0.00016,3e-05,2.41195,1.9036,2.73494,2.67567,0,0.00184358,0.00184358,0.00184358
81,377.87,2.16704,2.33006,2.1707,2.22437,0,0.1031,0.34091,0.09552,0.03009,0.00182,0.13636,0.00033,5e-05,2.32958,1.85159,2.81143,2.57387,0,0.0018416,0.0018416,0.0018416
82,382.55,2.11027,2.26102,2.2655,2.2639,0,0.0773,0.22727,0.07029,0.02247,0.00152,0.11364,0.00041,8e-05,2.28506,1.77594,2.85558,2.53242,0,0.00183962,0.00183962,0.00183962
83,387.036,2.11374,2.35575,2.2979,2.27261,0,0.05122,0.06818,0.06089,0.01774,0.00121,0.09091,0.00032,4e-05,2.50057,1.97899,2.95513,2.64691,0,0.00183764,0.00183764,0.00183764
84,391.463,2.02668,2.29047,2.20184,2.18789,0,0.17032,0.36364,0.13739,0.03845,0.00091,0.06818,0.00021,3e-05,2.60393,2.02155,2.82461,2.70981,0,0.00183566,0.00183566,0.00183566
85,395.921,2.04553,2.29691,2.26354,2.25448,0,0.20947,0.36364,0.18227,0.05911,0.00092,0.06818,0.00014,3e-05,2.51514,1.96839,2.75821,2.64336,0,0.00183368,0.00183368,0.00183368
86,400.333,2.17338,2.39053,2.23165,2.23372,0,0.20947,0.36364,0.18227,0.05911,0.00092,0.06818,0.00014,3e-05,2.51514,1.96839,2.75821,2.64336,0,0.0018317,0.0018317,0.0018317
87,404.87,2.12301,2.21876,2.20219,2.27442,0,0.22821,0.34091,0.20857,0.07162,0.00147,0.06818,0.00019,4e-05,2.45492,1.91076,2.86881,2.60651,0,0.00182972,0.00182972,0.00182972
88,409.379,2.08886,2.36974,2.18338,2.20957,0,0.27689,0.18182,0.14907,0.05702,0.00421,0.02273,0.00037,4e-05,2.5717,1.89911,2.9164,2.67075,0,0.00182774,0.00182774,0.00182774
89,413.789,2.09151,2.37509,2.23849,2.19451,0,0.14446,0.13636,0.07171,0.02244,0.00091,0.06818,0.00019,2e-05,2.63258,1.95695,3.32505,2.75025,0,0.00182576,0.00182576,0.00182576
90,418.234,2.06052,2.24627,2.14914,2.16802,0,0.10274,0.10422,0.06688,0.02496,0.0129,0.06818,0.00208,0.00039,2.49487,1.95094,3.21265,2.69169,0,0.00182378,0.00182378,0.00182378
91,422.58,2.07055,2.28531,2.22303,2.21619,0,0.10274,0.10422,0.06688,0.02496,0.0129,0.06818,0.00208,0.00039,2.49487,1.95094,3.21265,2.69169,0,0.0018218,0.0018218,0.0018218
92,427.127,2.01927,2.29629,2.15725,2.14453,0,0.15516,0.27273,0.07574,0.02557,0.01662,0.06818,0.00228,0.00056,2.32388,1.98293,2.96974,2.57402,0,0.00181982,0.00181982,0.00181982
93,431.463,2.10231,2.34457,2.18766,2.22636,0,0.16698,0.29545,0.10951,0.03947,0.01682,0.04545,0.00216,0.00051,2.25139,1.9513,2.85665,2.51505,0,0.00181784,0.00181784,0.00181784
94,435.844,2.07609,2.20002,2.17467,2.20119,0,0.167,0.29545,0.11812,0.03675,0.01393,0.04545,0.00132,0.00018,2.21286,1.95485,2.73543,2.49921,0,0.00181586,0.00181586,0.00181586
95,440.452,2.05102,2.23789,2.11215,2.15249,0,0.16545,0.25,0.11291,0.03569,0.00317,0.02273,0.00025,6e-05,2.17846,2.05897,2.75904,2.52438,0,0.00181388,0.00181388,0.00181388
96,445.063,2.07045,2.21431,2.16219,2.18596,0,0.16545,0.25,0.11291,0.03569,0.00317,0.02273,0.00025,6e-05,2.17846,2.05897,2.75904,2.52438,0,0.0018119,0.0018119,0.0018119
97,449.484,2.08337,2.26534,2.13967,2.21905,0,0.13107,0.27273,0.13513,0.04687,0.00578,0.04545,0.00117,0.00018,2.18018,1.89759,2.69893,2.50081,0,0.00180992,0.00180992,0.00180992
98,453.89,2.0622,2.19326,2.134,2.18186,0,0.13855,0.27273,0.11149,0.03237,0.01443,0.06818,0.00172,0.00031,2.323,1.8047,2.58964,2.56332,0,0.00180794,0.00180794,0.00180794
99,458.27,1.97736,2.08072,2.16967,2.13795,0,0.10423,0.18182,0.10537,0.03594,0.01303,0.02273,0.0026,0.00038,2.27129,1.82535,2.57628,2.52328,0,0.00180596,0.00180596,0.00180596
100,462.586,2.02239,2.23957,2.1545,2.17218,0,0.1358,0.15909,0.09267,0.03417,0.01509,0.02273,0.00344,0.00055,2.28458,1.82714,2.67518,2.51221,0,0.00180398,0.00180398,0.00180398
101,466.919,2.10409,2.38725,2.14744,2.18752,0,0.15301,0.15909,0.09341,0.03695,0.00782,0.06818,0.00225,0.00035,2.33836,1.7764,2.64885,2.54765,0,0.001802,0.001802,0.001802
102,471.503,1.99766,2.26547,2.06138,2.11614,0,0.15301,0.15909,0.09341,0.03695,0.00782,0.06818,0.00225,0.00035,2.33836,1.7764,2.64885,2.54765,0,0.00180002,0.00180002,0.00180002
103,475.938,2.00907,2.26264,2.11497,2.16456,0,0.1862,0.20455,0.12376,0.05022,0.0055,0.13636,0.0011,0.00018,2.48641,1.85013,2.65445,2.73111,0,0.00179804,0.00179804,0.00179804
104,480.492,1.97099,2.22005,2.0829,2.16313,0,0.34678,0.18182,0.18455,0.0715,0.00596,0.13636,0.00133,0.00026,2.43416,1.89167,2.59223,2.69059,0,0.00179606,0.00179606,0.00179606
105,484.978,1.98397,2.30479,2.11621,2.16168,0,0.15674,0.27273,0.09342,0.03707,0.01051,0.13636,0.00209,0.00044,2.38379,1.91523,2.62225,2.59279,0,0.00179408,0.00179408,0.00179408
106,489.425,2.00475,2.15266,2.162,2.12435,0,0.09081,0.27925,0.05955,0.01758,0.02218,0.06818,0.00332,0.00089,2.49837,1.96956,2.74495,2.6242,0,0.0017921,0.0017921,0.0017921
107,493.823,2.00878,2.23837,2.03645,2.10057,0,0.09081,0.27925,0.05955,0.01758,0.02218,0.06818,0.00332,0.00089,2.49837,1.96956,2.74495,2.6242,0,0.00179012,0.00179012,0.00179012
108,498.272,1.96262,2.26269,2.05212,2.04681,0,0.09355,0.18182,0.04984,0.01476,0.01053,0.02273,0.00151,0.00016,2.45266,1.98145,2.84413,2.59543,0,0.00178814,0.00178814,0.00178814
109,502.836,2.02619,2.22334,2.11609,2.11764,0,0.36388,0.15909,0.16092,0.0349,0.00644,0.04545,0.00059,0.0001,2.39616,1.8829,2.72049,2.55924,0,0.00178616,0.00178616,0.00178616
110,507.286,2.00859,2.19118,2.05233,2.09167,0,0.3367,0.20455,0.20882,0.05686,0.00519,0.06818,0.00114,0.00018,2.38597,1.8395,2.7261,2.53438,0,0.00178418,0.00178418,0.00178418
111,511.738,1.95003,2.27013,2.02739,2.05344,0,0.21458,0.36364,0.15232,0.04564,0.01068,0.04545,0.00082,0.00015,2.34182,1.86387,2.70344,2.50205,0,0.0017822,0.0017822,0.0017822
112,516.092,1.97926,2.25889,2.01145,2.04985,0,0.21458,0.36364,0.15232,0.04564,0.01068,0.04545,0.00082,0.00015,2.34182,1.86387,2.70344,2.50205,0,0.00178022,0.00178022,0.00178022
113,520.479,2.03757,2.2795,2.11099,2.12952,0,0.17963,0.18182,0.09181,0.03385,0.02052,0.02273,0.00163,0.00026,2.43262,1.8928,2.78197,2.54465,0,0.00177824,0.00177824,0.00177824
114,524.901,1.98396,2.24301,1.99941,2.00276,0,0.15859,0.22727,0.09738,0.03523,0.00456,0.04545,0.00055,7e-05,2.41502,1.93292,2.68077,2.52796,0,0.00177626,0.00177626,0.00177626
115,529.27,1.93984,2.24145,1.97774,2.07218,0,0.21704,0.20455,0.14931,0.05265,0.00298,0.04545,0.00036,5e-05,2.27208,1.90681,2.58809,2.47044,0,0.00177428,0.00177428,0.00177428
116,533.963,1.97531,2.33644,2.12436,2.1047,0,0.14385,0.22727,0.15138,0.06013,0.00316,0.04545,0.0004,9e-05,2.25785,1.84454,2.51919,2.44566,0,0.0017723,0.0017723,0.0017723
117,538.309,2.05703,2.33953,2.12643,2.16392,0,0.13371,0.34091,0.16368,0.06026,0.00737,0.09091,0.00119,0.00024,2.27332,1.76107,2.4713,2.45492,0,0.00177032,0.00177032,0.00177032
118,542.618,2.01346,2.26468,2.09473,2.10363,0,0.13371,0.34091,0.16368,0.06026,0.00737,0.09091,0.00119,0.00024,2.27332,1.76107,2.4713,2.45492,0,0.00176834,0.00176834,0.00176834
119,546.955,1.92238,2.23189,2.00979,2.04413,0,0.1372,0.31818,0.1474,0.05509,0.00807,0.02273,0.00126,0.00032,2.23932,1.77598,2.51613,2.44493,0,0.00176636,0.00176636,0.00176636
120,551.37,1.99453,2.2957,2.06364,2.07129,0,0.13364,0.27273,0.13382,0.05474,0.01114,0.02273,0.00151,0.00045,2.2551,1.78501,2.54892,2.43942,0,0.00176438,0.00176438,0.00176438
121,555.829,1.90119,2.17509,1.95666,2.04685,0,0.17154,0.34091,0.12087,0.05157,0.00821,0.02273,0.00068,0.00018,2.23838,1.79001,2.60083,2.43932,0,0.0017624,0.0017624,0.0017624
122,560.326,1.97145,2.23335,2.05234,2.12534,0,0.21773,0.31818,0.12947,0.05017,0.00694,0.02273,0.00066,0.00013,2.23709,1.80687,2.56221,2.47002,0,0.00176042,0.00176042,0.00176042
123,564.66,2.07063,2.31169,1.98097,2.16859,0,0.21773,0.31818,0.12947,0.05017,0.00694,0.02273,0.00066,0.00013,2.23709,1.80687,2.56221,2.47002,0,0.00175844,0.00175844,0.00175844
124,569.184,2.0208,2.20529,1.93482,2.06131,0,0.18026,0.27273,0.12424,0.04773,0.02344,0.04545,0.00262,0.00051,2.28024,1.80679,2.47458,2.47304,0,0.00175646,0.00175646,0.00175646
125,573.616,1.93628,2.19789,1.93176,2.02519,0,0.16158,0.25,0.12056,0.04313,0.00803,0.04545,0.00081,0.00014,2.25202,1.84005,2.6072,2.45344,0,0.00175448,0.00175448,0.00175448
126,578.061,1.9217,2.24665,1.95983,1.9987,0,0.23991,0.20455,0.11776,0.03502,0.00219,0.04545,0.00059,7e-05,2.46761,2.03066,2.80164,2.54198,0,0.0017525,0.0017525,0.0017525
127,582.494,1.92551,2.21199,1.94631,2.02279,0,0.27756,0.20455,0.15304,0.03422,0.01205,0.06818,0.00106,0.00015,2.4661,1.87591,2.87165,2.56355,0,0.00175052,0.00175052,0.00175052
128,586.783,1.93722,2.18986,1.97269,2.01972,0,0.27756,0.20455,0.15304,0.03422,0.01205,0.06818,0.00106,0.00015,2.4661,1.87591,2.87165,2.56355,0,0.00174854,0.00174854,0.00174854
129,591.339,1.83515,2.16527,1.93332,2.00516,0,0.30706,0.31818,0.22548,0.05687,0.01499,0.06818,0.0026,0.0006,2.30673,1.71596,2.62424,2.47949,0,0.00174656,0.00174656,0.00174656
130,595.845,1.96167,2.2343,1.93941,2.0427,0,0.26182,0.34091,0.20529,0.06286,0.02165,0.11364,0.00359,0.00071,2.34299,1.74922,2.42151,2.49158,0,0.00174458,0.00174458,0.00174458
131,600.35,1.87737,2.24695,1.91142,1.96348,0,0.15699,0.13636,0.10583,0.03279,0.01879,0.09091,0.00342,0.00052,2.61294,1.78574,2.62408,2.69929,0,0.0017426,0.0017426,0.0017426
132,604.755,1.95914,2.22552,1.97683,2.0163,0,0.16012,0.15909,0.10364,0.02797,0.00813,0.04545,0.00201,0.00031,2.78413,1.79809,2.73088,2.75286,0,0.00174062,0.00174062,0.00174062
133,609.193,1.93388,2.27911,1.89238,2.03722,0,0.2056,0.25,0.13794,0.04848,0.02018,0.04545,0.00338,0.00051,2.45234,1.79597,2.53555,2.58826,0,0.00173864,0.00173864,0.00173864
134,613.565,1.92414,2.27137,1.92585,2.00973,0,0.2056,0.25,0.13794,0.04848,0.02018,0.04545,0.00338,0.00051,2.45234,1.79597,2.53555,2.58826,0,0.00173666,0.00173666,0.00173666
135,618.001,1.98797,2.2876,1.98873,2.05912,0,0.27066,0.2952,0.20361,0.0672,0.01621,0.04545,0.00436,0.00079,2.49783,1.7552,2.41776,2.72044,0,0.00173468,0.00173468,0.00173468
136,622.516,1.87361,2.24962,1.8884,1.96092,0,0.21344,0.31818,0.13785,0.04516,0.03135,0.06818,0.00515,0.00111,2.41195,1.78855,2.58796,2.66835,0,0.0017327,0.0017327,0.0017327
137,627.005,1.90142,2.16888,1.84948,1.99095,0,0.19375,0.2076,0.09756,0.03475,0.02175,0.06818,0.0037,0.0007,2.39398,1.81062,2.82116,2.58575,0,0.00173072,0.00173072,0.00173072
138,631.511,1.88177,2.16025,1.85743,1.96739,0,0.1793,0.18182,0.10755,0.04373,0.01485,0.06818,0.00232,0.00044,2.41659,1.81066,2.92652,2.55381,0,0.00172874,0.00172874,0.00172874
139,635.946,1.88749,2.18881,1.8362,1.95816,0,0.1793,0.18182,0.10755,0.04373,0.01485,0.06818,0.00232,0.00044,2.41659,1.81066,2.92652,2.55381,0,0.00172676,0.00172676,0.00172676
140,640.319,1.84384,2.15629,1.84487,1.92909,0,0.20771,0.22727,0.13089,0.04864,0.07993,0.02273,0.00536,0.00065,2.32348,1.79992,3.02532,2.48751,0,0.00172478,0.00172478,0.00172478
141,644.754,1.93959,2.26364,1.92756,2.00496,0,0.24974,0.25,0.16391,0.06185,0.04211,0.02273,0.00693,0.0008,2.24184,1.80936,2.93565,2.45415,0,0.0017228,0.0017228,0.0017228
142,649.148,1.85789,2.18509,1.84132,1.96568,0,0.18472,0.22727,0.15753,0.05244,0.05091,0.06818,0.00522,0.00112,2.31937,1.75115,2.5581,2.58204,0,0.00172082,0.00172082,0.00172082
143,653.724,1.88044,2.15448,1.83702,1.96068,0,0.14699,0.18182,0.12318,0.03843,0.03274,0.06818,0.00354,0.00054,2.43391,1.72956,2.55619,2.71397,0,0.00171884,0.00171884,0.00171884
144,658.039,1.98668,2.34431,1.99262,2.03142,0,0.14699,0.18182,0.12318,0.03843,0.03274,0.06818,0.00354,0.00054,2.43391,1.72956,2.55619,2.71397,0,0.00171686,0.00171686,0.00171686
145,662.5,1.85647,2.33807,1.92013,1.98186,0,0.12104,0.13636,0.12491,0.03856,0.01969,0.02273,0.0027,0.00044,2.25819,1.72114,2.64172,2.50739,0,0.00171488,0.00171488,0.00171488
146,667.06,1.93094,2.29253,1.90378,1.96493,0,0.16319,0.20455,0.11426,0.03643,0.02392,0.04545,0.00412,0.00072,2.18468,1.69956,2.53925,2.45629,0,0.0017129,0.0017129,0.0017129
147,671.431,1.9685,2.34727,1.96052,2.01486,0,0.14618,0.27273,0.1149,0.03811,0.04873,0.09091,0.00871,0.00133,2.21104,1.72634,2.47287,2.48862,0,0.00171092,0.00171092,0.00171092
148,675.794,1.88374,2.25738,1.88845,1.97858,0,0.20281,0.18182,0.13916,0.04458,0.05695,0.04545,0.01663,0.00283,2.20076,1.85383,2.47153,2.44996,0,0.00170894,0.00170894,0.00170894
149,680.313,1.81795,2.16318,1.83946,1.90416,0,0.1513,0.22727,0.10465,0.03967,0.02785,0.02273,0.00181,0.00022,2.24039,2.0392,2.62709,2.4793,0,0.00170696,0.00170696,0.00170696
150,684.65,1.93198,2.18742,1.81754,1.97355,0,0.1513,0.22727,0.10465,0.03967,0.02785,0.02273,0.00181,0.00022,2.24039,2.0392,2.62709,2.4793,0,0.00170498,0.00170498,0.00170498
151,689.084,1.91961,2.28763,1.84812,1.91857,0,0.13576,0.31818,0.10471,0.04073,0.00818,0.04545,0.00087,0.00011,2.29114,2.02502,2.74909,2.50556,0,0.001703,0.001703,0.001703
152,693.481,1.88238,2.23023,1.74332,1.92057,0,0.24867,0.31818,0.16724,0.06536,0.02452,0.02273,0.00202,0.00051,2.18271,1.76715,2.47992,2.40652,0,0.00170102,0.00170102,0.00170102
153,697.98,1.78078,2.18867,1.74322,1.86193,0,0.26218,0.36364,0.2048,0.08661,0.03387,0.04545,0.00756,0.00153,2.1206,1.76807,2.3333,2.38739,0,0.00169904,0.00169904,0.00169904
154,702.416,1.85104,2.22455,1.83627,1.94017,0,0.26206,0.31818,0.15912,0.06491,0.02331,0.04545,0.00529,0.00112,2.19614,1.75056,2.42247,2.44726,0,0.00169706,0.00169706,0.00169706
155,707.035,1.87208,2.28376,1.75279,1.93195,0,0.26206,0.31818,0.15912,0.06491,0.02331,0.04545,0.00529,0.00112,2.19614,1.75056,2.42247,2.44726,0,0.00169508,0.00169508,0.00169508
156,711.57,1.80004,2.1587,1.77388,1.91726,0,0.21108,0.29545,0.13828,0.05335,0.02118,0.06818,0.00367,0.00093,2.21991,1.79166,2.73206,2.47303,0,0.0016931,0.0016931,0.0016931
157,715.976,1.77949,2.2268,1.76783,1.86928,0,0.21244,0.29545,0.12869,0.0486,0.04581,0.04545,0.00339,0.00037,2.2395,1.8711,2.69165,2.53596,0,0.00169112,0.00169112,0.00169112
158,720.395,1.77317,2.15486,1.69886,1.87068,0,0.23877,0.29545,0.15582,0.06039,0.02653,0.04545,0.00318,0.00034,2.2673,1.88911,2.46536,2.5239,0,0.00168914,0.00168914,0.00168914
159,724.955,1.83506,2.18568,1.68772,1.89164,0,0.22853,0.34091,0.13464,0.05532,0.01934,0.04545,0.00233,0.00033,2.15183,1.87227,2.47915,2.43271,0,0.00168716,0.00168716,0.00168716
160,729.395,1.8508,2.14106,1.7316,1.93274,0,0.22853,0.34091,0.13464,0.05532,0.01934,0.04545,0.00233,0.00033,2.15183,1.87227,2.47915,2.43271,0,0.00168518,0.00168518,0.00168518
161,733.849,1.81524,2.17305,1.69018,1.87797,0,0.20139,0.38636,0.179,0.06208,0.03276,0.04545,0.00403,0.0005,2.26779,1.80457,2.40734,2.48665,0,0.0016832,0.0016832,0.0016832
162,738.293,1.79558,2.12652,1.77578,1.89567,0,0.24443,0.34091,0.18202,0.05789,0.03149,0.06818,0.00333,0.00048,2.34956,1.76119,2.42704,2.53778,0,0.00168122,0.00168122,0.00168122
163,742.848,1.78411,2.09512,1.66035,1.8231,0,0.26992,0.36364,0.20444,0.06599,0.0404,0.02273,0.00249,0.00062,2.33838,1.72323,2.42963,2.52223,0,0.00167924,0.00167924,0.00167924
164,747.444,1.78284,2.23134,1.69394,1.87101,0,0.24218,0.29545,0.14935,0.06079,0.05032,0.02273,0.0026,0.00061,2.10447,1.77029,2.57801,2.35072,0,0.00167726,0.00167726,0.00167726
165,751.869,1.79001,2.05587,1.71667,1.9474,0,0.23241,0.34091,0.14783,0.0652,0.02989,0.06818,0.00686,0.00153,2.16696,1.746,2.55117,2.39285,0,0.00167528,0.00167528,0.00167528
166,756.324,1.81675,2.18438,1.72648,1.89689,0,0.23241,0.34091,0.14783,0.0652,0.02989,0.06818,0.00686,0.00153,2.16696,1.746,2.55117,2.39285,0,0.0016733,0.0016733,0.0016733
167,760.864,1.81621,2.12862,1.72751,1.92026,0,0.24673,0.27273,0.17501,0.07218,0.09235,0.04545,0.01533,0.00406,2.19799,1.74676,2.43387,2.42216,0,0.00167132,0.00167132,0.00167132
168,765.295,1.87635,2.30248,1.75268,1.89014,0,0.24826,0.29545,0.19233,0.08839,0.07107,0.11364,0.0384,0.01031,2.14264,1.78762,2.46802,2.38432,0,0.00166934,0.00166934,0.00166934
169,769.778,1.87745,2.31181,1.84188,1.95336,0,0.26822,0.31818,0.18841,0.07068,0.09104,0.13636,0.02492,0.00635,2.18699,1.7737,2.4189,2.41533,0,0.00166736,0.00166736,0.00166736
170,774.323,1.80178,2.22945,1.78422,1.88003,0,0.23447,0.25,0.17107,0.05874,0.25124,0.04545,0.02126,0.00491,2.19278,1.76945,2.42329,2.45426,0,0.00166538,0.00166538,0.00166538
171,778.733,1.75686,2.10972,1.68932,1.81444,0,0.23447,0.25,0.17107,0.05874,0.25124,0.04545,0.02126,0.00491,2.19278,1.76945,2.42329,2.45426,0,0.0016634,0.0016634,0.0016634
172,783.07,1.86143,2.28017,1.80069,1.9409,0,0.28191,0.20455,0.17336,0.05559,0.24625,0.04545,0.01455,0.00297,2.1371,1.76251,2.45993,2.40729,0,0.00166142,0.00166142,0.00166142
173,787.526,1.79147,2.08722,1.67517,1.87616,0,0.29871,0.25,0.22299,0.0894,0.26191,0.04545,0.03376,0.00672,2.25872,1.78734,2.51641,2.4521,0,0.00165944,0.00165944,0.00165944
174,792.066,1.88914,2.14267,1.73531,1.93338,0,0.23079,0.3342,0.20732,0.08282,0.14812,0.04545,0.01975,0.00395,2.31485,1.88782,2.65462,2.43223,0,0.00165746,0.00165746,0.00165746
175,796.468,1.80067,2.20415,1.73548,1.85419,0,0.19057,0.36364,0.1512,0.06213,0.14801,0.02273,0.00815,0.00083,2.3121,2.04465,2.65663,2.50915,0,0.00165548,0.00165548,0.00165548
176,800.974,1.72877,2.12338,1.71684,1.83028,0,0.19057,0.36364,0.1512,0.06213,0.14801,0.02273,0.00815,0.00083,2.3121,2.04465,2.65663,2.50915,0,0.0016535,0.0016535,0.0016535
177,805.404,1.81489,2.13541,1.71156,1.88958,0,0.24653,0.29545,0.14275,0.06414,0.04544,0.06818,0.00674,0.00076,2.3446,1.85498,2.65637,2.60496,0,0.00165152,0.00165152,0.00165152
178,809.8,1.7246,2.09906,1.711,1.84911,0,0.25253,0.20455,0.14919,0.07359,0.08418,0.06818,0.01694,0.00233,2.22238,1.73173,2.83634,2.49986,0,0.00164954,0.00164954,0.00164954
179,814.165,1.67574,2.09258,1.65487,1.80828,0,0.24682,0.29545,0.141,0.06094,0.04576,0.04545,0.00803,0.00149,2.19288,1.71541,2.84721,2.43534,0,0.00164756,0.00164756,0.00164756
180,818.678,1.70938,2.19085,1.61214,1.80421,0,0.17597,0.29545,0.10697,0.04002,0.04567,0.06818,0.00882,0.0015,2.23868,1.78593,2.96568,2.51145,0,0.00164558,0.00164558,0.00164558
181,823.051,1.90135,2.21488,1.77228,1.8843,0,0.21977,0.20455,0.12705,0.04731,0.06516,0.09091,0.03175,0.00331,2.29796,1.85648,2.79173,2.57846,0,0.0016436,0.0016436,0.0016436
182,827.445,1.77703,2.13642,1.69583,1.85906,0,0.21977,0.20455,0.12705,0.04731,0.06516,0.09091,0.03175,0.00331,2.29796,1.85648,2.79173,2.57846,0,0.00164162,0.00164162,0.00164162
183,832.003,1.80165,2.18388,1.66481,1.85789,0,0.23244,0.25,0.17804,0.05849,0.03297,0.06818,0.03211,0.00335,2.25328,1.79784,2.55193,2.56873,0,0.00163964,0.00163964,0.00163964
184,836.517,1.75261,2.10877,1.64195,1.82482,0,0.17828,0.31071,0.15653,0.05689,0.27692,0.02273,0.02624,0.00522,2.26844,1.77856,2.54593,2.52382,0,0.00163766,0.00163766,0.00163766
185,841.147,1.77492,2.1745,1.66121,1.86714,0,0.2704,0.29545,0.17105,0.06793,0.03705,0.02273,0.00311,0.00092,2.36433,1.79173,2.5835,2.55995,0,0.00163568,0.00163568,0.00163568
186,845.54,1.7374,2.13643,1.64866,1.81381,0,0.36364,0.27273,0.18884,0.07828,0.03432,0.11364,0.01154,0.00141,2.41608,1.85963,2.71191,2.65726,0,0.0016337,0.0016337,0.0016337
187,849.948,1.75961,2.15508,1.68214,1.8476,0,0.36364,0.27273,0.18884,0.07828,0.03432,0.11364,0.01154,0.00141,2.41608,1.85963,2.71191,2.65726,0,0.00163172,0.00163172,0.00163172
188,854.272,1.73952,2.0785,1.60106,1.83773,0,0.39742,0.31818,0.2313,0.10627,0.13653,0.04545,0.01936,0.00233,2.11093,1.74358,2.40906,2.3794,0,0.00162974,0.00162974,0.00162974
189,858.685,1.75355,2.12378,1.68642,1.82731,0,0.4158,0.27273,0.2673,0.10001,0.35099,0.04545,0.02422,0.00318,2.12115,1.64811,2.36032,2.41266,0,0.00162776,0.00162776,0.00162776
190,863.163,1.76543,2.21611,1.59591,1.81101,0,0.26045,0.47727,0.2674,0.09598,0.35357,0.02273,0.01466,0.00187,2.10626,1.69729,2.37292,2.41221,0,0.00162578,0.00162578,0.00162578
191,867.694,1.6721,2.08059,1.53613,1.71522,0,0.19776,0.31379,0.1623,0.06182,0.39008,0.02273,0.02567,0.00276,2.1351,1.85643,2.62054,2.44745,0,0.0016238,0.0016238,0.0016238
192,872.122,1.75284,2.1742,1.61927,1.86239,0,0.19776,0.31379,0.1623,0.06182,0.39008,0.02273,0.02567,0.00276,2.1351,1.85643,2.62054,2.44745,0,0.00162182,0.00162182,0.00162182
193,876.556,1.87268,2.21415,1.65928,1.9064,0,0.20356,0.29545,0.13938,0.05694,0.03573,0.04545,0.00748,0.00203,2.10567,1.81526,2.60376,2.43234,0,0.00161984,0.00161984,0.00161984
194,881.062,1.69306,2.19652,1.57212,1.73274,0,0.23984,0.22727,0.17563,0.07201,0.1205,0.04545,0.00935,0.00231,2.1561,1.71018,2.44575,2.43616,0,0.00161786,0.00161786,0.00161786
195,885.58,1.75953,2.21527,1.66522,1.84623,0,0.3154,0.25,0.18134,0.07187,0.06793,0.13636,0.02283,0.0032,2.22764,1.70119,2.44808,2.5059,0,0.00161588,0.00161588,0.00161588
196,890.231,1.74301,2.26049,1.63635,1.81239,0,0.25266,0.22727,0.16138,0.0705,0.04968,0.06818,0.00569,0.00112,2.16725,1.70402,2.57837,2.41412,0,0.0016139,0.0016139,0.0016139
197,894.718,1.81255,2.2286,1.67288,1.87659,0,0.14886,0.25,0.09141,0.03445,0.00132,0.02273,8e-05,1e-05,2.33442,1.98641,2.95359,2.52324,0,0.00161192,0.00161192,0.00161192
198,899.085,1.75961,2.18597,1.52366,1.8411,0,0.14886,0.25,0.09141,0.03445,0.00132,0.02273,8e-05,1e-05,2.33442,1.98641,2.95359,2.52324,0,0.00160994,0.00160994,0.00160994
199,903.423,1.72881,2.07037,1.57983,1.8247,0,0.11392,0.22727,0.10704,0.04019,0.01963,0.02273,0.00146,0.00015,2.21582,1.94427,2.81483,2.45392,0,0.00160796,0.00160796,0.00160796
200,907.752,1.74305,2.00938,1.56816,1.83944,0,0.17814,0.38636,0.16944,0.06295,0.10418,0.02273,0.00415,0.00082,2.2128,1.80246,2.52669,2.42517,0,0.00160598,0.00160598,0.00160598
201,912.163,1.75282,2.08418,1.56061,1.82131,0,0.23781,0.27273,0.21567,0.07748,0.032,0.04545,0.00431,0.00099,2.20276,1.73715,2.41628,2.41354,0,0.001604,0.001604,0.001604
202,916.574,1.71376,2.17474,1.5654,1.78241,0,0.30413,0.40909,0.27635,0.091,0.03204,0.04545,0.0052,0.00099,2.15253,1.68022,2.37463,2.38971,0,0.00160202,0.00160202,0.00160202
203,921.205,1.71102,2.21825,1.57627,1.78434,0,0.30413,0.40909,0.27635,0.091,0.03204,0.04545,0.0052,0.00099,2.15253,1.68022,2.37463,2.38971,0,0.00160004,0.00160004,0.00160004
204,925.653,1.69334,2.14906,1.60218,1.8237,0,0.35603,0.31818,0.27473,0.09947,0.11497,0.06818,0.0376,0.00506,2.11654,1.66059,2.29486,2.40853,0,0.00159806,0.00159806,0.00159806
205,930.124,1.77044,2.10786,1.62416,1.8402,0,0.24613,0.29545,0.21393,0.08409,0.06746,0.06818,0.02599,0.00528,2.0895,1.69213,2.29387,2.4024,0,0.00159608,0.00159608,0.00159608
206,934.636,1.75949,2.03979,1.59249,1.84932,0,0.2275,0.27273,0.16805,0.06912,0.07998,0.06818,0.0231,0.00452,2.08845,1.75377,2.44322,2.38451,0,0.0015941,0.0015941,0.0015941
207,938.945,1.7298,2.03097,1.5871,1.80889,0,0.2153,0.27273,0.16743,0.07082,0.13719,0.06818,0.02597,0.00443,2.19769,1.83047,2.52854,2.43709,0,0.00159212,0.00159212,0.00159212
208,943.44,1.69141,2.05583,1.53397,1.78128,0,0.2153,0.27273,0.16743,0.07082,0.13719,0.06818,0.02597,0.00443,2.19769,1.83047,2.52854,2.43709,0,0.00159014,0.00159014,0.00159014
209,947.965,1.64943,2.08385,1.50322,1.75869,0,0.26511,0.25,0.17384,0.07741,0.0866,0.09091,0.02025,0.00409,2.09813,1.75659,2.46605,2.37677,0,0.00158816,0.00158816,0.00158816
210,952.662,1.65421,2.10292,1.51695,1.75548,0,0.19405,0.29545,0.20501,0.08735,0.06133,0.11364,0.0264,0.00449,2.05478,1.69648,2.52644,2.36986,0,0.00158618,0.00158618,0.00158618
211,957.235,1.76709,2.13493,1.61,1.82345,0,0.27988,0.31818,0.23967,0.08784,0.0524,0.22727,0.02474,0.00319,2.17587,1.76405,2.56844,2.43913,0,0.0015842,0.0015842,0.0015842
212,961.718,1.69315,2.03899,1.4946,1.74033,0,0.30082,0.27273,0.20938,0.0784,0.12425,0.09091,0.03279,0.00441,2.21676,1.77021,2.60355,2.46235,0,0.00158222,0.00158222,0.00158222
213,966.096,1.75751,2.20167,1.68829,1.82673,0,0.20848,0.20455,0.15071,0.06533,0.08766,0.04545,0.01941,0.00457,2.21062,1.77267,2.63633,2.4806,0,0.00158024,0.00158024,0.00158024
214,970.499,1.65266,2.14023,1.49335,1.74066,0,0.20848,0.20455,0.15071,0.06533,0.08766,0.04545,0.01941,0.00457,2.21062,1.77267,2.63633,2.4806,0,0.00157826,0.00157826,0.00157826
215,974.965,1.72481,2.15835,1.50335,1.75443,0,0.20211,0.31818,0.16006,0.06618,0.09845,0.06818,0.01384,0.00268,2.22005,1.78916,2.6133,2.42709,0,0.00157628,0.00157628,0.00157628
216,979.343,1.66483,2.0947,1.52545,1.723,0,0.22508,0.34091,0.15547,0.06614,0.09745,0.06818,0.02024,0.00504,2.16332,1.76424,2.59928,2.35389,0,0.0015743,0.0015743,0.0015743
217,983.932,1.67261,2.17725,1.51114,1.76973,0,0.26488,0.27273,0.19093,0.08417,0.07012,0.06818,0.01881,0.00496,2.07572,1.71765,2.42981,2.29096,0,0.00157232,0.00157232,0.00157232
218,988.327,1.60306,2.05126,1.41834,1.69468,0,0.28909,0.31429,0.23444,0.10702,0.19372,0.04545,0.02395,0.00406,2.08232,1.70736,2.45239,2.31685,0,0.00157034,0.00157034,0.00157034
219,992.788,1.71855,2.12337,1.51054,1.83759,0,0.28909,0.31429,0.23444,0.10702,0.19372,0.04545,0.02395,0.00406,2.08232,1.70736,2.45239,2.31685,0,0.00156836,0.00156836,0.00156836
220,997.444,1.72113,2.12446,1.51761,1.76451,0,0.28766,0.34091,0.24021,0.10015,0.0359,0.04545,0.00845,0.00108,2.1259,1.73763,2.45638,2.38264,0,0.00156638,0.00156638,0.00156638
221,1001.88,1.65924,2.06906,1.53747,1.79521,0,0.25449,0.34091,0.22298,0.09396,0.11659,0.04545,0.01145,0.00213,2.05814,1.78096,2.30737,2.33913,0,0.0015644,0.0015644,0.0015644
222,1006.31,1.56906,2.00065,1.43478,1.70952,0,0.28965,0.33372,0.23813,0.08956,0.17896,0.06818,0.02426,0.0053,2.05393,1.77671,2.38677,2.32085,0,0.00156242,0.00156242,0.00156242
223,1010.97,1.75237,2.2656,1.59119,1.80759,0,0.22901,0.34091,0.18317,0.08204,0.07968,0.11364,0.02537,0.00652,2.08529,1.7078,2.44909,2.30849,0,0.00156044,0.00156044,0.00156044
224,1015.3,1.80588,2.28665,1.60923,1.837,0,0.22901,0.34091,0.18317,0.08204,0.07968,0.11364,0.02537,0.00652,2.08529,1.7078,2.44909,2.30849,0,0.00155846,0.00155846,0.00155846
225,1019.7,1.77116,2.19314,1.62599,1.80523,0,0.18212,0.25,0.15959,0.06684,0.08529,0.11364,0.04508,0.00663,2.12925,1.67859,2.65824,2.32557,0,0.00155648,0.00155648,0.00155648
226,1024.08,1.59863,2.07511,1.44655,1.72173,0,0.12074,0.38636,0.13843,0.05854,0.18342,0.04545,0.03649,0.00404,2.13109,1.67033,2.53817,2.3429,0,0.0015545,0.0015545,0.0015545
227,1028.49,1.66907,2.19558,1.49387,1.71257,0,0.1978,0.29545,0.19041,0.07655,0.03165,0.06818,0.00542,0.00079,2.05094,1.71378,2.46664,2.29141,0,0.00155252,0.00155252,0.00155252
228,1032.94,1.71439,2.09071,1.52711,1.766,0,0.2985,0.29545,0.19072,0.07798,0.09371,0.06818,0.00767,0.00081,2.07124,1.7594,2.55947,2.30747,0,0.00155054,0.00155054,0.00155054
229,1037.36,1.63917,2.12318,1.45971,1.72179,0,0.2817,0.38636,0.2185,0.09991,0.1385,0.08061,0.01978,0.00275,2.12303,1.74292,2.44314,2.34664,0,0.00154856,0.00154856,0.00154856
230,1042.04,1.68873,2.04708,1.52903,1.77544,0,0.2817,0.38636,0.2185,0.09991,0.1385,0.08061,0.01978,0.00275,2.12303,1.74292,2.44314,2.34664,0,0.00154658,0.00154658,0.00154658
231,1046.44,1.59625,2.01303,1.41587,1.68916,0,0.23584,0.38636,0.22148,0.10845,0.08852,0.06818,0.02272,0.0031,2.10971,1.73977,2.35678,2.34391,0,0.0015446,0.0015446,0.0015446
232,1050.93,1.65098,2.09814,1.52046,1.74716,0,0.2789,0.36364,0.26523,0.12086,0.04049,0.09091,0.01646,0.00186,2.02425,1.80101,2.35673,2.30665,0,0.00154262,0.00154262,0.00154262
233,1055.4,1.64383,2.04334,1.46322,1.69683,0,0.29872,0.29545,0.23282,0.10183,0.02004,0.11364,0.00571,0.00067,2.03112,1.82515,2.44927,2.32392,0,0.00154064,0.00154064,0.00154064
234,1059.79,1.6392,2.08971,1.51765,1.74914,0,0.24276,0.31818,0.20101,0.09433,0.02279,0.15909,0.00445,0.00053,2.09102,1.84489,2.4857,2.3783,0,0.00153866,0.00153866,0.00153866
235,1064.18,1.60006,2.01237,1.47829,1.7111,0,0.24276,0.31818,0.20101,0.09433,0.02279,0.15909,0.00445,0.00053,2.09102,1.84489,2.4857,2.3783,0,0.00153668,0.00153668,0.00153668
236,1068.69,1.63737,2.10427,1.47066,1.69965,0,0.21441,0.27273,0.21882,0.08945,0.0146,0.06818,0.00243,0.00036,2.10106,1.84297,2.45086,2.37634,0,0.0015347,0.0015347,0.0015347
237,1073.25,1.61327,2.10526,1.46571,1.69198,0,0.22559,0.25,0.17187,0.07421,0.04073,0.04545,0.0065,0.00092,2.14743,1.80384,2.44475,2.36042,0,0.00153272,0.00153272,0.00153272
238,1077.76,1.67139,2.14775,1.45688,1.72989,0,0.29303,0.18182,0.16441,0.07553,0.19632,0.04545,0.01656,0.00212,2.1667,1.77248,2.42739,2.39558,0,0.00153074,0.00153074,0.00153074
239,1082.22,1.61847,2.21025,1.48114,1.68895,0,0.32474,0.22727,0.16867,0.0762,0.08964,0.02273,0.00637,0.00121,2.16864,1.80004,2.4683,2.43039,0,0.00152876,0.00152876,0.00152876
240,1086.53,1.62715,2.05029,1.49449,1.72553,0,0.32474,0.22727,0.16867,0.0762,0.08964,0.02273,0.00637,0.00121,2.16864,1.80004,2.4683,2.43039,0,0.00152678,0.00152678,0.00152678
241,1090.95,1.64071,2.09733,1.40911,1.7121,0,0.27376,0.25,0.18822,0.07804,0.08908,0.02273,0.00488,0.00094,2.20822,1.8169,2.40247,2.50488,0,0.0015248,0.0015248,0.0015248
242,1095.37,1.62871,2.03593,1.47376,1.74897,0,0.24475,0.27252,0.19446,0.07451,0.21847,0.02273,0.00995,0.00186,2.27236,1.78687,2.32824,2.54153,0,0.00152282,0.00152282,0.00152282
243,1099.85,1.6619,2.18439,1.5097,1.75275,0,0.14252,0.31818,0.17728,0.0791,0.34942,0.04545,0.02359,0.00469,2.34122,1.76326,2.43667,2.58931,0,0.00152084,0.00152084,0.00152084
244,1104.31,1.64645,2.05795,1.46526,1.74451,0,0.14548,0.27273,0.12975,0.06429,0.11805,0.04545,0.01647,0.00209,2.34604,1.79459,2.89784,2.63978,0,0.00151886,0.00151886,0.00151886
245,1108.75,1.58847,2.03808,1.46533,1.73474,0,0.2138,0.29668,0.18458,0.07757,0.03989,0.02273,0.00306,0.00086,2.26459,1.68911,2.57698,2.46502,0,0.00151688,0.00151688,0.00151688
246,1113.18,1.69372,2.09209,1.44841,1.75742,0,0.2138,0.29668,0.18458,0.07757,0.03989,0.02273,0.00306,0.00086,2.26459,1.68911,2.57698,2.46502,0,0.0015149,0.0015149,0.0015149
247,1117.64,1.60191,2.01263,1.4027,1.69702,0,0.28368,0.31818,0.21753,0.08887,0.1326,0.06818,0.0187,0.00256,2.11679,1.63107,2.39786,2.38369,0,0.00151292,0.00151292,0.00151292
248,1122.08,1.61594,2.01451,1.39012,1.68908,0,0.36307,0.25,0.23507,0.09275,0.02449,0.11364,0.0057,0.00148,2.13532,1.65893,2.58841,2.3891,0,0.00151094,0.00151094,0.00151094
249,1126.6,1.66033,2.15166,1.49293,1.73859,0,0.28812,0.34091,0.25584,0.0969,0.08462,0.02273,0.00535,0.00112,2.06736,1.6593,2.49919,2.35587,0,0.00150896,0.00150896,0.00150896
250,1131.25,1.66815,2.08516,1.44817,1.69082,0,0.28082,0.29545,0.23752,0.09565,0.07766,0.09091,0.01708,0.00209,2.04879,1.65183,2.30886,2.30061,0,0.00150698,0.00150698,0.00150698
251,1135.56,1.55162,2.09107,1.41874,1.67777,0,0.28082,0.29545,0.23752,0.09565,0.07766,0.09091,0.01708,0.00209,2.04879,1.65183,2.30886,2.30061,0,0.001505,0.001505,0.001505
252,1140.1,1.56189,2.07462,1.38199,1.69371,0,0.33469,0.29545,0.22663,0.10519,0.03314,0.11364,0.01219,0.0014,2.02576,1.65405,2.20779,2.3042,0,0.00150302,0.00150302,0.00150302
253,1144.52,1.59338,2.04522,1.36922,1.71337,0,0.14605,0.36364,0.15193,0.06913,0.03886,0.04545,0.00848,0.00119,2.00749,1.66639,2.37632,2.29529,0,0.00150104,0.00150104,0.00150104
254,1148.95,1.60671,2.04502,1.42276,1.71766,0,0.1134,0.36364,0.09348,0.03919,0.02652,0.06818,0.00376,0.00054,1.96551,1.68442,2.71324,2.25339,0,0.00149906,0.00149906,0.00149906
255,1153.29,1.64762,2.05589,1.45126,1.68554,0,0.16415,0.29545,0.14065,0.06061,0.06802,0.04545,0.00639,0.00126,2.0139,1.72086,2.66024,2.29938,0,0.00149708,0.00149708,0.00149708
256,1157.68,1.62408,2.10766,1.41582,1.67062,0,0.16415,0.29545,0.14065,0.06061,0.06802,0.04545,0.00639,0.00126,2.0139,1.72086,2.66024,2.29938,0,0.0014951,0.0014951,0.0014951
257,1162.3,1.63171,2.06939,1.43077,1.71727,0,0.37812,0.25,0.2385,0.09484,0.1197,0.09091,0.0471,0.0058,1.99802,1.74696,2.32382,2.26598,0,0.00149312,0.00149312,0.00149312
258,1166.72,1.6402,2.08419,1.43754,1.70552,0,0.26632,0.36301,0.32051,0.11557,0.09678,0.06818,0.03906,0.00443,2.03795,1.70682,2.22,2.28192,0,0.00149114,0.00149114,0.00149114
259,1171.15,1.60693,2.04213,1.42776,1.6989,0,0.28165,0.34091,0.29147,0.10587,0.09094,0.09091,0.04208,0.00513,2.0409,1.65834,2.19846,2.25331,0,0.00148916,0.00148916,0.00148916
260,1175.71,1.61439,2.1114,1.46217,1.72216,0,0.31944,0.25,0.24979,0.10155,0.12483,0.04545,0.01647,0.00313,2.07008,1.63277,2.21123,2.29061,0,0.00148718,0.00148718,0.00148718
261,1180.22,1.59221,2.02926,1.41516,1.62396,0,0.30294,0.31818,0.23771,0.09175,0.18249,0.04545,0.01317,0.00354,2.11894,1.65098,2.28195,2.32371,0,0.0014852,0.0014852,0.0014852
262,1184.63,1.58733,2.09903,1.40109,1.7022,0,0.30294,0.31818,0.23771,0.09175,0.18249,0.04545,0.01317,0.00354,2.11894,1.65098,2.28195,2.32371,0,0.00148322,0.00148322,0.00148322
263,1189.1,1.58794,2.07533,1.36755,1.68243,0,0.22622,0.29545,0.19232,0.08011,0.03527,0.04545,0.00719,0.00206,2.15221,1.66496,2.29165,2.37754,0,0.00148124,0.00148124,0.00148124
264,1193.74,1.53972,1.93846,1.31665,1.65318,0,0.2506,0.31818,0.21362,0.08336,0.04201,0.06818,0.01201,0.00245,2.08693,1.67479,2.23923,2.3458,0,0.00147926,0.00147926,0.00147926
265,1198.21,1.65677,2.0728,1.42451,1.73027,0,0.29414,0.38636,0.22487,0.09806,0.07122,0.06818,0.0146,0.00318,2.05184,1.68532,2.25993,2.31455,0,0.00147728,0.00147728,0.00147728
266,1202.6,1.56069,2.04576,1.40792,1.70379,0,0.26104,0.36364,0.20439,0.09158,0.05159,0.09091,0.01475,0.00248,1.96565,1.67466,2.33265,2.26102,0,0.0014753,0.0014753,0.0014753
267,1206.96,1.56859,2.08028,1.37107,1.66647,0,0.26104,0.36364,0.20439,0.09158,0.05159,0.09091,0.01475,0.00248,1.96565,1.67466,2.33265,2.26102,0,0.00147332,0.00147332,0.00147332
268,1211.41,1.55494,2.00918,1.34794,1.63057,0,0.24224,0.31818,0.22432,0.10245,0.1283,0.04545,0.01605,0.00342,1.98081,1.70996,2.30377,2.29214,0,0.00147134,0.00147134,0.00147134
269,1215.85,1.54001,2.00736,1.31467,1.64436,0,0.27641,0.45455,0.29046,0.11947,0.22185,0.04545,0.01608,0.00344,2.04193,1.7667,2.24632,2.33626,0,0.00146936,0.00146936,0.00146936
270,1220.48,1.5719,2.04734,1.33198,1.65643,0,0.36397,0.27273,0.26481,0.11512,0.07269,0.09091,0.01699,0.00323,2.07643,1.74934,2.24207,2.33929,0,0.00146738,0.00146738,0.00146738
271,1224.96,1.60102,2.04731,1.40575,1.70357,0,0.43223,0.36335,0.25697,0.11786,0.10668,0.09091,0.01715,0.0037,1.98896,1.69223,2.16085,2.25191,0,0.0014654,0.0014654,0.0014654
272,1229.36,1.59143,1.9847,1.40093,1.70766,0,0.43223,0.36335,0.25697,0.11786,0.10668,0.09091,0.01715,0.0037,1.98896,1.69223,2.16085,2.25191,0,0.00146342,0.00146342,0.00146342
273,1233.78,1.54935,2.06751,1.33883,1.64612,0,0.25198,0.40909,0.26567,0.12583,0.06657,0.11364,0.0209,0.00474,1.96409,1.66126,2.06055,2.21736,0,0.00146144,0.00146144,0.00146144
274,1238.19,1.54002,2.01977,1.32272,1.62792,0,0.44379,0.23596,0.26116,0.12352,0.11576,0.04545,0.01392,0.00311,1.9477,1.64961,2.07783,2.20991,0,0.00145946,0.00145946,0.00145946
275,1242.59,1.57605,2.00007,1.35594,1.6924,0,0.35884,0.30543,0.26754,0.12312,0.15454,0.04545,0.02131,0.00316,1.94282,1.67339,2.14744,2.20462,0,0.00145748,0.00145748,0.00145748
276,1247.05,1.58258,2.00678,1.35462,1.68333,0,0.35284,0.29545,0.23823,0.11833,0.09982,0.06818,0.02295,0.00339,1.92661,1.71128,2.24463,2.23731,0,0.0014555,0.0014555,0.0014555
277,1251.61,1.57467,2.07929,1.32174,1.66212,0,0.27708,0.36364,0.25994,0.12582,0.08933,0.13636,0.02094,0.00293,1.98338,1.78016,2.16411,2.25458,0,0.00145352,0.00145352,0.00145352
278,1256.08,1.61616,2.0595,1.42039,1.74496,0,0.27708,0.36364,0.25994,0.12582,0.08933,0.13636,0.02094,0.00293,1.98338,1.78016,2.16411,2.25458,0,0.00145154,0.00145154,0.00145154
279,1260.55,1.58233,2.14132,1.37432,1.67043,0,0.27622,0.40909,0.31361,0.14634,0.07998,0.13636,0.02383,0.00428,2.05688,1.71488,2.22499,2.26762,0,0.00144956,0.00144956,0.00144956
280,1265.05,1.66878,2.1094,1.37197,1.70883,0,0.34632,0.28911,0.29626,0.13423,0.07827,0.13636,0.02372,0.00287,2.08334,1.75438,2.28775,2.27735,0,0.00144758,0.00144758,0.00144758
281,1269.4,1.65903,2.08674,1.43442,1.69816,0,0.40915,0.27273,0.19512,0.10327,0.11751,0.06818,0.01641,0.0022,2.03736,1.8684,2.5155,2.29335,0,0.0014456,0.0014456,0.0014456
282,1273.94,1.57985,2.03396,1.36322,1.69561,0,0.27713,0.22727,0.17216,0.09204,0.13398,0.06818,0.0169,0.00393,2.06518,1.86445,2.52066,2.32048,0,0.00144362,0.00144362,0.00144362
283,1278.35,1.65443,2.09821,1.39569,1.72219,0,0.27713,0.22727,0.17216,0.09204,0.13398,0.06818,0.0169,0.00393,2.06518,1.86445,2.52066,2.32048,0,0.00144164,0.00144164,0.00144164
284,1282.84,1.6005,2.06071,1.41036,1.69449,0,0.29175,0.31818,0.26807,0.1291,0.07879,0.09091,0.03588,0.00803,2.0198,1.73043,2.30196,2.30638,0,0.00143966,0.00143966,0.00143966
285,1287.22,1.5231,1.98413,1.3208,1.6567,0,0.48721,0.29545,0.32426,0.15376,0.22802,0.04545,0.02304,0.00413,1.95728,1.63652,2.15377,2.33208,0,0.00143768,0.00143768,0.00143768
286,1291.73,1.54332,2.00023,1.38914,1.66987,0,0.24886,0.38636,0.27017,0.12644,0.06431,0.06818,0.01206,0.00242,1.97074,1.6134,2.21828,2.26986,0,0.0014357,0.0014357,0.0014357
287,1296.11,1.43892,1.96576,1.27795,1.59195,0,0.23667,0.36364,0.23464,0.10456,0.17661,0.06818,0.02159,0.00297,1.96174,1.65796,2.20631,2.25139,0,0.00143372,0.00143372,0.00143372
288,1300.49,1.53848,1.97983,1.33937,1.6287,0,0.23667,0.36364,0.23464,0.10456,0.17661,0.06818,0.02159,0.00297,1.96174,1.65796,2.20631,2.25139,0,0.00143174,0.00143174,0.00143174
289,1304.83,1.55327,2.10745,1.37785,1.66308,0,0.23054,0.43182,0.21043,0.09131,0.15144,0.04545,0.01491,0.00266,2.03463,1.68595,2.1523,2.33294,0,0.00142976,0.00142976,0.00142976
290,1309.26,1.61011,2.11908,1.39415,1.69299,0,0.26314,0.25,0.19227,0.08028,0.12739,0.04545,0.01154,0.00245,2.15756,1.75358,2.34667,2.45627,0,0.00142778,0.00142778,0.00142778
291,1314,1.52884,1.97548,1.30857,1.62731,0,0.31212,0.29545,0.22172,0.09318,0.08618,0.09091,0.01632,0.00326,2.23256,1.80139,2.48404,2.48878,0,0.0014258,0.0014258,0.0014258
292,1318.36,1.51432,2.01219,1.3623,1.65182,0,0.28127,0.31818,0.24155,0.10418,0.1013,0.09091,0.01747,0.00347,2.22336,1.84582,2.48754,2.4343,0,0.00142382,0.00142382,0.00142382
293,1322.76,1.57026,1.97668,1.34678,1.64239,0,0.29518,0.31818,0.27808,0.12451,0.12723,0.11364,0.02034,0.00417,2.08512,1.75006,2.28944,2.32078,0,0.00142184,0.00142184,0.00142184
294,1327.16,1.54809,2.00003,1.33546,1.65011,0,0.29518,0.31818,0.27808,0.12451,0.12723,0.11364,0.02034,0.00417,2.08512,1.75006,2.28944,2.32078,0,0.00141986,0.00141986,0.00141986
295,1331.54,1.55331,2.07607,1.33144,1.63345,0,0.31769,0.29545,0.29603,0.12991,0.11758,0.09091,0.02936,0.00524,2.05872,1.65539,2.20293,2.30203,0,0.00141788,0.00141788,0.00141788
296,1336.04,1.5828,2.05024,1.38316,1.65057,0,0.31389,0.40909,0.27196,0.12864,0.08431,0.11364,0.02442,0.00302,1.98086,1.63553,2.21892,2.21832,0,0.0014159,0.0014159,0.0014159
297,1340.56,1.61347,2.01411,1.39807,1.70857,0,0.34802,0.38825,0.27653,0.12715,0.06258,0.09091,0.0203,0.00226,2.02129,1.66735,2.18882,2.21819,0,0.00141392,0.00141392,0.00141392
298,1345.01,1.50858,2.09635,1.30661,1.60082,0,0.34147,0.31818,0.21961,0.10739,0.08924,0.13636,0.01749,0.00346,2.06158,1.67906,2.22101,2.21437,0,0.00141194,0.00141194,0.00141194
299,1349.43,1.52875,2.02698,1.29879,1.66565,0,0.34147,0.31818,0.21961,0.10739,0.08924,0.13636,0.01749,0.00346,2.06158,1.67906,2.22101,2.21437,0,0.00140996,0.00140996,0.00140996
300,1353.8,1.50099,2.00172,1.22623,1.59575,0,0.33209,0.29545,0.23426,0.10183,0.09788,0.15909,0.02313,0.00352,2.1305,1.68831,2.30681,2.29973,0,0.00140798,0.00140798,0.00140798
301,1358.28,1.55188,2.04616,1.30787,1.62272,0,0.31113,0.31818,0.22644,0.09704,0.08794,0.11364,0.01887,0.00273,2.20893,1.69938,2.38568,2.38293,0,0.001406,0.001406,0.001406
302,1362.67,1.55896,2.0002,1.33383,1.66858,0,0.33455,0.31818,0.24975,0.10615,0.13888,0.04545,0.01559,0.00205,2.14696,1.75322,2.48493,2.36965,0,0.00140402,0.00140402,0.00140402
303,1367.16,1.55712,1.95246,1.33445,1.682,0,0.34329,0.29545,0.28115,0.12176,0.0911,0.04545,0.00979,0.00128,2.07993,1.75083,2.30985,2.35699,0,0.00140204,0.00140204,0.00140204
304,1371.81,1.52021,2.10644,1.30769,1.65664,0,0.34329,0.29545,0.28115,0.12176,0.0911,0.04545,0.00979,0.00128,2.07993,1.75083,2.30985,2.35699,0,0.00140006,0.00140006,0.00140006
305,1376.18,1.56253,2.04986,1.31405,1.63672,0,0.40844,0.31818,0.31582,0.12317,0.10635,0.06818,0.0295,0.00433,2.02129,1.71283,2.20108,2.3376,0,0.00139808,0.00139808,0.00139808
306,1380.59,1.49773,2.06985,1.32189,1.64375,0,0.35345,0.34091,0.30158,0.11593,0.11622,0.11364,0.04931,0.00642,2.12892,1.73292,2.3798,2.40835,0,0.0013961,0.0013961,0.0013961
307,1385.01,1.51175,1.98235,1.31743,1.66575,0,0.40154,0.27273,0.22899,0.09931,0.10694,0.04545,0.01317,0.00204,2.1329,1.75863,2.48026,2.41458,0,0.00139412,0.00139412,0.00139412
308,1389.46,1.55694,2.04612,1.31785,1.63643,0,0.25931,0.27273,0.19625,0.07944,0.05403,0.09091,0.01359,0.00177,2.10028,1.76806,2.49952,2.36359,0,0.00139214,0.00139214,0.00139214
309,1393.85,1.55995,2.02869,1.35407,1.64027,0,0.21781,0.34091,0.21971,0.08748,0.07127,0.09091,0.01253,0.00147,2.05985,1.71813,2.37753,2.30772,0,0.00139016,0.00139016,0.00139016
310,1398.36,1.51822,1.98217,1.2955,1.58079,0,0.21781,0.34091,0.21971,0.08748,0.07127,0.09091,0.01253,0.00147,2.05985,1.71813,2.37753,2.30772,0,0.00138818,0.00138818,0.00138818
311,1402.94,1.4843,2.02135,1.32197,1.58938,0,0.23901,0.36364,0.22706,0.09885,0.08088,0.06818,0.01438,0.00238,2.04022,1.64796,2.25762,2.29795,0,0.0013862,0.0013862,0.0013862
312,1407.4,1.5076,2.12909,1.25015,1.61985,0,0.22595,0.36364,0.24607,0.11351,0.09887,0.18182,0.06126,0.00722,1.97377,1.62819,2.12202,2.25374,0,0.00138422,0.00138422,0.00138422
313,1411.72,1.43969,1.93021,1.24309,1.54314,0,0.24138,0.34717,0.25179,0.11758,0.1452,0.13636,0.06631,0.00835,2.03148,1.66015,2.12219,2.2911,0,0.00138224,0.00138224,0.00138224
314,1416.09,1.58548,2.17369,1.42767,1.69578,0,0.24054,0.36364,0.20576,0.0981,0.13014,0.20455,0.07,0.00946,2.12377,1.72224,2.26191,2.35511,0,0.00138026,0.00138026,0.00138026
315,1420.51,1.50299,2.00933,1.28778,1.59817,0,0.24054,0.36364,0.20576,0.0981,0.13014,0.20455,0.07,0.00946,2.12377,1.72224,2.26191,2.35511,0,0.00137828,0.00137828,0.00137828
316,1424.95,1.45625,1.98145,1.25807,1.5802,0,0.26193,0.29545,0.22861,0.10267,0.13878,0.13636,0.04211,0.00724,2.04458,1.71332,2.34595,2.30603,0,0.0013763,0.0013763,0.0013763
317,1429.38,1.50911,1.9067,1.24604,1.60756,0,0.29175,0.29545,0.24171,0.11094,0.12531,0.06818,0.02558,0.00596,1.93564,1.70361,2.24879,2.20405,0,0.00137432,0.00137432,0.00137432
318,1433.97,1.55947,2.04265,1.26735,1.60834,0,0.27335,0.34091,0.25095,0.11222,0.09314,0.06818,0.01524,0.00388,1.89186,1.79892,2.45605,2.17337,0,0.00137234,0.00137234,0.00137234
319,1438.5,1.4287,1.90213,1.20679,1.5628,0,0.27515,0.40909,0.24442,0.10818,0.06578,0.09091,0.01203,0.00235,1.98895,1.77296,2.42893,2.20732,0,0.00137036,0.00137036,0.00137036
320,1442.95,1.51995,1.98071,1.26932,1.58756,0,0.27515,0.40909,0.24442,0.10818,0.06578,0.09091,0.01203,0.00235,1.98895,1.77296,2.42893,2.20732,0,0.00136838,0.00136838,0.00136838
321,1447.39,1.51867,2.01154,1.27317,1.63448,0,0.31929,0.42649,0.2423,0.10041,0.07377,0.11364,0.01246,0.00157,2.1187,1.75758,2.36876,2.26367,0,0.0013664,0.0013664,0.0013664
322,1451.69,1.38385,1.85243,1.18558,1.54109,0,0.33772,0.43182,0.29681,0.13672,0.07589,0.09091,0.02021,0.00321,2.02434,1.76008,2.25042,2.25681,0,0.00136442,0.00136442,0.00136442
323,1456.09,1.49865,1.87967,1.18461,1.59115,0,0.39831,0.37627,0.32272,0.16584,0.05308,0.09091,0.01697,0.00385,1.85749,1.72275,2.1387,2.17952,0,0.00136244,0.00136244,0.00136244
324,1460.71,1.51888,1.90581,1.24636,1.60852,0,0.36814,0.40909,0.32413,0.16005,0.13579,0.09091,0.02974,0.00708,1.82627,1.66026,1.99843,2.1229,0,0.00136046,0.00136046,0.00136046
325,1465.14,1.50377,1.90021,1.28535,1.61276,0,0.36121,0.34091,0.29974,0.14005,0.15376,0.09091,0.0398,0.01046,1.97575,1.6624,2.24105,2.21242,0,0.00135848,0.00135848,0.00135848
326,1469.45,1.43185,2.01505,1.28312,1.58323,0,0.36121,0.34091,0.29974,0.14005,0.15376,0.09091,0.0398,0.01046,1.97575,1.6624,2.24105,2.21242,0,0.0013565,0.0013565,0.0013565
327,1473.78,1.51325,1.94568,1.25902,1.59306,0,0.49502,0.13636,0.19005,0.09426,0.05903,0.18182,0.03099,0.00771,2.1013,1.71252,2.71457,2.35174,0,0.00135452,0.00135452,0.00135452
328,1478.21,1.49896,1.89615,1.23603,1.59887,0,0.36346,0.20455,0.23125,0.10584,0.07325,0.18182,0.03452,0.00859,2.08985,1.6802,2.26626,2.30644,0,0.00135254,0.00135254,0.00135254
329,1482.78,1.49838,1.9709,1.25537,1.56071,0,0.51486,0.20455,0.25818,0.11654,0.0617,0.20455,0.03355,0.00894,1.99695,1.67531,2.22068,2.26319,0,0.00135056,0.00135056,0.00135056
330,1487.1,1.45677,1.93319,1.24938,1.55327,0,0.57432,0.20455,0.29726,0.1431,0.08741,0.06818,0.03525,0.00935,2.00066,1.67951,2.08067,2.25909,0,0.00134858,0.00134858,0.00134858
331,1491.63,1.48067,1.92089,1.28477,1.60995,0,0.57432,0.20455,0.29726,0.1431,0.08741,0.06818,0.03525,0.00935,2.00066,1.67951,2.08067,2.25909,0,0.0013466,0.0013466,0.0013466
332,1496.02,1.45913,1.92732,1.20439,1.54678,0,0.34759,0.27861,0.30108,0.14966,0.11786,0.13636,0.03306,0.00714,2.04493,1.69733,2.17395,2.2756,0,0.00134462,0.00134462,0.00134462
333,1500.38,1.43028,1.98097,1.18387,1.51831,0,0.60256,0.22727,0.31782,0.1446,0.1258,0.13636,0.0324,0.00766,2.11057,1.7493,2.26775,2.33745,0,0.00134264,0.00134264,0.00134264
334,1504.79,1.47028,1.92207,1.21478,1.55814,0,0.35374,0.32354,0.31275,0.1382,0.12374,0.11364,0.03638,0.00545,2.01678,1.74295,2.22228,2.25284,0,0.00134066,0.00134066,0.00134066
335,1509.15,1.48545,1.93248,1.27096,1.63369,0,0.323,0.38636,0.31872,0.14957,0.12587,0.13636,0.06456,0.00857,1.92761,1.68658,2.12963,2.19264,0,0.00133868,0.00133868,0.00133868
336,1513.52,1.51088,2.05379,1.32663,1.6341,0,0.323,0.38636,0.31872,0.14957,0.12587,0.13636,0.06456,0.00857,1.92761,1.68658,2.12963,2.19264,0,0.0013367,0.0013367,0.0013367
337,1517.97,1.52682,2.04337,1.31317,1.62492,0,0.30256,0.29545,0.29149,0.13694,0.14322,0.11364,0.03861,0.00752,1.88867,1.6491,2.12953,2.18959,0,0.00133472,0.00133472,0.00133472
338,1522.44,1.48076,1.90874,1.2805,1.60083,0,0.22982,0.34091,0.26842,0.11271,0.09996,0.13636,0.02667,0.00527,2.00016,1.65055,2.3688,2.26629,0,0.00133274,0.00133274,0.00133274
339,1526.97,1.51184,2.08415,1.27671,1.60614,0,0.23453,0.22727,0.23388,0.09734,0.06128,0.09091,0.01328,0.00266,2.14312,1.68323,2.57133,2.40576,0,0.00133076,0.00133076,0.00133076
340,1531.42,1.5113,1.91355,1.24416,1.58986,0,0.29844,0.25,0.24951,0.10632,0.05719,0.09091,0.01076,0.00231,2.16728,1.68381,2.53218,2.42661,0,0.00132878,0.00132878,0.00132878
341,1535.87,1.41307,2.02347,1.19221,1.53109,0,0.31733,0.20455,0.24318,0.1104,0.04133,0.06818,0.01431,0.00335,2.09596,1.68154,2.42623,2.37978,0,0.0013268,0.0013268,0.0013268
342,1540.36,1.46092,1.93236,1.21688,1.56807,0,0.31733,0.20455,0.24318,0.1104,0.04133,0.06818,0.01431,0.00335,2.09596,1.68154,2.42623,2.37978,0,0.00132482,0.00132482,0.00132482
343,1544.8,1.45629,2.03695,1.23121,1.59046,0,0.36346,0.20774,0.20924,0.11127,0.12654,0.09091,0.05861,0.00756,2.0881,1.7023,2.4437,2.35663,0,0.00132284,0.00132284,0.00132284
344,1549.24,1.50758,1.91324,1.23808,1.63327,0,0.4048,0.22727,0.19575,0.10248,0.20288,0.11364,0.06342,0.01038,2.0427,1.67874,2.45517,2.32235,0,0.00132086,0.00132086,0.00132086
345,1553.78,1.44124,1.95741,1.19454,1.56602,0,0.4914,0.25,0.23986,0.12519,0.23059,0.11364,0.06883,0.01311,1.95449,1.64794,2.32229,2.25538,0,0.00131888,0.00131888,0.00131888
346,1558.17,1.46824,1.95484,1.19451,1.58809,0,0.34258,0.29545,0.26444,0.13106,0.16025,0.09091,0.05508,0.0081,1.99157,1.66861,2.36077,2.24294,0,0.0013169,0.0013169,0.0013169
347,1562.55,1.47014,1.92548,1.21185,1.56803,0,0.34258,0.29545,0.26444,0.13106,0.16025,0.09091,0.05508,0.0081,1.99157,1.66861,2.36077,2.24294,0,0.00131492,0.00131492,0.00131492
348,1567.11,1.451,2.01531,1.20009,1.57479,0,0.33144,0.29545,0.27345,0.12805,0.09247,0.11364,0.02952,0.00385,1.93655,1.71604,2.2957,2.20686,0,0.00131294,0.00131294,0.00131294
349,1571.48,1.48223,1.90342,1.21894,1.56416,0,0.32297,0.38636,0.2753,0.12526,0.06204,0.09091,0.01159,0.00177,1.91024,1.66967,2.19962,2.2082,0,0.00131096,0.00131096,0.00131096
350,1575.94,1.62557,2.07654,1.36158,1.68591,0,0.40333,0.40909,0.3212,0.1457,0.07652,0.09091,0.02508,0.00367,1.97178,1.63586,2.14233,2.2225,0,0.00130898,0.00130898,0.00130898
351,1580.46,1.53337,2.06872,1.26264,1.60971,0,0.3626,0.43182,0.33486,0.1524,0.12054,0.11364,0.03728,0.00571,1.9778,1.64472,2.15815,2.20516,0,0.001307,0.001307,0.001307
352,1584.88,1.46847,2.07016,1.27389,1.5657,0,0.3626,0.43182,0.33486,0.1524,0.12054,0.11364,0.03728,0.00571,1.9778,1.64472,2.15815,2.20516,0,0.00130502,0.00130502,0.00130502
353,1589.3,1.44412,1.99512,1.21185,1.55137,0,0.3557,0.29545,0.24013,0.10626,0.15409,0.11364,0.0367,0.00611,1.98339,1.69817,2.47114,2.17061,0,0.00130304,0.00130304,0.00130304
354,1593.69,1.45706,1.97532,1.19669,1.54489,0,0.36414,0.25,0.20311,0.09623,0.16519,0.11364,0.03693,0.00538,1.97128,1.71729,2.61899,2.17055,0,0.00130106,0.00130106,0.00130106
355,1598.16,1.41678,1.91885,1.17883,1.55678,0,0.34895,0.25,0.20361,0.09535,0.1651,0.11364,0.04137,0.00643,2.02024,1.73394,2.60485,2.18335,0,0.00129908,0.00129908,0.00129908
356,1602.55,1.47951,1.96214,1.26695,1.59587,0,0.39272,0.3088,0.25827,0.13181,0.17351,0.13636,0.06379,0.01195,1.95508,1.73149,2.48444,2.16017,0,0.0012971,0.0012971,0.0012971
357,1607.08,1.40529,1.90641,1.17009,1.54715,0,0.67042,0.25,0.32113,0.16132,0.13884,0.15909,0.06991,0.01153,1.94766,1.69276,2.35863,2.16822,0,0.00129512,0.00129512,0.00129512
358,1611.6,1.5039,1.98995,1.24595,1.64405,0,0.67042,0.25,0.32113,0.16132,0.13884,0.15909,0.06991,0.01153,1.94766,1.69276,2.35863,2.16822,0,0.00129314,0.00129314,0.00129314
359,1616.05,1.45135,1.96218,1.18932,1.53181,0,0.76313,0.25,0.37221,0.18176,0.19328,0.15909,0.08166,0.01254,1.97748,1.69543,2.38523,2.19652,0,0.00129116,0.00129116,0.00129116
360,1620.57,1.41918,1.8841,1.16374,1.58388,0,0.56333,0.29328,0.35228,0.18645,0.28244,0.09091,0.05155,0.00798,1.99603,1.78556,2.2865,2.21646,0,0.00128918,0.00128918,0.00128918
361,1625.01,1.37991,1.88203,1.20446,1.53709,0,0.57312,0.22727,0.31339,0.16322,0.25867,0.09091,0.06439,0.00909,1.99145,1.74241,2.2485,2.21723,0,0.0012872,0.0012872,0.0012872
362,1629.41,1.40794,1.82872,1.13555,1.49313,0,0.30793,0.36364,0.29678,0.15215,0.18191,0.09091,0.06138,0.00767,1.96934,1.7008,2.1918,2.21449,0,0.00128522,0.00128522,0.00128522
363,1633.85,1.47901,2.01494,1.18356,1.5522,0,0.30793,0.36364,0.29678,0.15215,0.18191,0.09091,0.06138,0.00767,1.96934,1.7008,2.1918,2.21449,0,0.00128324,0.00128324,0.00128324
364,1638.23,1.49193,1.92804,1.22935,1.5856,0,0.34831,0.36364,0.29185,0.13646,0.1411,0.09091,0.0384,0.00591,2.01157,1.69046,2.22437,2.24971,0,0.00128126,0.00128126,0.00128126
365,1642.72,1.40413,1.91858,1.16404,1.53573,0,0.28197,0.40909,0.29971,0.14508,0.20585,0.09091,0.06211,0.00819,1.99452,1.67987,2.25664,2.23145,0,0.00127928,0.00127928,0.00127928
366,1647.12,1.43828,1.94695,1.20369,1.56983,0,0.37646,0.22727,0.25083,0.12369,0.25784,0.09091,0.05496,0.00661,2.00935,1.69609,2.25639,2.22,0,0.0012773,0.0012773,0.0012773
367,1651.7,1.45168,1.98368,1.20243,1.56974,0,0.28065,0.26612,0.24736,0.12937,0.15055,0.09091,0.05539,0.00966,2.00751,1.71713,2.29667,2.20407,0,0.00127532,0.00127532,0.00127532
368,1656.1,1.43327,1.90549,1.18017,1.51832,0,0.28065,0.26612,0.24736,0.12937,0.15055,0.09091,0.05539,0.00966,2.00751,1.71713,2.29667,2.20407,0,0.00127334,0.00127334,0.00127334
369,1660.78,1.42044,1.91024,1.20339,1.52717,0,0.3363,0.29545,0.28558,0.14631,0.15696,0.11364,0.06197,0.01096,1.97712,1.72541,2.24889,2.21689,0,0.00127136,0.00127136,0.00127136
370,1665.24,1.40901,1.93378,1.15432,1.53794,0,0.34441,0.33442,0.31134,0.15332,0.17591,0.11364,0.07054,0.01096,1.95342,1.70156,2.15611,2.15903,0,0.00126938,0.00126938,0.00126938
371,1669.71,1.42272,1.99535,1.17211,1.56453,0,0.41095,0.34091,0.32222,0.16331,0.17176,0.13636,0.08512,0.01515,1.91484,1.6624,2.14387,2.13666,0,0.0012674,0.0012674,0.0012674
372,1674.24,1.40162,1.85801,1.13368,1.52725,0,0.33476,0.29545,0.28312,0.14362,0.26034,0.09091,0.08862,0.0126,1.89556,1.63832,2.14935,2.14825,0,0.00126542,0.00126542,0.00126542
373,1678.71,1.41946,1.99087,1.178,1.54912,0,0.3423,0.31818,0.29221,0.14692,0.47604,0.09091,0.09187,0.01178,1.91164,1.66764,2.10015,2.15223,0,0.00126344,0.00126344,0.00126344
374,1683.18,1.51633,1.96594,1.23119,1.5499,0,0.3423,0.31818,0.29221,0.14692,0.47604,0.09091,0.09187,0.01178,1.91164,1.66764,2.10015,2.15223,0,0.00126146,0.00126146,0.00126146
375,1687.57,1.43665,1.88102,1.13645,1.50944,0,0.43338,0.27273,0.30638,0.15477,0.21617,0.11364,0.09379,0.01119,1.95857,1.70808,2.15812,2.23009,0,0.00125948,0.00125948,0.00125948
376,1691.91,1.3762,1.92198,1.13478,1.52822,0,0.45921,0.31818,0.29056,0.14918,0.16699,0.11364,0.05995,0.01015,2.02384,1.804,2.22005,2.28703,0,0.0012575,0.0012575,0.0012575
377,1696.27,1.42422,1.97323,1.20975,1.52952,0,0.49038,0.27273,0.27079,0.13529,0.12508,0.11364,0.04454,0.00659,2.04416,1.80799,2.17796,2.28971,0,0.00125552,0.00125552,0.00125552
378,1700.99,1.40189,1.87489,1.13718,1.50964,0,0.52202,0.31818,0.30866,0.14713,0.11589,0.15909,0.04468,0.0069,1.9625,1.78867,2.06797,2.23116,0,0.00125354,0.00125354,0.00125354
379,1705.41,1.41953,1.92712,1.13808,1.49643,0,0.52202,0.31818,0.30866,0.14713,0.11589,0.15909,0.04468,0.0069,1.9625,1.78867,2.06797,2.23116,0,0.00125156,0.00125156,0.00125156
380,1709.83,1.45869,1.88017,1.24155,1.56457,0,0.63925,0.40289,0.39867,0.19632,0.17777,0.13636,0.05109,0.00899,1.88204,1.74413,1.98934,2.17379,0,0.00124958,0.00124958,0.00124958
381,1714.3,1.39261,1.91254,1.17804,1.55412,0,0.51398,0.36364,0.38128,0.18774,0.14844,0.18182,0.06366,0.00945,1.8519,1.73351,1.97257,2.14396,0,0.0012476,0.0012476,0.0012476
382,1718.74,1.49077,1.91028,1.21215,1.63506,0,0.51539,0.29022,0.33841,0.16128,0.10334,0.13636,0.04213,0.00612,1.86956,1.75186,2.11155,2.1366,0,0.00124562,0.00124562,0.00124562
383,1723.15,1.44807,1.90049,1.1272,1.5146,0,0.41898,0.31818,0.27645,0.13456,0.1464,0.11364,0.04173,0.00556,1.90052,1.73355,2.19223,2.11651,0,0.00124364,0.00124364,0.00124364
384,1727.62,1.44823,1.87716,1.13766,1.53757,0,0.41898,0.31818,0.27645,0.13456,0.1464,0.11364,0.04173,0.00556,1.90052,1.73355,2.19223,2.11651,0,0.00124166,0.00124166,0.00124166
385,1732.17,1.4148,1.9342,1.20408,1.54411,0,0.4036,0.27273,0.26601,0.13238,0.1183,0.13636,0.06381,0.00778,1.8657,1.6952,2.19134,2.09457,0,0.00123968,0.00123968,0.00123968
386,1736.65,1.36597,1.91812,1.12433,1.48679,0,0.40613,0.29545,0.32412,0.15914,0.14938,0.09091,0.07232,0.00893,1.93504,1.67954,2.24396,2.1179,0,0.0012377,0.0012377,0.0012377
387,1741.1,1.44384,1.86914,1.15507,1.53598,0,0.40481,0.45455,0.3874,0.19258,0.11173,0.13636,0.04044,0.00789,1.90298,1.63903,2.1961,2.12849,0,0.00123572,0.00123572,0.00123572
388,1745.52,1.39336,1.82076,1.14513,1.4826,0,0.32031,0.45455,0.38431,0.16869,0.05817,0.13636,0.03294,0.0079,1.973,1.68176,2.20432,2.19132,0,0.00123374,0.00123374,0.00123374
389,1750.01,1.38367,1.97305,1.15879,1.5155,0,0.51264,0.28709,0.34218,0.15425,0.08065,0.13636,0.03151,0.00669,2.00758,1.69949,2.26815,2.21852,0,0.00123176,0.00123176,0.00123176
390,1754.43,1.43372,1.87928,1.18267,1.55932,0,0.51264,0.28709,0.34218,0.15425,0.08065,0.13636,0.03151,0.00669,2.00758,1.69949,2.26815,2.21852,0,0.00122978,0.00122978,0.00122978
391,1758.81,1.40027,1.92513,1.12869,1.50465,0,0.29466,0.40909,0.30012,0.13446,0.12056,0.27273,0.08908,0.0139,2.03945,1.66339,2.32402,2.23728,0,0.0012278,0.0012278,0.0012278
392,1763.29,1.41734,1.84646,1.16691,1.53293,0,0.29993,0.43182,0.28962,0.12636,0.144,0.20455,0.05228,0.00832,2.16587,1.71722,2.24902,2.35357,0,0.00122582,0.00122582,0.00122582
393,1767.68,1.42099,1.873,1.14531,1.52451,0,0.34895,0.31818,0.26448,0.12179,0.17958,0.13636,0.06728,0.01024,2.12768,1.76766,2.30595,2.28189,0,0.00122384,0.00122384,0.00122384
394,1771.96,1.32865,1.90401,1.12055,1.47417,0,0.42243,0.29931,0.29553,0.14448,0.15151,0.11364,0.06253,0.01149,1.98892,1.74351,2.19254,2.19027,0,0.00122186,0.00122186,0.00122186
395,1776.31,1.36951,1.91976,1.18667,1.52146,0,0.42243,0.29931,0.29553,0.14448,0.15151,0.11364,0.06253,0.01149,1.98892,1.74351,2.19254,2.19027,0,0.00121988,0.00121988,0.00121988
396,1780.68,1.37478,1.82152,1.16003,1.50777,0,0.33584,0.4253,0.35232,0.17542,0.14524,0.18182,0.07862,0.01434,1.93077,1.7402,2.04284,2.15997,0,0.0012179,0.0012179,0.0012179
397,1785.08,1.39101,1.94986,1.18986,1.56163,0,0.33157,0.43182,0.34963,0.16373,0.15826,0.20455,0.07432,0.01156,1.93116,1.7513,2.07556,2.16355,0,0.00121592,0.00121592,0.00121592
398,1789.51,1.51832,1.96942,1.22624,1.62346,0,0.45995,0.27273,0.30822,0.1514,0.08393,0.13636,0.04535,0.00593,1.93712,1.80027,2.16865,2.19307,0,0.00121394,0.00121394,0.00121394
399,1794.06,1.39236,1.88877,1.14661,1.54828,0,0.22949,0.43182,0.2438,0.12521,0.06364,0.11364,0.03823,0.00429,2.03202,1.85642,2.36698,2.28298,0,0.00121196,0.00121196,0.00121196
400,1798.5,1.41172,1.85562,1.15673,1.52857,0,0.22949,0.43182,0.2438,0.12521,0.06364,0.11364,0.03823,0.00429,2.03202,1.85642,2.36698,2.28298,0,0.00120998,0.00120998,0.00120998
401,1802.98,1.33935,1.83701,1.07643,1.4953,0,0.20648,0.38636,0.24671,0.13189,0.07653,0.11364,0.03947,0.00429,2.07193,1.81141,2.38059,2.30128,0,0.001208,0.001208,0.001208
402,1807.47,1.38468,1.83666,1.14887,1.51446,0,0.28793,0.32171,0.27833,0.13856,0.09731,0.11364,0.04824,0.00611,1.98233,1.70833,2.32958,2.20076,0,0.00120602,0.00120602,0.00120602
403,1811.93,1.43484,2.09031,1.21439,1.53357,0,0.39831,0.34091,0.35736,0.156,0.15775,0.15909,0.05633,0.00841,1.92564,1.69385,2.26225,2.15899,0,0.00120404,0.00120404,0.00120404
404,1816.31,1.40151,1.9178,1.14441,1.51013,0,0.43332,0.46933,0.39218,0.16,0.13162,0.20455,0.04701,0.00777,1.87471,1.68386,2.2338,2.129,0,0.00120206,0.00120206,0.00120206
405,1820.82,1.36142,1.92086,1.11858,1.45877,0,0.41157,0.43182,0.38692,0.15918,0.08391,0.22727,0.03679,0.00706,1.89826,1.67128,2.0908,2.16544,0,0.00120008,0.00120008,0.00120008
406,1825.2,1.49304,1.93678,1.20464,1.55741,0,0.41157,0.43182,0.38692,0.15918,0.08391,0.22727,0.03679,0.00706,1.89826,1.67128,2.0908,2.16544,0,0.0011981,0.0011981,0.0011981
407,1829.53,1.45357,1.95276,1.2128,1.53533,0,0.43133,0.36204,0.35757,0.16912,0.10279,0.27273,0.07337,0.01155,1.82269,1.67424,1.98459,2.12535,0,0.00119612,0.00119612,0.00119612
408,1834.06,1.41763,1.87966,1.14462,1.53375,0,0.49145,0.31818,0.36029,0.18602,0.14997,0.13636,0.07388,0.01142,1.8132,1.67368,1.90707,2.14004,0,0.00119414,0.00119414,0.00119414
409,1838.55,1.35982,1.90911,1.21426,1.52988,0,0.57934,0.31818,0.34224,0.17161,0.23314,0.13636,0.07058,0.00988,1.82926,1.67116,1.86618,2.16279,0,0.00119216,0.00119216,0.00119216
410,1842.99,1.35612,1.8804,1.15186,1.51968,0,0.51981,0.31989,0.36434,0.1746,0.18573,0.11364,0.06528,0.01028,1.90621,1.68559,1.93905,2.20196,0,0.00119018,0.00119018,0.00119018
411,1847.38,1.35236,1.90434,1.12271,1.48065,0,0.51981,0.31989,0.36434,0.1746,0.18573,0.11364,0.06528,0.01028,1.90621,1.68559,1.93905,2.20196,0,0.0011882,0.0011882,0.0011882
412,1851.96,1.28217,1.85192,1.10164,1.46205,0,0.41473,0.36364,0.35148,0.16647,0.17121,0.15909,0.07807,0.01134,1.96163,1.70836,2.09327,2.26323,0,0.00118622,0.00118622,0.00118622
413,1856.43,1.35494,1.81899,1.08461,1.49768,0,0.36091,0.40909,0.32761,0.15142,0.13009,0.15909,0.07033,0.00965,1.99121,1.76789,2.18517,2.29808,0,0.00118424,0.00118424,0.00118424
414,1860.79,1.39959,1.86727,1.10005,1.50285,0,0.51084,0.31818,0.3179,0.14307,0.17936,0.09091,0.05373,0.00802,1.94273,1.70083,2.16112,2.24995,0,0.00118226,0.00118226,0.00118226
415,1865.16,1.41297,1.91636,1.17419,1.54047,0,0.47778,0.29545,0.30735,0.15652,0.20789,0.11364,0.07608,0.01104,1.80623,1.66718,2.13476,2.16057,0,0.00118028,0.00118028,0.00118028
416,1869.59,1.38664,1.90606,1.15234,1.49153,0,0.47778,0.29545,0.30735,0.15652,0.20789,0.11364,0.07608,0.01104,1.80623,1.66718,2.13476,2.16057,0,0.0011783,0.0011783,0.0011783
417,1874.09,1.42019,1.93127,1.11673,1.53613,0,0.36173,0.29545,0.31881,0.16456,0.23116,0.11364,0.07905,0.01035,1.71003,1.65257,2.08701,2.10317,0,0.00117632,0.00117632,0.00117632
418,1878.59,1.36291,1.84465,1.09425,1.48193,0,0.34804,0.40909,0.33319,0.16546,0.14959,0.11364,0.0777,0.00942,1.75724,1.6679,2.01178,2.10106,0,0.00117434,0.00117434,0.00117434
419,1883.23,1.37512,1.94343,1.09025,1.5012,0,0.34353,0.36364,0.31378,0.16079,0.1769,0.13636,0.08259,0.01223,1.82488,1.69292,2.0766,2.1518,0,0.00117236,0.00117236,0.00117236
420,1887.63,1.40366,1.86497,1.15574,1.5084,0,0.42605,0.34091,0.35025,0.17223,0.44859,0.09091,0.08022,0.01278,1.93443,1.68275,2.15369,2.20587,0,0.00117038,0.00117038,0.00117038
421,1892,1.42495,1.93268,1.16967,1.55635,0,0.46759,0.31818,0.36586,0.16923,0.15699,0.09091,0.04217,0.00831,1.98169,1.68126,2.13203,2.21282,0,0.0011684,0.0011684,0.0011684
422,1896.33,1.37524,1.89685,1.11819,1.53527,0,0.46759,0.31818,0.36586,0.16923,0.15699,0.09091,0.04217,0.00831,1.98169,1.68126,2.13203,2.21282,0,0.00116642,0.00116642,0.00116642
423,1900.76,1.31222,1.88727,1.10399,1.46583,0,0.34253,0.39081,0.32623,0.15473,0.23485,0.06818,0.03438,0.00794,1.98777,1.68608,2.19023,2.20195,0,0.00116444,0.00116444,0.00116444
424,1905.16,1.35305,1.89543,1.07889,1.46216,0,0.26534,0.38636,0.23473,0.11511,0.10648,0.15909,0.05134,0.00867,1.98669,1.70418,2.29488,2.16829,0,0.00116246,0.00116246,0.00116246
425,1909.64,1.41483,1.87354,1.1169,1.52647,0,0.2816,0.26736,0.16677,0.08449,0.14368,0.13636,0.04058,0.00571,1.98574,1.75757,2.40333,2.20469,0,0.00116048,0.00116048,0.00116048
426,1914.25,1.36448,1.8586,1.08182,1.49425,0,0.28891,0.36018,0.20376,0.1093,0.13901,0.18182,0.04708,0.00748,1.94203,1.76417,2.29778,2.19512,0,0.0011585,0.0011585,0.0011585
427,1918.64,1.36294,1.87407,1.10583,1.50043,0,0.28891,0.36018,0.20376,0.1093,0.13901,0.18182,0.04708,0.00748,1.94203,1.76417,2.29778,2.19512,0,0.00115652,0.00115652,0.00115652
428,1923.23,1.36192,1.91845,1.11109,1.5,0,0.52859,0.34091,0.30555,0.15713,0.19124,0.13636,0.07523,0.01338,1.93506,1.73225,2.17059,2.17443,0,0.00115454,0.00115454,0.00115454
429,1927.59,1.32109,1.90242,1.03895,1.4381,0,0.57807,0.34091,0.37181,0.18086,0.23656,0.15909,0.08684,0.01693,2.03054,1.70828,2.11502,2.21014,0,0.00115256,0.00115256,0.00115256
430,1931.93,1.45006,1.89926,1.18491,1.58889,0,0.54009,0.37384,0.39878,0.18795,0.1971,0.13636,0.0789,0.01822,1.9909,1.71469,2.07563,2.18306,0,0.00115058,0.00115058,0.00115058
431,1936.42,1.3717,1.92044,1.10485,1.51201,0,0.51599,0.41196,0.37815,0.18571,0.16816,0.13636,0.07105,0.01207,1.96618,1.73279,2.11916,2.15021,0,0.0011486,0.0011486,0.0011486
432,1940.9,1.38729,1.932,1.11388,1.51894,0,0.51599,0.41196,0.37815,0.18571,0.16816,0.13636,0.07105,0.01207,1.96618,1.73279,2.11916,2.15021,0,0.00114662,0.00114662,0.00114662
433,1945.34,1.35339,1.85931,1.12906,1.50265,0,0.55379,0.31818,0.38558,0.1914,0.09484,0.13636,0.05215,0.00724,1.98865,1.77383,2.08808,2.20387,0,0.00114464,0.00114464,0.00114464
434,1949.62,1.36777,1.82382,1.16204,1.50671,0,0.3492,0.38636,0.39265,0.1942,0.09777,0.11364,0.05278,0.00757,1.94324,1.75848,1.94713,2.20987,0,0.00114266,0.00114266,0.00114266
435,1954.11,1.44005,1.96811,1.16286,1.53385,0,0.58477,0.29545,0.40817,0.20272,0.13279,0.09091,0.0691,0.01344,1.8229,1.74032,1.88623,2.15014,0,0.00114068,0.00114068,0.00114068
436,1958.49,1.37197,1.7786,1.12288,1.51786,0,0.39669,0.34091,0.39783,0.18332,0.14556,0.11364,0.07165,0.01099,1.8075,1.7424,1.93243,2.13533,0,0.0011387,0.0011387,0.0011387
437,1962.83,1.42242,1.85302,1.08578,1.50788,0,0.33823,0.46474,0.36712,0.17205,0.15124,0.11364,0.05763,0.0154,1.88623,1.804,2.07962,2.20132,0,0.00113672,0.00113672,0.00113672
438,1967.21,1.40346,1.84379,1.17845,1.53312,0,0.33823,0.46474,0.36712,0.17205,0.15124,0.11364,0.05763,0.0154,1.88623,1.804,2.07962,2.20132,0,0.00113474,0.00113474,0.00113474
439,1971.95,1.4148,1.9876,1.16063,1.56706,0,0.49026,0.30623,0.34984,0.1664,0.08726,0.15909,0.05336,0.01841,1.94772,1.82553,2.12416,2.2209,0,0.00113276,0.00113276,0.00113276
440,1976.45,1.30228,1.78811,1.04381,1.44965,0,0.43967,0.31818,0.35389,0.1686,0.08418,0.15909,0.06044,0.01588,1.98009,1.83606,2.12246,2.25349,0,0.00113078,0.00113078,0.00113078
441,1980.92,1.33555,1.86409,1.057,1.4911,0,0.43813,0.34091,0.34002,0.1653,0.14604,0.11364,0.07743,0.01892,2.02194,1.83835,2.13892,2.26561,0,0.0011288,0.0011288,0.0011288
442,1985.29,1.31481,1.80964,1.07911,1.45961,0,0.52575,0.27273,0.34543,0.17712,0.08757,0.25,0.08201,0.01937,2.05969,1.8373,2.13815,2.34387,0,0.00112682,0.00112682,0.00112682
443,1989.66,1.35647,1.81128,1.11449,1.49048,0,0.52575,0.27273,0.34543,0.17712,0.08757,0.25,0.08201,0.01937,2.05969,1.8373,2.13815,2.34387,0,0.00112484,0.00112484,0.00112484
444,1994.08,1.38461,1.86124,1.12213,1.52098,0,0.337,0.3813,0.35218,0.17606,0.08574,0.20455,0.08002,0.01922,2.05152,1.78307,2.10548,2.3419,0,0.00112286,0.00112286,0.00112286
445,1998.47,1.44515,1.85232,1.18557,1.54684,0,0.56872,0.27273,0.3363,0.17007,0.07625,0.27273,0.07021,0.01967,1.96432,1.7575,2.15322,2.29025,0,0.00112088,0.00112088,0.00112088
446,2003.04,1.40023,1.88979,1.1265,1.51106,0,0.43347,0.34091,0.38858,0.18124,0.19264,0.13636,0.06021,0.01131,1.95311,1.73552,2.00211,2.23898,0,0.0011189,0.0011189,0.0011189
447,2007.56,1.40859,1.81169,1.09384,1.52424,0,0.40182,0.31818,0.35388,0.16792,0.09324,0.27273,0.05097,0.00769,1.97788,1.7609,2.02991,2.21236,0,0.00111692,0.00111692,0.00111692
448,2011.88,1.35621,1.84558,1.13116,1.48293,0,0.40182,0.31818,0.35388,0.16792,0.09324,0.27273,0.05097,0.00769,1.97788,1.7609,2.02991,2.21236,0,0.00111494,0.00111494,0.00111494
449,2016.38,1.39826,1.90098,1.14434,1.51686,0,0.28688,0.40909,0.30462,0.15046,0.10223,0.15909,0.0334,0.00445,1.99099,1.76422,2.14308,2.21702,0,0.00111296,0.00111296,0.00111296
450,2020.73,1.34961,1.89583,1.14243,1.49709,0,0.26471,0.38636,0.28594,0.14301,0.08062,0.04545,0.01254,0.00219,1.95023,1.7747,2.31127,2.1889,0,0.00111098,0.00111098,0.00111098
451,2025.19,1.29004,1.85725,1.05127,1.46198,0,0.31318,0.38636,0.3068,0.15183,0.19946,0.06818,0.02307,0.00378,1.90553,1.77719,2.2457,2.1647,0,0.001109,0.001109,0.001109
452,2029.57,1.31449,1.77597,1.09873,1.46989,0,0.31956,0.46971,0.34414,0.1727,0.12767,0.11364,0.04294,0.00957,1.84282,1.71274,2.10963,2.11349,0,0.00110702,0.00110702,0.00110702
453,2034.09,1.32829,1.9017,1.07976,1.47402,0,0.41858,0.36364,0.39453,0.18411,0.25499,0.20231,0.08458,0.01474,1.92303,1.74909,2.03569,2.1758,0,0.00110504,0.00110504,0.00110504
454,2038.62,1.30686,1.89157,1.06975,1.46562,0,0.41858,0.36364,0.39453,0.18411,0.25499,0.20231,0.08458,0.01474,1.92303,1.74909,2.03569,2.1758,0,0.00110306,0.00110306,0.00110306
455,2043.11,1.34344,1.9683,1.10718,1.46632,0,0.40513,0.38697,0.38229,0.18462,0.27838,0.18182,0.08897,0.01299,2.00611,1.7538,2.09576,2.23685,0,0.00110108,0.00110108,0.00110108
456,2047.62,1.26871,1.80323,1.05217,1.44768,0,0.52977,0.31818,0.3753,0.17935,0.20164,0.15909,0.05319,0.01033,2.06851,1.71831,2.10832,2.29295,0,0.0010991,0.0010991,0.0010991
457,2052.04,1.36658,1.86175,1.08035,1.49111,0,0.44525,0.31818,0.35564,0.17236,0.18681,0.13636,0.07068,0.0114,2.04669,1.69212,2.13125,2.26159,0,0.00109712,0.00109712,0.00109712
458,2056.56,1.36883,1.9043,1.0543,1.4604,0,0.4004,0.38636,0.37675,0.18043,0.17236,0.15909,0.07007,0.01193,2.04927,1.6884,2.14109,2.22668,0,0.00109514,0.00109514,0.00109514
459,2061.07,1.31637,1.80667,1.05981,1.47887,0,0.4004,0.38636,0.37675,0.18043,0.17236,0.15909,0.07007,0.01193,2.04927,1.6884,2.14109,2.22668,0,0.00109316,0.00109316,0.00109316
460,2065.54,1.31804,1.78506,1.06132,1.47105,0,0.42194,0.5,0.41097,0.20119,0.2111,0.18182,0.08358,0.01478,2.0094,1.65441,2.1075,2.18345,0,0.00109118,0.00109118,0.00109118
461,2069.95,1.23371,1.70094,0.97964,1.41677,0,0.42717,0.40909,0.40312,0.19561,0.22339,0.18182,0.09813,0.02024,1.94805,1.64625,2.06843,2.16458,0,0.0010892,0.0010892,0.0010892
462,2074.4,1.28946,1.80763,1.03805,1.45214,0,0.55486,0.31818,0.35711,0.18603,0.21708,0.13636,0.07401,0.01514,1.89076,1.64981,2.0844,2.17664,0,0.00108722,0.00108722,0.00108722
463,2078.91,1.30753,1.79614,1.04306,1.44852,0,0.48549,0.31818,0.33945,0.16007,0.14979,0.11364,0.05132,0.01144,1.92626,1.72043,2.09554,2.24225,0,0.00108524,0.00108524,0.00108524
464,2083.39,1.23747,1.75286,1.00036,1.38934,0,0.48549,0.31818,0.33945,0.16007,0.14979,0.11364,0.05132,0.01144,1.92626,1.72043,2.09554,2.24225,0,0.00108326,0.00108326,0.00108326
465,2087.75,1.33847,1.85347,1.09227,1.4934,0,0.42764,0.34091,0.34093,0.16872,0.19849,0.13636,0.06711,0.01519,1.95291,1.76723,2.0702,2.251,0,0.00108128,0.00108128,0.00108128
466,2092.26,1.34109,1.91281,1.11245,1.49273,0,0.48564,0.31818,0.34585,0.17211,0.20957,0.13636,0.08275,0.01552,1.98009,1.75868,1.99852,2.22574,0,0.0010793,0.0010793,0.0010793
467,2096.75,1.33579,1.80459,1.08987,1.48587,0,0.49432,0.43182,0.38795,0.17939,0.24492,0.22727,0.10086,0.01645,1.96227,1.71947,1.9177,2.17997,0,0.00107732,0.00107732,0.00107732
468,2101.09,1.38514,1.90837,1.12555,1.49065,0,0.42956,0.40909,0.41566,0.1963,0.14805,0.22727,0.08511,0.02044,1.89106,1.68297,1.90674,2.12843,0,0.00107534,0.00107534,0.00107534
469,2105.58,1.33517,1.81654,1.03557,1.42677,0,0.42438,0.31818,0.37227,0.16893,0.09429,0.22727,0.05648,0.00971,1.81823,1.67539,1.97389,2.09006,0,0.00107336,0.00107336,0.00107336
470,2110.07,1.33408,1.91953,1.09334,1.46689,0,0.42438,0.31818,0.37227,0.16893,0.09429,0.22727,0.05648,0.00971,1.81823,1.67539,1.97389,2.09006,0,0.00107138,0.00107138,0.00107138
471,2114.51,1.35179,1.80573,1.08808,1.49898,0,0.36171,0.40909,0.37132,0.17631,0.07942,0.25,0.04092,0.00721,1.82434,1.66917,1.96427,2.09899,0,0.0010694,0.0010694,0.0010694
472,2118.95,1.31131,1.80382,1.07128,1.44287,0,0.28915,0.47727,0.36823,0.17679,0.10607,0.27273,0.06294,0.00934,1.84698,1.66306,2.0181,2.10797,0,0.00106742,0.00106742,0.00106742
473,2123.5,1.32686,1.81583,1.0484,1.46369,0,0.31663,0.34091,0.31586,0.15184,0.12783,0.29545,0.09082,0.01565,1.90642,1.64847,2.15578,2.16639,0,0.00106544,0.00106544,0.00106544
474,2127.9,1.33041,1.85275,1.09977,1.47235,0,0.37691,0.31818,0.272,0.13427,0.10026,0.22727,0.07267,0.01393,2.02894,1.65995,2.16103,2.26261,0,0.00106346,0.00106346,0.00106346
475,2132.3,1.29789,1.82598,1.04522,1.42947,0,0.37691,0.31818,0.272,0.13427,0.10026,0.22727,0.07267,0.01393,2.02894,1.65995,2.16103,2.26261,0,0.00106148,0.00106148,0.00106148
476,2136.77,1.31526,1.83539,1.07969,1.46266,0,0.28606,0.33701,0.22152,0.10686,0.11193,0.13636,0.05998,0.01665,2.09224,1.68,2.31944,2.34414,0,0.0010595,0.0010595,0.0010595
477,2141.19,1.36848,1.81819,1.08744,1.4954,0,0.25806,0.34091,0.19132,0.09822,0.07704,0.11364,0.05599,0.01549,2.09942,1.66476,2.43515,2.36829,0,0.00105752,0.00105752,0.00105752
478,2145.6,1.34802,1.91293,1.05029,1.47137,0,0.19979,0.31818,0.17851,0.09447,0.07024,0.13636,0.0461,0.01174,2.12574,1.64732,2.49207,2.38095,0,0.00105554,0.00105554,0.00105554
479,2150.03,1.31615,1.93936,1.12525,1.47404,0,0.25698,0.33804,0.23068,0.10704,0.07201,0.20455,0.04887,0.0133,2.11147,1.64276,2.33361,2.36604,0,0.00105356,0.00105356,0.00105356
480,2154.47,1.35096,1.8147,1.04052,1.43926,0,0.25698,0.33804,0.23068,0.10704,0.07201,0.20455,0.04887,0.0133,2.11147,1.64276,2.33361,2.36604,0,0.00105158,0.00105158,0.00105158
481,2158.98,1.35207,1.95337,1.07716,1.52737,0,0.23828,0.38636,0.26168,0.13406,0.07124,0.20455,0.07143,0.01664,2.05576,1.6136,2.20968,2.29489,0,0.0010496,0.0010496,0.0010496
482,2163.38,1.35629,1.83205,1.01752,1.48687,0,0.30948,0.36364,0.33311,0.17092,0.13123,0.18182,0.08564,0.01718,1.96001,1.59905,2.10459,2.24594,0,0.00104762,0.00104762,0.00104762
483,2167.72,1.33814,1.92656,1.1049,1.52435,0,0.52316,0.34927,0.41439,0.20794,0.15232,0.15909,0.09253,0.02044,1.9263,1.59882,1.99811,2.20928,0,0.00104564,0.00104564,0.00104564
484,2172.23,1.38195,1.84701,1.10504,1.51369,0,0.61572,0.36364,0.44627,0.21662,0.1309,0.18182,0.08392,0.01842,1.89674,1.62513,1.9471,2.1864,0,0.00104366,0.00104366,0.00104366
485,2176.65,1.39546,1.88182,1.07599,1.4889,0,0.48792,0.36364,0.40903,0.18847,0.15407,0.15909,0.05709,0.00971,1.92983,1.69831,2.08764,2.22947,0,0.00104168,0.00104168,0.00104168
486,2181.19,1.3002,1.78294,1.03176,1.45579,0,0.48792,0.36364,0.40903,0.18847,0.15407,0.15909,0.05709,0.00971,1.92983,1.69831,2.08764,2.22947,0,0.0010397,0.0010397,0.0010397
487,2185.72,1.3629,1.87729,1.09276,1.52074,0,0.45704,0.40909,0.38708,0.18815,0.15009,0.13636,0.07421,0.01217,1.96647,1.73508,2.1442,2.24447,0,0.00103772,0.00103772,0.00103772
488,2190.19,1.27796,1.76648,1.07471,1.43481,0,0.42444,0.38636,0.37051,0.18111,0.09351,0.15909,0.0712,0.01554,2.04743,1.70734,2.03422,2.29313,0,0.00103574,0.00103574,0.00103574
489,2194.57,1.38633,1.93261,1.12155,1.5369,0,0.43567,0.36364,0.37138,0.1823,0.13934,0.25,0.08208,0.01327,1.99867,1.68649,2.05509,2.23037,0,0.00103376,0.00103376,0.00103376
490,2198.95,1.35924,1.83559,1.05932,1.49884,0,0.46662,0.36364,0.35809,0.17692,0.11126,0.20455,0.07682,0.01382,1.9432,1.67911,2.04238,2.183,0,0.00103178,0.00103178,0.00103178
491,2203.47,1.29007,1.83218,1.04796,1.48275,0,0.46662,0.36364,0.35809,0.17692,0.11126,0.20455,0.07682,0.01382,1.9432,1.67911,2.04238,2.183,0,0.0010298,0.0010298,0.0010298
492,2208.01,1.31811,1.81992,1.06614,1.48067,0,0.47266,0.40909,0.35518,0.17256,0.17848,0.18182,0.08145,0.01687,1.92401,1.71148,2.06286,2.15735,0,0.00102782,0.00102782,0.00102782
493,2212.51,1.30019,1.83092,1.06092,1.43176,0,0.44045,0.43182,0.33321,0.16191,0.12345,0.13636,0.06252,0.02295,2.01601,1.86201,2.15181,2.23118,0,0.00102584,0.00102584,0.00102584
494,2216.93,1.26862,1.90995,1.0255,1.41569,0,0.41842,0.43182,0.34934,0.16796,0.17015,0.09091,0.07447,0.02403,1.88803,1.86236,2.11839,2.13121,0,0.00102386,0.00102386,0.00102386
495,2221.28,1.32726,1.83169,1.09973,1.46788,0,0.4806,0.36364,0.397,0.1974,0.37249,0.11364,0.10063,0.02447,1.82581,1.7664,2.02422,2.086,0,0.00102188,0.00102188,0.00102188
496,2225.86,1.29395,1.82461,1.03031,1.41809,0,0.4806,0.36364,0.397,0.1974,0.37249,0.11364,0.10063,0.02447,1.82581,1.7664,2.02422,2.086,0,0.0010199,0.0010199,0.0010199
497,2230.38,1.24921,1.81122,0.99006,1.37032,0,0.82906,0.33099,0.43429,0.21356,0.35417,0.13636,0.1,0.02256,1.83389,1.73671,1.98558,2.12263,0,0.00101792,0.00101792,0.00101792
498,2234.86,1.23042,1.78707,0.96109,1.39062,0,0.4764,0.40909,0.43498,0.22085,0.21308,0.18182,0.1044,0.02225,1.82684,1.71971,1.94041,2.12499,0,0.00101594,0.00101594,0.00101594
499,2239.34,1.27249,1.82714,0.96715,1.40004,0,0.46811,0.38636,0.4315,0.21125,0.17441,0.18182,0.0975,0.02305,1.85262,1.7025,1.94587,2.1251,0,0.00101396,0.00101396,0.00101396
500,2243.94,1.26885,1.77599,1.00686,1.40947,0,0.64008,0.34091,0.44069,0.20804,0.17464,0.15909,0.09318,0.02121,1.8987,1.71313,2.00885,2.18162,0,0.00101198,0.00101198,0.00101198
501,2248.24,1.30224,1.81008,1.02909,1.44499,0,0.65827,0.31818,0.42164,0.20184,0.25188,0.13636,0.09812,0.02086,1.95933,1.73174,2.03534,2.24519,0,0.00101,0.00101,0.00101
502,2252.66,1.32449,1.75176,1.00765,1.46324,0,0.65827,0.31818,0.42164,0.20184,0.25188,0.13636,0.09812,0.02086,1.95933,1.73174,2.03534,2.24519,0,0.00100802,0.00100802,0.00100802
503,2257.12,1.30646,1.81471,1.01181,1.43867,0,0.65448,0.30156,0.41711,0.20905,0.19936,0.13636,0.09357,0.02538,1.95428,1.72222,2.00152,2.20455,0,0.00100604,0.00100604,0.00100604
504,2261.59,1.257,1.6963,0.97804,1.39234,0,0.39297,0.54545,0.41274,0.19809,0.15737,0.22727,0.09849,0.0249,1.94541,1.70843,1.92887,2.16904,0,0.00100406,0.00100406,0.00100406
505,2265.94,1.20343,1.67932,0.98373,1.40542,0,0.45044,0.40909,0.42424,0.18705,0.22522,0.20455,0.09822,0.02252,1.95333,1.71609,1.88064,2.1807,0,0.00100208,0.00100208,0.00100208
506,2270.62,1.30786,1.7822,1.01645,1.41383,0,0.49879,0.47727,0.43484,0.18246,0.24139,0.15909,0.10615,0.0291,1.94954,1.72857,1.99541,2.23665,0,0.0010001,0.0010001,0.0010001
507,2275.18,1.27488,1.87237,1.01325,1.41512,0,0.49879,0.47727,0.43484,0.18246,0.24139,0.15909,0.10615,0.0291,1.94954,1.72857,1.99541,2.23665,0,0.00099812,0.00099812,0.00099812
508,2279.57,1.21054,1.77869,0.94966,1.38523,0,0.59409,0.36364,0.45227,0.19526,0.18168,0.18182,0.09529,0.03003,1.98156,1.7358,2.04406,2.25801,0,0.00099614,0.00099614,0.00099614
509,2283.95,1.27923,1.72273,1.01486,1.43491,0,0.48526,0.40714,0.42799,0.19092,0.16826,0.15909,0.08218,0.03342,1.98043,1.71901,2.08951,2.23587,0,0.00099416,0.00099416,0.00099416
510,2288.3,1.30773,1.83601,1.03878,1.47505,0,0.39798,0.38636,0.39768,0.18146,0.07448,0.25,0.06663,0.02752,2.07694,1.78759,2.22576,2.31105,0,0.00099218,0.00099218,0.00099218
511,2292.72,1.30342,1.795,1.01622,1.43336,0,0.30044,0.47727,0.35889,0.15689,0.08043,0.13636,0.05828,0.01924,2.14966,1.81756,2.19761,2.38496,0,0.0009902,0.0009902,0.0009902
512,2297.16,1.25269,1.7413,0.96737,1.40239,0,0.30044,0.47727,0.35889,0.15689,0.08043,0.13636,0.05828,0.01924,2.14966,1.81756,2.19761,2.38496,0,0.00098822,0.00098822,0.00098822
513,2301.66,1.32423,1.86687,1.04937,1.4304,0,0.36899,0.36364,0.32196,0.14521,0.13155,0.18182,0.06298,0.0157,2.19698,1.78669,2.15043,2.46129,0,0.00098624,0.00098624,0.00098624
514,2306.09,1.24886,1.77772,0.98542,1.4252,0,0.38996,0.31818,0.32169,0.14144,0.16526,0.18182,0.06196,0.01497,2.21188,1.77441,2.08469,2.49958,0,0.00098426,0.00098426,0.00098426
515,2310.49,1.21899,1.81572,0.97575,1.38769,0,0.51717,0.29545,0.35192,0.15268,0.11494,0.18182,0.06947,0.01401,2.14318,1.74466,2.06406,2.44661,0,0.00098228,0.00098228,0.00098228
516,2314.96,1.31153,1.79794,1.06501,1.4704,0,0.50223,0.34091,0.36441,0.16732,0.09491,0.27273,0.06814,0.01986,2.02768,1.71977,2.04825,2.36286,0,0.0009803,0.0009803,0.0009803
517,2319.35,1.25066,1.75566,0.96947,1.40105,0,0.35383,0.47727,0.39253,0.17208,0.10227,0.27273,0.07283,0.01772,1.9749,1.71517,2.03045,2.29693,0,0.00097832,0.00097832,0.00097832
518,2323.76,1.25143,1.80143,0.96106,1.40936,0,0.35383,0.47727,0.39253,0.17208,0.10227,0.27273,0.07283,0.01772,1.9749,1.71517,2.03045,2.29693,0,0.00097634,0.00097634,0.00097634
519,2328.12,1.25549,1.80474,1.0077,1.44217,0,0.41719,0.40909,0.37772,0.1717,0.10042,0.25374,0.07281,0.01804,1.98952,1.69324,1.97518,2.26315,0,0.00097436,0.00097436,0.00097436
520,2332.72,1.31064,1.90652,1.09018,1.44731,0,0.45039,0.36364,0.37377,0.17116,0.16953,0.13636,0.1011,0.0216,1.93354,1.65286,1.90349,2.21954,0,0.00097238,0.00097238,0.00097238
521,2337.15,1.29848,1.80781,1.01774,1.42109,0,0.46433,0.39415,0.39042,0.19035,0.17778,0.18182,0.1124,0.01721,1.92777,1.6114,1.88032,2.20466,0,0.0009704,0.0009704,0.0009704
522,2341.35,1.26874,1.77874,1.02869,1.43447,0,0.49355,0.43182,0.39342,0.18678,0.2025,0.20455,0.08295,0.01769,1.8819,1.59438,1.89745,2.15988,0,0.00096842,0.00096842,0.00096842
523,2345.85,1.26756,1.84053,1.02304,1.40899,0,0.49355,0.43182,0.39342,0.18678,0.2025,0.20455,0.08295,0.01769,1.8819,1.59438,1.89745,2.15988,0,0.00096644,0.00096644,0.00096644
524,2350.25,1.25053,1.68309,0.95756,1.40261,0,0.45906,0.43182,0.36795,0.18029,0.14689,0.13636,0.07318,0.01758,1.86301,1.61908,1.96271,2.15787,0,0.00096446,0.00096446,0.00096446
525,2354.65,1.23409,1.73696,0.97875,1.39042,0,0.37264,0.31818,0.32647,0.15611,0.17072,0.13636,0.06817,0.01618,1.89892,1.64092,2.05315,2.1629,0,0.00096248,0.00096248,0.00096248
526,2359.2,1.2975,1.84016,1.03278,1.42086,0,0.37632,0.34091,0.33708,0.16392,0.12976,0.15909,0.04864,0.01124,1.87958,1.66122,2.07011,2.14675,0,0.0009605,0.0009605,0.0009605
527,2363.75,1.35431,1.91466,1.12729,1.50657,0,0.39288,0.36364,0.33292,0.1537,0.1877,0.18182,0.05339,0.01042,1.86432,1.67154,2.02697,2.13994,0,0.00095852,0.00095852,0.00095852
528,2368.16,1.32167,1.79575,1.05926,1.46976,0,0.39288,0.36364,0.33292,0.1537,0.1877,0.18182,0.05339,0.01042,1.86432,1.67154,2.02697,2.13994,0,0.00095654,0.00095654,0.00095654
529,2372.52,1.26413,1.77985,0.98991,1.41293,0,0.33061,0.38636,0.31197,0.1369,0.13562,0.11364,0.04166,0.00748,1.86485,1.69051,2.11362,2.18843,0,0.00095456,0.00095456,0.00095456
530,2376.87,1.24308,1.77316,1.03607,1.43704,0,0.3903,0.29545,0.32583,0.13242,0.09007,0.18182,0.0379,0.00842,1.95111,1.7214,2.27468,2.23375,0,0.00095258,0.00095258,0.00095258
531,2381.27,1.18609,1.70213,0.97553,1.38956,0,0.40041,0.38636,0.36876,0.14875,0.10015,0.11364,0.04552,0.0154,2.02821,1.70849,2.1978,2.281,0,0.0009506,0.0009506,0.0009506
532,2385.65,1.22438,1.73933,0.95254,1.36176,0,0.42686,0.43182,0.39743,0.16797,0.11151,0.22727,0.0611,0.01738,1.97161,1.70149,2.1364,2.2596,0,0.00094862,0.00094862,0.00094862
533,2390.22,1.22682,1.78306,0.99329,1.40597,0,0.46056,0.48521,0.42805,0.18576,0.16771,0.13636,0.0684,0.01861,1.83823,1.68823,2.05805,2.20526,0,0.00094664,0.00094664,0.00094664
534,2394.74,1.22698,1.68486,0.96667,1.38356,0,0.46056,0.48521,0.42805,0.18576,0.16771,0.13636,0.0684,0.01861,1.83823,1.68823,2.05805,2.20526,0,0.00094466,0.00094466,0.00094466
535,2399.16,1.2486,1.71918,1.02751,1.43657,0,0.50907,0.47146,0.4473,0.19805,0.10124,0.22727,0.06162,0.02043,1.85194,1.69208,2.04511,2.21684,0,0.00094268,0.00094268,0.00094268
536,2403.71,1.29185,1.78818,1.01918,1.43386,0,0.53704,0.31818,0.41108,0.19315,0.11508,0.25,0.06488,0.02167,1.84846,1.71082,2.04628,2.20679,0,0.0009407,0.0009407,0.0009407
537,2408.16,1.244,1.66505,0.9738,1.43773,0,0.6887,0.34091,0.43008,0.18772,0.1887,0.13636,0.07404,0.02016,1.91225,1.69658,2.02774,2.20918,0,0.00093872,0.00093872,0.00093872
538,2412.68,1.30872,1.79758,1.01777,1.47325,0,0.61914,0.38636,0.41046,0.1791,0.19925,0.13636,0.06469,0.02269,2.01094,1.71479,2.03229,2.26084,0,0.00093674,0.00093674,0.00093674
539,2417.09,1.24701,1.73847,0.97294,1.44945,0,0.61914,0.38636,0.41046,0.1791,0.19925,0.13636,0.06469,0.02269,2.01094,1.71479,2.03229,2.26084,0,0.00093476,0.00093476,0.00093476
540,2421.61,1.31953,1.80583,1.01922,1.44187,0,0.53772,0.29545,0.36333,0.16972,0.18806,0.15909,0.07139,0.02215,2.04857,1.71936,2.12886,2.2817,0,0.00093278,0.00093278,0.00093278
541,2426.02,1.20108,1.77472,0.95907,1.37269,0,0.36816,0.38636,0.37202,0.16418,0.12933,0.18182,0.0637,0.02028,2.00742,1.70915,2.20002,2.27676,0,0.0009308,0.0009308,0.0009308
542,2430.46,1.21513,1.66638,0.95254,1.40685,0,0.37214,0.40909,0.36266,0.14955,0.09936,0.18182,0.05278,0.01555,2.02061,1.70532,2.13689,2.26723,0,0.00092882,0.00092882,0.00092882
543,2434.8,1.21146,1.73436,0.9502,1.41197,0,0.48329,0.31818,0.29618,0.12208,0.12614,0.15909,0.04283,0.01081,2.03949,1.70731,2.0495,2.28235,0,0.00092684,0.00092684,0.00092684
544,2439.19,1.24661,1.70745,0.96701,1.39452,0,0.48329,0.31818,0.29618,0.12208,0.12614,0.15909,0.04283,0.01081,2.03949,1.70731,2.0495,2.28235,0,0.00092486,0.00092486,0.00092486
545,2443.67,1.32534,1.82928,1.01412,1.42796,0,0.52564,0.34091,0.32233,0.13064,0.1241,0.18182,0.06475,0.01705,2.00276,1.6941,1.9297,2.25831,0,0.00092288,0.00092288,0.00092288
546,2448.29,1.27504,1.76967,0.98172,1.3876,0,0.3959,0.34262,0.32519,0.14433,0.1229,0.22727,0.05837,0.01837,1.97011,1.70817,1.92288,2.25683,0,0.0009209,0.0009209,0.0009209
547,2452.9,1.3121,1.82212,1.01269,1.3925,0,0.45089,0.3734,0.37343,0.16141,0.12462,0.22727,0.08717,0.02697,1.91767,1.69966,1.92621,2.25172,0,0.00091892,0.00091892,0.00091892
548,2457.42,1.27659,1.78364,0.99744,1.40912,0,0.34893,0.5,0.38474,0.16922,0.19997,0.22727,0.10379,0.02611,1.88951,1.70811,1.87082,2.24747,0,0.00091694,0.00091694,0.00091694
549,2461.97,1.25393,1.71802,0.96301,1.42588,0,0.40248,0.40909,0.37525,0.17303,0.21687,0.22727,0.10857,0.02676,1.87663,1.70849,1.89057,2.21205,0,0.00091496,0.00091496,0.00091496
550,2466.4,1.2098,1.75996,0.91871,1.38889,0,0.40248,0.40909,0.37525,0.17303,0.21687,0.22727,0.10857,0.02676,1.87663,1.70849,1.89057,2.21205,0,0.00091298,0.00091298,0.00091298
551,2470.79,1.25683,1.79454,0.9391,1.42558,0,0.48469,0.43182,0.39626,0.17816,0.19984,0.21581,0.12454,0.03207,1.90815,1.67734,1.96009,2.2265,0,0.000911,0.000911,0.000911
552,2475.19,1.26672,1.82872,0.9513,1.4253,0,0.465,0.36364,0.37514,0.16147,0.22913,0.18182,0.11268,0.03039,1.9241,1.66858,2.01127,2.22753,0,0.00090902,0.00090902,0.00090902
553,2479.68,1.27356,1.72872,0.98405,1.41045,0,0.52009,0.31818,0.35386,0.16343,0.22233,0.13636,0.06882,0.01703,1.94287,1.67304,2.10264,2.28667,0,0.00090704,0.00090704,0.00090704
554,2484.21,1.25858,1.79276,0.98616,1.38523,0,0.45477,0.36364,0.34234,0.16991,0.19942,0.15909,0.0599,0.01559,1.92848,1.70063,2.07426,2.25435,0,0.00090506,0.00090506,0.00090506
555,2488.57,1.24029,1.7492,0.99745,1.40567,0,0.45477,0.36364,0.34234,0.16991,0.19942,0.15909,0.0599,0.01559,1.92848,1.70063,2.07426,2.25435,0,0.00090308,0.00090308,0.00090308
556,2493.01,1.23182,1.74697,0.95548,1.40595,0,0.45223,0.34091,0.36568,0.17707,0.15139,0.11364,0.04161,0.01181,1.96044,1.71049,2.03402,2.25112,0,0.0009011,0.0009011,0.0009011
557,2497.51,1.21823,1.7502,0.97326,1.40873,0,0.33729,0.5,0.38079,0.17855,0.13511,0.18182,0.05518,0.01248,1.98232,1.68243,1.94652,2.25163,0,0.00089912,0.00089912,0.00089912
558,2501.83,1.25538,1.78166,0.99713,1.42029,0,0.59325,0.31818,0.4226,0.19643,0.16959,0.18182,0.05419,0.01391,1.90512,1.66528,1.82833,2.19483,0,0.00089714,0.00089714,0.00089714
559,2506.29,1.2969,1.80744,0.9997,1.42517,0,0.55989,0.31818,0.42928,0.20731,0.12134,0.25,0.06478,0.01738,1.85307,1.65589,1.91733,2.15844,0,0.00089516,0.00089516,0.00089516
560,2510.91,1.2415,1.73878,0.94255,1.40485,0,0.55989,0.31818,0.42928,0.20731,0.12134,0.25,0.06478,0.01738,1.85307,1.65589,1.91733,2.15844,0,0.00089318,0.00089318,0.00089318
561,2515.36,1.22773,1.77499,0.95877,1.35491,0,0.46517,0.34091,0.4036,0.2029,0.12076,0.22727,0.06413,0.01683,1.83232,1.65795,1.96351,2.16427,0,0.0008912,0.0008912,0.0008912
562,2519.83,1.20199,1.65222,0.9154,1.38712,0,0.72502,0.29545,0.41444,0.21964,0.15292,0.18182,0.09102,0.02696,1.88279,1.66552,2.01267,2.23076,0,0.00088922,0.00088922,0.00088922
563,2524.35,1.24835,1.71699,0.9882,1.39466,0,0.75609,0.29545,0.41472,0.20974,0.15386,0.20455,0.07636,0.02293,1.95109,1.66999,2.04861,2.30021,0,0.00088724,0.00088724,0.00088724
564,2528.84,1.19514,1.67504,0.96309,1.4016,0,0.49585,0.40909,0.42839,0.20037,0.16153,0.25,0.08887,0.01591,1.93197,1.67643,1.98383,2.2788,0,0.00088526,0.00088526,0.00088526
565,2533.19,1.23605,1.72039,0.96305,1.38156,0,0.44591,0.36364,0.39337,0.1797,0.12103,0.15909,0.04994,0.01066,1.99312,1.70159,2.00627,2.32321,0,0.00088328,0.00088328,0.00088328
566,2537.52,1.19771,1.79344,0.98745,1.39819,0,0.44591,0.36364,0.39337,0.1797,0.12103,0.15909,0.04994,0.01066,1.99312,1.70159,2.00627,2.32321,0,0.0008813,0.0008813,0.0008813
567,2542.11,1.22815,1.78159,0.93519,1.42924,0,0.29223,0.40909,0.29091,0.14333,0.09563,0.22727,0.04677,0.00995,2.01943,1.6819,2.15485,2.34986,0,0.00087932,0.00087932,0.00087932
568,2546.68,1.23765,1.77814,0.98403,1.41455,0,0.30654,0.40909,0.26521,0.13499,0.06284,0.20455,0.0239,0.00596,1.96325,1.6741,2.25925,2.26669,0,0.00087734,0.00087734,0.00087734
569,2551.14,1.21024,1.74557,0.93152,1.3675,0,0.53237,0.27273,0.30943,0.15411,0.07443,0.18182,0.03128,0.01069,1.91884,1.66422,2.14918,2.18214,0,0.00087536,0.00087536,0.00087536
570,2555.57,1.19153,1.71672,0.93631,1.35786,0,0.41187,0.38636,0.34231,0.17205,0.12162,0.20455,0.06458,0.02105,1.96188,1.67779,2.05011,2.17379,0,0.00087338,0.00087338,0.00087338
571,2560.05,1.22094,1.7058,0.93662,1.39873,0,0.41187,0.38636,0.34231,0.17205,0.12162,0.20455,0.06458,0.02105,1.96188,1.67779,2.05011,2.17379,0,0.0008714,0.0008714,0.0008714
572,2564.59,1.20523,1.71647,0.93318,1.34338,0,0.36927,0.43182,0.36994,0.18608,0.13338,0.15909,0.0744,0.02965,1.9633,1.74138,2.00738,2.14183,0,0.00086942,0.00086942,0.00086942
573,2568.97,1.16858,1.62722,0.89047,1.35515,0,0.42438,0.38541,0.38712,0.19477,0.15396,0.15909,0.08461,0.02701,2.08583,1.79719,1.97609,2.24215,0,0.00086744,0.00086744,0.00086744
574,2573.46,1.24268,1.7396,1.0066,1.39224,0,0.61534,0.34091,0.37921,0.17075,0.12362,0.20455,0.05749,0.01573,2.0803,1.79675,2.05103,2.29482,0,0.00086546,0.00086546,0.00086546
575,2577.93,1.23424,1.71482,0.95586,1.3937,0,0.54906,0.34091,0.37344,0.15905,0.17118,0.11364,0.05078,0.011,2.04704,1.77384,2.14206,2.26994,0,0.00086348,0.00086348,0.00086348
576,2582.39,1.25745,1.74403,0.93842,1.40051,0,0.54906,0.34091,0.37344,0.15905,0.17118,0.11364,0.05078,0.011,2.04704,1.77384,2.14206,2.26994,0,0.0008615,0.0008615,0.0008615
577,2586.9,1.21704,1.78272,0.95936,1.40662,0,0.38628,0.36364,0.3557,0.15262,0.1519,0.13636,0.05016,0.01383,1.98246,1.72797,2.11549,2.22717,0,0.00085952,0.00085952,0.00085952
578,2591.33,1.15485,1.60296,0.86519,1.31889,0,0.4826,0.38636,0.36809,0.18946,0.20026,0.11364,0.0704,0.0266,1.84644,1.69336,2.08866,2.15286,0,0.00085754,0.00085754,0.00085754
579,2595.74,1.26681,1.80737,0.98991,1.37903,0,0.47982,0.3775,0.39072,0.19592,0.20497,0.13636,0.07676,0.03025,1.86306,1.66718,2.06202,2.14693,0,0.00085556,0.00085556,0.00085556
580,2600.13,1.23426,1.75914,0.93321,1.39085,0,0.43005,0.40909,0.40119,0.1958,0.1467,0.20455,0.07939,0.02355,1.94693,1.67443,2.04377,2.18583,0,0.00085358,0.00085358,0.00085358
581,2604.64,1.20933,1.73006,0.95488,1.40393,0,0.55193,0.38636,0.42122,0.1867,0.24383,0.13636,0.09078,0.02265,2.06631,1.68643,2.01445,2.32745,0,0.0008516,0.0008516,0.0008516
582,2608.98,1.2871,1.80389,0.99148,1.4546,0,0.55193,0.38636,0.42122,0.1867,0.24383,0.13636,0.09078,0.02265,2.06631,1.68643,2.01445,2.32745,0,0.00084962,0.00084962,0.00084962
583,2613.41,1.21755,1.70469,0.90604,1.36068,0,0.63425,0.34091,0.40608,0.1728,0.13889,0.22727,0.07025,0.01336,2.08167,1.69613,2.01695,2.33794,0,0.00084764,0.00084764,0.00084764
584,2617.85,1.24738,1.76099,0.95455,1.38947,0,0.59223,0.33031,0.37361,0.16516,0.23009,0.13636,0.05061,0.00997,2.02484,1.68341,1.98568,2.27341,0,0.00084566,0.00084566,0.00084566
585,2622.19,1.18642,1.68443,0.95081,1.35685,0,0.42466,0.45455,0.39958,0.1999,0.22814,0.13636,0.09225,0.01858,1.97257,1.70519,1.9959,2.26624,0,0.00084368,0.00084368,0.00084368
586,2626.55,1.2252,1.69352,0.95734,1.41483,0,0.49975,0.40909,0.41805,0.20829,0.22579,0.22727,0.13318,0.03242,1.92907,1.71109,2.013,2.25275,0,0.0008417,0.0008417,0.0008417
587,2631.23,1.1542,1.71367,0.90097,1.31436,0,0.49975,0.40909,0.41805,0.20829,0.22579,0.22727,0.13318,0.03242,1.92907,1.71109,2.013,2.25275,0,0.00083972,0.00083972,0.00083972
588,2635.66,1.19704,1.68309,0.8896,1.33927,0,0.45168,0.43182,0.3624,0.19435,0.23598,0.22727,0.11914,0.03215,1.91298,1.73134,1.96765,2.2343,0,0.00083774,0.00083774,0.00083774
589,2639.99,1.1882,1.7123,0.94084,1.37696,0,0.50971,0.34091,0.34519,0.18541,0.2583,0.1743,0.09694,0.02365,1.873,1.75061,2.00308,2.19356,0,0.00083576,0.00083576,0.00083576
590,2644.43,1.20902,1.77007,0.96281,1.39369,0,0.53081,0.40909,0.37445,0.18967,0.20755,0.15909,0.0949,0.02132,1.86573,1.74487,2.02392,2.13865,0,0.00083378,0.00083378,0.00083378
591,2648.82,1.22692,1.67552,0.94303,1.39536,0,0.63876,0.40909,0.42202,0.19904,0.24567,0.18182,0.08954,0.01885,1.93845,1.71619,1.94393,2.1954,0,0.0008318,0.0008318,0.0008318
592,2653.24,1.27224,1.76507,0.96081,1.39047,0,0.63876,0.40909,0.42202,0.19904,0.24567,0.18182,0.08954,0.01885,1.93845,1.71619,1.94393,2.1954,0,0.00082982,0.00082982,0.00082982
593,2657.62,1.24919,1.76392,1.01077,1.45368,0,0.66948,0.40909,0.44725,0.20144,0.16389,0.22727,0.09425,0.02233,1.92004,1.6811,1.86878,2.15356,0,0.00082784,0.00082784,0.00082784
594,2662.14,1.18396,1.73507,0.93566,1.39074,0,0.62426,0.38636,0.42458,0.21762,0.19725,0.20455,0.11054,0.03262,1.86991,1.65609,1.8707,2.11202,0,0.00082586,0.00082586,0.00082586
595,2666.61,1.19985,1.73207,0.9414,1.37827,0,0.54746,0.43182,0.46814,0.22996,0.21406,0.20455,0.10215,0.02946,1.89153,1.6717,1.91824,2.14138,0,0.00082388,0.00082388,0.00082388
596,2671.08,1.25365,1.67944,0.96083,1.40336,0,0.5591,0.40361,0.46206,0.23478,0.2474,0.22727,0.10684,0.02739,1.91186,1.68418,1.96459,2.17561,0,0.0008219,0.0008219,0.0008219
597,2675.63,1.23375,1.72822,0.9331,1.33706,0,0.45933,0.43182,0.43852,0.2235,0.20408,0.20455,0.09701,0.02844,1.93131,1.70673,2.01928,2.21408,0,0.00081992,0.00081992,0.00081992
598,2680.04,1.26021,1.86907,0.98136,1.40194,0,0.45933,0.43182,0.43852,0.2235,0.20408,0.20455,0.09701,0.02844,1.93131,1.70673,2.01928,2.21408,0,0.00081794,0.00081794,0.00081794
599,2684.42,1.20797,1.64854,0.89868,1.35492,0,0.43968,0.45455,0.44146,0.2212,0.17941,0.20455,0.10274,0.0328,1.93594,1.6893,1.98059,2.21907,0,0.00081596,0.00081596,0.00081596
600,2688.95,1.19526,1.68573,0.90375,1.36391,0,0.38793,0.47727,0.42182,0.21026,0.16954,0.20455,0.10447,0.03677,1.948,1.69123,1.96074,2.19457,0,0.00081398,0.00081398,0.00081398
601,2693.52,1.1863,1.78753,0.94903,1.3919,0,0.44211,0.43182,0.39909,0.20814,0.15864,0.20455,0.0964,0.03442,1.94041,1.69354,1.92592,2.19854,0,0.000812,0.000812,0.000812
602,2697.93,1.13996,1.62067,0.86902,1.31472,0,0.46577,0.37665,0.40085,0.21579,0.1224,0.15909,0.08536,0.03267,1.90156,1.68922,1.89905,2.17812,0,0.00081002,0.00081002,0.00081002
603,2702.27,1.14445,1.65493,0.90381,1.32952,0,0.46577,0.37665,0.40085,0.21579,0.1224,0.15909,0.08536,0.03267,1.90156,1.68922,1.89905,2.17812,0,0.00080804,0.00080804,0.00080804
604,2706.65,1.24948,1.6962,0.98284,1.38111,0,0.58996,0.29545,0.36348,0.1985,0.11923,0.25,0.0813,0.02943,1.85356,1.73354,2.02158,2.16044,0,0.00080606,0.00080606,0.00080606
605,2711.01,1.18565,1.66519,0.95144,1.37919,0,0.62074,0.29545,0.36067,0.20137,0.15351,0.13636,0.08942,0.03069,1.90197,1.79537,2.1066,2.20607,0,0.00080408,0.00080408,0.00080408
606,2715.7,1.17896,1.6648,0.92501,1.38078,0,0.46568,0.36364,0.35536,0.19606,0.16432,0.13636,0.08669,0.02942,1.92505,1.83727,2.13647,2.22957,0,0.0008021,0.0008021,0.0008021
607,2720.25,1.24895,1.69192,0.94682,1.39723,0,0.4269,0.36364,0.35515,0.19742,0.15903,0.13636,0.0792,0.03149,1.95253,1.7734,2.00629,2.23409,0,0.00080012,0.00080012,0.00080012
608,2724.64,1.16255,1.60424,0.86929,1.36225,0,0.4269,0.36364,0.35515,0.19742,0.15903,0.13636,0.0792,0.03149,1.95253,1.7734,2.00629,2.23409,0,0.00079814,0.00079814,0.00079814
609,2729.04,1.2141,1.64176,0.9294,1.38988,0,0.42822,0.43182,0.39295,0.21238,0.19926,0.20455,0.08334,0.02805,1.95637,1.705,1.99058,2.22691,0,0.00079616,0.00079616,0.00079616
610,2733.45,1.22508,1.71976,0.91522,1.36998,0,0.42391,0.40909,0.45042,0.23755,0.20434,0.25,0.09948,0.03051,1.90424,1.69119,1.92107,2.19172,0,0.00079418,0.00079418,0.00079418
611,2737.95,1.1754,1.73343,0.9087,1.37357,0,0.5223,0.43182,0.481,0.23402,0.1998,0.25,0.10218,0.02933,1.8639,1.68603,1.87457,2.16992,0,0.0007922,0.0007922,0.0007922
612,2742.38,1.16874,1.65615,0.89505,1.33802,0,0.53712,0.44845,0.48709,0.23096,0.20647,0.27273,0.10513,0.02835,1.79156,1.68487,1.84804,2.10311,0,0.00079022,0.00079022,0.00079022
613,2746.76,1.20874,1.77944,0.92724,1.36486,0,0.49741,0.56818,0.5113,0.24313,0.21527,0.27273,0.10398,0.03021,1.78504,1.66946,1.80924,2.08998,0,0.00078824,0.00078824,0.00078824
614,2751.39,1.16669,1.59104,0.92481,1.36602,0,0.49741,0.56818,0.5113,0.24313,0.21527,0.27273,0.10398,0.03021,1.78504,1.66946,1.80924,2.08998,0,0.00078626,0.00078626,0.00078626
615,2755.99,1.1602,1.62601,0.87885,1.33232,0,0.53318,0.56818,0.49852,0.23737,0.26367,0.29545,0.11514,0.03149,1.81244,1.67156,1.7739,2.08879,0,0.00078428,0.00078428,0.00078428
616,2760.33,1.11644,1.64472,0.84018,1.32162,0,0.52615,0.43182,0.41313,0.19775,0.23779,0.29545,0.10873,0.03068,1.84657,1.70614,1.87766,2.13455,0,0.0007823,0.0007823,0.0007823
617,2764.9,1.16156,1.67604,0.88056,1.34813,0,0.49492,0.43182,0.41052,0.20223,0.21988,0.22727,0.10237,0.02741,1.81673,1.7269,1.91887,2.13986,0,0.00078032,0.00078032,0.00078032
618,2769.32,1.23058,1.69938,0.96416,1.41439,0,0.49443,0.38636,0.41019,0.20812,0.15702,0.22727,0.08467,0.02204,1.85266,1.75852,1.87217,2.16918,0,0.00077834,0.00077834,0.00077834
619,2773.75,1.15662,1.63282,0.93563,1.38823,0,0.49443,0.38636,0.41019,0.20812,0.15702,0.22727,0.08467,0.02204,1.85266,1.75852,1.87217,2.16918,0,0.00077636,0.00077636,0.00077636
620,2778.12,1.1545,1.63368,0.89704,1.34392,0,0.3759,0.47727,0.42905,0.20913,0.19878,0.25,0.09253,0.0203,1.8552,1.76686,1.82891,2.1717,0,0.00077438,0.00077438,0.00077438
621,2782.74,1.14078,1.68867,0.9172,1.33599,0,0.43902,0.52273,0.48076,0.23403,0.21085,0.20455,0.08802,0.0186,1.85449,1.78785,1.84694,2.16616,0,0.0007724,0.0007724,0.0007724
622,2787.2,1.24838,1.78108,0.95308,1.41178,0,0.58767,0.45352,0.49583,0.22967,0.20445,0.20455,0.06928,0.01272,1.85863,1.79943,1.85846,2.17894,0,0.00077042,0.00077042,0.00077042
623,2791.56,1.22815,1.7679,0.97534,1.40035,0,0.59995,0.45455,0.47579,0.2148,0.17471,0.11364,0.04073,0.01001,1.91318,1.77283,1.94234,2.18754,0,0.00076844,0.00076844,0.00076844
624,2795.84,1.15111,1.69296,0.8883,1.34451,0,0.59995,0.45455,0.47579,0.2148,0.17471,0.11364,0.04073,0.01001,1.91318,1.77283,1.94234,2.18754,0,0.00076646,0.00076646,0.00076646
625,2800.25,1.21791,1.73463,0.95499,1.38727,0,0.49878,0.52273,0.45841,0.21263,0.19919,0.11364,0.03906,0.00847,1.96169,1.78101,1.95542,2.23615,0,0.00076448,0.00076448,0.00076448
626,2804.66,1.17527,1.64099,0.8997,1.35825,0,0.4653,0.43517,0.44669,0.2088,0.16097,0.15909,0.05434,0.01151,1.93653,1.75576,1.95312,2.22416,0,0.0007625,0.0007625,0.0007625
627,2809.23,1.14845,1.72665,0.93632,1.35706,0,0.49005,0.5,0.4834,0.22459,0.19976,0.18182,0.07443,0.01735,1.87162,1.71419,1.90077,2.1949,0,0.00076052,0.00076052,0.00076052
628,2813.88,1.13388,1.62808,0.8828,1.36512,0,0.43962,0.60629,0.49928,0.24265,0.17751,0.29545,0.09443,0.02309,1.87961,1.6884,1.90808,2.21998,0,0.00075854,0.00075854,0.00075854
629,2818.33,1.17434,1.70961,0.87772,1.33372,0,0.44966,0.59091,0.49755,0.25254,0.20754,0.27273,0.11161,0.02373,1.89036,1.68238,1.87386,2.24031,0,0.00075656,0.00075656,0.00075656
630,2822.73,1.22792,1.74542,0.95276,1.38453,0,0.44966,0.59091,0.49755,0.25254,0.20754,0.27273,0.11161,0.02373,1.89036,1.68238,1.87386,2.24031,0,0.00075458,0.00075458,0.00075458
631,2827.21,1.18358,1.65977,0.89167,1.35522,0,0.45229,0.52273,0.44985,0.22294,0.19665,0.22727,0.10056,0.02573,1.97779,1.70162,1.92631,2.26284,0,0.0007526,0.0007526,0.0007526
632,2831.56,1.28177,1.74071,0.93823,1.40939,0,0.47435,0.52273,0.41269,0.18918,0.20642,0.20455,0.07986,0.0241,2.07838,1.71951,2.07209,2.32071,0,0.00075062,0.00075062,0.00075062
633,2836.1,1.2212,1.6932,0.92221,1.36835,0,0.41763,0.45455,0.37447,0.16036,0.17054,0.18182,0.07059,0.02375,2.09647,1.70343,2.1146,2.3615,0,0.00074864,0.00074864,0.00074864
634,2840.59,1.24075,1.68865,0.93061,1.40702,0,0.446,0.40909,0.38045,0.17614,0.17867,0.13636,0.08443,0.02522,2.05034,1.69818,2.16525,2.31404,0,0.00074666,0.00074666,0.00074666
635,2845.11,1.15909,1.67965,0.89071,1.34541,0,0.446,0.40909,0.38045,0.17614,0.17867,0.13636,0.08443,0.02522,2.05034,1.69818,2.16525,2.31404,0,0.00074468,0.00074468,0.00074468
636,2849.59,1.22174,1.66653,0.96035,1.36273,0,0.43176,0.38636,0.38971,0.17722,0.17648,0.15909,0.11813,0.02242,2.01283,1.69712,2.18656,2.27847,0,0.0007427,0.0007427,0.0007427
637,2854.07,1.1838,1.63188,0.91807,1.36013,0,0.42669,0.38636,0.4031,0.18736,0.1559,0.18182,0.09373,0.01606,2.01213,1.67431,2.17499,2.27213,0,0.00074072,0.00074072,0.00074072
638,2858.45,1.15307,1.66593,0.91664,1.35785,0,0.40355,0.47727,0.39388,0.19057,0.22199,0.15909,0.08902,0.01705,1.97842,1.68561,2.08787,2.21523,0,0.00073874,0.00073874,0.00073874
639,2862.82,1.14909,1.63492,0.89294,1.35018,0,0.41959,0.45455,0.4091,0.19408,0.24084,0.18182,0.10373,0.02134,1.95758,1.68548,2.0647,2.22191,0,0.00073676,0.00073676,0.00073676
640,2867.23,1.18707,1.6379,0.86735,1.34334,0,0.41959,0.45455,0.4091,0.19408,0.24084,0.18182,0.10373,0.02134,1.95758,1.68548,2.0647,2.22191,0,0.00073478,0.00073478,0.00073478
641,2871.85,1.1581,1.70414,0.87097,1.30875,0,0.40166,0.48831,0.38229,0.1849,0.26091,0.20455,0.10775,0.01911,1.98152,1.68812,2.03563,2.30808,0,0.0007328,0.0007328,0.0007328
642,2876.37,1.17347,1.724,0.92363,1.37224,0,0.59177,0.38636,0.39803,0.18987,0.28353,0.18182,0.10394,0.02241,1.99684,1.68288,2.05921,2.32185,0,0.00073082,0.00073082,0.00073082
643,2880.71,1.19519,1.68197,0.92164,1.36299,0,0.47507,0.45455,0.41996,0.19469,0.24228,0.1599,0.10344,0.02541,2.03131,1.68042,2.01461,2.3597,0,0.00072884,0.00072884,0.00072884
644,2885.09,1.21406,1.69846,0.89798,1.38846,0,0.47154,0.44627,0.409,0.19299,0.16877,0.25,0.10398,0.02795,2.06649,1.69799,2.04975,2.41407,0,0.00072686,0.00072686,0.00072686
645,2889.55,1.17227,1.67745,0.8965,1.37692,0,0.40872,0.45455,0.3749,0.17759,0.1616,0.20156,0.09506,0.02367,2.03827,1.73546,2.13222,2.38545,0,0.00072488,0.00072488,0.00072488
646,2893.95,1.17416,1.70441,0.93616,1.34477,0,0.40872,0.45455,0.3749,0.17759,0.1616,0.20156,0.09506,0.02367,2.03827,1.73546,2.13222,2.38545,0,0.0007229,0.0007229,0.0007229
647,2898.58,1.19512,1.71729,0.92028,1.34879,0,0.38914,0.43182,0.35514,0.17921,0.15641,0.11364,0.07864,0.01756,1.97913,1.74498,2.23031,2.37018,0,0.00072092,0.00072092,0.00072092
648,2903.09,1.16841,1.64603,0.92098,1.36105,0,0.41542,0.36364,0.32144,0.17063,0.13882,0.15909,0.06671,0.01941,1.97612,1.73002,2.23427,2.37813,0,0.00071894,0.00071894,0.00071894
649,2907.57,1.20477,1.65568,0.89274,1.35673,0,0.35563,0.36364,0.31002,0.16017,0.1548,0.15909,0.07787,0.01752,1.9549,1.70463,2.21763,2.31112,0,0.00071696,0.00071696,0.00071696
650,2911.96,1.11313,1.56362,0.85557,1.3018,0,0.4141,0.34091,0.32691,0.17242,0.22085,0.18182,0.08848,0.01926,1.92473,1.68301,2.16691,2.26731,0,0.00071498,0.00071498,0.00071498
651,2916.36,1.16661,1.75538,0.92175,1.34492,0,0.4141,0.34091,0.32691,0.17242,0.22085,0.18182,0.08848,0.01926,1.92473,1.68301,2.16691,2.26731,0,0.000713,0.000713,0.000713
652,2920.75,1.17541,1.72631,0.90495,1.36523,0,0.61305,0.31818,0.37556,0.19532,0.26685,0.13636,0.08852,0.02715,1.92716,1.66482,2.11947,2.25953,0,0.00071102,0.00071102,0.00071102
653,2925.22,1.1013,1.60402,0.8074,1.30569,0,0.59373,0.34091,0.35922,0.19211,0.23802,0.13636,0.09219,0.02366,1.86475,1.63884,2.16752,2.1965,0,0.00070904,0.00070904,0.00070904
654,2929.67,1.14,1.6939,0.86965,1.33987,0,0.50248,0.34091,0.33946,0.18458,0.20453,0.13636,0.08224,0.02724,1.87293,1.65653,2.21804,2.21592,0,0.00070706,0.00070706,0.00070706
655,2934.13,1.13674,1.62252,0.86597,1.31246,0,0.52314,0.34091,0.34691,0.18777,0.15622,0.15909,0.07619,0.02698,1.94186,1.70375,2.1747,2.28836,0,0.00070508,0.00070508,0.00070508
656,2938.58,1.14723,1.71252,0.90357,1.3372,0,0.52314,0.34091,0.34691,0.18777,0.15622,0.15909,0.07619,0.02698,1.94186,1.70375,2.1747,2.28836,0,0.0007031,0.0007031,0.0007031
657,2943.01,1.16577,1.69131,0.89043,1.3298,0,0.43349,0.34091,0.3474,0.18054,0.17375,0.13636,0.08342,0.02279,2.0085,1.7317,2.11874,2.34641,0,0.00070112,0.00070112,0.00070112
658,2947.4,1.07687,1.65535,0.82199,1.31073,0,0.44829,0.38784,0.37727,0.18405,0.12787,0.20455,0.0714,0.02383,2.05081,1.71188,1.99068,2.41333,0,0.00069914,0.00069914,0.00069914
659,2951.85,1.13162,1.69834,0.83603,1.32544,0,0.46293,0.40909,0.38493,0.18746,0.13828,0.18182,0.0681,0.02199,2.03795,1.73288,1.97707,2.40775,0,0.00069716,0.00069716,0.00069716
660,2956.23,1.15151,1.68701,0.88404,1.34997,0,0.41865,0.5,0.37716,0.188,0.21832,0.22727,0.08928,0.01805,2.02379,1.72512,1.96549,2.3839,0,0.00069518,0.00069518,0.00069518
661,2960.84,1.1625,1.6919,0.86258,1.34713,0,0.45794,0.45455,0.36427,0.18504,0.13883,0.13636,0.03268,0.00967,2.00962,1.73794,2.07433,2.35898,0,0.0006932,0.0006932,0.0006932
662,2965.3,1.19205,1.79346,0.91094,1.36938,0,0.45794,0.45455,0.36427,0.18504,0.13883,0.13636,0.03268,0.00967,2.00962,1.73794,2.07433,2.35898,0,0.00069122,0.00069122,0.00069122
663,2969.66,1.22626,1.74662,0.93209,1.36396,0,0.46108,0.43182,0.38167,0.18515,0.12672,0.11364,0.03514,0.00948,1.97919,1.75131,2.0939,2.33504,0,0.00068924,0.00068924,0.00068924
664,2974.05,1.16537,1.69095,0.86247,1.3449,0,0.39573,0.45455,0.37836,0.18663,0.12979,0.22727,0.06541,0.01218,1.93275,1.72014,2.12178,2.22996,0,0.00068726,0.00068726,0.00068726
665,2978.58,1.17672,1.73823,0.92103,1.35586,0,0.3591,0.5,0.38654,0.18961,0.13795,0.18182,0.07393,0.01626,1.9051,1.68594,2.15051,2.19577,0,0.00068528,0.00068528,0.00068528
666,2983,1.15294,1.64879,0.86657,1.32782,0,0.45232,0.45455,0.39801,0.18801,0.14749,0.31818,0.07664,0.01866,1.86414,1.68106,2.01644,2.15793,0,0.0006833,0.0006833,0.0006833
667,2987.45,1.10979,1.63825,0.84405,1.31076,0,0.45232,0.45455,0.39801,0.18801,0.14749,0.31818,0.07664,0.01866,1.86414,1.68106,2.01644,2.15793,0,0.00068132,0.00068132,0.00068132
668,2991.9,1.21526,1.70309,0.90325,1.3643,0,0.4232,0.43182,0.36947,0.19502,0.14822,0.27273,0.08052,0.02657,1.85503,1.68088,1.95221,2.16468,0,0.00067934,0.00067934,0.00067934
669,2996.27,1.19336,1.60924,0.87176,1.34219,0,0.48511,0.43182,0.36946,0.18958,0.13574,0.25,0.08096,0.02417,1.83474,1.7031,1.94398,2.15102,0,0.00067736,0.00067736,0.00067736
670,3000.72,1.10921,1.58846,0.83931,1.28935,0,0.48279,0.38636,0.36897,0.17681,0.15649,0.27273,0.07225,0.01806,1.83628,1.71747,2.01855,2.18667,0,0.00067538,0.00067538,0.00067538
671,3005.23,1.12414,1.69711,0.8585,1.3008,0,0.48508,0.38636,0.36583,0.17654,0.1426,0.18182,0.06336,0.01799,1.85555,1.77323,1.96155,2.19022,0,0.0006734,0.0006734,0.0006734
672,3009.67,1.12271,1.68212,0.83904,1.28935,0,0.48508,0.38636,0.36583,0.17654,0.1426,0.18182,0.06336,0.01799,1.85555,1.77323,1.96155,2.19022,0,0.00067142,0.00067142,0.00067142
673,3014.13,1.08212,1.56076,0.80815,1.29364,0,0.54764,0.34091,0.38642,0.18787,0.24794,0.13636,0.11364,0.0278,1.8717,1.77872,1.92336,2.19789,0,0.00066944,0.00066944,0.00066944
674,3018.53,1.13135,1.61394,0.87437,1.3241,0,0.41766,0.52273,0.41118,0.21139,0.14527,0.18182,0.07963,0.02549,1.86863,1.73226,1.83982,2.23996,0,0.00066746,0.00066746,0.00066746
675,3023.24,1.1174,1.55526,0.83323,1.3214,0,0.44828,0.43182,0.43176,0.2158,0.21409,0.20455,0.09622,0.02677,1.79995,1.68198,1.6868,2.24243,0,0.00066548,0.00066548,0.00066548
676,3027.54,1.14867,1.66581,0.8536,1.30994,0,0.4561,0.43182,0.41795,0.2137,0.24063,0.22727,0.10087,0.02876,1.79409,1.65043,1.67504,2.23314,0,0.0006635,0.0006635,0.0006635
677,3031.91,1.18072,1.6919,0.8874,1.36837,0,0.44275,0.56818,0.45877,0.24402,0.23871,0.22727,0.11517,0.03929,1.73257,1.64854,1.71521,2.15152,0,0.00066152,0.00066152,0.00066152
678,3036.4,1.13995,1.59898,0.88615,1.32047,0,0.44275,0.56818,0.45877,0.24402,0.23871,0.22727,0.11517,0.03929,1.73257,1.64854,1.71521,2.15152,0,0.00065954,0.00065954,0.00065954
679,3040.84,1.18096,1.64955,0.86171,1.37092,0,0.43248,0.54545,0.46377,0.23983,0.18081,0.22727,0.10795,0.0366,1.72895,1.65555,1.84375,2.11926,0,0.00065756,0.00065756,0.00065756
680,3045.19,1.1265,1.60463,0.83848,1.32076,0,0.41544,0.5977,0.45518,0.23733,0.17583,0.25,0.10472,0.02959,1.754,1.69293,1.92704,2.11283,0,0.00065558,0.00065558,0.00065558
681,3049.55,1.1262,1.62518,0.89522,1.3405,0,0.50141,0.45455,0.50941,0.25389,0.16668,0.27273,0.1132,0.03289,1.7631,1.72179,1.8999,2.10555,0,0.0006536,0.0006536,0.0006536
682,3054.16,1.11958,1.58908,0.86735,1.32695,0,0.59967,0.40909,0.51067,0.26322,0.25019,0.25,0.13571,0.03875,1.79713,1.74727,1.84944,2.10815,0,0.00065162,0.00065162,0.00065162
683,3058.7,1.09326,1.70137,0.88305,1.29064,0,0.59967,0.40909,0.51067,0.26322,0.25019,0.25,0.13571,0.03875,1.79713,1.74727,1.84944,2.10815,0,0.00064964,0.00064964,0.00064964
684,3063.18,1.09818,1.56625,0.82032,1.29041,0,0.43786,0.65909,0.54165,0.27331,0.28026,0.22727,0.14389,0.03604,1.82369,1.75646,1.79518,2.11983,0,0.00064766,0.00064766,0.00064766
685,3067.77,1.16738,1.65424,0.90764,1.36845,0,0.49903,0.63395,0.54046,0.28113,0.3246,0.20455,0.14178,0.03004,1.82153,1.73855,1.7441,2.14737,0,0.00064568,0.00064568,0.00064568
686,3072.33,1.18766,1.64815,0.87371,1.34402,0,0.50929,0.58971,0.53454,0.26906,0.37287,0.20455,0.16466,0.02965,1.85844,1.7452,1.66137,2.19683,0,0.0006437,0.0006437,0.0006437
687,3076.75,1.13362,1.60196,0.84407,1.34802,0,0.46324,0.54545,0.52979,0.2471,0.43452,0.20975,0.16329,0.02839,1.89329,1.73115,1.73036,2.23284,0,0.00064172,0.00064172,0.00064172
688,3081.31,1.16093,1.59186,0.86766,1.3191,0,0.46324,0.54545,0.52979,0.2471,0.43452,0.20975,0.16329,0.02839,1.89329,1.73115,1.73036,2.23284,0,0.00063974,0.00063974,0.00063974
689,3085.7,1.14236,1.6057,0.84439,1.31703,0,0.59235,0.45455,0.5175,0.23627,0.485,0.22727,0.1632,0.0269,1.95404,1.73885,1.70323,2.25309,0,0.00063776,0.00063776,0.00063776
690,3090.1,1.14895,1.6566,0.90048,1.35129,0,0.51246,0.5,0.49626,0.22888,0.35564,0.17582,0.09433,0.01816,1.95984,1.75218,1.79118,2.26866,0,0.00063578,0.00063578,0.00063578
691,3094.62,1.10856,1.53903,0.85785,1.29833,0,0.57872,0.43182,0.50922,0.21758,0.2446,0.18182,0.08175,0.01486,1.96552,1.74811,1.83506,2.27762,0,0.0006338,0.0006338,0.0006338
692,3099.14,1.10208,1.6134,0.87355,1.3105,0,0.44133,0.47727,0.44367,0.20715,0.19778,0.20455,0.07812,0.01866,1.86649,1.72909,1.93327,2.1957,0,0.00063182,0.00063182,0.00063182
693,3103.6,1.1377,1.63866,0.88474,1.33181,0,0.42762,0.47727,0.38931,0.16755,0.19785,0.18182,0.06496,0.01644,1.88461,1.71185,2.03106,2.22083,0,0.00062984,0.00062984,0.00062984
694,3107.95,1.0969,1.58431,0.80683,1.27225,0,0.42762,0.47727,0.38931,0.16755,0.19785,0.18182,0.06496,0.01644,1.88461,1.71185,2.03106,2.22083,0,0.00062786,0.00062786,0.00062786
695,3112.45,1.08589,1.62932,0.85047,1.29847,0,0.37935,0.45847,0.33296,0.14759,0.22465,0.22727,0.08211,0.02071,1.94903,1.73046,2.15561,2.2726,0,0.00062588,0.00062588,0.00062588
696,3116.78,1.10269,1.57384,0.83756,1.318,0,0.41364,0.49707,0.35468,0.16889,0.23895,0.27273,0.09708,0.02254,1.98884,1.70961,2.00753,2.34707,0,0.0006239,0.0006239,0.0006239
697,3121.26,1.17555,1.67839,0.92941,1.38213,0,0.3959,0.50649,0.36896,0.18658,0.19544,0.25,0.10489,0.02965,1.94438,1.69205,1.86956,2.345,0,0.00062192,0.00062192,0.00062192
698,3125.75,1.14945,1.59925,0.86908,1.35938,0,0.40246,0.50522,0.36654,0.18742,0.20116,0.29545,0.10085,0.03002,1.95778,1.69043,1.81757,2.34346,0,0.00061994,0.00061994,0.00061994
699,3130.09,1.11163,1.58251,0.84134,1.3294,0,0.40246,0.50522,0.36654,0.18742,0.20116,0.29545,0.10085,0.03002,1.95778,1.69043,1.81757,2.34346,0,0.00061796,0.00061796,0.00061796
700,3134.53,1.17485,1.59005,0.90069,1.33808,0,0.40756,0.56293,0.37111,0.19094,0.22077,0.31818,0.12499,0.03064,1.95173,1.67709,1.81531,2.32323,0,0.00061598,0.00061598,0.00061598
701,3138.9,1.16443,1.65705,0.91046,1.36901,0,0.37775,0.52431,0.39499,0.19768,0.20808,0.25,0.09267,0.0291,1.9624,1.66905,1.81702,2.33275,0,0.000614,0.000614,0.000614
702,3143.45,1.07701,1.53274,0.83337,1.29827,0,0.40395,0.47727,0.40808,0.19869,0.22249,0.25,0.10803,0.02894,1.99847,1.65552,1.80011,2.3485,0,0.00061202,0.00061202,0.00061202
703,3147.77,1.10123,1.62508,0.85246,1.30683,0,0.38857,0.47727,0.39142,0.1938,0.26909,0.18182,0.092,0.02494,1.94245,1.65031,1.82422,2.26994,0,0.00061004,0.00061004,0.00061004
704,3152.16,1.10398,1.56619,0.82479,1.30266,0,0.38857,0.47727,0.39142,0.1938,0.26909,0.18182,0.092,0.02494,1.94245,1.65031,1.82422,2.26994,0,0.00060806,0.00060806,0.00060806
705,3156.53,1.13509,1.76347,0.91237,1.34182,0,0.40411,0.47727,0.4216,0.2125,0.24728,0.13636,0.06217,0.01594,1.83888,1.64998,1.88185,2.1622,0,0.00060608,0.00060608,0.00060608
706,3160.97,1.09829,1.62141,0.84233,1.28183,0,0.35299,0.53326,0.41324,0.20627,0.24254,0.14575,0.06924,0.01757,1.83234,1.67699,1.91346,2.16891,0,0.0006041,0.0006041,0.0006041
707,3165.47,1.08049,1.63902,0.87663,1.29514,0,0.3513,0.56818,0.40338,0.20777,0.23236,0.13636,0.06868,0.01632,1.8387,1.6937,2.01706,2.20597,0,0.00060212,0.00060212,0.00060212
708,3169.88,1.07608,1.65096,0.78759,1.31771,0,0.34616,0.54545,0.37838,0.1879,0.15597,0.22727,0.06921,0.01713,1.87955,1.68637,1.96011,2.25845,0,0.00060014,0.00060014,0.00060014
709,3174.63,1.0762,1.59233,0.8261,1.27436,0,0.55787,0.34091,0.39297,0.2045,0.21034,0.20455,0.09367,0.02471,1.91392,1.68906,1.90897,2.29853,0,0.00059816,0.00059816,0.00059816
710,3179.03,1.10743,1.59333,0.85426,1.3151,0,0.55787,0.34091,0.39297,0.2045,0.21034,0.20455,0.09367,0.02471,1.91392,1.68906,1.90897,2.29853,0,0.00059618,0.00059618,0.00059618
711,3183.5,1.07025,1.55874,0.84268,1.30113,0,0.39573,0.54545,0.44418,0.22597,0.33565,0.13636,0.09226,0.02459,1.91043,1.66955,1.89904,2.31446,0,0.0005942,0.0005942,0.0005942
712,3187.97,1.13762,1.59691,0.88465,1.34498,0,0.53309,0.38931,0.44898,0.23494,0.23584,0.15909,0.09183,0.03122,1.88738,1.66747,1.80761,2.31481,0,0.00059222,0.00059222,0.00059222
713,3192.37,1.18605,1.75782,0.94176,1.3571,0,0.50593,0.41907,0.41,0.21634,0.32893,0.13636,0.10301,0.0292,1.90464,1.65726,1.87895,2.31185,0,0.00059024,0.00059024,0.00059024
714,3196.83,1.11145,1.60796,0.81939,1.28687,0,0.44931,0.40909,0.389,0.21334,0.3175,0.11364,0.10197,0.02841,1.90103,1.64714,1.89656,2.28789,0,0.00058826,0.00058826,0.00058826
715,3201.28,1.04819,1.59423,0.8223,1.28699,0,0.44931,0.40909,0.389,0.21334,0.3175,0.11364,0.10197,0.02841,1.90103,1.64714,1.89656,2.28789,0,0.00058628,0.00058628,0.00058628
716,3205.68,1.16177,1.62881,0.89288,1.35948,0,0.46774,0.31818,0.3958,0.21308,0.28168,0.11364,0.10123,0.03018,1.92041,1.64371,1.88851,2.25982,0,0.0005843,0.0005843,0.0005843
717,3210.08,1.11353,1.5864,0.83958,1.28693,0,0.35022,0.5,0.38745,0.20082,0.25077,0.15909,0.10557,0.0263,1.93577,1.6718,1.88739,2.24268,0,0.00058232,0.00058232,0.00058232
718,3214.58,1.11186,1.6331,0.81928,1.32527,0,0.36186,0.56818,0.40184,0.196,0.31463,0.18182,0.10899,0.02706,1.96163,1.70296,1.92314,2.26472,0,0.00058034,0.00058034,0.00058034
719,3218.87,1.09383,1.61408,0.85064,1.29843,0,0.35073,0.59091,0.40165,0.20196,0.18188,0.29545,0.11455,0.02614,1.93193,1.70258,1.90826,2.25149,0,0.00057836,0.00057836,0.00057836
720,3223.36,1.11498,1.52998,0.82814,1.26999,0,0.35073,0.59091,0.40165,0.20196,0.18188,0.29545,0.11455,0.02614,1.93193,1.70258,1.90826,2.25149,0,0.00057638,0.00057638,0.00057638
721,3227.8,1.09603,1.58967,0.86854,1.32012,0,0.38621,0.55781,0.42766,0.214,0.17685,0.25,0.09873,0.02592,1.87799,1.68716,1.88418,2.22534,0,0.0005744,0.0005744,0.0005744
722,3232.3,1.14141,1.67372,0.87413,1.33657,0,0.37656,0.54914,0.42787,0.2144,0.15624,0.20455,0.0853,0.02473,1.83413,1.67655,1.87589,2.19989,0,0.00057242,0.00057242,0.00057242
723,3236.73,1.08992,1.62816,0.86317,1.28,0,0.35167,0.59091,0.40984,0.21168,0.29696,0.13636,0.07582,0.01728,1.82353,1.68737,1.92415,2.19354,0,0.00057044,0.00057044,0.00057044
724,3241.09,1.17972,1.60872,0.88278,1.36218,0,0.37078,0.47727,0.4051,0.19364,0.28323,0.13636,0.07103,0.01793,1.81287,1.67862,1.92194,2.20246,0,0.00056846,0.00056846,0.00056846
725,3245.39,1.08324,1.56767,0.82626,1.28266,0,0.39375,0.52273,0.412,0.20049,0.25648,0.11364,0.05644,0.01622,1.81399,1.66593,1.90268,2.20125,0,0.00056648,0.00056648,0.00056648
726,3249.94,1.09042,1.57982,0.81412,1.31141,0,0.39375,0.52273,0.412,0.20049,0.25648,0.11364,0.05644,0.01622,1.81399,1.66593,1.90268,2.20125,0,0.0005645,0.0005645,0.0005645
727,3254.45,1.10758,1.56795,0.82325,1.26737,0,0.35913,0.54545,0.38999,0.18094,0.18035,0.13636,0.05468,0.01431,1.82387,1.63792,1.9114,2.18462,0,0.00056252,0.00056252,0.00056252
728,3258.9,1.09929,1.56075,0.83453,1.31488,0,0.35298,0.54545,0.38373,0.17971,0.25464,0.15909,0.0731,0.02017,1.86611,1.60966,1.92581,2.21864,0,0.00056054,0.00056054,0.00056054
729,3263.32,1.12826,1.60022,0.87438,1.32993,0,0.36682,0.61364,0.3754,0.17889,0.29462,0.15909,0.07412,0.01965,1.89514,1.59973,1.94458,2.25991,0,0.00055856,0.00055856,0.00055856
730,3267.77,1.07525,1.54148,0.8218,1.28989,0,0.32392,0.54545,0.37732,0.18174,0.19842,0.22727,0.08402,0.02097,1.89782,1.62639,1.94961,2.24501,0,0.00055658,0.00055658,0.00055658
731,3272.18,1.13827,1.60424,0.86177,1.3211,0,0.32392,0.54545,0.37732,0.18174,0.19842,0.22727,0.08402,0.02097,1.89782,1.62639,1.94961,2.24501,0,0.0005546,0.0005546,0.0005546
732,3276.51,1.10277,1.67799,0.87307,1.31638,0,0.30666,0.5,0.39259,0.19528,0.37512,0.15909,0.11071,0.02415,1.88093,1.67641,1.90503,2.20226,0,0.00055262,0.00055262,0.00055262
733,3280.96,1.0996,1.61477,0.82037,1.27347,0,0.36515,0.54545,0.45784,0.2186,0.25211,0.22727,0.11834,0.02658,1.89838,1.69186,1.85361,2.21045,0,0.00055064,0.00055064,0.00055064
734,3285.48,1.17681,1.58841,0.87767,1.34391,0,0.42119,0.5293,0.48284,0.22096,0.14285,0.25762,0.0718,0.02098,1.9375,1.70388,1.89284,2.22007,0,0.00054866,0.00054866,0.00054866
735,3289.88,1.06311,1.56872,0.78717,1.24522,0,0.39759,0.61364,0.47805,0.21841,0.17848,0.27273,0.08599,0.02635,1.95009,1.70826,1.85014,2.18921,0,0.00054668,0.00054668,0.00054668
736,3294.32,1.11545,1.61192,0.82806,1.28854,0,0.39759,0.61364,0.47805,0.21841,0.17848,0.27273,0.08599,0.02635,1.95009,1.70826,1.85014,2.18921,0,0.0005447,0.0005447,0.0005447
737,3298.79,1.13027,1.53871,0.8388,1.28467,0,0.64313,0.36877,0.48351,0.22232,0.2494,0.25,0.10928,0.02747,1.98611,1.73336,1.84467,2.25281,0,0.00054272,0.00054272,0.00054272
738,3303.14,1.16877,1.64394,0.90585,1.30445,0,0.57945,0.37598,0.46754,0.21827,0.32189,0.25,0.12774,0.02795,1.93593,1.76225,1.8242,2.24701,0,0.00054074,0.00054074,0.00054074
739,3307.46,1.13028,1.62469,0.84799,1.31534,0,0.40296,0.56818,0.44058,0.2235,0.24707,0.22727,0.10704,0.02599,1.93824,1.75335,1.81539,2.29248,0,0.00053876,0.00053876,0.00053876
740,3311.98,1.12085,1.61017,0.86178,1.30726,0,0.5742,0.36364,0.45946,0.23394,0.28657,0.18182,0.09515,0.02369,1.91515,1.71738,1.74445,2.30052,0,0.00053678,0.00053678,0.00053678
741,3316.37,1.10216,1.69111,0.82041,1.31153,0,0.54545,0.43647,0.48463,0.25434,0.31986,0.20455,0.14646,0.03761,1.89313,1.70605,1.73246,2.3531,0,0.0005348,0.0005348,0.0005348
742,3320.91,1.16166,1.59815,0.84684,1.30041,0,0.54545,0.43647,0.48463,0.25434,0.31986,0.20455,0.14646,0.03761,1.89313,1.70605,1.73246,2.3531,0,0.00053282,0.00053282,0.00053282
743,3325.34,1.11345,1.66709,0.85709,1.30451,0,0.47339,0.47727,0.45802,0.24119,0.26512,0.18182,0.12827,0.04096,1.84686,1.69562,1.66645,2.33635,0,0.00053084,0.00053084,0.00053084
744,3329.71,1.11495,1.62584,0.85946,1.27826,0,0.37777,0.59091,0.45296,0.23298,0.18888,0.29545,0.13142,0.04076,1.80898,1.72192,1.68677,2.31029,0,0.00052886,0.00052886,0.00052886
745,3334.12,1.07235,1.54161,0.82365,1.26222,0,0.39678,0.52273,0.44635,0.22399,0.1916,0.25323,0.12544,0.03948,1.81655,1.74393,1.61804,2.3162,0,0.00052688,0.00052688,0.00052688
746,3338.75,1.16028,1.61892,0.88783,1.34159,0,0.42407,0.54545,0.4437,0.22104,0.27075,0.20455,0.12257,0.03484,1.77382,1.75869,1.6374,2.25519,0,0.0005249,0.0005249,0.0005249
747,3343.17,1.13318,1.60732,0.8777,1.33826,0,0.42407,0.54545,0.4437,0.22104,0.27075,0.20455,0.12257,0.03484,1.77382,1.75869,1.6374,2.25519,0,0.00052292,0.00052292,0.00052292
748,3347.52,1.04733,1.60002,0.80062,1.25649,0,0.45488,0.52273,0.46256,0.22713,0.23677,0.27273,0.11796,0.03294,1.77057,1.75315,1.67281,2.19827,0,0.00052094,0.00052094,0.00052094
749,3352.16,1.08657,1.62674,0.83179,1.31217,0,0.50722,0.47727,0.47453,0.23792,0.24806,0.27273,0.12155,0.03519,1.84017,1.72283,1.7156,2.16281,0,0.00051896,0.00051896,0.00051896
750,3356.44,1.10456,1.5589,0.84811,1.2853,0,0.4408,0.5,0.47498,0.23684,0.24238,0.25,0.11289,0.03481,1.88748,1.70755,1.7771,2.17864,0,0.00051698,0.00051698,0.00051698
751,3360.81,1.06725,1.52147,0.81731,1.29042,0,0.42645,0.52388,0.48483,0.22677,0.21051,0.25,0.1109,0.03247,1.89673,1.69474,1.74639,2.19775,0,0.000515,0.000515,0.000515
752,3365.22,1.06152,1.5108,0.84979,1.30252,0,0.42645,0.52388,0.48483,0.22677,0.21051,0.25,0.1109,0.03247,1.89673,1.69474,1.74639,2.19775,0,0.00051302,0.00051302,0.00051302
753,3369.6,1.08176,1.51191,0.8092,1.27086,0,0.45132,0.52273,0.4574,0.21583,0.21748,0.27273,0.10174,0.02844,1.87511,1.68547,1.72946,2.18395,0,0.00051104,0.00051104,0.00051104
754,3373.95,1.11814,1.5451,0.83038,1.31714,0,0.4963,0.55993,0.45367,0.21099,0.24104,0.25,0.09501,0.02614,1.88689,1.68051,1.76395,2.18321,0,0.00050906,0.00050906,0.00050906
755,3378.33,1.08003,1.58524,0.81412,1.32043,0,0.44116,0.54545,0.43334,0.19823,0.20876,0.25,0.08821,0.02488,1.89077,1.67198,1.8485,2.17808,0,0.00050708,0.00050708,0.00050708
756,3382.96,1.05698,1.55067,0.78488,1.26267,0,0.43993,0.61364,0.43804,0.21268,0.28044,0.18182,0.08778,0.02501,1.91714,1.66012,1.8525,2.19635,0,0.0005051,0.0005051,0.0005051
757,3387.27,1.07278,1.52976,0.82631,1.29994,0,0.4341,0.59091,0.44412,0.21696,0.18394,0.25,0.08896,0.02469,1.92584,1.6442,1.80931,2.25151,0,0.00050312,0.00050312,0.00050312
758,3391.74,1.09764,1.57874,0.85179,1.30442,0,0.4341,0.59091,0.44412,0.21696,0.18394,0.25,0.08896,0.02469,1.92584,1.6442,1.80931,2.25151,0,0.00050114,0.00050114,0.00050114
759,3396.13,1.10809,1.6117,0.85463,1.30895,0,0.48008,0.5,0.44176,0.21791,0.22045,0.22727,0.08984,0.02304,1.88995,1.6441,1.78157,2.2109,0,0.00049916,0.00049916,0.00049916
760,3400.67,1.01697,1.56174,0.78601,1.25925,0,0.5181,0.5,0.44823,0.22128,0.28632,0.25,0.1137,0.02536,1.87489,1.64702,1.73079,2.18604,0,0.00049718,0.00049718,0.00049718
761,3405.18,1.0947,1.55999,0.80874,1.29094,0,0.44506,0.52273,0.45755,0.22741,0.28253,0.22727,0.11719,0.0269,1.88675,1.65959,1.70421,2.20721,0,0.0004952,0.0004952,0.0004952
762,3409.69,1.0311,1.59719,0.77668,1.22683,0,0.41637,0.56818,0.44107,0.2254,0.33368,0.18182,0.10358,0.02454,1.88383,1.67513,1.80643,2.25885,0,0.00049322,0.00049322,0.00049322
763,3414.11,1.10827,1.68348,0.81761,1.29525,0,0.41637,0.56818,0.44107,0.2254,0.33368,0.18182,0.10358,0.02454,1.88383,1.67513,1.80643,2.25885,0,0.00049124,0.00049124,0.00049124
764,3418.49,1.01056,1.47489,0.74534,1.24618,0,0.51941,0.44229,0.4407,0.21815,0.34748,0.18182,0.10135,0.02756,1.8574,1.68693,1.82855,2.24426,0,0.00048926,0.00048926,0.00048926
765,3422.89,1.07938,1.60226,0.82142,1.28474,0,0.4976,0.52273,0.4419,0.21526,0.34574,0.18182,0.1003,0.02626,1.85708,1.68941,1.88192,2.22873,0,0.00048728,0.00048728,0.00048728
766,3427.4,1.12887,1.69934,0.86892,1.32979,0,0.56036,0.43182,0.43398,0.21286,0.30255,0.18182,0.10359,0.02509,1.89294,1.66248,1.86838,2.30534,0,0.0004853,0.0004853,0.0004853
767,3431.73,1.07933,1.57124,0.82044,1.28467,0,0.59616,0.45455,0.45322,0.21197,0.33007,0.18182,0.11221,0.03153,1.87946,1.6232,1.79701,2.3402,0,0.00048332,0.00048332,0.00048332
768,3436.15,1.10077,1.62487,0.81206,1.31398,0,0.59616,0.45455,0.45322,0.21197,0.33007,0.18182,0.11221,0.03153,1.87946,1.6232,1.79701,2.3402,0,0.00048134,0.00048134,0.00048134
769,3440.62,1.10284,1.5602,0.84374,1.30993,0,0.48278,0.54545,0.46382,0.21899,0.36342,0.20455,0.12819,0.02722,1.86136,1.60667,1.77139,2.34239,0,0.00047936,0.00047936,0.00047936
770,3445.05,1.0168,1.53258,0.78858,1.25715,0,0.51957,0.43182,0.44664,0.22203,0.35419,0.18182,0.11665,0.02635,1.8736,1.59831,1.7566,2.35805,0,0.00047738,0.00047738,0.00047738
771,3449.32,1.08879,1.64367,0.81982,1.29071,0,0.50449,0.43182,0.4417,0.21187,0.32832,0.15909,0.10815,0.02438,1.90983,1.5966,1.79221,2.37764,0,0.0004754,0.0004754,0.0004754
772,3453.73,1.11503,1.64416,0.83103,1.28119,0,0.41766,0.52273,0.41061,0.20286,0.27098,0.18182,0.10823,0.02516,1.92293,1.6022,1.81833,2.3769,0,0.00047342,0.00047342,0.00047342
773,3458.24,1.10139,1.62841,0.85317,1.29447,0,0.4414,0.56818,0.46092,0.21291,0.30329,0.13636,0.08506,0.02343,1.94392,1.61338,1.8097,2.38462,0,0.00047144,0.00047144,0.00047144
774,3462.62,1.03727,1.62812,0.78331,1.26913,0,0.4414,0.56818,0.46092,0.21291,0.30329,0.13636,0.08506,0.02343,1.94392,1.61338,1.8097,2.38462,0,0.00046946,0.00046946,0.00046946
775,3467.15,1.06667,1.52768,0.80517,1.2822,0,0.55207,0.47727,0.4745,0.22554,0.40458,0.18182,0.12009,0.02789,1.94801,1.62593,1.73086,2.4046,0,0.00046748,0.00046748,0.00046748
776,3471.63,1.07672,1.54281,0.80856,1.28914,0,0.61096,0.47727,0.49933,0.22923,0.31178,0.22727,0.1275,0.02809,1.93659,1.64389,1.69665,2.41161,0,0.0004655,0.0004655,0.0004655
777,3476.2,1.04738,1.55077,0.78888,1.25769,0,0.55539,0.48274,0.48514,0.22704,0.298,0.26064,0.13837,0.02793,1.94352,1.65213,1.71564,2.42508,0,0.00046352,0.00046352,0.00046352
778,3480.48,1.12594,1.61175,0.83938,1.32296,0,0.58072,0.52273,0.50946,0.23083,0.30343,0.27273,0.13878,0.02877,1.91408,1.64578,1.77417,2.37511,0,0.00046154,0.00046154,0.00046154
779,3484.79,1.10518,1.61585,0.85,1.31096,0,0.58072,0.52273,0.50946,0.23083,0.30343,0.27273,0.13878,0.02877,1.91408,1.64578,1.77417,2.37511,0,0.00045956,0.00045956,0.00045956
780,3489.23,1.08724,1.62523,0.82588,1.2898,0,0.61078,0.5,0.50146,0.23987,0.35154,0.25,0.14514,0.03602,1.84558,1.62947,1.80389,2.28632,0,0.00045758,0.00045758,0.00045758
781,3493.66,1.04876,1.53367,0.77878,1.26161,0,0.55286,0.40909,0.48555,0.23524,0.31384,0.20455,0.13131,0.03141,1.78415,1.63803,1.79404,2.20372,0,0.0004556,0.0004556,0.0004556
782,3498.02,1.03881,1.56251,0.80579,1.25916,0,0.76026,0.31818,0.45864,0.22026,0.21618,0.22727,0.12037,0.0308,1.75088,1.64296,1.82545,2.17446,0,0.00045362,0.00045362,0.00045362
783,3502.6,1.07564,1.54646,0.80866,1.28239,0,0.32984,0.56818,0.42764,0.21262,0.21243,0.25,0.11234,0.03226,1.73128,1.64058,1.79623,2.15168,0,0.00045164,0.00045164,0.00045164
784,3507.09,1.01389,1.52159,0.76508,1.23652,0,0.32984,0.56818,0.42764,0.21262,0.21243,0.25,0.11234,0.03226,1.73128,1.64058,1.79623,2.15168,0,0.00044966,0.00044966,0.00044966
785,3511.35,1.10217,1.69025,0.84253,1.35138,0,0.46197,0.36364,0.39582,0.20046,0.26416,0.18182,0.09685,0.02933,1.78963,1.64648,1.8245,2.20363,0,0.00044768,0.00044768,0.00044768
786,3515.83,1.07835,1.54229,0.80283,1.26316,0,0.44185,0.47727,0.42912,0.20776,0.25138,0.27273,0.12082,0.03195,1.80642,1.63868,1.77438,2.21563,0,0.0004457,0.0004457,0.0004457
787,3520.3,1.07338,1.51329,0.82216,1.26981,0,0.37908,0.45455,0.42819,0.21441,0.40934,0.18182,0.14757,0.04065,1.79256,1.62972,1.73099,2.20586,0,0.00044372,0.00044372,0.00044372
788,3524.73,1.11529,1.62518,0.83108,1.31659,0,0.4383,0.47727,0.45262,0.23776,0.27265,0.27273,0.13149,0.03289,1.74946,1.63231,1.68621,2.15935,0,0.00044174,0.00044174,0.00044174
789,3529.22,1.09261,1.61192,0.81447,1.31801,0,0.37873,0.51272,0.42488,0.21805,0.21266,0.27273,0.13623,0.03608,1.7556,1.61234,1.75629,2.13831,0,0.00043976,0.00043976,0.00043976
790,3533.77,1.12964,1.58431,0.85139,1.31465,0,0.37873,0.51272,0.42488,0.21805,0.21266,0.27273,0.13623,0.03608,1.7556,1.61234,1.75629,2.13831,0,0.00043778,0.00043778,0.00043778
791,3538.17,1.0997,1.61341,0.85471,1.28928,0,0.53941,0.40909,0.47111,0.22146,0.18801,0.27273,0.09681,0.02293,1.80124,1.61209,1.80188,2.17755,0,0.0004358,0.0004358,0.0004358
792,3542.52,1.04315,1.52034,0.7905,1.31828,0,0.42894,0.47727,0.46402,0.22627,0.3017,0.15909,0.08761,0.02139,1.84837,1.64125,1.83622,2.21415,0,0.00043382,0.00043382,0.00043382
793,3547.02,1.0173,1.49606,0.77305,1.25015,0,0.41103,0.47727,0.45079,0.21687,0.23173,0.18182,0.09995,0.02718,1.88202,1.65062,1.79876,2.23727,0,0.00043184,0.00043184,0.00043184
794,3551.51,1.07037,1.60511,0.78796,1.27411,0,0.46347,0.52273,0.4569,0.2305,0.32056,0.20455,0.1154,0.03058,1.8979,1.63013,1.75368,2.2246,0,0.00042986,0.00042986,0.00042986
795,3555.88,1.03885,1.61626,0.78929,1.27958,0,0.46347,0.52273,0.4569,0.2305,0.32056,0.20455,0.1154,0.03058,1.8979,1.63013,1.75368,2.2246,0,0.00042788,0.00042788,0.00042788
796,3560.36,1.01834,1.47807,0.76455,1.26078,0,0.5103,0.49741,0.46211,0.23359,0.3139,0.20455,0.13552,0.03604,1.88998,1.61256,1.67255,2.19914,0,0.0004259,0.0004259,0.0004259
797,3564.83,1.09747,1.56447,0.8135,1.26649,0,0.47542,0.5,0.47634,0.23095,0.27819,0.29545,0.1856,0.04558,1.87651,1.58513,1.68498,2.18118,0,0.00042392,0.00042392,0.00042392
798,3569.36,1.11041,1.6944,0.84324,1.29703,0,0.53566,0.45455,0.51017,0.24881,0.45616,0.18182,0.18003,0.04651,1.88527,1.57042,1.72193,2.17768,0,0.00042194,0.00042194,0.00042194
799,3573.75,1.0628,1.61985,0.82361,1.28334,0,0.493,0.54545,0.51082,0.24129,0.25588,0.27273,0.15841,0.04354,1.86581,1.57666,1.70775,2.17545,0,0.00041996,0.00041996,0.00041996
800,3578.09,0.9959,1.45418,0.75395,1.23583,0,0.493,0.54545,0.51082,0.24129,0.25588,0.27273,0.15841,0.04354,1.86581,1.57666,1.70775,2.17545,0,0.00041798,0.00041798,0.00041798
801,3582.46,1.06042,1.5374,0.8084,1.29488,0,0.49747,0.47727,0.49036,0.22461,0.23689,0.22727,0.14054,0.04014,1.88513,1.59288,1.73755,2.21437,0,0.000416,0.000416,0.000416
802,3586.92,1.07866,1.54251,0.78609,1.25914,0,0.51699,0.45455,0.45497,0.21672,0.28539,0.20455,0.11969,0.02969,1.93588,1.63159,1.83153,2.33328,0,0.00041402,0.00041402,0.00041402
803,3591.46,1.07486,1.53828,0.78024,1.27762,0,0.54846,0.45455,0.47539,0.22695,0.25991,0.22727,0.10443,0.02616,1.90528,1.64678,1.87012,2.32628,0,0.00041204,0.00041204,0.00041204
804,3595.85,1.09518,1.5849,0.81578,1.26005,0,0.44306,0.54545,0.47831,0.23779,0.15203,0.25,0.08581,0.02101,1.84035,1.65498,1.88987,2.28362,0,0.00041006,0.00041006,0.00041006
805,3600.28,1.07507,1.56224,0.82398,1.2752,0,0.60644,0.42043,0.47821,0.235,0.31454,0.15909,0.09215,0.02031,1.76109,1.64344,1.89009,2.15494,0,0.00040808,0.00040808,0.00040808
806,3604.61,1.05782,1.54463,0.79757,1.2605,0,0.60644,0.42043,0.47821,0.235,0.31454,0.15909,0.09215,0.02031,1.76109,1.64344,1.89009,2.15494,0,0.0004061,0.0004061,0.0004061
807,3609.08,1.00255,1.49423,0.7608,1.23,0,0.45312,0.54545,0.51675,0.25536,0.26677,0.15909,0.09405,0.02162,1.76506,1.64621,1.84175,2.14597,0,0.00040412,0.00040412,0.00040412
808,3613.45,1.11996,1.67485,0.85476,1.34479,0,0.48926,0.54545,0.53247,0.24866,0.26484,0.15909,0.08772,0.02472,1.79502,1.64182,1.8447,2.16827,0,0.00040214,0.00040214,0.00040214
809,3617.78,1.09062,1.57724,0.82088,1.29151,0,0.47994,0.54545,0.50739,0.24173,0.18062,0.20455,0.0952,0.02547,1.81197,1.67345,1.82791,2.17566,0,0.00040016,0.00040016,0.00040016
810,3622.31,0.98702,1.49777,0.74836,1.21927,0,0.51259,0.45455,0.4854,0.24027,0.25353,0.18182,0.09172,0.02431,1.81143,1.68579,1.76591,2.18459,0,0.00039818,0.00039818,0.00039818
811,3626.69,1.13689,1.62769,0.8421,1.29938,0,0.51259,0.45455,0.4854,0.24027,0.25353,0.18182,0.09172,0.02431,1.81143,1.68579,1.76591,2.18459,0,0.0003962,0.0003962,0.0003962
812,3631.06,1.06895,1.57399,0.81047,1.26848,0,0.47401,0.57354,0.50808,0.24557,0.27832,0.18182,0.09286,0.0194,1.85998,1.70963,1.70611,2.25196,0,0.00039422,0.00039422,0.00039422
813,3635.4,1.05971,1.55339,0.85481,1.29442,0,0.50297,0.54545,0.47836,0.23049,0.35629,0.20455,0.1219,0.02255,1.88213,1.71367,1.6695,2.31919,0,0.00039224,0.00039224,0.00039224
814,3639.82,1.02352,1.52118,0.75725,1.25113,0,0.48688,0.52273,0.46243,0.21672,0.45174,0.22482,0.13712,0.02464,1.86693,1.72841,1.64799,2.31797,0,0.00039026,0.00039026,0.00039026
815,3644.16,1.01205,1.44664,0.78039,1.25473,0,0.45782,0.47727,0.44303,0.21107,0.42485,0.20455,0.12109,0.02479,1.85446,1.72025,1.65046,2.3093,0,0.00038828,0.00038828,0.00038828
816,3648.63,1.08593,1.61528,0.80429,1.3025,0,0.45782,0.47727,0.44303,0.21107,0.42485,0.20455,0.12109,0.02479,1.85446,1.72025,1.65046,2.3093,0,0.0003863,0.0003863,0.0003863
817,3653.39,1.05248,1.58229,0.79317,1.28512,0,0.48997,0.40909,0.44929,0.21225,0.27055,0.29545,0.13485,0.02824,1.85058,1.71314,1.65479,2.29965,0,0.00038432,0.00038432,0.00038432
818,3657.87,1.02666,1.49659,0.78489,1.23232,0,0.53062,0.4883,0.46336,0.22879,0.26463,0.25,0.1354,0.02795,1.85755,1.68269,1.64925,2.27542,0,0.00038234,0.00038234,0.00038234
819,3662.24,0.97808,1.48037,0.75562,1.1993,0,0.52635,0.47993,0.46548,0.22537,0.29399,0.22714,0.11457,0.02588,1.87817,1.67037,1.65457,2.27841,0,0.00038036,0.00038036,0.00038036
820,3666.66,1.00132,1.50679,0.7905,1.24143,0,0.54806,0.47727,0.47278,0.2198,0.20533,0.25,0.09347,0.02438,1.8958,1.67806,1.68822,2.28987,0,0.00037838,0.00037838,0.00037838
821,3671.08,1.02537,1.57119,0.78842,1.24806,0,0.50095,0.47914,0.45173,0.20949,0.18749,0.27273,0.10272,0.03184,1.90384,1.67315,1.7545,2.27699,0,0.0003764,0.0003764,0.0003764
822,3675.48,1.05904,1.48351,0.78456,1.27123,0,0.50095,0.47914,0.45173,0.20949,0.18749,0.27273,0.10272,0.03184,1.90384,1.67315,1.7545,2.27699,0,0.00037442,0.00037442,0.00037442
823,3679.84,1.07046,1.57302,0.81733,1.30759,0,0.44199,0.5,0.45165,0.21617,0.21219,0.25,0.10917,0.03499,1.84589,1.65825,1.75172,2.23048,0,0.00037244,0.00037244,0.00037244
824,3684.38,1.10668,1.53755,0.82821,1.30327,0,0.49859,0.52273,0.47816,0.23606,0.24287,0.25525,0.1011,0.02598,1.77813,1.65081,1.71011,2.16896,0,0.00037046,0.00037046,0.00037046
825,3688.74,1.06657,1.53843,0.80689,1.27144,0,0.53461,0.5,0.50628,0.25822,0.20762,0.26212,0.10117,0.02492,1.77799,1.6548,1.76501,2.16635,0,0.00036848,0.00036848,0.00036848
826,3693.27,1.03933,1.53027,0.77623,1.2619,0,0.51067,0.52182,0.5124,0.26025,0.23424,0.22727,0.099,0.02523,1.79339,1.64666,1.79494,2.18144,0,0.0003665,0.0003665,0.0003665
827,3697.7,1.01603,1.48319,0.74728,1.22212,0,0.51067,0.52182,0.5124,0.26025,0.23424,0.22727,0.099,0.02523,1.79339,1.64666,1.79494,2.18144,0,0.00036452,0.00036452,0.00036452
828,3702.15,1.02034,1.4925,0.77104,1.24508,0,0.49997,0.56818,0.52767,0.26585,0.20179,0.18182,0.08987,0.0202,1.79908,1.62467,1.79285,2.18257,0,0.00036254,0.00036254,0.00036254
829,3706.64,0.9779,1.47703,0.756,1.20977,0,0.49933,0.61364,0.52132,0.26616,0.25521,0.18182,0.10373,0.02043,1.83829,1.60992,1.74097,2.23011,0,0.00036056,0.00036056,0.00036056
830,3711.35,1.03995,1.57016,0.75397,1.25517,0,0.54598,0.6014,0.53806,0.27043,0.30161,0.18182,0.10652,0.01945,1.86053,1.60991,1.65805,2.25456,0,0.00035858,0.00035858,0.00035858
831,3715.76,1.03613,1.49836,0.77252,1.23955,0,0.50689,0.59091,0.51828,0.25176,0.25689,0.18182,0.0852,0.01634,1.85345,1.61307,1.60921,2.2671,0,0.0003566,0.0003566,0.0003566
832,3720.22,0.94783,1.43085,0.72921,1.20985,0,0.50689,0.59091,0.51828,0.25176,0.25689,0.18182,0.0852,0.01634,1.85345,1.61307,1.60921,2.2671,0,0.00035462,0.00035462,0.00035462
833,3724.63,1.03647,1.48023,0.79712,1.26028,0,0.64073,0.45455,0.51519,0.25001,0.34461,0.20455,0.1127,0.01958,1.85727,1.6396,1.63793,2.28221,0,0.00035264,0.00035264,0.00035264
834,3729.01,1.04078,1.54884,0.78562,1.25714,0,0.52048,0.56818,0.51414,0.24046,0.34076,0.18182,0.12818,0.0336,1.83289,1.65498,1.66015,2.26244,0,0.00035066,0.00035066,0.00035066
835,3733.38,1.01823,1.49598,0.73743,1.26258,0,0.65315,0.45455,0.49777,0.24074,0.32705,0.22727,0.14078,0.03524,1.80771,1.67466,1.69046,2.23377,0,0.00034868,0.00034868,0.00034868
836,3737.79,1.01963,1.49925,0.75595,1.23856,0,0.59591,0.45455,0.51666,0.24953,0.30131,0.22727,0.14599,0.03616,1.77911,1.67854,1.67958,2.19173,0,0.0003467,0.0003467,0.0003467
837,3742.39,1.03848,1.53848,0.78306,1.25333,0,0.61092,0.5,0.55159,0.26326,0.30628,0.20455,0.12652,0.03044,1.7997,1.69139,1.64117,2.20949,0,0.00034472,0.00034472,0.00034472
838,3746.92,1.07549,1.57897,0.82403,1.29335,0,0.61092,0.5,0.55159,0.26326,0.30628,0.20455,0.12652,0.03044,1.7997,1.69139,1.64117,2.20949,0,0.00034274,0.00034274,0.00034274
839,3751.34,1.00925,1.54752,0.76511,1.20033,0,0.57545,0.45455,0.5266,0.2582,0.37234,0.22727,0.15708,0.03481,1.81822,1.69454,1.61552,2.23065,0,0.00034076,0.00034076,0.00034076
840,3755.68,1.07662,1.63547,0.83439,1.26928,0,0.47044,0.52497,0.50372,0.23871,0.411,0.22727,0.14937,0.02623,1.8778,1.68277,1.62189,2.29987,0,0.00033878,0.00033878,0.00033878
841,3760,1.03973,1.58073,0.78749,1.26992,0,0.49361,0.56818,0.49206,0.23855,0.4525,0.25,0.17283,0.03004,1.91633,1.67182,1.60198,2.34261,0,0.0003368,0.0003368,0.0003368
842,3764.44,1.004,1.49153,0.74222,1.2186,0,0.51044,0.59091,0.50642,0.24571,0.39914,0.25,0.14938,0.02987,1.92927,1.65388,1.57856,2.34799,0,0.00033482,0.00033482,0.00033482
843,3768.75,1.03083,1.45532,0.79396,1.25381,0,0.51044,0.59091,0.50642,0.24571,0.39914,0.25,0.14938,0.02987,1.92927,1.65388,1.57856,2.34799,0,0.00033284,0.00033284,0.00033284
844,3773.24,0.98907,1.45438,0.73662,1.2404,0,0.50239,0.56818,0.51819,0.25467,0.44527,0.25,0.17533,0.03951,1.92943,1.66654,1.59841,2.33949,0,0.00033086,0.00033086,0.00033086
845,3777.68,1.01692,1.51612,0.78129,1.25696,0,0.54668,0.63636,0.5598,0.27222,0.43487,0.22727,0.15799,0.04118,1.90293,1.67135,1.60581,2.32229,0,0.00032888,0.00032888,0.00032888
846,3782.29,1.00282,1.49732,0.76638,1.20483,0,0.53596,0.61364,0.55723,0.27768,0.40005,0.19724,0.14086,0.04071,1.87806,1.68497,1.58927,2.30592,0,0.0003269,0.0003269,0.0003269
847,3786.86,1.05225,1.55586,0.76624,1.26018,0,0.50543,0.61364,0.5268,0.26233,0.34588,0.18182,0.12862,0.03545,1.83215,1.7062,1.60367,2.269,0,0.00032492,0.00032492,0.00032492
848,3791.22,1.06816,1.62913,0.80556,1.26098,0,0.50543,0.61364,0.5268,0.26233,0.34588,0.18182,0.12862,0.03545,1.83215,1.7062,1.60367,2.269,0,0.00032294,0.00032294,0.00032294
849,3795.66,1.04118,1.48604,0.79599,1.2436,0,0.50311,0.62141,0.53958,0.26154,0.24553,0.22727,0.12583,0.03284,1.80713,1.72811,1.61232,2.23931,0,0.00032096,0.00032096,0.00032096
850,3800.17,1.03014,1.47543,0.76725,1.25271,0,0.45489,0.63636,0.52387,0.23709,0.43961,0.15909,0.127,0.03241,1.79398,1.71439,1.69296,2.20645,0,0.00031898,0.00031898,0.00031898
851,3804.72,1.01253,1.46832,0.73355,1.23042,0,0.47419,0.59091,0.5121,0.23707,0.46723,0.18182,0.14545,0.03821,1.78008,1.70952,1.73287,2.17397,0,0.000317,0.000317,0.000317
852,3809.2,1.04527,1.51407,0.76512,1.24108,0,0.4764,0.54545,0.47721,0.22128,0.31295,0.18182,0.13437,0.0329,1.78895,1.72005,1.84279,2.17601,0,0.00031502,0.00031502,0.00031502
853,3813.62,1.01114,1.55417,0.75924,1.25434,0,0.45017,0.59091,0.45201,0.21159,0.27648,0.20455,0.12272,0.03101,1.80385,1.71789,1.85936,2.16923,0,0.00031304,0.00031304,0.00031304
854,3818.04,1.06899,1.64527,0.79331,1.2774,0,0.45017,0.59091,0.45201,0.21159,0.27648,0.20455,0.12272,0.03101,1.80385,1.71789,1.85936,2.16923,0,0.00031106,0.00031106,0.00031106
855,3822.38,0.93824,1.42162,0.73238,1.22561,0,0.43729,0.52273,0.43062,0.20852,0.32293,0.18182,0.11743,0.03085,1.82636,1.74164,1.89726,2.1941,0,0.00030908,0.00030908,0.00030908
856,3826.81,1.03536,1.46138,0.82236,1.25723,0,0.44174,0.47727,0.42308,0.19644,0.25587,0.18769,0.10264,0.02824,1.8385,1.75053,1.89307,2.24066,0,0.0003071,0.0003071,0.0003071
857,3831.6,1.00868,1.54975,0.75145,1.2389,0,0.42386,0.54545,0.44188,0.21318,0.29884,0.18182,0.10437,0.02947,1.83291,1.72512,1.8527,2.26454,0,0.00030512,0.00030512,0.00030512
858,3836,0.97886,1.46382,0.76196,1.25254,0,0.45456,0.5,0.45077,0.22128,0.22615,0.25,0.11385,0.03114,1.81469,1.70215,1.88194,2.25998,0,0.00030314,0.00030314,0.00030314
859,3840.29,0.98758,1.51609,0.77933,1.23318,0,0.45456,0.5,0.45077,0.22128,0.22615,0.25,0.11385,0.03114,1.81469,1.70215,1.88194,2.25998,0,0.00030116,0.00030116,0.00030116
860,3844.74,1.03507,1.54511,0.76154,1.25875,0,0.5059,0.48881,0.46799,0.22664,0.25754,0.29545,0.12662,0.0355,1.81206,1.69157,1.78578,2.25275,0,0.00029918,0.00029918,0.00029918
861,3849.22,1.08114,1.59916,0.8211,1.28924,0,0.54059,0.53499,0.48701,0.24095,0.28572,0.29545,0.12975,0.03684,1.78774,1.68351,1.74487,2.21874,0,0.0002972,0.0002972,0.0002972
862,3853.56,0.95688,1.436,0.69996,1.21222,0,0.59281,0.54545,0.51177,0.24509,0.28432,0.27273,0.13315,0.03794,1.79114,1.66405,1.72299,2.20363,0,0.00029522,0.00029522,0.00029522
863,3857.93,1.00847,1.52597,0.74178,1.22092,0,0.58199,0.53805,0.54451,0.26398,0.27226,0.25,0.1357,0.04123,1.78016,1.66051,1.70782,2.18902,0,0.00029324,0.00029324,0.00029324
864,3862.44,0.96672,1.41227,0.72003,1.19601,0,0.58199,0.53805,0.54451,0.26398,0.27226,0.25,0.1357,0.04123,1.78016,1.66051,1.70782,2.18902,0,0.00029126,0.00029126,0.00029126
865,3866.83,1.06619,1.50298,0.80377,1.28869,0,0.55413,0.5,0.54571,0.27015,0.28579,0.27273,0.13223,0.04091,1.75468,1.66618,1.6518,2.17945,0,0.00028928,0.00028928,0.00028928
866,3871.24,1.01842,1.53875,0.75214,1.24149,0,0.46786,0.61364,0.55172,0.26941,0.26498,0.27273,0.13026,0.0335,1.76546,1.68516,1.66977,2.18399,0,0.0002873,0.0002873,0.0002873
867,3875.77,1.01472,1.60701,0.75056,1.24032,0,0.4888,0.59091,0.52994,0.26147,0.25752,0.27273,0.13236,0.03558,1.76859,1.70945,1.71968,2.18126,0,0.00028532,0.00028532,0.00028532
868,3880.13,1.0254,1.48776,0.75504,1.24094,0,0.47817,0.59091,0.53274,0.26351,0.24819,0.27273,0.14252,0.04027,1.76771,1.70128,1.7369,2.18977,0,0.00028334,0.00028334,0.00028334
869,3884.5,0.99578,1.47656,0.75041,1.23221,0,0.45376,0.59091,0.52148,0.25074,0.31903,0.25,0.15501,0.03485,1.77522,1.70844,1.79569,2.20502,0,0.00028136,0.00028136,0.00028136
870,3888.92,0.99883,1.48583,0.74016,1.23594,0,0.45376,0.59091,0.52148,0.25074,0.31903,0.25,0.15501,0.03485,1.77522,1.70844,1.79569,2.20502,0,0.00027938,0.00027938,0.00027938
871,3893.42,1.00161,1.41674,0.74336,1.23882,0,0.42657,0.59174,0.49392,0.23537,0.29647,0.25,0.14605,0.0345,1.77345,1.68145,1.80979,2.20295,0,0.0002774,0.0002774,0.0002774
872,3897.83,1.05835,1.57,0.80215,1.23831,0,0.42414,0.59091,0.48298,0.22318,0.31283,0.22727,0.12927,0.02912,1.79655,1.66439,1.85272,2.22701,0,0.00027542,0.00027542,0.00027542
873,3902.24,1.06248,1.49346,0.8223,1.27024,0,0.42244,0.56818,0.44404,0.20496,0.34306,0.22556,0.12184,0.03005,1.83774,1.66286,1.84753,2.26592,0,0.00027344,0.00027344,0.00027344
874,3906.67,1.0029,1.49625,0.7299,1.21626,0,0.47854,0.54234,0.44228,0.21,0.33764,0.22727,0.12253,0.0285,1.86435,1.66586,1.79889,2.29483,0,0.00027146,0.00027146,0.00027146
875,3911.05,0.98279,1.44865,0.73947,1.22449,0,0.47854,0.54234,0.44228,0.21,0.33764,0.22727,0.12253,0.0285,1.86435,1.66586,1.79889,2.29483,0,0.00026948,0.00026948,0.00026948
876,3915.57,0.9919,1.58424,0.75724,1.21498,0,0.44506,0.54684,0.43609,0.20834,0.30312,0.20455,0.10255,0.02805,1.88582,1.67071,1.79269,2.32798,0,0.0002675,0.0002675,0.0002675
877,3919.91,0.98865,1.43463,0.75178,1.21602,0,0.4379,0.52273,0.44598,0.21767,0.30075,0.20455,0.1144,0.03498,1.88812,1.6677,1.79311,2.3357,0,0.00026552,0.00026552,0.00026552
878,3924.48,0.99715,1.44387,0.73554,1.23156,0,0.46049,0.54321,0.45609,0.22592,0.3152,0.20455,0.11508,0.03549,1.88557,1.64288,1.75881,2.32701,0,0.00026354,0.00026354,0.00026354
879,3928.94,1.02544,1.53943,0.7696,1.24599,0,0.4746,0.59091,0.47502,0.23498,0.29531,0.20455,0.12364,0.0368,1.8486,1.62805,1.76294,2.29349,0,0.00026156,0.00026156,0.00026156
880,3933.36,1.05343,1.51849,0.76954,1.25844,0,0.4746,0.59091,0.47502,0.23498,0.29531,0.20455,0.12364,0.0368,1.8486,1.62805,1.76294,2.29349,0,0.00025958,0.00025958,0.00025958
881,3937.71,0.98635,1.47377,0.7709,1.22738,0,0.45978,0.61364,0.48281,0.24543,0.33356,0.22727,0.13662,0.03836,1.8212,1.61968,1.77415,2.26943,0,0.0002576,0.0002576,0.0002576
882,3942.18,1.0216,1.53896,0.76514,1.23302,0,0.42985,0.56818,0.45748,0.24265,0.31886,0.20455,0.1375,0.03643,1.79042,1.61026,1.74424,2.25901,0,0.00025562,0.00025562,0.00025562
883,3946.54,0.99378,1.42912,0.72131,1.2336,0,0.52989,0.52273,0.47128,0.24316,0.25998,0.25,0.13842,0.0362,1.78262,1.61088,1.72455,2.26499,0,0.00025364,0.00025364,0.00025364
884,3951.06,1.04249,1.51621,0.75445,1.25452,0,0.51993,0.52273,0.45493,0.23054,0.22427,0.29545,0.12913,0.03512,1.79162,1.62612,1.78693,2.28553,0,0.00025166,0.00025166,0.00025166
885,3955.53,0.98739,1.41419,0.75408,1.24488,0,0.501,0.5,0.41725,0.21704,0.26297,0.25,0.11088,0.03339,1.79764,1.638,1.82678,2.29717,0,0.00024968,0.00024968,0.00024968
886,3959.87,0.98267,1.44945,0.72396,1.24097,0,0.501,0.5,0.41725,0.21704,0.26297,0.25,0.11088,0.03339,1.79764,1.638,1.82678,2.29717,0,0.0002477,0.0002477,0.0002477
887,3964.35,1.01974,1.42859,0.74911,1.21633,0,0.47791,0.5,0.42128,0.21838,0.25673,0.22727,0.11524,0.02967,1.81568,1.63905,1.86818,2.30052,0,0.00024572,0.00024572,0.00024572
888,3968.78,0.95742,1.45131,0.71955,1.21346,0,0.48931,0.5,0.44189,0.2137,0.2758,0.22727,0.11533,0.03225,1.83436,1.65168,1.93824,2.31304,0,0.00024374,0.00024374,0.00024374
889,3973.27,1.00787,1.5341,0.74999,1.23593,0,0.54615,0.43182,0.44597,0.22858,0.27531,0.20455,0.11485,0.03279,1.82127,1.63524,1.92546,2.28955,0,0.00024176,0.00024176,0.00024176
890,3977.72,0.98399,1.47906,0.75114,1.21759,0,0.52893,0.40909,0.43509,0.23144,0.27055,0.18182,0.11328,0.03378,1.81028,1.62828,1.9106,2.27182,0,0.00023978,0.00023978,0.00023978
891,3982.26,1.01626,1.51898,0.78432,1.24416,0,0.52893,0.40909,0.43509,0.23144,0.27055,0.18182,0.11328,0.03378,1.81028,1.62828,1.9106,2.27182,0,0.0002378,0.0002378,0.0002378
892,3986.69,0.98093,1.50156,0.75624,1.25234,0,0.60261,0.40909,0.45546,0.24068,0.29163,0.18182,0.11452,0.03563,1.78974,1.62809,1.90815,2.25728,0,0.00023582,0.00023582,0.00023582
893,3991.12,1.02183,1.60104,0.77867,1.25437,0,0.60575,0.40909,0.44309,0.23086,0.28475,0.18182,0.11639,0.03544,1.79034,1.62874,1.85686,2.25016,0,0.00023384,0.00023384,0.00023384
894,3995.7,1.00527,1.50058,0.77394,1.24366,0,0.60273,0.40909,0.45977,0.24021,0.2926,0.18182,0.11486,0.03747,1.782,1.62302,1.86595,2.25155,0,0.00023186,0.00023186,0.00023186
895,4000.14,0.96631,1.42091,0.7071,1.22298,0,0.59318,0.43182,0.47688,0.23885,0.29415,0.18182,0.11809,0.03568,1.77341,1.61598,1.84127,2.2247,0,0.00022988,0.00022988,0.00022988
896,4004.52,0.99158,1.56534,0.74895,1.2378,0,0.59318,0.43182,0.47688,0.23885,0.29415,0.18182,0.11809,0.03568,1.77341,1.61598,1.84127,2.2247,0,0.0002279,0.0002279,0.0002279
897,4008.95,1.01028,1.46259,0.75646,1.27527,0,0.62237,0.40909,0.47562,0.24518,0.34305,0.16638,0.11873,0.03515,1.77559,1.60932,1.8348,2.2071,0,0.00022592,0.00022592,0.00022592
898,4013.49,0.97527,1.43358,0.72289,1.227,0,0.59335,0.40909,0.48322,0.25626,0.37661,0.20455,0.13595,0.0367,1.77683,1.60285,1.80982,2.19223,0,0.00022394,0.00022394,0.00022394
899,4017.87,1.00812,1.48436,0.76436,1.22232,0,0.50199,0.59091,0.48985,0.25626,0.36981,0.20455,0.14074,0.03654,1.77212,1.61111,1.75959,2.18249,0,0.00022196,0.00022196,0.00022196
900,4022.42,1.0239,1.5479,0.74465,1.26134,0,0.60219,0.43182,0.49144,0.25561,0.39341,0.20455,0.14162,0.03479,1.7711,1.61738,1.72587,2.17599,0,0.00021998,0.00021998,0.00021998
901,4026.76,1.04164,1.47515,0.74597,1.249,0,0.48156,0.52273,0.48051,0.24626,0.30476,0.29545,0.16961,0.03899,1.76706,1.62855,1.72271,2.1739,0,0.000218,0.000218,0.000218
902,4031.23,0.95112,1.39747,0.71162,1.18793,0,0.48156,0.52273,0.48051,0.24626,0.30476,0.29545,0.16961,0.03899,1.76706,1.62855,1.72271,2.1739,0,0.00021602,0.00021602,0.00021602
903,4035.67,0.99015,1.47431,0.73754,1.22111,0,0.56844,0.40909,0.4673,0.24196,0.25339,0.27273,0.16448,0.03932,1.75317,1.6511,1.73498,2.17779,0,0.00021404,0.00021404,0.00021404
904,4040.18,0.97454,1.46584,0.74359,1.22485,0,0.57538,0.38636,0.45614,0.23545,0.30059,0.20455,0.13274,0.03619,1.74173,1.66253,1.79556,2.16084,0,0.00021206,0.00021206,0.00021206
905,4044.76,1.00514,1.53585,0.75622,1.26354,0,0.42278,0.54545,0.45224,0.23209,0.29418,0.20455,0.12302,0.03467,1.74931,1.66371,1.84952,2.16032,0,0.00021008,0.00021008,0.00021008
906,4049.13,0.98809,1.48021,0.71359,1.22366,0,0.38743,0.54545,0.46488,0.23875,0.29387,0.20455,0.11566,0.02812,1.75969,1.66636,1.86042,2.16736,0,0.0002081,0.0002081,0.0002081
907,4053.48,1.10939,1.53855,0.799,1.30024,0,0.38743,0.54545,0.46488,0.23875,0.29387,0.20455,0.11566,0.02812,1.75969,1.66636,1.86042,2.16736,0,0.00020612,0.00020612,0.00020612
908,4057.81,0.99243,1.46877,0.73393,1.23807,0,0.52696,0.47727,0.47341,0.23963,0.31127,0.22727,0.13008,0.02975,1.75839,1.66153,1.85013,2.16831,0,0.00020414,0.00020414,0.00020414
909,4062.18,1.02041,1.49217,0.75142,1.24035,0,0.51895,0.47727,0.48154,0.2469,0.32394,0.23976,0.14821,0.03609,1.75818,1.65324,1.79008,2.15835,0,0.00020216,0.00020216,0.00020216
910,4066.57,0.99948,1.48141,0.74721,1.23802,0,0.53064,0.45455,0.46473,0.23276,0.3357,0.25,0.1477,0.03404,1.75703,1.65859,1.76477,2.15132,0,0.00020018,0.00020018,0.00020018
911,4071.09,1.13188,1.57219,0.87807,1.29664,0,0.42844,0.57933,0.46936,0.23321,0.34116,0.25,0.15178,0.03616,1.76375,1.66157,1.73501,2.15285,0,0.0001982,0.0001982,0.0001982
912,4075.53,0.96683,1.47391,0.75746,1.20571,0,0.42844,0.57933,0.46936,0.23321,0.34116,0.25,0.15178,0.03616,1.76375,1.66157,1.73501,2.15285,0,0.00019622,0.00019622,0.00019622
913,4079.96,1.01834,1.51273,0.77093,1.24121,0,0.45772,0.56818,0.48249,0.24551,0.31729,0.25,0.15349,0.03353,1.7679,1.66489,1.74841,2.15101,0,0.00019424,0.00019424,0.00019424
914,4084.45,0.95452,1.44826,0.69993,1.21089,0,0.46533,0.56818,0.47809,0.2376,0.26492,0.22727,0.13985,0.03072,1.773,1.66104,1.77986,2.15948,0,0.00019226,0.00019226,0.00019226
915,4088.99,1.01058,1.50046,0.77306,1.26639,0,0.43715,0.56818,0.47351,0.23121,0.26163,0.25,0.13774,0.02887,1.78449,1.66266,1.80356,2.16155,0,0.00019028,0.00019028,0.00019028
916,4093.36,0.95946,1.41511,0.73597,1.21643,0,0.42488,0.59091,0.47451,0.2306,0.21287,0.25,0.11942,0.02728,1.79216,1.65793,1.79749,2.17521,0,0.0001883,0.0001883,0.0001883
917,4097.85,1.0455,1.51383,0.77452,1.29529,0,0.42723,0.59091,0.49223,0.23652,0.26712,0.27273,0.15185,0.03207,1.79621,1.6549,1.7866,2.17859,0,0.00018632,0.00018632,0.00018632
918,4102.44,0.97963,1.49153,0.71719,1.23225,0,0.42723,0.59091,0.49223,0.23652,0.26712,0.27273,0.15185,0.03207,1.79621,1.6549,1.7866,2.17859,0,0.00018434,0.00018434,0.00018434
919,4106.71,1.03422,1.47216,0.76324,1.25011,0,0.44588,0.54869,0.49608,0.24339,0.23177,0.27273,0.13575,0.03517,1.77585,1.64785,1.77967,2.16521,0,0.00018236,0.00018236,0.00018236
920,4111.12,1.01335,1.54103,0.75213,1.23631,0,0.44909,0.56818,0.48561,0.23793,0.34388,0.22727,0.14837,0.02844,1.78888,1.64745,1.77016,2.18027,0,0.00018038,0.00018038,0.00018038
921,4115.57,0.93863,1.43422,0.70619,1.21171,0,0.46025,0.56818,0.47531,0.23453,0.36063,0.18182,0.13776,0.0262,1.8114,1.65596,1.75333,2.20039,0,0.0001784,0.0001784,0.0001784
922,4119.99,0.95089,1.39897,0.73112,1.20053,0,0.51691,0.59091,0.48504,0.23198,0.39441,0.18182,0.13949,0.02806,1.82478,1.6606,1.74698,2.20708,0,0.00017642,0.00017642,0.00017642
923,4124.35,1.01651,1.53591,0.76336,1.25954,0,0.51691,0.59091,0.48504,0.23198,0.39441,0.18182,0.13949,0.02806,1.82478,1.6606,1.74698,2.20708,0,0.00017444,0.00017444,0.00017444
924,4128.83,0.98367,1.45707,0.74588,1.22071,0,0.50952,0.52273,0.4768,0.2422,0.27232,0.27273,0.14936,0.02876,1.81084,1.66816,1.71741,2.18283,0,0.00017246,0.00017246,0.00017246
925,4133.43,0.97754,1.48967,0.71239,1.21503,0,0.54008,0.5,0.48425,0.25077,0.23595,0.22727,0.1252,0.03333,1.80337,1.67915,1.70197,2.16487,0,0.00017048,0.00017048,0.00017048
926,4137.74,1.01831,1.54245,0.77564,1.24208,0,0.58279,0.5,0.48992,0.24912,0.42172,0.15909,0.1146,0.03085,1.78965,1.66651,1.66689,2.14364,0,0.0001685,0.0001685,0.0001685
927,4142.05,0.94438,1.4819,0.71939,1.20072,0,0.58679,0.54873,0.51986,0.2445,0.35371,0.15909,0.1076,0.02965,1.79079,1.66191,1.65003,2.14026,0,0.00016652,0.00016652,0.00016652
928,4146.47,0.99055,1.54367,0.75543,1.22777,0,0.58679,0.54873,0.51986,0.2445,0.35371,0.15909,0.1076,0.02965,1.79079,1.66191,1.65003,2.14026,0,0.00016454,0.00016454,0.00016454
929,4150.85,1.04899,1.55743,0.79652,1.25081,0,0.57436,0.56818,0.53407,0.25299,0.36008,0.13636,0.1103,0.02962,1.76962,1.64894,1.64273,2.11575,0,0.00016256,0.00016256,0.00016256
930,4155.24,1.01211,1.52445,0.77257,1.26316,0,0.5631,0.54545,0.51586,0.25088,0.39488,0.13636,0.09736,0.0219,1.74963,1.63932,1.6329,2.12088,0,0.00016058,0.00016058,0.00016058
931,4159.67,0.93883,1.41595,0.73365,1.21145,0,0.54875,0.52516,0.51005,0.24693,0.23137,0.22727,0.10697,0.02304,1.75057,1.64292,1.63999,2.13159,0,0.0001586,0.0001586,0.0001586
932,4164.27,1.03001,1.55249,0.78248,1.25265,0,0.54904,0.52273,0.49806,0.24216,0.28255,0.14343,0.08899,0.02091,1.75436,1.64619,1.65519,2.13438,0,0.00015662,0.00015662,0.00015662
933,4168.76,0.96084,1.41734,0.71934,1.19686,0,0.46785,0.52273,0.49014,0.23793,0.35377,0.15909,0.11547,0.02193,1.77056,1.65287,1.66768,2.15439,0,0.00015464,0.00015464,0.00015464
934,4173.19,0.98506,1.45473,0.74536,1.2292,0,0.46785,0.52273,0.49014,0.23793,0.35377,0.15909,0.11547,0.02193,1.77056,1.65287,1.66768,2.15439,0,0.00015266,0.00015266,0.00015266
935,4177.63,0.96513,1.50669,0.74177,1.26071,0,0.47184,0.5,0.47881,0.24536,0.37837,0.18182,0.13223,0.0312,1.77392,1.66657,1.71619,2.16911,0,0.00015068,0.00015068,0.00015068
936,4182.02,1.01309,1.48145,0.76732,1.24895,0,0.47475,0.49312,0.4717,0.24331,0.3886,0.18182,0.13079,0.03317,1.77769,1.67099,1.7347,2.17665,0,0.0001487,0.0001487,0.0001487
937,4186.42,0.98144,1.5046,0.74276,1.20498,0,0.50997,0.5,0.47642,0.2395,0.38189,0.18182,0.12888,0.03261,1.78341,1.66368,1.70255,2.18901,0,0.00014672,0.00014672,0.00014672
938,4190.86,0.97158,1.41712,0.75602,1.22512,0,0.54037,0.47727,0.48718,0.24598,0.25856,0.22727,0.13906,0.03366,1.78665,1.65261,1.67698,2.18119,0,0.00014474,0.00014474,0.00014474
939,4195.25,0.9248,1.42752,0.70507,1.18528,0,0.54037,0.47727,0.48718,0.24598,0.25856,0.22727,0.13906,0.03366,1.78665,1.65261,1.67698,2.18119,0,0.00014276,0.00014276,0.00014276
940,4199.63,1.0547,1.55202,0.77083,1.25646,0,0.55138,0.47727,0.47845,0.24901,0.33074,0.25,0.15228,0.03707,1.78393,1.63886,1.64958,2.16923,0,0.00014078,0.00014078,0.00014078
941,4204.08,1.02061,1.53741,0.77789,1.23941,0,0.54627,0.52273,0.48019,0.24841,0.30933,0.22727,0.14186,0.03611,1.78171,1.63939,1.63662,2.16232,0,0.0001388,0.0001388,0.0001388
942,4208.65,1.0031,1.51774,0.74708,1.25575,0,0.5583,0.54545,0.49642,0.2456,0.3303,0.23557,0.12977,0.02948,1.79222,1.6503,1.65875,2.16665,0,0.00013682,0.00013682,0.00013682
943,4213.08,0.97822,1.48928,0.73557,1.21722,0,0.54902,0.52273,0.47607,0.24134,0.29954,0.25,0.12933,0.02961,1.7925,1.66075,1.68944,2.16949,0,0.00013484,0.00013484,0.00013484
944,4217.46,0.96642,1.46296,0.70535,1.18449,0,0.54902,0.52273,0.47607,0.24134,0.29954,0.25,0.12933,0.02961,1.7925,1.66075,1.68944,2.16949,0,0.00013286,0.00013286,0.00013286
945,4222.06,1.00352,1.42836,0.72733,1.20881,0,0.5945,0.53326,0.48881,0.2382,0.32665,0.25,0.12727,0.03072,1.8022,1.67517,1.70958,2.19308,0,0.00013088,0.00013088,0.00013088
946,4226.34,0.96175,1.4211,0.73421,1.18502,0,0.57646,0.54545,0.4889,0.23959,0.26222,0.25,0.12495,0.02876,1.80508,1.67035,1.70699,2.20063,0,0.0001289,0.0001289,0.0001289
947,4230.77,0.99387,1.45822,0.73529,1.23976,0,0.55954,0.47727,0.47792,0.23969,0.2243,0.22727,0.1123,0.03411,1.80131,1.67053,1.68337,2.1905,0,0.00012692,0.00012692,0.00012692
948,4235.12,0.94108,1.4319,0.69825,1.2012,0,0.56904,0.48021,0.477,0.24226,0.28707,0.18182,0.11216,0.03326,1.7933,1.66914,1.6807,2.1902,0,0.00012494,0.00012494,0.00012494
949,4239.56,1.00063,1.39579,0.73599,1.23643,0,0.62039,0.52273,0.4879,0.24438,0.33549,0.18182,0.11437,0.03352,1.78657,1.65282,1.70063,2.19135,0,0.00012296,0.00012296,0.00012296
950,4243.94,0.96717,1.42875,0.74552,1.21143,0,0.62039,0.52273,0.4879,0.24438,0.33549,0.18182,0.11437,0.03352,1.78657,1.65282,1.70063,2.19135,0,0.00012098,0.00012098,0.00012098
951,4247.87,0.87804,1.23083,0.7411,1.20969,0,0.58768,0.48605,0.49337,0.25155,0.38145,0.20455,0.13581,0.03053,1.76228,1.65664,1.67427,2.17024,0,0.000119,0.000119,0.000119
952,4251.71,0.90526,1.26831,0.75407,1.24741,0,0.51737,0.52273,0.5239,0.25669,0.35351,0.20455,0.14814,0.03379,1.76003,1.6754,1.6491,2.17274,0,0.00011702,0.00011702,0.00011702
953,4255.63,0.92,1.27735,0.74901,1.24195,0,0.51504,0.53113,0.54361,0.25849,0.35466,0.20455,0.14441,0.0312,1.75651,1.69201,1.64699,2.16905,0,0.00011504,0.00011504,0.00011504
954,4259.41,0.89535,1.26481,0.71947,1.24534,0,0.54618,0.59091,0.5486,0.26802,0.22354,0.22727,0.1394,0.02661,1.76441,1.70574,1.61945,2.17842,0,0.00011306,0.00011306,0.00011306
955,4263.27,0.93464,1.2629,0.72814,1.26401,0,0.54618,0.59091,0.5486,0.26802,0.22354,0.22727,0.1394,0.02661,1.76441,1.70574,1.61945,2.17842,0,0.00011108,0.00011108,0.00011108
956,4267.03,0.89382,1.23421,0.68712,1.21504,0,0.64033,0.60704,0.58652,0.27874,0.23051,0.22727,0.13529,0.02871,1.77699,1.70804,1.56808,2.18541,0,0.0001091,0.0001091,0.0001091
957,4270.83,0.9715,1.27523,0.73804,1.27136,0,0.66304,0.63636,0.62286,0.27845,0.20137,0.29545,0.13706,0.03129,1.78661,1.71367,1.55061,2.18961,0,0.00010712,0.00010712,0.00010712
958,4274.67,0.93929,1.31004,0.71023,1.24799,0,0.60773,0.56347,0.58084,0.28091,0.20085,0.27273,0.13777,0.03169,1.79612,1.7218,1.53855,2.19245,0,0.00010514,0.00010514,0.00010514
959,4278.5,0.85056,1.18298,0.66773,1.1949,0,0.6842,0.54545,0.57463,0.28118,0.23554,0.31818,0.15615,0.03187,1.81069,1.73739,1.52841,2.21408,0,0.00010316,0.00010316,0.00010316
960,4282.37,0.91781,1.23435,0.69501,1.2481,0,0.6842,0.54545,0.57463,0.28118,0.23554,0.31818,0.15615,0.03187,1.81069,1.73739,1.52841,2.21408,0,0.00010118,0.00010118,0.00010118
961,4286.2,0.84583,1.17277,0.68045,1.22375,0,0.66311,0.56818,0.58154,0.28202,0.30479,0.27273,0.14692,0.02736,1.80802,1.73723,1.54666,2.21423,0,9.92e-05,9.92e-05,9.92e-05
962,4290.12,0.86685,1.2387,0.68158,1.20525,0,0.68042,0.61364,0.58976,0.27696,0.30606,0.27273,0.1397,0.0258,1.80778,1.75369,1.54811,2.21277,0,9.722e-05,9.722e-05,9.722e-05
963,4294.07,0.85389,1.18365,0.65047,1.22004,0,0.6682,0.63636,0.58584,0.27167,0.31744,0.25,0.12819,0.02481,1.79784,1.76347,1.54845,2.21141,0,9.524e-05,9.524e-05,9.524e-05
964,4297.78,0.94883,1.2533,0.72966,1.26909,0,0.65133,0.63685,0.58717,0.27403,0.29877,0.22727,0.11115,0.02307,1.796,1.77017,1.51379,2.19633,0,9.326e-05,9.326e-05,9.326e-05
965,4301.56,0.84887,1.22039,0.64148,1.18058,0,0.6567,0.65223,0.58393,0.27325,0.32689,0.25,0.12592,0.02541,1.78756,1.78598,1.52824,2.20373,0,9.128e-05,9.128e-05,9.128e-05
966,4305.44,0.88876,1.25336,0.67305,1.23989,0,0.6567,0.65223,0.58393,0.27325,0.32689,0.25,0.12592,0.02541,1.78756,1.78598,1.52824,2.20373,0,8.93e-05,8.93e-05,8.93e-05
967,4309.3,0.89187,1.2281,0.6713,1.24158,0,0.65394,0.65909,0.58286,0.27532,0.31575,0.25,0.12529,0.02561,1.77645,1.78493,1.52513,2.19216,0,8.732e-05,8.732e-05,8.732e-05
968,4313.2,0.83651,1.15082,0.64253,1.19183,0,0.66446,0.65909,0.59134,0.28136,0.34491,0.27273,0.13952,0.02717,1.77137,1.77337,1.52129,2.18477,0,8.534e-05,8.534e-05,8.534e-05
969,4317.07,0.84688,1.19044,0.6652,1.1934,0,0.67092,0.64884,0.59504,0.28993,0.34966,0.27273,0.14925,0.02821,1.76127,1.77093,1.49411,2.17638,0,8.336e-05,8.336e-05,8.336e-05
970,4320.85,0.84998,1.16134,0.66453,1.2134,0,0.72826,0.61364,0.60233,0.2944,0.35915,0.28036,0.15966,0.02896,1.74798,1.75968,1.47025,2.16655,0,8.138e-05,8.138e-05,8.138e-05
971,4324.7,0.95125,1.31838,0.71141,1.30529,0,0.72826,0.61364,0.60233,0.2944,0.35915,0.28036,0.15966,0.02896,1.74798,1.75968,1.47025,2.16655,0,7.94e-05,7.94e-05,7.94e-05
972,4328.59,0.88785,1.2386,0.67521,1.25592,0,0.71803,0.61364,0.59595,0.29472,0.37112,0.29507,0.15958,0.03011,1.73834,1.75764,1.45959,2.15591,0,7.742e-05,7.742e-05,7.742e-05
973,4332.48,0.87458,1.2719,0.67573,1.24532,0,0.72337,0.56818,0.58308,0.29169,0.33495,0.27273,0.16213,0.03122,1.7306,1.75109,1.45212,2.13096,0,7.544e-05,7.544e-05,7.544e-05
974,4336.36,0.8578,1.18463,0.66087,1.19611,0,0.71352,0.54545,0.5668,0.28414,0.31536,0.27273,0.15978,0.02939,1.7306,1.76054,1.47399,2.12236,0,7.346e-05,7.346e-05,7.346e-05
975,4340.14,0.84662,1.19377,0.64918,1.17015,0,0.69226,0.54545,0.55496,0.27316,0.33554,0.25,0.15863,0.03029,1.73465,1.75513,1.46619,2.12209,0,7.148e-05,7.148e-05,7.148e-05
976,4344.04,0.90211,1.23898,0.69566,1.2341,0,0.69226,0.54545,0.55496,0.27316,0.33554,0.25,0.15863,0.03029,1.73465,1.75513,1.46619,2.12209,0,6.95e-05,6.95e-05,6.95e-05
977,4347.89,0.86788,1.25489,0.6774,1.21649,0,0.66125,0.54545,0.56094,0.27288,0.32967,0.25,0.1495,0.02936,1.72684,1.75863,1.44545,2.12428,0,6.752e-05,6.752e-05,6.752e-05
978,4351.7,0.78869,1.19834,0.62907,1.135,0,0.6304,0.54545,0.55296,0.27047,0.42722,0.20455,0.15973,0.03039,1.72744,1.75675,1.46817,2.11939,0,6.554e-05,6.554e-05,6.554e-05
979,4355.51,0.86676,1.19645,0.67622,1.21062,0,0.61875,0.54545,0.54307,0.26053,0.4349,0.20455,0.15838,0.03119,1.73026,1.75841,1.48115,2.11524,0,6.356e-05,6.356e-05,6.356e-05
980,4359.37,0.84602,1.21132,0.65434,1.1991,0,0.58084,0.52273,0.53773,0.25188,0.45669,0.20455,0.1473,0.03077,1.714,1.7645,1.48968,2.10935,0,6.158e-05,6.158e-05,6.158e-05
981,4363.17,0.87322,1.2253,0.69909,1.24828,0,0.59454,0.56818,0.54569,0.2544,0.4639,0.20455,0.14831,0.03069,1.70344,1.75285,1.48999,2.10685,0,5.96e-05,5.96e-05,5.96e-05
982,4367.2,0.85697,1.19681,0.64121,1.17427,0,0.59454,0.56818,0.54569,0.2544,0.4639,0.20455,0.14831,0.03069,1.70344,1.75285,1.48999,2.10685,0,5.762e-05,5.762e-05,5.762e-05
983,4371.41,0.87147,1.2504,0.70574,1.24681,0,0.5942,0.5658,0.54808,0.2568,0.46817,0.20455,0.14783,0.02888,1.70198,1.74538,1.48232,2.10221,0,5.564e-05,5.564e-05,5.564e-05
984,4375.37,0.88743,1.2788,0.66775,1.23886,0,0.5923,0.56141,0.54912,0.26238,0.47904,0.20455,0.1479,0.02821,1.70713,1.74003,1.47755,2.1073,0,5.366e-05,5.366e-05,5.366e-05
985,4379.18,0.87606,1.18865,0.65514,1.20233,0,0.59489,0.53413,0.55389,0.26592,0.47411,0.20455,0.15061,0.02905,1.71587,1.73965,1.45173,2.10482,0,5.168e-05,5.168e-05,5.168e-05
986,4383,0.85577,1.23333,0.66111,1.23307,0,0.64553,0.49675,0.55975,0.26907,0.33871,0.25,0.15073,0.029,1.71933,1.73394,1.46668,2.11505,0,4.97e-05,4.97e-05,4.97e-05
987,4386.8,0.85549,1.20927,0.66499,1.2137,0,0.64553,0.49675,0.55975,0.26907,0.33871,0.25,0.15073,0.029,1.71933,1.73394,1.46668,2.11505,0,4.772e-05,4.772e-05,4.772e-05
988,4390.55,0.8855,1.19261,0.67472,1.22947,0,0.63545,0.5,0.55956,0.26959,0.33591,0.25,0.14956,0.02934,1.72587,1.74074,1.47703,2.11612,0,4.574e-05,4.574e-05,4.574e-05
989,4394.42,0.87995,1.20711,0.67943,1.20774,0,0.63218,0.52273,0.55459,0.2657,0.33847,0.25,0.14951,0.02761,1.72664,1.75126,1.48204,2.12007,0,4.376e-05,4.376e-05,4.376e-05
990,4398.2,0.90784,1.25629,0.69081,1.23726,0,0.65248,0.52273,0.55697,0.26656,0.32681,0.25,0.14391,0.02613,1.73161,1.75031,1.47543,2.12917,0,4.178e-05,4.178e-05,4.178e-05
991,4402.12,0.82284,1.18547,0.65234,1.19137,0,0.64748,0.52273,0.5622,0.26911,0.32592,0.25,0.14621,0.02625,1.73768,1.75909,1.47179,2.13582,0,3.98e-05,3.98e-05,3.98e-05
992,4405.9,0.85775,1.17943,0.64141,1.1822,0,0.64748,0.52273,0.5622,0.26911,0.32592,0.25,0.14621,0.02625,1.73768,1.75909,1.47179,2.13582,0,3.782e-05,3.782e-05,3.782e-05
993,4409.75,0.86133,1.22932,0.67067,1.22719,0,0.64107,0.52273,0.56436,0.26964,0.34329,0.25,0.1515,0.02798,1.74068,1.75568,1.45534,2.13933,0,3.584e-05,3.584e-05,3.584e-05
994,4413.74,0.87418,1.24319,0.66202,1.20741,0,0.64581,0.53885,0.56626,0.27181,0.34828,0.25,0.14228,0.02887,1.76127,1.7616,1.47545,2.16079,0,3.386e-05,3.386e-05,3.386e-05
995,4417.55,0.82503,1.16042,0.64767,1.18568,0,0.65473,0.56818,0.56264,0.26731,0.33456,0.25,0.14335,0.02886,1.763,1.75205,1.46166,2.16344,0,3.188e-05,3.188e-05,3.188e-05
996,4421.35,0.85745,1.19275,0.6466,1.20456,0,0.64038,0.56818,0.56594,0.26652,0.32679,0.25,0.14945,0.0296,1.77308,1.74488,1.47802,2.16682,0,2.99e-05,2.99e-05,2.99e-05
997,4425.12,0.82008,1.15898,0.6694,1.22013,0,0.62811,0.56818,0.56026,0.26488,0.44175,0.20455,0.14848,0.0294,1.76853,1.74259,1.47175,2.15922,0,2.792e-05,2.792e-05,2.792e-05
998,4428.9,0.84687,1.20495,0.62527,1.20015,0,0.62811,0.56818,0.56026,0.26488,0.44175,0.20455,0.14848,0.0294,1.76853,1.74259,1.47175,2.15922,0,2.594e-05,2.594e-05,2.594e-05
999,4432.8,0.85257,1.23444,0.67431,1.22908,0,0.62869,0.56818,0.5599,0.26448,0.43168,0.20455,0.14704,0.02929,1.76951,1.74144,1.4772,2.16328,0,2.396e-05,2.396e-05,2.396e-05
1000,4436.67,0.8321,1.23553,0.65996,1.21624,0,0.62673,0.56818,0.55396,0.26402,0.4275,0.20455,0.14645,0.03029,1.76694,1.74004,1.48587,2.1619,0,2.198e-05,2.198e-05,2.198e-05
