epoch,time,train/box_loss,train/seg_loss,train/cls_loss,train/dfl_loss,train/sem_loss,metrics/precision(B),metrics/recall(B),metrics/mAP50(B),metrics/mAP50-95(B),metrics/precision(M),metrics/recall(M),metrics/mAP50(M),metrics/mAP50-95(M),val/box_loss,val/seg_loss,val/cls_loss,val/dfl_loss,val/sem_loss,lr/pg0,lr/pg1,lr/pg2
1,27.915,2.46428,5.2044,3.31415,2.38732,0,0.30507,0.09091,0.09122,0.03914,0.01698,0.02273,0.00049,5e-05,2.69146,5.88885,4.63036,2.7753,0,0.000615385,0.000615385,0.000615385
2,31.9642,2.47263,4.97093,3.28721,2.38812,0,0.35351,0.09091,0.08897,0.03278,0.02177,0.02273,0.00064,0.00013,2.81071,4.99641,4.45355,2.85916,0,0.00128078,0.00128078,0.00128078
3,35.9696,2.52042,5.05516,3.24537,2.41703,0,0.53054,0.09091,0.08379,0.01874,0.02152,0.02273,0.00064,0.00019,2.8509,4.39258,4.39685,2.88396,0,0.00194486,0.00194486,0.00194486
4,40.1521,2.54206,5.08489,3.33154,2.441,0,0.22214,0.06818,0.04483,0.01182,0.02532,0.02273,0.00094,0.00018,2.82492,4.10442,4.17218,2.92783,0,0.00199406,0.00199406,0.00199406
5,44.087,2.40791,5.31101,3.27293,2.37595,0,0.00715,0.04545,0.00265,0.00034,0,0,0,0,4.29599,12.6102,33.8658,6.07686,0,0.00199208,0.00199208,0.00199208
6,48.6023,3.33209,4.98098,14.0691,2.95844,0,0.00715,0.04545,0.00265,0.00034,0,0,0,0,4.29599,12.6102,33.8658,6.07686,0,0.0019901,0.0019901,0.0019901
7,53.0192,3.36796,3.9348,9.6082,3.11761,0,0.00103,0.06818,0.00011,2e-05,0,0,0,0,nan,nan,nan,nan,0,0.00198812,0.00198812,0.00198812
8,57.0467,3.31648,4.35844,5.79425,3.18228,0,0,0,0,0,0,0,0,0,nan,nan,nan,nan,0,0.00198614,0.00198614,0.00198614
9,61.1375,3.24262,4.36237,3.58746,3.13787,0,0,0,0,0,0,0,0,0,nan,nan,nan,nan,0,0.00198416,0.00198416,0.00198416
10,65.2592,2.9905,4.07233,3.21857,2.99586,0,0,0,0,0,0,0,0,0,nan,nan,nan,nan,0,0.00198218,0.00198218,0.00198218
11,69.3313,3.15631,3.52932,3.8641,3.06767,0,0,0,0,0,0,0,0,0,nan,nan,nan,nan,0,0.0019802,0.0019802,0.0019802
12,73.6697,3.10789,3.52419,3.52139,3.05525,0,0,0,0,0,0,0,0,0,nan,nan,nan,nan,0,0.00197822,0.00197822,0.00197822
13,77.8244,2.95827,3.2133,3.07157,2.97024,0,0,0,0,0,0,0,0,0,nan,nan,nan,nan,0,0.00197624,0.00197624,0.00197624
14,82.1506,3.03913,3.1692,2.96303,3.01536,0,0,0,0,0,0,0,0,0,nan,nan,nan,nan,0,0.00197426,0.00197426,0.00197426
15,86.4154,3.01651,3.36246,2.86068,2.98534,0,0,0,0,0,0,0,0,0,2.4822,200.842,123.084,1.71901,0,0.00197228,0.00197228,0.00197228
16,90.569,2.84048,3.10807,2.92133,2.93672,0,0,0,0,0,0,0,0,0,2.4822,200.842,123.084,1.71901,0,0.0019703,0.0019703,0.0019703
17,94.8771,2.85197,3.01319,2.73596,2.89224,0,0,0,0,0,0,0,0,0,5.3548,282.957,176.833,55.2097,0,0.00196832,0.00196832,0.00196832
18,99.1541,2.77887,2.86114,2.71161,2.8995,0,0,0,0,0,0,0,0,0,5.36998,616.726,363.011,27.355,0,0.00196634,0.00196634,0.00196634
19,103.701,2.81187,2.95753,2.66337,2.86308,0,0.00195,0.04545,9e-05,4e-05,0,0,0,0,5.52252,149.713,222.238,31.3966,0,0.00196436,0.00196436,0.00196436
20,108.229,2.84529,2.95267,2.67715,2.87811,0,0,0,0,0,0,0,0,0,5.67772,118.452,681.324,29.8387,0,0.00196238,0.00196238,0.00196238
21,112.709,2.75642,2.7106,2.61359,2.87967,0,0,0,0,0,0,0,0,0,5.88158,49.221,288.254,16.2755,0,0.0019604,0.0019604,0.0019604
22,117.021,2.702,2.62135,2.53608,2.81972,0,0,0,0,0,0,0,0,0,5.88158,49.221,288.254,16.2755,0,0.00195842,0.00195842,0.00195842
23,121.38,2.75393,2.66199,2.57909,2.82086,0,0,0,0,0,0,0,0,0,5.74076,140.838,4646.18,15.6122,0,0.00195644,0.00195644,0.00195644
24,125.786,2.68403,2.76911,2.56076,2.73325,0,0,0,0,0,0,0,0,0,5.69144,309.065,7294.88,13.8854,0,0.00195446,0.00195446,0.00195446
25,130.14,2.76494,2.78013,2.6181,2.78466,0,0,0,0,0,0,0,0,0,4.81204,10.3606,3990.93,5.98371,0,0.00195248,0.00195248,0.00195248
26,134.503,2.65306,2.66314,2.54655,2.74296,0,0.00061,0.04545,3e-05,0,0,0,0,0,3.82969,3.107,1111.8,4.27537,0,0.0019505,0.0019505,0.0019505
27,138.924,2.57302,2.58363,2.53454,2.68461,0,0.00061,0.04545,3e-05,0,0,0,0,0,3.82969,3.107,1111.8,4.27537,0,0.00194852,0.00194852,0.00194852
28,143.451,2.60407,2.63819,2.49459,2.72573,0,0.00243,0.18182,0.00048,0.00011,0,0,0,0,3.6697,2.84988,368.442,4.16129,0,0.00194654,0.00194654,0.00194654
29,147.799,2.64447,2.59854,2.55407,2.73039,0,0.00855,0.34091,0.00442,0.00091,0,0,0,0,3.36623,2.85562,59.6952,3.93186,0,0.00194456,0.00194456,0.00194456
30,152.207,2.53805,2.44802,2.52237,2.66471,0,0.01819,0.36364,0.01242,0.00308,0,0,0,0,3.22838,2.42344,4.49443,3.57959,0,0.00194258,0.00194258,0.00194258
31,156.602,2.51213,2.64965,2.5629,2.66096,0,0.03135,0.56818,0.03002,0.00712,0,0,0,0,3.03793,2.15848,2.9568,3.27974,0,0.0019406,0.0019406,0.0019406
32,161.016,2.4549,2.59764,2.54401,2.64803,0,0.03135,0.56818,0.03002,0.00712,0,0,0,0,3.03793,2.15848,2.9568,3.27974,0,0.00193862,0.00193862,0.00193862
33,165.423,2.45093,2.64454,2.55396,2.62277,0,0.01769,0.5,0.01488,0.00298,0,0,0,0,3.36649,2.66362,3.0796,3.63411,0,0.00193664,0.00193664,0.00193664
34,169.892,2.48089,2.54398,2.50156,2.61962,0,0.03525,0.15909,0.01575,0.00344,0,0,0,0,3.38094,2.53867,2.93751,3.53543,0,0.00193466,0.00193466,0.00193466
35,174.373,2.50211,2.67451,2.47974,2.60798,0,0.01655,0.15909,0.00869,0.00203,0,0,0,0,3.29276,2.99509,3.64069,3.45277,0,0.00193268,0.00193268,0.00193268
36,178.998,2.59457,2.59052,2.47983,2.65891,0,0.09093,0.36364,0.09922,0.02352,0.00031,0.02273,3e-05,1e-05,2.98937,2.76232,2.91776,3.21901,0,0.0019307,0.0019307,0.0019307
37,183.522,2.47231,2.41053,2.47548,2.62598,0,0.07685,0.31818,0.0882,0.02756,0.00031,0.02273,4e-05,0,2.87392,2.36288,2.87772,3.06538,0,0.00192872,0.00192872,0.00192872
38,188.144,2.44673,2.50994,2.47347,2.61945,0,0.07685,0.31818,0.0882,0.02756,0.00031,0.02273,4e-05,0,2.87392,2.36288,2.87772,3.06538,0,0.00192674,0.00192674,0.00192674
39,192.746,2.42813,2.37487,2.47177,2.59837,0,0.23837,0.15909,0.12707,0.02772,0.00061,0.04545,0.00012,2e-05,3.0677,2.01878,2.89606,3.33077,0,0.00192476,0.00192476,0.00192476
40,197.497,2.46659,2.46759,2.49663,2.64172,0,0.16726,0.15909,0.14533,0.05346,0,0,0,0,2.73774,1.97656,2.82125,3.0107,0,0.00192278,0.00192278,0.00192278
41,202.749,2.45976,2.54115,2.52785,2.65354,0,0.11659,0.18182,0.12245,0.04496,0.00031,0.02273,1e-05,0,2.74249,2.04108,2.97406,3.04592,0,0.0019208,0.0019208,0.0019208
42,209.029,2.40515,2.49652,2.64948,2.63431,0,0.033,0.18182,0.04636,0.01134,0.00061,0.04545,4e-05,1e-05,2.90724,2.043,3.32803,3.18229,0,0.00191882,0.00191882,0.00191882
43,215.018,2.40237,2.48791,2.45115,2.64076,0,0.033,0.18182,0.04636,0.01134,0.00061,0.04545,4e-05,1e-05,2.90724,2.043,3.32803,3.18229,0,0.00191684,0.00191684,0.00191684
44,221.179,2.42194,2.41907,2.37964,2.56391,0,0.06289,0.06818,0.03903,0.01032,0.00061,0.04545,4e-05,1e-05,2.84587,2.17505,3.36874,3.08419,0,0.00191486,0.00191486,0.00191486
45,227.214,2.47468,2.44516,2.5247,2.60763,0,0.07322,0.06818,0.06927,0.02256,0.00062,0.04545,5e-05,1e-05,2.65074,2.03808,2.95324,2.84397,0,0.00191288,0.00191288,0.00191288
46,233.105,2.3813,2.51738,2.50699,2.55173,0,0.06519,0.09091,0.07263,0.02749,0.00121,0.09091,0.00015,2e-05,2.56933,1.91682,2.8257,2.83822,0,0.0019109,0.0019109,0.0019109
47,238.875,2.3411,2.45187,2.41649,2.52258,0,0.03717,0.06818,0.04156,0.01222,0.00152,0.11364,0.00021,2e-05,2.69544,1.86664,2.88758,2.85874,0,0.00190892,0.00190892,0.00190892
48,245.038,2.37962,2.4392,2.40121,2.54841,0,0.03717,0.06818,0.04156,0.01222,0.00152,0.11364,0.00021,2e-05,2.69544,1.86664,2.88758,2.85874,0,0.00190694,0.00190694,0.00190694
49,250.115,2.404,2.446,2.38347,2.5293,0,0.02561,0.56818,0.02945,0.00777,0.00133,0.09091,0.0002,4e-05,2.73183,1.82998,3.09818,2.82772,0,0.00190496,0.00190496,0.00190496
50,255.267,2.34975,2.40618,2.40321,2.54789,0,0.03325,0.34091,0.02516,0.00612,0.00315,0.09091,0.00069,0.0001,2.68914,1.79717,3.34398,2.80749,0,0.00190298,0.00190298,0.00190298
51,259.949,2.32839,2.49959,2.48069,2.54308,0,0.03706,0.20455,0.02759,0.00568,0.00139,0.09091,0.00065,7e-05,2.74078,1.84271,3.34118,2.88967,0,0.001901,0.001901,0.001901
52,264.808,2.38688,2.48711,2.4109,2.49583,0,0.03862,0.29545,0.03589,0.00858,0.00298,0.11364,0.00104,0.00014,2.82355,1.81172,3.2257,2.94767,0,0.00189902,0.00189902,0.00189902
53,270.047,2.26939,2.37136,2.37272,2.44791,0,0.10021,0.38636,0.09222,0.02598,0.00183,0.13636,0.00069,9e-05,2.75313,1.82298,2.71176,2.92853,0,0.00189704,0.00189704,0.00189704
54,274.669,2.31596,2.41343,2.41507,2.48727,0,0.10021,0.38636,0.09222,0.02598,0.00183,0.13636,0.00069,9e-05,2.75313,1.82298,2.71176,2.92853,0,0.00189506,0.00189506,0.00189506
55,279.301,2.33723,2.42454,2.36633,2.47548,0,0.22146,0.18182,0.14567,0.03031,0.00137,0.09091,0.00043,6e-05,2.939,1.97015,2.64856,3.14611,0,0.00189308,0.00189308,0.00189308
56,283.981,2.31715,2.43204,2.34463,2.46526,0,0.1455,0.06818,0.06001,0.01731,0.00117,0.06818,0.00012,1e-05,3.08924,2.09033,2.9042,3.26021,0,0.0018911,0.0018911,0.0018911
57,288.749,2.29147,2.28249,2.32871,2.47019,0,0.19344,0.09091,0.07899,0.02535,0.002,0.13636,0.00108,0.00018,2.80912,1.86944,2.72014,2.94805,0,0.00188912,0.00188912,0.00188912
58,293.533,2.21965,2.38654,2.35072,2.41569,0,0.29422,0.22727,0.16584,0.04175,0.00234,0.13636,0.00146,0.00019,2.74853,1.79602,2.71106,2.89749,0,0.00188714,0.00188714,0.00188714
59,298.148,2.24728,2.49328,2.37929,2.44485,0,0.29422,0.22727,0.16584,0.04175,0.00234,0.13636,0.00146,0.00019,2.74853,1.79602,2.71106,2.89749,0,0.00188516,0.00188516,0.00188516
60,302.797,2.2842,2.43161,2.32967,2.46943,0,0.15749,0.11364,0.09414,0.02562,0.00179,0.11364,0.0005,7e-05,2.54349,1.8212,2.90321,2.79038,0,0.00188318,0.00188318,0.00188318
61,307.347,2.21287,2.26655,2.3841,2.38931,0,0.15164,0.25,0.15922,0.05286,0.00102,0.06818,0.00021,2e-05,2.61073,1.91199,2.82098,2.78347,0,0.0018812,0.0018812,0.0018812
62,312.037,2.22141,2.35434,2.26922,2.36885,0,0.06125,0.06818,0.08368,0.02703,0,0,0,0,2.60863,2.02737,2.67278,2.79252,0,0.00187922,0.00187922,0.00187922
63,316.577,2.20848,2.32302,2.29992,2.40897,0,0.19286,0.09091,0.09138,0.0305,0.00061,0.04545,6e-05,1e-05,2.49124,1.92576,2.64204,2.69063,0,0.00187724,0.00187724,0.00187724
64,321.206,2.25966,2.22552,2.22429,2.40025,0,0.19286,0.09091,0.09138,0.0305,0.00061,0.04545,6e-05,1e-05,2.49124,1.92576,2.64204,2.69063,0,0.00187526,0.00187526,0.00187526
65,325.792,2.26415,2.45943,2.38312,2.42892,0,0.10898,0.11364,0.09706,0.03201,0.00159,0.11364,0.00093,0.00014,2.54701,1.77454,2.64528,2.72331,0,0.00187328,0.00187328,0.00187328
66,330.477,2.14676,2.41437,2.27115,2.33389,0,0.16915,0.22727,0.1554,0.04945,0.00215,0.15909,0.00091,0.00013,2.48885,1.76725,2.75114,2.66416,0,0.0018713,0.0018713,0.0018713
67,334.977,2.20322,2.40583,2.29873,2.33536,0,0.13539,0.18182,0.09059,0.03477,0.00212,0.15909,0.00072,0.00011,2.35268,1.77277,3.07815,2.5968,0,0.00186932,0.00186932,0.00186932
68,339.731,2.19508,2.25657,2.24072,2.30264,0,0.12012,0.34091,0.10958,0.03085,0.00182,0.13636,0.00047,6e-05,2.36096,1.83071,3.06219,2.58382,0,0.00186734,0.00186734,0.00186734
69,344.377,2.17507,2.26316,2.28333,2.33254,0,0.08813,0.52273,0.11171,0.02734,0.00172,0.11364,0.00039,5e-05,2.44721,1.91255,3.14667,2.70527,0,0.00186536,0.00186536,0.00186536
70,348.828,2.22669,2.33942,2.35494,2.39435,0,0.08813,0.52273,0.11171,0.02734,0.00172,0.11364,0.00039,5e-05,2.44721,1.91255,3.14667,2.70527,0,0.00186338,0.00186338,0.00186338
71,353.316,2.15544,2.31463,2.29222,2.33539,0,0.06971,0.34091,0.06189,0.01639,0.00061,0.04545,9e-05,1e-05,2.70554,1.93932,3.09903,2.82826,0,0.0018614,0.0018614,0.0018614
72,357.929,2.13928,2.28578,2.23672,2.34004,0,0.11858,0.18182,0.13274,0.04138,0.00154,0.04545,0.00029,3e-05,2.50619,1.88384,2.92538,2.7104,0,0.00185942,0.00185942,0.00185942
73,362.558,2.18177,2.22202,2.23912,2.34624,0,0.31872,0.1916,0.20969,0.08129,0.00125,0.09091,0.00019,2e-05,2.52141,1.84274,2.8115,2.69901,0,0.00185744,0.00185744,0.00185744
74,367.224,2.18197,2.38707,2.19223,2.30337,0,0.32592,0.22727,0.25156,0.09869,0.00333,0.06818,0.0004,4e-05,2.48657,1.83938,2.6234,2.66383,0,0.00185546,0.00185546,0.00185546
75,371.84,2.1392,2.53587,2.24456,2.29017,0,0.32592,0.22727,0.25156,0.09869,0.00333,0.06818,0.0004,4e-05,2.48657,1.83938,2.6234,2.66383,0,0.00185348,0.00185348,0.00185348
76,376.402,2.16751,2.41605,2.22404,2.35549,0,0.19056,0.27273,0.18186,0.05967,0.00288,0.13636,0.00099,0.00012,2.58104,1.79012,2.55807,2.73769,0,0.0018515,0.0018515,0.0018515
77,380.989,2.07983,2.34731,2.23248,2.27211,0,0.14467,0.25,0.11146,0.03288,0.01836,0.15909,0.00382,0.00057,2.725,1.72581,2.50575,2.82672,0,0.00184952,0.00184952,0.00184952
78,385.774,2.12756,2.31535,2.19932,2.29119,0,0.18046,0.15909,0.12531,0.02065,0.00973,0.02273,0.00218,0.00041,2.76951,1.7572,2.69597,2.87927,0,0.00184754,0.00184754,0.00184754
79,390.516,2.10614,2.28507,2.14651,2.28734,0,0.08172,0.20455,0.04498,0.00975,0.02122,0.02273,0.00472,0.0005,2.80412,1.81605,3.08532,2.91484,0,0.00184556,0.00184556,0.00184556
80,395.27,2.2087,2.32549,2.24715,2.40102,0,0.08172,0.20455,0.04498,0.00975,0.02122,0.02273,0.00472,0.0005,2.80412,1.81605,3.08532,2.91484,0,0.00184358,0.00184358,0.00184358
81,400.026,2.14036,2.35712,2.24397,2.33061,0,0.06786,0.22727,0.04628,0.01195,0.00299,0.11364,0.00078,9e-05,2.66595,1.81721,3.03955,2.84454,0,0.0018416,0.0018416,0.0018416
82,405.03,2.12884,2.27135,2.24206,2.34089,0,0.0822,0.22727,0.06573,0.0159,0.00518,0.09091,0.00125,0.0002,2.4502,1.81513,2.93802,2.66405,0,0.00183962,0.00183962,0.00183962
83,409.977,2.08147,2.30593,2.23506,2.30526,0,0.05719,0.11364,0.0517,0.01295,0.00222,0.13636,0.00108,0.00015,2.51601,1.962,3.22749,2.68667,0,0.00183764,0.00183764,0.00183764
84,414.889,2.07147,2.27291,2.19209,2.2748,0,0.11923,0.04545,0.05288,0.01322,0.00459,0.09091,0.00093,0.00016,2.69957,2.00362,3.30236,2.85459,0,0.00183566,0.00183566,0.00183566
85,419.925,2.06122,2.23287,2.12751,2.21219,0,0.38402,0.09091,0.09205,0.02431,0.0069,0.02273,0.00127,0.00023,2.47626,1.83674,3.02003,2.72011,0,0.00183368,0.00183368,0.00183368
86,424.779,2.08843,2.35051,2.23494,2.2763,0,0.38402,0.09091,0.09205,0.02431,0.0069,0.02273,0.00127,0.00023,2.47626,1.83674,3.02003,2.72011,0,0.0018317,0.0018317,0.0018317
87,429.729,2.06748,2.37485,2.25068,2.25069,0,0.16583,0.27273,0.10923,0.03881,0.00903,0.02273,0.00181,0.0003,2.55189,1.83321,2.7926,2.6959,0,0.00182972,0.00182972,0.00182972
88,434.698,2.09142,2.35344,2.15652,2.27951,0,0.14694,0.20455,0.10861,0.03538,0.01207,0.04545,0.00219,0.00035,2.56345,1.84904,2.6431,2.72248,0,0.00182774,0.00182774,0.00182774
89,439.464,2.10707,2.30544,2.10747,2.27357,0,0.14186,0.27273,0.12318,0.04396,0.00606,0.04545,0.00148,0.00027,2.40531,1.8171,2.67127,2.60157,0,0.00182576,0.00182576,0.00182576
90,444.206,2.09488,2.31381,2.12717,2.28299,0,0.12989,0.29545,0.09232,0.03636,0.0071,0.06818,0.00118,0.00019,2.26706,1.83528,2.98995,2.50555,0,0.00182378,0.00182378,0.00182378
91,448.948,2.05386,2.20083,2.12992,2.25334,0,0.12989,0.29545,0.09232,0.03636,0.0071,0.06818,0.00118,0.00019,2.26706,1.83528,2.98995,2.50555,0,0.0018218,0.0018218,0.0018218
92,453.642,2.03937,2.15558,2.06808,2.1957,0,0.10386,0.25,0.09111,0.02451,0.01104,0.04545,0.0013,0.00018,2.2474,1.87402,3.13366,2.5384,0,0.00181982,0.00181982,0.00181982
93,458.319,2.06253,2.25704,2.05001,2.24574,0,0.05519,0.25,0.05342,0.01257,0.00568,0.04545,0.00086,0.00013,2.34742,1.81884,3.59748,2.57331,0,0.00181784,0.00181784,0.00181784
94,463.096,2.01304,2.26946,2.10993,2.2059,0,0.07354,0.20455,0.06626,0.01701,0.00453,0.02273,0.00128,0.00027,2.30958,1.74604,3.32034,2.58717,0,0.00181586,0.00181586,0.00181586
95,467.725,1.90851,2.25965,2.09559,2.18672,0,0.13598,0.20455,0.13266,0.03643,0.00568,0.09091,0.00117,0.00018,2.25832,1.7212,2.73026,2.54138,0,0.00181388,0.00181388,0.00181388
96,472.473,2.05282,2.3359,2.16915,2.29357,0,0.13598,0.20455,0.13266,0.03643,0.00568,0.09091,0.00117,0.00018,2.25832,1.7212,2.73026,2.54138,0,0.0018119,0.0018119,0.0018119
97,477.151,2.01405,2.27571,2.09698,2.21487,0,0.17823,0.27273,0.1461,0.04807,0.00394,0.04545,0.00091,0.00011,2.38027,1.77839,2.63692,2.61512,0,0.00180992,0.00180992,0.00180992
98,482.017,1.96435,2.23232,2.06896,2.24349,0,0.20839,0.15909,0.14036,0.04159,0.01016,0.09091,0.00188,0.00021,2.56276,1.84824,2.70167,2.70983,0,0.00180794,0.00180794,0.00180794
99,486.947,2.10167,2.29555,2.0941,2.26003,0,0.25531,0.34091,0.17394,0.04878,0.00574,0.13636,0.00185,0.00026,2.40954,1.82198,2.66435,2.655,0,0.00180596,0.00180596,0.00180596
100,491.806,1.98488,2.32605,2.05624,2.17552,0,0.21352,0.15909,0.14203,0.03819,0.00997,0.09091,0.00148,0.00027,2.45715,1.75271,2.70973,2.68875,0,0.00180398,0.00180398,0.00180398
101,496.457,1.90508,2.17624,1.98991,2.13869,0,0.43741,0.11364,0.10089,0.0296,0.01486,0.06818,0.00328,0.00046,2.56343,1.74904,2.75988,2.72969,0,0.001802,0.001802,0.001802
102,501.305,1.9787,2.24437,2.0439,2.13136,0,0.43741,0.11364,0.10089,0.0296,0.01486,0.06818,0.00328,0.00046,2.56343,1.74904,2.75988,2.72969,0,0.00180002,0.00180002,0.00180002
103,506.129,2.00835,2.30017,2.02436,2.17011,0,0.25448,0.09091,0.10725,0.0301,0.03516,0.06818,0.00579,0.00105,2.4349,1.7534,2.81278,2.64683,0,0.00179804,0.00179804,0.00179804
104,510.879,1.98642,2.23978,1.957,2.11279,0,0.12475,0.22727,0.11112,0.03564,0.02529,0.06818,0.00709,0.00112,2.32462,1.79902,2.6573,2.53702,0,0.00179606,0.00179606,0.00179606
105,515.644,2.00292,2.27382,1.9617,2.14724,0,0.20443,0.20455,0.13392,0.0393,0.02513,0.09091,0.00432,0.00071,2.26099,1.8305,2.73003,2.46281,0,0.00179408,0.00179408,0.00179408
106,520.376,1.94921,2.27231,1.93812,2.13413,0,0.19467,0.20455,0.10925,0.04162,0.00905,0.06818,0.00217,0.00025,2.2525,1.83305,2.83139,2.4454,0,0.0017921,0.0017921,0.0017921
107,525.157,1.95138,2.24819,1.94661,2.13741,0,0.19467,0.20455,0.10925,0.04162,0.00905,0.06818,0.00217,0.00025,2.2525,1.83305,2.83139,2.4454,0,0.00179012,0.00179012,0.00179012
108,529.887,2.01385,2.26482,2.03126,2.15035,0,0.18927,0.20455,0.14387,0.05591,0.01403,0.06818,0.00255,0.0003,2.34489,1.74403,2.75417,2.51827,0,0.00178814,0.00178814,0.00178814
109,535.003,1.9496,2.29301,2.00283,2.16878,0,0.32721,0.29545,0.18445,0.0591,0.01168,0.04545,0.00172,0.00026,2.31068,1.68945,2.73194,2.52843,0,0.00178616,0.00178616,0.00178616
110,540.026,2.02111,2.15941,2.00297,2.20997,0,0.18216,0.25,0.16345,0.05152,0.0373,0.04545,0.0034,0.00055,2.29409,1.66991,2.60836,2.53109,0,0.00178418,0.00178418,0.00178418
111,544.919,2.01942,2.22752,1.97128,2.21299,0,0.17471,0.25,0.15382,0.04389,0.01789,0.06818,0.00387,0.00087,2.44222,1.73674,2.56322,2.66167,0,0.0017822,0.0017822,0.0017822
112,549.608,1.93188,2.23844,1.94502,2.1206,0,0.17471,0.25,0.15382,0.04389,0.01789,0.06818,0.00387,0.00087,2.44222,1.73674,2.56322,2.66167,0,0.00178022,0.00178022,0.00178022
113,554.422,1.91515,2.28526,2.00764,2.16134,0,0.18784,0.36364,0.18844,0.05358,0.09172,0.04545,0.01352,0.00254,2.37069,1.70906,2.50352,2.64528,0,0.00177824,0.00177824,0.00177824
114,559.158,1.87177,2.21785,1.89508,2.06036,0,0.1656,0.29545,0.1619,0.0477,0.04978,0.13636,0.01068,0.00281,2.21491,1.67059,2.49272,2.52288,0,0.00177626,0.00177626,0.00177626
115,563.998,1.93152,2.23085,1.91825,2.10066,0,0.19356,0.29545,0.14229,0.04403,0.05497,0.09091,0.00671,0.00143,2.36321,1.76561,2.51189,2.58795,0,0.00177428,0.00177428,0.00177428
116,568.832,1.91866,2.26009,1.9258,2.09861,0,0.12962,0.18182,0.10163,0.03311,0.05151,0.04545,0.00717,0.00158,2.36611,1.78217,2.56478,2.57708,0,0.0017723,0.0017723,0.0017723
117,574.394,1.92311,2.15498,1.86127,2.11134,0,0.12442,0.22727,0.13342,0.03875,0.03743,0.04545,0.00711,0.00105,2.36565,1.81238,2.60638,2.61154,0,0.00177032,0.00177032,0.00177032
118,580.14,1.92103,2.24326,1.93288,2.09459,0,0.12442,0.22727,0.13342,0.03875,0.03743,0.04545,0.00711,0.00105,2.36565,1.81238,2.60638,2.61154,0,0.00176834,0.00176834,0.00176834
119,585.598,1.88792,2.21973,1.9211,2.10186,0,0.14909,0.22727,0.1259,0.03723,0.02806,0.06818,0.00379,0.0008,2.3664,1.7833,2.63093,2.58938,0,0.00176636,0.00176636,0.00176636
120,591.214,1.82102,2.13385,1.90272,2.07925,0,0.12978,0.23394,0.14098,0.04208,0.03668,0.04545,0.005,0.00088,2.18968,1.75536,2.68034,2.45228,0,0.00176438,0.00176438,0.00176438
121,596.757,1.91324,2.14283,1.90687,2.12896,0,0.09103,0.25,0.11649,0.03763,0.01114,0.04545,0.0035,0.00061,2.20919,1.71851,2.75497,2.51096,0,0.0017624,0.0017624,0.0017624
122,602.269,1.9291,2.20084,1.92869,2.10093,0,0.11321,0.40909,0.14271,0.0438,0.01829,0.09091,0.00601,0.0009,2.25178,1.68573,2.53363,2.43717,0,0.00176042,0.00176042,0.00176042
123,607.802,1.979,2.2953,1.9398,2.12039,0,0.11321,0.40909,0.14271,0.0438,0.01829,0.09091,0.00601,0.0009,2.25178,1.68573,2.53363,2.43717,0,0.00175844,0.00175844,0.00175844
124,613.49,1.90342,2.21423,1.86238,2.05064,0,0.25677,0.29545,0.21447,0.06612,0.01826,0.09091,0.00456,0.00087,2.21398,1.64533,2.38465,2.39343,0,0.00175646,0.00175646,0.00175646
125,619.166,1.95257,2.1324,1.91858,2.1082,0,0.21988,0.27273,0.1965,0.06034,0.01731,0.13636,0.00426,0.00075,2.22092,1.66668,2.43787,2.4381,0,0.00175448,0.00175448,0.00175448
126,624.894,1.92569,2.23873,1.89215,2.08362,0,0.19239,0.34091,0.18185,0.0587,0.01573,0.06818,0.00355,0.00046,2.12702,1.70446,2.51382,2.40533,0,0.0017525,0.0017525,0.0017525
127,630.466,1.81657,2.05462,1.80038,2.02241,0,0.10309,0.29545,0.1024,0.0357,0.01063,0.13636,0.00275,0.00044,2.17425,1.71938,2.71871,2.4458,0,0.00175052,0.00175052,0.00175052
128,636.138,1.87829,2.08763,1.8934,2.06898,0,0.10309,0.29545,0.1024,0.0357,0.01063,0.13636,0.00275,0.00044,2.17425,1.71938,2.71871,2.4458,0,0.00174854,0.00174854,0.00174854
129,641.602,1.90381,2.27319,1.88512,2.07427,0,0.12886,0.29545,0.10634,0.03535,0.02421,0.09091,0.00503,0.00069,2.25308,1.74627,2.77905,2.51984,0,0.00174656,0.00174656,0.00174656
130,647.287,1.86789,2.17586,1.90464,2.08063,0,0.14882,0.25,0.1162,0.02986,0.02701,0.09091,0.00595,0.00086,2.31111,1.84623,2.64914,2.5597,0,0.00174458,0.00174458,0.00174458
131,652.758,1.87586,2.24247,1.91302,2.10273,0,0.14441,0.25,0.10887,0.03238,0.03988,0.04545,0.00973,0.00114,2.32812,1.94394,2.60196,2.5715,0,0.0017426,0.0017426,0.0017426
132,658.647,1.9423,2.23624,1.90164,2.12702,0,0.12989,0.29545,0.13258,0.04062,0.00481,0.09091,0.00091,0.00014,2.34318,1.90194,2.62111,2.54163,0,0.00174062,0.00174062,0.00174062
133,664.37,1.85121,2.20716,1.80265,1.99409,0,0.11934,0.45455,0.17143,0.05654,0.00418,0.11364,0.00103,0.00019,2.26712,1.77409,2.56929,2.46896,0,0.00173864,0.00173864,0.00173864
134,669.95,1.89106,2.25244,1.85914,2.0829,0,0.11934,0.45455,0.17143,0.05654,0.00418,0.11364,0.00103,0.00019,2.26712,1.77409,2.56929,2.46896,0,0.00173666,0.00173666,0.00173666
135,675.843,1.88219,2.29837,1.85774,2.00526,0,0.17318,0.40909,0.14513,0.04815,0.06006,0.02273,0.00549,0.00069,2.27739,1.70244,2.50202,2.40779,0,0.00173468,0.00173468,0.00173468
136,681.755,1.93887,2.26189,1.87424,2.09316,0,0.14037,0.40909,0.12434,0.04404,0.0546,0.02273,0.00443,0.00055,2.32463,1.71016,2.67353,2.39151,0,0.0017327,0.0017327,0.0017327
137,687.801,1.88958,2.19782,1.88475,2.06464,0,0.14568,0.43182,0.1827,0.05578,0.00463,0.04545,0.00103,0.00016,2.32459,1.71224,2.54507,2.42137,0,0.00173072,0.00173072,0.00173072
138,695.381,1.91383,2.20523,1.89385,2.10408,0,0.19925,0.43182,0.18328,0.06636,0.00188,0.13636,0.00057,7e-05,2.32663,1.75558,2.46139,2.51647,0,0.00172874,0.00172874,0.00172874
139,702.012,1.8464,2.07519,1.82406,2.04357,0,0.19925,0.43182,0.18328,0.06636,0.00188,0.13636,0.00057,7e-05,2.32663,1.75558,2.46139,2.51647,0,0.00172676,0.00172676,0.00172676
140,707.572,1.93537,2.26131,1.85762,2.06157,0,0.26995,0.29545,0.20843,0.0846,0.03704,0.02273,0.00388,0.00041,2.26219,1.82332,2.43735,2.55538,0,0.00172478,0.00172478,0.00172478
141,713.144,1.86448,2.1675,1.79725,2.03104,0,0.25172,0.40909,0.2185,0.07329,0.04746,0.02273,0.00464,0.00082,2.24032,1.7768,2.33496,2.52933,0,0.0017228,0.0017228,0.0017228
142,718.695,1.80401,2.17825,1.80466,1.99923,0,0.21144,0.29545,0.17707,0.05216,0.05066,0.02273,0.00987,0.00129,2.2229,1.69695,2.35546,2.41574,0,0.00172082,0.00172082,0.00172082
143,724.164,1.89703,2.17232,1.8367,2.05266,0,0.16986,0.29545,0.13301,0.03955,0.03398,0.11364,0.00941,0.00177,2.11157,1.65478,2.50355,2.3523,0,0.00171884,0.00171884,0.00171884
144,729.587,1.7902,2.21396,1.78082,1.9409,0,0.16986,0.29545,0.13301,0.03955,0.03398,0.11364,0.00941,0.00177,2.11157,1.65478,2.50355,2.3523,0,0.00171686,0.00171686,0.00171686
145,735.092,1.84924,2.21357,1.73917,1.98828,0,0.16814,0.20675,0.13373,0.044,0.03573,0.11364,0.00718,0.00172,2.11104,1.62447,2.47306,2.35213,0,0.00171488,0.00171488,0.00171488
146,740.625,1.84367,2.17132,1.76399,1.97868,0,0.169,0.31818,0.18869,0.06107,0.03274,0.11364,0.00696,0.00126,2.24319,1.62903,2.4551,2.45248,0,0.0017129,0.0017129,0.0017129
147,746.256,1.83216,2.0566,1.79712,2.01089,0,0.16814,0.35379,0.16575,0.05555,0.02744,0.09091,0.00491,0.00112,2.25206,1.63333,2.4918,2.44895,0,0.00171092,0.00171092,0.00171092
148,750.957,1.82777,2.08789,1.7304,1.9938,0,0.4917,0.13636,0.19101,0.0556,0.03089,0.11364,0.01144,0.0018,2.21495,1.65582,2.6191,2.45725,0,0.00170894,0.00170894,0.00170894
149,756.541,1.86257,2.20964,1.70837,2.04363,0,0.19246,0.29545,0.20461,0.06259,0.03752,0.11364,0.0203,0.0025,2.19067,1.68024,2.48852,2.42533,0,0.00170696,0.00170696,0.00170696
150,762.092,1.82569,2.1699,1.73326,1.97185,0,0.19246,0.29545,0.20461,0.06259,0.03752,0.11364,0.0203,0.0025,2.19067,1.68024,2.48852,2.42533,0,0.00170498,0.00170498,0.00170498
151,767.731,1.79286,2.16243,1.64634,1.96845,0,0.28493,0.43182,0.25661,0.10537,0.09353,0.06818,0.01621,0.00179,2.11372,1.7003,2.3208,2.39003,0,0.001703,0.001703,0.001703
152,773.548,1.84765,2.23992,1.73535,2.04976,0,0.19405,0.36364,0.20502,0.08243,0.01341,0.11364,0.00417,0.00072,2.1564,1.74613,2.44277,2.38531,0,0.00170102,0.00170102,0.00170102
153,779.207,1.76379,2.05304,1.67534,1.96081,0,0.22063,0.31818,0.20079,0.08647,0.00804,0.11364,0.00175,0.00027,2.25464,1.79346,2.49435,2.44223,0,0.00169904,0.00169904,0.00169904
154,784.896,1.78657,2.14377,1.72856,1.95501,0,0.19371,0.31818,0.19587,0.07585,0.00749,0.06818,0.00272,0.0004,2.24263,1.75594,2.42048,2.38561,0,0.00169706,0.00169706,0.00169706
155,790.533,1.75245,2.09379,1.68745,1.9502,0,0.19371,0.31818,0.19587,0.07585,0.00749,0.06818,0.00272,0.0004,2.24263,1.75594,2.42048,2.38561,0,0.00169508,0.00169508,0.00169508
156,796.347,1.81432,2.11458,1.72445,1.99138,0,0.27758,0.36364,0.24094,0.07283,0.04444,0.02273,0.0042,0.00054,2.24057,1.71302,2.34993,2.3885,0,0.0016931,0.0016931,0.0016931
157,802.007,1.75461,2.02763,1.72327,1.96476,0,0.22808,0.34091,0.22325,0.07918,0.0161,0.09091,0.00367,0.00067,2.2345,1.69047,2.27604,2.39793,0,0.00169112,0.00169112,0.00169112
158,807.515,1.7025,2.0633,1.6732,1.92905,0,0.23259,0.40909,0.23167,0.08315,0.02996,0.02273,0.00319,0.00058,2.24783,1.70031,2.34277,2.46559,0,0.00168914,0.00168914,0.00168914
159,813.052,1.79428,2.1228,1.74744,2.01633,0,0.21942,0.31818,0.22587,0.09587,0.05934,0.02273,0.00528,0.00099,2.28715,1.72171,2.49758,2.50033,0,0.00168716,0.00168716,0.00168716
160,818.708,1.77246,2.07078,1.66727,1.98203,0,0.21942,0.31818,0.22587,0.09587,0.05934,0.02273,0.00528,0.00099,2.28715,1.72171,2.49758,2.50033,0,0.00168518,0.00168518,0.00168518
161,824.309,1.81013,2.25486,1.74695,1.99187,0,0.23391,0.36364,0.20272,0.07708,0.02889,0.04545,0.00394,0.00046,2.17527,1.73643,2.81445,2.42215,0,0.0016832,0.0016832,0.0016832
162,830.088,1.79143,2.21145,1.67527,1.96927,0,0.1957,0.46458,0.21524,0.07452,0.03325,0.09091,0.0042,0.00057,2.20597,1.7918,2.82245,2.41634,0,0.00168122,0.00168122,0.00168122
163,835.574,1.80748,2.14931,1.66236,1.94455,0,0.22302,0.5,0.23592,0.07498,0.03792,0.06818,0.00504,0.00075,2.17616,1.76936,2.68355,2.40159,0,0.00167924,0.00167924,0.00167924
164,841.068,1.76581,2.12969,1.66419,1.98352,0,0.27178,0.22727,0.18559,0.05852,0.07311,0.15909,0.01818,0.00289,2.2729,1.71805,2.39063,2.43564,0,0.00167726,0.00167726,0.00167726
165,846.694,1.88339,2.23291,1.74049,2.05032,0,0.18855,0.31818,0.13964,0.03943,0.08326,0.06818,0.02182,0.00435,2.39143,1.72283,2.46435,2.50555,0,0.00167528,0.00167528,0.00167528
166,852.242,1.78317,2.10351,1.71568,1.94464,0,0.18855,0.31818,0.13964,0.03943,0.08326,0.06818,0.02182,0.00435,2.39143,1.72283,2.46435,2.50555,0,0.0016733,0.0016733,0.0016733
167,857.856,1.78969,2.14686,1.6868,1.93472,0,0.20794,0.34091,0.16997,0.05069,0.07248,0.11364,0.01136,0.00219,2.32278,1.72287,2.48842,2.4023,0,0.00167132,0.00167132,0.00167132
168,863.596,1.80723,2.12478,1.69407,1.95656,0,0.24126,0.40909,0.20876,0.07628,0.02902,0.04545,0.00588,0.00113,2.16868,1.7122,2.45254,2.33576,0,0.00166934,0.00166934,0.00166934
169,869.323,1.78289,2.18199,1.63021,1.88939,0,0.33482,0.34091,0.2497,0.08527,0.0471,0.04545,0.00755,0.0011,2.13116,1.70766,2.42095,2.3685,0,0.00166736,0.00166736,0.00166736
170,875,1.73354,2.07953,1.61343,1.91313,0,0.32847,0.5,0.26839,0.09562,0.04233,0.15909,0.01106,0.00147,2.13191,1.6678,2.51197,2.36873,0,0.00166538,0.00166538,0.00166538
171,880.688,1.74781,2.0526,1.65452,1.92789,0,0.32847,0.5,0.26839,0.09562,0.04233,0.15909,0.01106,0.00147,2.13191,1.6678,2.51197,2.36873,0,0.0016634,0.0016634,0.0016634
172,886.42,1.72808,2.12728,1.63364,1.90185,0,0.26745,0.36364,0.27424,0.11413,0.04834,0.11364,0.01236,0.00173,2.18348,1.63132,2.38176,2.36141,0,0.00166142,0.00166142,0.00166142
173,892.028,1.62943,1.9429,1.57728,1.84032,0,0.28158,0.31818,0.2509,0.10917,0.06347,0.09091,0.01223,0.00174,2.16696,1.64535,2.2763,2.34124,0,0.00165944,0.00165944,0.00165944
174,897.691,1.82416,2.15529,1.67013,1.93952,0,0.18964,0.29545,0.18339,0.06974,0.05527,0.06818,0.01387,0.00168,2.12588,1.68583,2.32839,2.37094,0,0.00165746,0.00165746,0.00165746
175,903.539,1.71118,1.93374,1.5824,1.90792,0,0.25115,0.21357,0.20551,0.07188,0.01558,0.06818,0.0051,0.00071,2.23284,1.72426,2.28426,2.4448,0,0.00165548,0.00165548,0.00165548
176,909.065,1.72907,2.00622,1.69751,1.94719,0,0.25115,0.21357,0.20551,0.07188,0.01558,0.06818,0.0051,0.00071,2.23284,1.72426,2.28426,2.4448,0,0.0016535,0.0016535,0.0016535
177,914.897,1.65851,2.01147,1.52189,1.85997,0,0.18389,0.45455,0.20859,0.07179,0.01389,0.06818,0.00306,0.00049,2.23761,1.70489,2.20682,2.40592,0,0.00165152,0.00165152,0.00165152
178,920.637,1.74,2.08157,1.59157,1.89907,0,0.24279,0.5,0.22291,0.08809,0.1147,0.06818,0.01261,0.00189,2.17763,1.70556,2.39197,2.34578,0,0.00164954,0.00164954,0.00164954
179,926.332,1.76611,2.09761,1.58123,1.93718,0,0.23297,0.47727,0.25425,0.10134,0.0944,0.06818,0.0374,0.00709,2.13818,1.70722,2.52752,2.33368,0,0.00164756,0.00164756,0.00164756
180,932.552,1.67401,1.99288,1.5079,1.84355,0,0.31532,0.54545,0.30078,0.1142,0.22602,0.09091,0.05721,0.00762,2.18945,1.70052,2.55424,2.38746,0,0.00164558,0.00164558,0.00164558
181,938.821,1.74533,2.13438,1.59187,1.88371,0,0.26631,0.45372,0.28051,0.10753,0.13035,0.11364,0.05937,0.01235,2.20743,1.67919,2.42512,2.43071,0,0.0016436,0.0016436,0.0016436
182,944.98,1.70691,1.93154,1.57528,1.87843,0,0.26631,0.45372,0.28051,0.10753,0.13035,0.11364,0.05937,0.01235,2.20743,1.67919,2.42512,2.43071,0,0.00164162,0.00164162,0.00164162
183,952.736,1.70276,2.10143,1.51994,1.88904,0,0.26181,0.54545,0.27903,0.10621,0.14999,0.09091,0.02377,0.005,2.21909,1.6648,2.27322,2.46042,0,0.00163964,0.00163964,0.00163964
184,959.701,1.71681,2.07635,1.53701,1.86583,0,0.28467,0.40909,0.28046,0.11243,0.20338,0.04545,0.02284,0.00307,2.18064,1.70887,2.18135,2.43333,0,0.00163766,0.00163766,0.00163766
185,965.344,1.65577,2.19546,1.59174,1.84069,0,0.35933,0.26781,0.27246,0.1141,0.13515,0.13636,0.0557,0.00649,2.05432,1.70689,2.15848,2.33778,0,0.00163568,0.00163568,0.00163568
186,970.885,1.71695,2.09859,1.57468,1.87135,0,0.38003,0.29545,0.28053,0.11827,0.11456,0.09091,0.02954,0.00453,2.08277,1.68075,2.20663,2.28814,0,0.0016337,0.0016337,0.0016337
187,976.542,1.73779,2.24314,1.59504,1.92899,0,0.38003,0.29545,0.28053,0.11827,0.11456,0.09091,0.02954,0.00453,2.08277,1.68075,2.20663,2.28814,0,0.00163172,0.00163172,0.00163172
188,982.37,1.71046,2.09366,1.53362,1.86209,0,0.31215,0.38636,0.24761,0.0866,0.13638,0.11364,0.03606,0.00668,2.22165,1.66881,2.2849,2.38808,0,0.00162974,0.00162974,0.00162974
189,987.897,1.64274,2.10278,1.50862,1.84344,0,0.31322,0.31818,0.22095,0.07835,0.11011,0.12103,0.04855,0.00872,2.27171,1.69918,2.30603,2.4233,0,0.00162776,0.00162776,0.00162776
190,993.488,1.68138,2.27264,1.55656,1.88677,0,0.29523,0.31818,0.22007,0.07189,0.17158,0.15909,0.071,0.01115,2.28287,1.72506,2.29907,2.48381,0,0.00162578,0.00162578,0.00162578
191,999.805,1.63293,2.06434,1.50082,1.84256,0,0.19559,0.31503,0.20407,0.06361,0.16457,0.11648,0.0706,0.01199,2.24123,1.69271,2.29547,2.44126,0,0.0016238,0.0016238,0.0016238
192,1006.01,1.68454,2.16072,1.5368,1.87383,0,0.19559,0.31503,0.20407,0.06361,0.16457,0.11648,0.0706,0.01199,2.24123,1.69271,2.29547,2.44126,0,0.00162182,0.00162182,0.00162182
193,1012.32,1.69161,2.11342,1.49409,1.87206,0,0.14903,0.36364,0.1741,0.0613,0.16212,0.06818,0.02732,0.0058,2.17785,1.71911,2.26876,2.40543,0,0.00161984,0.00161984,0.00161984
194,1018.45,1.66184,2.06617,1.46012,1.83214,0,0.20444,0.54545,0.23618,0.08498,0.14339,0.06818,0.01989,0.00293,2.10471,1.74973,2.21377,2.35577,0,0.00161786,0.00161786,0.00161786
195,1024.57,1.70759,2.1248,1.49517,1.90624,0,0.25422,0.40909,0.24416,0.09981,0.13441,0.04545,0.01719,0.00209,2.10841,1.7938,2.23593,2.37293,0,0.00161588,0.00161588,0.00161588
196,1030.96,1.71138,2.07901,1.48636,1.85924,0,0.29827,0.45455,0.29415,0.09697,0.08049,0.04545,0.01878,0.00214,2.10512,1.79473,2.21881,2.35685,0,0.0016139,0.0016139,0.0016139
197,1036.57,1.6304,2.00653,1.47361,1.8267,0,0.28082,0.45455,0.27851,0.0885,0.07013,0.04545,0.00977,0.00164,2.21084,1.73248,2.2691,2.50603,0,0.00161192,0.00161192,0.00161192
198,1042.35,1.62305,1.9684,1.46968,1.86854,0,0.28082,0.45455,0.27851,0.0885,0.07013,0.04545,0.00977,0.00164,2.21084,1.73248,2.2691,2.50603,0,0.00160994,0.00160994,0.00160994
199,1048.12,1.697,2.01516,1.49226,1.86688,0,0.31851,0.27273,0.25722,0.09397,0.19194,0.09091,0.03901,0.00487,2.13332,1.66053,2.1673,2.40081,0,0.00160796,0.00160796,0.00160796
200,1054.33,1.65575,2.0592,1.46021,1.82798,0,0.20655,0.27273,0.16967,0.07385,0.10935,0.13673,0.05936,0.01167,2.15767,1.59334,2.35028,2.4129,0,0.00160598,0.00160598,0.00160598
201,1060.22,1.63278,2.01541,1.48923,1.84569,0,0.12277,0.27354,0.16165,0.06331,0.06362,0.15909,0.01331,0.00289,2.20102,1.56104,2.35442,2.46814,0,0.001604,0.001604,0.001604
202,1065.73,1.72512,2.08161,1.56244,1.87334,0,0.19788,0.38636,0.17379,0.06582,0.11476,0.04545,0.02021,0.0053,2.18105,1.60377,2.24702,2.4841,0,0.00160202,0.00160202,0.00160202
203,1071.64,1.62956,2.02048,1.45157,1.84074,0,0.19788,0.38636,0.17379,0.06582,0.11476,0.04545,0.02021,0.0053,2.18105,1.60377,2.24702,2.4841,0,0.00160004,0.00160004,0.00160004
204,1077.24,1.68287,1.98743,1.53186,1.91527,0,0.25317,0.31818,0.22299,0.08304,0.09095,0.06818,0.01499,0.00283,2.30365,1.6241,2.19608,2.5271,0,0.00159806,0.00159806,0.00159806
205,1082.87,1.63292,2.05138,1.45036,1.80832,0,0.33153,0.31818,0.25806,0.09184,0.02153,0.09091,0.00647,0.00113,2.24244,1.60614,2.22738,2.49279,0,0.00159608,0.00159608,0.00159608
206,1088.53,1.61169,2.06212,1.42575,1.791,0,0.37684,0.38636,0.32055,0.1134,0.03218,0.11364,0.00941,0.00139,2.10873,1.62379,2.15491,2.45036,0,0.0015941,0.0015941,0.0015941
207,1094.22,1.73922,2.13288,1.62798,1.92945,0,0.41591,0.43182,0.3189,0.11939,0.07905,0.09091,0.01545,0.00224,2.12977,1.6484,2.21371,2.46531,0,0.00159212,0.00159212,0.00159212
208,1099.77,1.58531,2.0628,1.39466,1.78827,0,0.41591,0.43182,0.3189,0.11939,0.07905,0.09091,0.01545,0.00224,2.12977,1.6484,2.21371,2.46531,0,0.00159014,0.00159014,0.00159014
209,1105.37,1.66873,2.1351,1.45705,1.83351,0,0.37025,0.40909,0.25014,0.09906,0.16555,0.18182,0.04612,0.01199,2.04281,1.67758,2.36221,2.38396,0,0.00158816,0.00158816,0.00158816
210,1110.86,1.62018,1.97167,1.47112,1.83844,0,0.28449,0.34091,0.23961,0.09757,0.17276,0.18182,0.07046,0.01809,2.00155,1.68282,2.32077,2.32871,0,0.00158618,0.00158618,0.00158618
211,1116.55,1.67686,2.07068,1.47351,1.85991,0,0.29247,0.34091,0.24933,0.1146,0.23115,0.15909,0.0836,0.0226,2.0072,1.67402,2.20447,2.34192,0,0.0015842,0.0015842,0.0015842
212,1122.37,1.68344,2.06822,1.46886,1.82961,0,0.29728,0.38636,0.2954,0.12135,0.06189,0.11364,0.01765,0.00484,2.0264,1.6948,2.15243,2.34735,0,0.00158222,0.00158222,0.00158222
213,1128.27,1.57758,2.00756,1.40681,1.77878,0,0.32204,0.38636,0.25746,0.09911,0.03979,0.13636,0.00823,0.0024,2.2935,1.74619,2.15015,2.4946,0,0.00158024,0.00158024,0.00158024
214,1133.98,1.60402,2.03895,1.46796,1.86748,0,0.32204,0.38636,0.25746,0.09911,0.03979,0.13636,0.00823,0.0024,2.2935,1.74619,2.15015,2.4946,0,0.00157826,0.00157826,0.00157826
215,1139.73,1.56851,2.00713,1.43463,1.8177,0,0.36046,0.31818,0.27301,0.09963,0.06902,0.13636,0.01802,0.00347,2.31631,1.72583,2.16337,2.46993,0,0.00157628,0.00157628,0.00157628
216,1145.35,1.62407,2.07516,1.40873,1.80564,0,0.30465,0.35855,0.23515,0.0883,0.08048,0.15909,0.02378,0.00409,2.24987,1.71231,2.13156,2.41173,0,0.0015743,0.0015743,0.0015743
217,1150.9,1.68533,2.16536,1.4973,1.89109,0,0.28801,0.40909,0.27842,0.0963,0.06373,0.11364,0.02314,0.00325,2.22195,1.70112,2.17366,2.42408,0,0.00157232,0.00157232,0.00157232
218,1156.66,1.59977,2.00297,1.44698,1.80166,0,0.35427,0.34091,0.3012,0.10253,0.04547,0.15909,0.0283,0.00385,2.17181,1.69469,2.19198,2.38782,0,0.00157034,0.00157034,0.00157034
219,1162.2,1.64511,2.16972,1.44941,1.81626,0,0.35427,0.34091,0.3012,0.10253,0.04547,0.15909,0.0283,0.00385,2.17181,1.69469,2.19198,2.38782,0,0.00156836,0.00156836,0.00156836
220,1167.87,1.57625,2.07665,1.35281,1.79136,0,0.30713,0.40305,0.29837,0.11271,0.1072,0.06025,0.03707,0.00481,2.12977,1.68519,2.12561,2.39554,0,0.00156638,0.00156638,0.00156638
221,1174.23,1.64635,2.0469,1.44905,1.82244,0,0.31692,0.45455,0.3219,0.12701,0.25735,0.06818,0.05124,0.00695,2.12003,1.68211,2.16932,2.38749,0,0.0015644,0.0015644,0.0015644
222,1180.56,1.61898,1.99458,1.41438,1.78816,0,0.27656,0.38636,0.32736,0.12942,0.24499,0.06818,0.05538,0.0099,2.16867,1.66693,2.12572,2.38565,0,0.00156242,0.00156242,0.00156242
223,1186.72,1.58683,2.07287,1.39139,1.74955,0,0.29,0.43182,0.31782,0.11821,0.16471,0.06818,0.04681,0.01014,2.17795,1.67503,2.08133,2.42483,0,0.00156044,0.00156044,0.00156044
224,1192.46,1.62491,2.0511,1.39777,1.79357,0,0.29,0.43182,0.31782,0.11821,0.16471,0.06818,0.04681,0.01014,2.17795,1.67503,2.08133,2.42483,0,0.00155846,0.00155846,0.00155846
225,1198.3,1.56123,2.08837,1.37193,1.76848,0,0.26161,0.31818,0.26197,0.10836,0.0975,0.09091,0.04979,0.01082,2.23883,1.64692,2.15281,2.48111,0,0.00155648,0.00155648,0.00155648
226,1204.12,1.59909,2.12223,1.47898,1.78483,0,0.16224,0.45455,0.21949,0.09167,0.06043,0.09091,0.03422,0.00941,2.23257,1.63926,2.23966,2.48975,0,0.0015545,0.0015545,0.0015545
227,1210.4,1.58159,2.10169,1.39961,1.77591,0,0.17567,0.29545,0.19789,0.08993,0.14097,0.09091,0.05008,0.01345,2.24932,1.65292,2.2178,2.52934,0,0.00155252,0.00155252,0.00155252
228,1216.16,1.57778,2.07185,1.33901,1.80808,0,0.44182,0.27273,0.26509,0.11874,0.29785,0.06818,0.04665,0.01355,2.1836,1.63253,2.15558,2.48027,0,0.00155054,0.00155054,0.00155054
229,1221.78,1.65082,2.16679,1.44104,1.83719,0,0.44926,0.27273,0.29253,0.13648,0.55769,0.06818,0.05306,0.01557,2.07675,1.66631,2.12179,2.35503,0,0.00154856,0.00154856,0.00154856
230,1227.73,1.52529,2.07974,1.34144,1.73704,0,0.44926,0.27273,0.29253,0.13648,0.55769,0.06818,0.05306,0.01557,2.07675,1.66631,2.12179,2.35503,0,0.00154658,0.00154658,0.00154658
231,1233.65,1.66616,2.13353,1.462,1.83704,0,0.49882,0.27273,0.32417,0.14872,0.36503,0.06818,0.04832,0.01071,2.07427,1.69268,2.08897,2.31443,0,0.0015446,0.0015446,0.0015446
232,1239.35,1.59727,2.10376,1.43701,1.82459,0,0.44144,0.29545,0.37156,0.16191,0.51307,0.06818,0.05506,0.00768,2.0818,1.70821,2.01879,2.3195,0,0.00154262,0.00154262,0.00154262
233,1245.21,1.64076,2.18682,1.46136,1.85478,0,0.34928,0.36364,0.35246,0.1629,0.56141,0.06818,0.06231,0.01283,2.10734,1.71315,2.02196,2.35813,0,0.00154064,0.00154064,0.00154064
234,1251.34,1.59044,2.02885,1.37038,1.72797,0,0.34729,0.38636,0.32987,0.14932,0.54474,0.06818,0.05889,0.00987,2.08451,1.6841,1.93443,2.36514,0,0.00153866,0.00153866,0.00153866
235,1256.95,1.6496,2.01481,1.47588,1.85801,0,0.34729,0.38636,0.32987,0.14932,0.54474,0.06818,0.05889,0.00987,2.08451,1.6841,1.93443,2.36514,0,0.00153668,0.00153668,0.00153668
236,1262.6,1.61812,2.03834,1.44389,1.79656,0,0.36291,0.36364,0.34843,0.13676,0.65924,0.06818,0.06007,0.01044,2.09697,1.6456,1.96757,2.34543,0,0.0015347,0.0015347,0.0015347
237,1268.46,1.55748,1.97131,1.36534,1.76243,0,0.32247,0.38636,0.32053,0.12476,0.69153,0.06818,0.06582,0.01074,2.0809,1.62444,2.03658,2.30487,0,0.00153272,0.00153272,0.00153272
238,1274.41,1.57064,2.06131,1.39357,1.75661,0,0.24083,0.38636,0.25402,0.11048,0.64185,0.06818,0.06614,0.0149,2.06363,1.62839,2.13898,2.29509,0,0.00153074,0.00153074,0.00153074
239,1279.93,1.57311,2.04651,1.41772,1.7503,0,0.2314,0.479,0.23403,0.0988,0.25108,0.09091,0.05559,0.01174,2.09199,1.67438,2.20552,2.33795,0,0.00152876,0.00152876,0.00152876
240,1285.43,1.59967,2.13247,1.36589,1.77768,0,0.2314,0.479,0.23403,0.0988,0.25108,0.09091,0.05559,0.01174,2.09199,1.67438,2.20552,2.33795,0,0.00152678,0.00152678,0.00152678
241,1290.97,1.59199,1.95456,1.38288,1.84323,0,0.43065,0.20455,0.26222,0.11688,0.15617,0.09091,0.04032,0.00935,2.09199,1.68848,2.25661,2.34595,0,0.0015248,0.0015248,0.0015248
242,1296.62,1.57986,2.10514,1.34133,1.78663,0,0.39025,0.36364,0.32846,0.15573,0.1071,0.09091,0.03254,0.00778,2.03728,1.66177,2.18244,2.26953,0,0.00152282,0.00152282,0.00152282
243,1302.45,1.58958,1.99423,1.40364,1.79216,0,0.38712,0.31818,0.30149,0.14058,0.11636,0.13636,0.0317,0.00812,2.03169,1.67195,2.15795,2.33442,0,0.00152084,0.00152084,0.00152084
244,1308.76,1.53847,1.99237,1.30471,1.75518,0,0.39575,0.31271,0.28238,0.12946,0.09514,0.04545,0.03315,0.01399,2.09694,1.65299,2.19226,2.42787,0,0.00151886,0.00151886,0.00151886
245,1314.8,1.61664,2.14582,1.40755,1.83972,0,0.35166,0.27273,0.28193,0.11695,0.05398,0.11364,0.04125,0.01292,2.12837,1.62204,2.20062,2.43497,0,0.00151688,0.00151688,0.00151688
246,1320.54,1.56466,2.00827,1.36534,1.74095,0,0.35166,0.27273,0.28193,0.11695,0.05398,0.11364,0.04125,0.01292,2.12837,1.62204,2.20062,2.43497,0,0.0015149,0.0015149,0.0015149
247,1326.37,1.58465,1.95471,1.36131,1.79259,0,0.39665,0.28407,0.28767,0.13368,0.14696,0.06818,0.0455,0.01449,2.05268,1.59822,2.10921,2.40912,0,0.00151292,0.00151292,0.00151292
248,1331.94,1.52149,2.05246,1.29304,1.71681,0,0.35424,0.31818,0.28583,0.14153,0.28827,0.06818,0.03621,0.00833,2.05931,1.60327,2.05202,2.38755,0,0.00151094,0.00151094,0.00151094
249,1337.56,1.60244,2.10899,1.3953,1.80349,0,0.25904,0.29545,0.26152,0.1296,0.05932,0.11364,0.02476,0.00558,2.14988,1.6433,2.07933,2.4532,0,0.00150896,0.00150896,0.00150896
250,1343.07,1.60903,2.12417,1.35586,1.78073,0,0.2984,0.34091,0.29953,0.1381,0.05693,0.09091,0.02686,0.00601,2.14618,1.66268,2.10931,2.46164,0,0.00150698,0.00150698,0.00150698
251,1348.99,1.57472,2.10935,1.35959,1.78142,0,0.2984,0.34091,0.29953,0.1381,0.05693,0.09091,0.02686,0.00601,2.14618,1.66268,2.10931,2.46164,0,0.001505,0.001505,0.001505
252,1354.82,1.58288,2.02285,1.3569,1.75353,0,0.35205,0.31818,0.31028,0.13209,0.03845,0.15909,0.03463,0.00919,2.21705,1.6649,2.07901,2.49243,0,0.00150302,0.00150302,0.00150302
253,1360.47,1.59315,2.08554,1.30292,1.75765,0,0.43428,0.27932,0.32697,0.12755,0.07473,0.04545,0.01854,0.00639,2.18922,1.63545,2.17115,2.46725,0,0.00150104,0.00150104,0.00150104
254,1366.89,1.47042,1.94137,1.27844,1.73025,0,0.36664,0.36364,0.33032,0.14778,0.07068,0.04545,0.01838,0.00757,2.12204,1.63287,2.20764,2.39063,0,0.00149906,0.00149906,0.00149906
255,1374.16,1.5482,2.0914,1.31613,1.77543,0,0.64486,0.27273,0.29907,0.13595,0.17679,0.06818,0.02469,0.00459,2.10964,1.63647,2.33071,2.36018,0,0.00149708,0.00149708,0.00149708
256,1381.06,1.46329,1.85835,1.23967,1.7116,0,0.64486,0.27273,0.29907,0.13595,0.17679,0.06818,0.02469,0.00459,2.10964,1.63647,2.33071,2.36018,0,0.0014951,0.0014951,0.0014951
257,1387.84,1.53651,2.02977,1.33939,1.74611,0,0.41794,0.27273,0.32256,0.14276,0.18561,0.06818,0.03182,0.005,2.16699,1.64716,2.28916,2.39595,0,0.00149312,0.00149312,0.00149312
258,1394.58,1.53312,2.0575,1.29117,1.71918,0,0.44345,0.36364,0.3701,0.15237,0.55693,0.06818,0.05802,0.01279,2.17302,1.62791,2.16373,2.40855,0,0.00149114,0.00149114,0.00149114
259,1401,1.56994,2.04324,1.31798,1.76074,0,0.44224,0.34091,0.36879,0.15776,0.2263,0.06818,0.04004,0.00873,2.168,1.64701,2.16577,2.36468,0,0.00148916,0.00148916,0.00148916
260,1407.6,1.53688,2.06849,1.34765,1.73557,0,0.44551,0.40909,0.40998,0.1945,0.10673,0.06818,0.02055,0.00237,2.0457,1.68291,2.35831,2.3075,0,0.00148718,0.00148718,0.00148718
261,1414.07,1.50871,2.01305,1.30561,1.67848,0,0.47556,0.43182,0.39882,0.17987,0.07301,0.06818,0.01524,0.00351,2.01009,1.69648,2.45123,2.27412,0,0.0014852,0.0014852,0.0014852
262,1420.54,1.51197,2.05397,1.33447,1.70586,0,0.47556,0.43182,0.39882,0.17987,0.07301,0.06818,0.01524,0.00351,2.01009,1.69648,2.45123,2.27412,0,0.00148322,0.00148322,0.00148322
263,1426.19,1.51014,2.00901,1.27421,1.7042,0,0.45487,0.45455,0.36508,0.14661,0.06609,0.06818,0.01526,0.00393,2.02063,1.68701,2.35623,2.28532,0,0.00148124,0.00148124,0.00148124
264,1431.79,1.45561,2.01488,1.23502,1.664,0,0.36542,0.36364,0.36395,0.12962,0.10506,0.06818,0.02689,0.00577,2.11486,1.67917,2.16574,2.35302,0,0.00147926,0.00147926,0.00147926
265,1437.25,1.49257,2.03682,1.28763,1.71436,0,0.35511,0.34091,0.32594,0.12299,0.17677,0.09091,0.03791,0.00787,2.14134,1.66413,2.12672,2.39284,0,0.00147728,0.00147728,0.00147728
266,1442.76,1.50883,2.05199,1.27865,1.69994,0,0.39303,0.38636,0.30461,0.13042,0.23254,0.09091,0.05617,0.01537,2.0735,1.62924,2.05828,2.39242,0,0.0014753,0.0014753,0.0014753
267,1448.23,1.45702,1.91687,1.2367,1.70401,0,0.39303,0.38636,0.30461,0.13042,0.23254,0.09091,0.05617,0.01537,2.0735,1.62924,2.05828,2.39242,0,0.00147332,0.00147332,0.00147332
268,1453.71,1.49596,1.99887,1.31848,1.73228,0,0.45797,0.31818,0.30207,0.12851,0.24602,0.09091,0.05129,0.01349,1.99476,1.62772,2.01748,2.35925,0,0.00147134,0.00147134,0.00147134
269,1459.27,1.54407,2.02993,1.28628,1.75397,0,0.38924,0.34091,0.34379,0.15938,0.30729,0.09091,0.05954,0.01749,2.00875,1.64332,2.01818,2.34336,0,0.00146936,0.00146936,0.00146936
270,1464.82,1.54413,2.08224,1.24784,1.7326,0,0.45486,0.36364,0.36057,0.15236,0.36343,0.09091,0.0662,0.01611,2.0226,1.60096,2.00938,2.31889,0,0.00146738,0.00146738,0.00146738
271,1470.33,1.54057,2.01562,1.29885,1.77048,0,0.35417,0.36149,0.29376,0.13355,0.24862,0.11364,0.07869,0.01948,1.9793,1.63496,2.08152,2.2692,0,0.0014654,0.0014654,0.0014654
272,1475.85,1.51675,2.12641,1.22492,1.69664,0,0.35417,0.36149,0.29376,0.13355,0.24862,0.11364,0.07869,0.01948,1.9793,1.63496,2.08152,2.2692,0,0.00146342,0.00146342,0.00146342
273,1481.46,1.55791,2.04959,1.32433,1.76276,0,0.31102,0.29545,0.26837,0.12524,0.3985,0.09091,0.08754,0.01943,2.08731,1.64829,2.20707,2.35194,0,0.00146144,0.00146144,0.00146144
274,1487.31,1.46055,1.94474,1.22572,1.6766,0,0.23156,0.36364,0.28073,0.14062,0.27583,0.13636,0.11278,0.02903,1.99862,1.59643,2.08702,2.33387,0,0.00145946,0.00145946,0.00145946
275,1493.41,1.57599,1.98829,1.36938,1.80599,0,0.29634,0.52273,0.34678,0.14906,0.15746,0.13636,0.09711,0.02654,2.15297,1.59608,1.99665,2.4531,0,0.00145748,0.00145748,0.00145748
276,1499.78,1.50633,1.99715,1.23955,1.68479,0,0.27253,0.40909,0.33142,0.14244,0.1064,0.11364,0.09032,0.02314,2.23851,1.62393,2.01277,2.47861,0,0.0014555,0.0014555,0.0014555
277,1505.78,1.50549,1.96371,1.27762,1.73663,0,0.28088,0.34091,0.32443,0.14388,0.33096,0.11364,0.09986,0.02169,2.11413,1.6729,2.01453,2.4013,0,0.00145352,0.00145352,0.00145352
278,1511.69,1.52853,2.05223,1.34035,1.7613,0,0.28088,0.34091,0.32443,0.14388,0.33096,0.11364,0.09986,0.02169,2.11413,1.6729,2.01453,2.4013,0,0.00145154,0.00145154,0.00145154
279,1518.25,1.51538,1.96944,1.30848,1.71834,0,0.27525,0.43182,0.32362,0.14636,0.3987,0.13567,0.12842,0.02115,2.02785,1.69226,2.04742,2.34232,0,0.00144956,0.00144956,0.00144956
280,1524.48,1.46529,1.87231,1.19316,1.63742,0,0.29133,0.40909,0.3497,0.14823,0.48122,0.13636,0.1306,0.02729,2.1078,1.67222,2.02668,2.39673,0,0.00144758,0.00144758,0.00144758
281,1530.6,1.48585,1.89448,1.24942,1.68066,0,0.25782,0.36364,0.33869,0.1462,0.32839,0.13636,0.10771,0.03572,2.1387,1.62061,2.04909,2.40236,0,0.0014456,0.0014456,0.0014456
282,1536.68,1.46793,1.99478,1.24654,1.69862,0,0.31083,0.45455,0.37627,0.15528,0.21181,0.13636,0.09263,0.02652,2.09678,1.59986,2.06459,2.37982,0,0.00144362,0.00144362,0.00144362
283,1542.8,1.50237,2.0438,1.26621,1.71127,0,0.31083,0.45455,0.37627,0.15528,0.21181,0.13636,0.09263,0.02652,2.09678,1.59986,2.06459,2.37982,0,0.00144164,0.00144164,0.00144164
284,1548.82,1.55568,1.98163,1.30266,1.72904,0,0.2983,0.65909,0.3911,0.16098,0.52669,0.06818,0.06389,0.0137,2.06488,1.6175,2.01911,2.34354,0,0.00143966,0.00143966,0.00143966
285,1555.01,1.51179,1.97424,1.26558,1.69415,0,0.4372,0.28268,0.39096,0.17477,0.53302,0.06818,0.06863,0.01327,2.07955,1.6255,1.97951,2.3147,0,0.00143768,0.00143768,0.00143768
286,1561.19,1.48769,1.92113,1.28485,1.7114,0,0.42018,0.31818,0.41187,0.17645,0.58393,0.06818,0.0729,0.01642,2.00361,1.58668,1.90578,2.29898,0,0.0014357,0.0014357,0.0014357
287,1567.3,1.45669,1.89192,1.21,1.64645,0,0.26117,0.47727,0.37158,0.15264,0.58913,0.04545,0.04372,0.01617,1.99425,1.58135,1.84684,2.35102,0,0.00143372,0.00143372,0.00143372
288,1573.41,1.58818,2.00315,1.32141,1.72395,0,0.26117,0.47727,0.37158,0.15264,0.58913,0.04545,0.04372,0.01617,1.99425,1.58135,1.84684,2.35102,0,0.00143174,0.00143174,0.00143174
289,1579.7,1.49746,2.05091,1.20874,1.70194,0,0.27607,0.36364,0.31843,0.14073,0.24141,0.13636,0.10297,0.0218,2.0116,1.62308,1.86711,2.392,0,0.00142976,0.00142976,0.00142976
290,1585.47,1.5177,2.00767,1.28642,1.69445,0,0.319,0.36364,0.29416,0.1276,0.29807,0.11364,0.08629,0.01592,2.13151,1.66639,2.09191,2.439,0,0.00142778,0.00142778,0.00142778
291,1591.12,1.49335,2.00093,1.27972,1.685,0,0.46464,0.38636,0.30223,0.13165,0.11509,0.13636,0.02895,0.0083,2.18077,1.68265,2.08355,2.46286,0,0.0014258,0.0014258,0.0014258
292,1597.08,1.56217,1.98461,1.34935,1.77047,0,0.45143,0.29935,0.34462,0.16658,0.2334,0.15909,0.08015,0.01404,2.01405,1.65635,1.98939,2.35664,0,0.00142382,0.00142382,0.00142382
293,1602.81,1.45992,1.97622,1.22241,1.68849,0,0.4825,0.29545,0.3753,0.16862,0.11924,0.11364,0.05007,0.01692,1.94848,1.61925,1.95943,2.26109,0,0.00142184,0.00142184,0.00142184
294,1608.43,1.51671,1.90642,1.21342,1.71285,0,0.4825,0.29545,0.3753,0.16862,0.11924,0.11364,0.05007,0.01692,1.94848,1.61925,1.95943,2.26109,0,0.00141986,0.00141986,0.00141986
295,1614.1,1.50174,1.95744,1.3021,1.72962,0,0.38277,0.36364,0.36312,0.15841,0.16787,0.06818,0.05142,0.01648,1.92526,1.59474,2.04047,2.21375,0,0.00141788,0.00141788,0.00141788
296,1620.01,1.52158,1.90267,1.30557,1.71365,0,0.42248,0.34091,0.3417,0.16447,0.1691,0.09091,0.05964,0.01648,1.89014,1.61393,2.07935,2.20705,0,0.0014159,0.0014159,0.0014159
297,1626.07,1.44228,1.99479,1.2362,1.63407,0,0.36383,0.40909,0.31421,0.15969,0.1617,0.18182,0.09759,0.02486,1.95546,1.64821,1.99309,2.25508,0,0.00141392,0.00141392,0.00141392
298,1632.31,1.41126,1.88332,1.21048,1.64084,0,0.33666,0.38636,0.31677,0.14799,0.17593,0.15909,0.11299,0.02637,2.01921,1.65203,1.99608,2.3362,0,0.00141194,0.00141194,0.00141194
299,1638.77,1.52363,2.00602,1.2516,1.70287,0,0.33666,0.38636,0.31677,0.14799,0.17593,0.15909,0.11299,0.02637,2.01921,1.65203,1.99608,2.3362,0,0.00140996,0.00140996,0.00140996
300,1644.21,1.44886,1.96113,1.1935,1.66765,0,0.34627,0.45455,0.34058,0.15299,0.13601,0.18182,0.10208,0.03215,1.97946,1.63709,1.92656,2.32541,0,0.00140798,0.00140798,0.00140798
301,1649.9,1.47194,2.03377,1.27374,1.66575,0,0.34159,0.40909,0.36396,0.15877,0.29593,0.09091,0.07379,0.02667,2.02565,1.62525,1.91258,2.31281,0,0.001406,0.001406,0.001406
302,1655.47,1.44183,1.89955,1.17954,1.67442,0,0.33894,0.43182,0.3606,0.15476,0.14644,0.13636,0.06013,0.02053,1.99454,1.61817,2.11288,2.30934,0,0.00140402,0.00140402,0.00140402
303,1661.08,1.43497,1.93727,1.20723,1.70695,0,0.47032,0.34312,0.36775,0.1652,0.18301,0.15909,0.06501,0.01735,1.90657,1.6051,2.1483,2.24521,0,0.00140204,0.00140204,0.00140204
304,1667.28,1.50213,1.93756,1.20805,1.70891,0,0.47032,0.34312,0.36775,0.1652,0.18301,0.15909,0.06501,0.01735,1.90657,1.6051,2.1483,2.24521,0,0.00140006,0.00140006,0.00140006
305,1673.59,1.46346,1.88705,1.21025,1.68721,0,0.37498,0.38636,0.29543,0.15608,0.1628,0.15909,0.08192,0.02034,1.86871,1.59326,2.22342,2.17003,0,0.00139808,0.00139808,0.00139808
306,1680.13,1.49729,1.92948,1.19183,1.69545,0,0.37367,0.31818,0.2703,0.15372,0.11287,0.13636,0.05324,0.01748,1.92775,1.57876,2.23004,2.24212,0,0.0013961,0.0013961,0.0013961
307,1688.25,1.4864,1.94083,1.24809,1.71369,0,0.39296,0.36789,0.3254,0.15231,0.11193,0.18182,0.06538,0.01466,1.98968,1.5919,2.09635,2.29024,0,0.00139412,0.00139412,0.00139412
308,1694.5,1.34837,1.89269,1.15126,1.61428,0,0.39639,0.3583,0.31698,0.14776,0.08897,0.13636,0.05069,0.00989,2.00037,1.64733,2.04378,2.29787,0,0.00139214,0.00139214,0.00139214
309,1700.05,1.43801,1.95081,1.18304,1.62184,0,0.29096,0.48503,0.35922,0.16005,0.09752,0.22727,0.05619,0.00948,2.0395,1.64283,1.93078,2.30474,0,0.00139016,0.00139016,0.00139016
310,1705.65,1.48322,1.94517,1.2655,1.67424,0,0.29096,0.48503,0.35922,0.16005,0.09752,0.22727,0.05619,0.00948,2.0395,1.64283,1.93078,2.30474,0,0.00138818,0.00138818,0.00138818
311,1711.38,1.43651,1.91891,1.15825,1.63751,0,0.37281,0.5,0.37511,0.16953,0.14307,0.18182,0.07387,0.01919,2.01266,1.62294,1.96687,2.29795,0,0.0013862,0.0013862,0.0013862
312,1717.16,1.43857,1.93555,1.2078,1.67848,0,0.30804,0.43182,0.37631,0.16089,0.07701,0.18182,0.05933,0.01719,1.96443,1.62301,2.00524,2.30341,0,0.00138422,0.00138422,0.00138422
313,1722.66,1.38219,1.84199,1.11346,1.58519,0,0.36379,0.36364,0.34797,0.15356,0.2837,0.04545,0.0488,0.01266,2.00895,1.62201,2.03355,2.36001,0,0.00138224,0.00138224,0.00138224
314,1728.26,1.439,1.90745,1.14851,1.64289,0,0.4492,0.37084,0.4007,0.15722,0.07727,0.15909,0.05511,0.01219,1.99723,1.59352,1.90091,2.34269,0,0.00138026,0.00138026,0.00138026
315,1733.87,1.45738,1.90388,1.27214,1.68262,0,0.4492,0.37084,0.4007,0.15722,0.07727,0.15909,0.05511,0.01219,1.99723,1.59352,1.90091,2.34269,0,0.00137828,0.00137828,0.00137828
316,1739.51,1.4492,1.95784,1.21626,1.7035,0,0.40362,0.38636,0.38225,0.16963,0.06177,0.20455,0.06695,0.0146,1.98081,1.59766,1.84303,2.32026,0,0.0013763,0.0013763,0.0013763
317,1745.05,1.39402,1.86443,1.16118,1.65026,0,0.38837,0.51957,0.39131,0.17603,0.17282,0.06818,0.07378,0.01515,2.00098,1.60723,1.88489,2.30068,0,0.00137432,0.00137432,0.00137432
318,1750.53,1.44927,1.94909,1.15137,1.61746,0,0.34845,0.43182,0.37966,0.18379,0.14835,0.09091,0.07453,0.01909,1.96737,1.60417,1.90439,2.27894,0,0.00137234,0.00137234,0.00137234
319,1756.17,1.42802,1.93914,1.18494,1.65502,0,0.35144,0.38636,0.33874,0.16755,0.15103,0.13636,0.07808,0.01932,2.00954,1.61018,1.91755,2.31146,0,0.00137036,0.00137036,0.00137036
320,1761.76,1.48049,1.96251,1.19307,1.67206,0,0.35144,0.38636,0.33874,0.16755,0.15103,0.13636,0.07808,0.01932,2.00954,1.61018,1.91755,2.31146,0,0.00136838,0.00136838,0.00136838
321,1767.32,1.42364,1.84315,1.14504,1.60957,0,0.44782,0.31818,0.32372,0.15067,0.52532,0.09091,0.10135,0.0186,2.07958,1.61616,1.90463,2.38543,0,0.0013664,0.0013664,0.0013664
322,1772.78,1.41676,1.8743,1.15251,1.65166,0,0.45015,0.34091,0.33553,0.14507,0.2067,0.13636,0.09069,0.01822,2.12037,1.61267,1.93843,2.40815,0,0.00136442,0.00136442,0.00136442
323,1778.33,1.43807,1.90606,1.14313,1.65967,0,0.31926,0.34091,0.33658,0.13587,0.54327,0.06818,0.05969,0.00957,2.14338,1.61735,1.93906,2.47737,0,0.00136244,0.00136244,0.00136244
324,1783.8,1.39998,1.83429,1.10828,1.63408,0,0.37792,0.36364,0.35082,0.14127,0.14172,0.13636,0.06027,0.01287,2.15764,1.5977,1.92741,2.47496,0,0.00136046,0.00136046,0.00136046
325,1789.24,1.37707,1.76766,1.11798,1.63473,0,0.29362,0.47727,0.32244,0.14292,0.11484,0.15909,0.05768,0.01475,2.08508,1.57387,1.96133,2.39094,0,0.00135848,0.00135848,0.00135848
326,1794.68,1.38789,1.81828,1.06658,1.59849,0,0.29362,0.47727,0.32244,0.14292,0.11484,0.15909,0.05768,0.01475,2.08508,1.57387,1.96133,2.39094,0,0.0013565,0.0013565,0.0013565
327,1800.07,1.42875,1.87111,1.14227,1.66135,0,0.37769,0.40909,0.31665,0.13354,0.13785,0.18182,0.08902,0.026,2.11482,1.58321,2.02513,2.40377,0,0.00135452,0.00135452,0.00135452
328,1805.39,1.50252,2.00137,1.19109,1.69811,0,0.36199,0.46432,0.3292,0.14759,0.14522,0.20455,0.08873,0.02798,2.1199,1.58495,1.9704,2.41956,0,0.00135254,0.00135254,0.00135254
329,1810.79,1.42505,1.85537,1.12864,1.6228,0,0.47009,0.31818,0.36501,0.16698,0.2375,0.13636,0.07752,0.0225,2.05109,1.59401,1.82369,2.36538,0,0.00135056,0.00135056,0.00135056
330,1816.33,1.42645,1.94856,1.12577,1.62859,0,0.46111,0.35021,0.39397,0.15594,0.21417,0.13636,0.10268,0.01977,2.02618,1.60159,1.82909,2.33499,0,0.00134858,0.00134858,0.00134858
331,1821.75,1.42674,1.83422,1.08225,1.63322,0,0.46111,0.35021,0.39397,0.15594,0.21417,0.13636,0.10268,0.01977,2.02618,1.60159,1.82909,2.33499,0,0.0013466,0.0013466,0.0013466
332,1827.22,1.33528,1.87462,1.11237,1.57143,0,0.42674,0.29545,0.35734,0.15154,0.13501,0.09091,0.07227,0.01644,2.03146,1.63522,1.85912,2.3276,0,0.00134462,0.00134462,0.00134462
333,1832.71,1.39206,1.90106,1.13884,1.62305,0,0.45796,0.29545,0.3661,0.14278,0.07052,0.25,0.05141,0.01634,2.09453,1.64563,1.93027,2.4152,0,0.00134264,0.00134264,0.00134264
334,1838.22,1.41118,1.87501,1.17116,1.62227,0,0.36868,0.45455,0.39275,0.162,0.07051,0.20455,0.03676,0.00974,2.06066,1.61782,2.03022,2.37041,0,0.00134066,0.00134066,0.00134066
335,1843.66,1.41692,1.84108,1.18722,1.65572,0,0.30876,0.52273,0.39913,0.18603,0.0638,0.13636,0.05406,0.0158,1.99782,1.62006,2.07593,2.34095,0,0.00133868,0.00133868,0.00133868
336,1849.09,1.46557,1.88502,1.17728,1.72076,0,0.30876,0.52273,0.39913,0.18603,0.0638,0.13636,0.05406,0.0158,1.99782,1.62006,2.07593,2.34095,0,0.0013367,0.0013367,0.0013367
337,1854.61,1.35738,1.83268,1.10611,1.60825,0,0.38543,0.47727,0.36836,0.17732,0.11143,0.11364,0.05901,0.01445,1.99092,1.61944,2.07534,2.36347,0,0.00133472,0.00133472,0.00133472
338,1860.06,1.34846,1.84321,1.07678,1.57768,0,0.39338,0.38636,0.35598,0.16917,0.23229,0.09091,0.06832,0.02243,2.05724,1.58953,2.04664,2.40425,0,0.00133274,0.00133274,0.00133274
339,1865.69,1.34922,1.81116,1.05974,1.61944,0,0.43156,0.36364,0.35426,0.16184,0.41821,0.09091,0.08704,0.02474,2.09531,1.56964,2.02004,2.42714,0,0.00133076,0.00133076,0.00133076
340,1871.22,1.38607,1.91632,1.19327,1.63144,0,0.53435,0.29545,0.35051,0.17261,0.4738,0.09091,0.09117,0.02687,2.07482,1.57934,2.00346,2.41427,0,0.00132878,0.00132878,0.00132878
341,1876.7,1.40169,1.93346,1.1551,1.64594,0,0.50726,0.34091,0.3553,0.18273,0.35113,0.06818,0.06362,0.02396,2.04902,1.62331,1.9223,2.38453,0,0.0013268,0.0013268,0.0013268
342,1882.34,1.36375,1.87685,1.11753,1.63019,0,0.50726,0.34091,0.3553,0.18273,0.35113,0.06818,0.06362,0.02396,2.04902,1.62331,1.9223,2.38453,0,0.00132482,0.00132482,0.00132482
343,1888.05,1.40543,1.89,1.13606,1.6374,0,0.48826,0.34091,0.38093,0.18077,0.56493,0.09091,0.10584,0.02612,2.08905,1.70053,1.916,2.32899,0,0.00132284,0.00132284,0.00132284
344,1893.54,1.42312,1.83184,1.16505,1.6093,0,0.38512,0.29545,0.34961,0.15646,0.366,0.06818,0.05536,0.01061,2.18999,1.80528,1.97573,2.44357,0,0.00132086,0.00132086,0.00132086
345,1898.96,1.39192,1.89309,1.13225,1.60121,0,0.31189,0.47727,0.35419,0.15225,0.26586,0.06818,0.05556,0.00872,2.21604,1.81316,2.07616,2.49667,0,0.00131888,0.00131888,0.00131888
346,1904.42,1.3678,1.75804,1.10925,1.5714,0,0.31674,0.45455,0.34497,0.15805,0.05267,0.18182,0.05993,0.01036,2.13764,1.71484,2.06986,2.45006,0,0.0013169,0.0013169,0.0013169
347,1909.7,1.31248,1.84799,1.08848,1.54242,0,0.31674,0.45455,0.34497,0.15805,0.05267,0.18182,0.05993,0.01036,2.13764,1.71484,2.06986,2.45006,0,0.00131492,0.00131492,0.00131492
348,1915.02,1.39914,1.88032,1.17159,1.64147,0,0.37561,0.43182,0.39726,0.17201,0.06917,0.20455,0.05822,0.01019,2.09575,1.67032,2.06442,2.40465,0,0.00131294,0.00131294,0.00131294
349,1920.49,1.33208,1.83985,1.06705,1.57403,0,0.33596,0.5,0.41312,0.18966,0.1905,0.09091,0.07674,0.01733,2.04057,1.62602,2.05216,2.36053,0,0.00131096,0.00131096,0.00131096
350,1925.98,1.34265,1.93605,1.11432,1.58096,0,0.24165,0.40909,0.35176,0.17097,0.444,0.09091,0.09658,0.02891,2.00147,1.58372,2.11707,2.33974,0,0.00130898,0.00130898,0.00130898
351,1931.37,1.364,1.94396,1.12521,1.58818,0,0.3058,0.47061,0.36602,0.1859,0.63374,0.09091,0.10461,0.02985,1.97042,1.55839,2.10262,2.30245,0,0.001307,0.001307,0.001307
352,1936.93,1.36222,1.95571,1.1417,1.59913,0,0.3058,0.47061,0.36602,0.1859,0.63374,0.09091,0.10461,0.02985,1.97042,1.55839,2.10262,2.30245,0,0.00130502,0.00130502,0.00130502
353,1942.44,1.44806,1.94459,1.16097,1.64203,0,0.37501,0.40909,0.37853,0.21531,0.34459,0.09091,0.10686,0.03347,1.93764,1.54993,2.01098,2.25433,0,0.00130304,0.00130304,0.00130304
354,1948.02,1.38737,1.87146,1.11922,1.59938,0,0.39338,0.43182,0.37106,0.20388,0.10101,0.18182,0.0736,0.01687,1.94192,1.59062,1.91886,2.22681,0,0.00130106,0.00130106,0.00130106
355,1953.42,1.41914,1.966,1.15894,1.64965,0,0.37703,0.45455,0.37368,0.1976,0.13229,0.25,0.06898,0.01748,1.93027,1.6313,1.90846,2.21891,0,0.00129908,0.00129908,0.00129908
356,1958.86,1.43181,1.99528,1.15449,1.70147,0,0.35067,0.52273,0.38388,0.209,0.13654,0.22727,0.07922,0.01609,1.88753,1.64431,1.86685,2.22241,0,0.0012971,0.0012971,0.0012971
357,1964.25,1.42688,1.84605,1.16243,1.62099,0,0.43737,0.34091,0.37506,0.20254,0.25483,0.15909,0.10276,0.02022,1.88043,1.65219,1.87882,2.20729,0,0.00129512,0.00129512,0.00129512
358,1969.78,1.36755,1.86183,1.08329,1.58039,0,0.43737,0.34091,0.37506,0.20254,0.25483,0.15909,0.10276,0.02022,1.88043,1.65219,1.87882,2.20729,0,0.00129314,0.00129314,0.00129314
359,1975.24,1.37622,1.92018,1.12612,1.59403,0,0.31682,0.56915,0.36671,0.18754,0.13217,0.25,0.09925,0.02503,1.95296,1.63524,1.91405,2.23397,0,0.00129116,0.00129116,0.00129116
360,1980.61,1.31867,1.73204,1.0218,1.53465,0,0.38278,0.47727,0.36523,0.174,0.14824,0.18182,0.08991,0.02517,1.99625,1.61307,1.85761,2.25855,0,0.00128918,0.00128918,0.00128918
361,1986.15,1.46039,1.94385,1.16221,1.7007,0,0.32638,0.52273,0.35582,0.16512,0.10694,0.18182,0.08047,0.02781,1.97024,1.62063,1.8341,2.24104,0,0.0012872,0.0012872,0.0012872
362,1991.68,1.38225,1.88783,1.12872,1.61558,0,0.37424,0.54371,0.35426,0.1722,0.14605,0.20455,0.08373,0.02453,1.92125,1.65227,1.81871,2.19384,0,0.00128522,0.00128522,0.00128522
363,1997.18,1.37542,1.88717,1.09078,1.61983,0,0.37424,0.54371,0.35426,0.1722,0.14605,0.20455,0.08373,0.02453,1.92125,1.65227,1.81871,2.19384,0,0.00128324,0.00128324,0.00128324
364,2002.67,1.41326,1.91019,1.15976,1.64067,0,0.49128,0.34091,0.34912,0.16427,0.15042,0.18182,0.07736,0.02241,1.93157,1.66023,1.86498,2.23464,0,0.00128126,0.00128126,0.00128126
365,2008.12,1.40828,1.9606,1.11042,1.64074,0,0.44865,0.38636,0.34672,0.17569,0.16949,0.20455,0.07658,0.01943,1.95558,1.65069,1.85708,2.25209,0,0.00127928,0.00127928,0.00127928
366,2013.63,1.31769,1.83184,1.09498,1.56621,0,0.38844,0.41875,0.36833,0.18329,0.09913,0.22727,0.06903,0.02096,1.92524,1.61178,1.77941,2.26136,0,0.0012773,0.0012773,0.0012773
367,2019.23,1.38817,1.97688,1.13228,1.65991,0,0.45168,0.45455,0.37919,0.18872,0.13428,0.27273,0.07383,0.01865,1.93129,1.59386,1.75275,2.26254,0,0.00127532,0.00127532,0.00127532
368,2024.71,1.29617,1.82022,1.04212,1.59637,0,0.45168,0.45455,0.37919,0.18872,0.13428,0.27273,0.07383,0.01865,1.93129,1.59386,1.75275,2.26254,0,0.00127334,0.00127334,0.00127334
369,2030.24,1.29375,1.7892,1.02306,1.53651,0,0.48887,0.34091,0.39466,0.1857,0.15955,0.09505,0.06916,0.02121,1.97546,1.56894,1.79838,2.32146,0,0.00127136,0.00127136,0.00127136
370,2035.62,1.36012,1.70512,1.07496,1.59659,0,0.29852,0.51269,0.39691,0.1735,0.20723,0.11364,0.09227,0.02842,1.96332,1.55846,1.80448,2.34211,0,0.00126938,0.00126938,0.00126938
371,2041.06,1.30609,1.76332,1.03571,1.54444,0,0.46412,0.36364,0.38842,0.17573,0.2751,0.11364,0.09279,0.02941,1.88804,1.5436,1.86556,2.28776,0,0.0012674,0.0012674,0.0012674
372,2046.5,1.35015,1.8644,1.07761,1.58233,0,0.41956,0.40909,0.40533,0.20686,0.32354,0.11364,0.09959,0.02678,1.84848,1.57116,1.81804,2.2658,0,0.00126542,0.00126542,0.00126542
373,2051.82,1.35615,1.91816,1.06484,1.5957,0,0.3736,0.42032,0.40945,0.20952,0.26987,0.11364,0.09983,0.0281,1.87297,1.6016,1.74067,2.2361,0,0.00126344,0.00126344,0.00126344
374,2057.33,1.36728,1.87672,1.06112,1.54592,0,0.3736,0.42032,0.40945,0.20952,0.26987,0.11364,0.09983,0.0281,1.87297,1.6016,1.74067,2.2361,0,0.00126146,0.00126146,0.00126146
375,2062.77,1.29177,1.83945,1.02468,1.52172,0,0.32493,0.44859,0.4064,0.21683,0.11385,0.25,0.09159,0.02642,1.94409,1.61318,1.71552,2.27849,0,0.00125948,0.00125948,0.00125948
376,2068.49,1.35814,1.8264,1.03423,1.56326,0,0.47004,0.31818,0.381,0.20832,0.19735,0.13636,0.11019,0.0302,1.94816,1.57942,1.7299,2.26695,0,0.0012575,0.0012575,0.0012575
377,2073.96,1.30794,1.82171,1.04863,1.53281,0,0.49969,0.34091,0.44082,0.22286,0.18576,0.13636,0.11876,0.03285,1.95761,1.56015,1.7824,2.26127,0,0.00125552,0.00125552,0.00125552
378,2079.74,1.33394,1.90703,1.06082,1.58196,0,0.50616,0.36364,0.41617,0.2431,0.22347,0.15909,0.11955,0.02776,1.92602,1.54136,1.78131,2.23984,0,0.00125354,0.00125354,0.00125354
379,2085.19,1.3857,1.88969,1.10055,1.58864,0,0.50616,0.36364,0.41617,0.2431,0.22347,0.15909,0.11955,0.02776,1.92602,1.54136,1.78131,2.23984,0,0.00125156,0.00125156,0.00125156
380,2090.77,1.38294,1.88524,1.09232,1.60285,0,0.44656,0.34857,0.40626,0.2303,0.15274,0.20455,0.11937,0.02672,1.94699,1.55736,1.83198,2.26943,0,0.00124958,0.00124958,0.00124958
381,2096.21,1.3682,1.9139,1.1231,1.58915,0,0.51665,0.38876,0.43604,0.23253,0.21282,0.15909,0.1117,0.02353,1.94945,1.57006,1.78754,2.27814,0,0.0012476,0.0012476,0.0012476
382,2101.72,1.28607,1.86618,1.05191,1.56235,0,0.49925,0.43182,0.45384,0.23574,0.20593,0.20455,0.11542,0.02456,1.95581,1.56417,1.81935,2.25558,0,0.00124562,0.00124562,0.00124562
383,2107.24,1.32421,1.83969,1.06749,1.56092,0,0.39393,0.36941,0.4108,0.21621,0.18561,0.20455,0.11476,0.02686,1.95385,1.53989,1.86826,2.24764,0,0.00124364,0.00124364,0.00124364
384,2112.77,1.34874,1.85381,1.03908,1.58228,0,0.39393,0.36941,0.4108,0.21621,0.18561,0.20455,0.11476,0.02686,1.95385,1.53989,1.86826,2.24764,0,0.00124166,0.00124166,0.00124166
385,2118.47,1.33454,1.85676,1.0722,1.57958,0,0.38582,0.40909,0.37271,0.1857,0.12906,0.20455,0.10073,0.02255,1.94313,1.54254,1.91187,2.2425,0,0.00123968,0.00123968,0.00123968
386,2123.93,1.27886,1.86326,1.07066,1.57488,0,0.43787,0.38955,0.36399,0.1799,0.15559,0.20455,0.1023,0.02563,1.96063,1.5448,1.93342,2.28019,0,0.0012377,0.0012377,0.0012377
387,2129.41,1.32975,1.91676,1.04499,1.56509,0,0.47041,0.40909,0.39674,0.19881,0.21297,0.16619,0.10945,0.02846,1.98993,1.55714,1.97195,2.3212,0,0.00123572,0.00123572,0.00123572
388,2134.93,1.32075,1.86256,1.04715,1.54942,0,0.53392,0.40909,0.38761,0.19336,0.25817,0.18182,0.1059,0.02545,2.02623,1.55136,2.00787,2.34535,0,0.00123374,0.00123374,0.00123374
389,2140.49,1.3002,1.73393,1.00065,1.55717,0,0.48421,0.47727,0.4024,0.18867,0.17848,0.15909,0.09056,0.02321,2.04429,1.5283,2.01411,2.34661,0,0.00123176,0.00123176,0.00123176
390,2146.01,1.32146,1.75425,1.02649,1.5521,0,0.48421,0.47727,0.4024,0.18867,0.17848,0.15909,0.09056,0.02321,2.04429,1.5283,2.01411,2.34661,0,0.00122978,0.00122978,0.00122978
391,2151.49,1.29644,1.69024,0.99076,1.55737,0,0.54391,0.5,0.46996,0.22705,0.18448,0.15909,0.09593,0.02799,2.02487,1.5163,1.97724,2.32477,0,0.0012278,0.0012278,0.0012278
392,2157.04,1.3583,1.91288,1.0793,1.57683,0,0.54316,0.45946,0.48519,0.23704,0.29023,0.11364,0.10586,0.0336,2.02585,1.5252,1.9102,2.28541,0,0.00122582,0.00122582,0.00122582
393,2162.46,1.38931,2.00228,1.12612,1.62142,0,0.59556,0.45455,0.52299,0.25023,0.23321,0.11364,0.09589,0.03496,1.96257,1.52428,1.79386,2.22905,0,0.00122384,0.00122384,0.00122384
394,2168.04,1.26831,1.87199,1.00468,1.48496,0,0.51164,0.45455,0.51142,0.25337,0.22147,0.13636,0.1064,0.02959,1.93195,1.54665,1.7074,2.2061,0,0.00122186,0.00122186,0.00122186
395,2173.5,1.31775,1.84069,1.03336,1.54321,0,0.51164,0.45455,0.51142,0.25337,0.22147,0.13636,0.1064,0.02959,1.93195,1.54665,1.7074,2.2061,0,0.00121988,0.00121988,0.00121988
396,2178.84,1.28851,1.77254,1.01199,1.57411,0,0.48286,0.53062,0.49219,0.22882,0.22968,0.22727,0.12229,0.0356,1.98094,1.58578,1.72843,2.26878,0,0.0012179,0.0012179,0.0012179
397,2184.27,1.37804,1.91983,1.12426,1.5948,0,0.47554,0.5,0.44096,0.22255,0.23418,0.18182,0.1146,0.03146,1.99386,1.59282,1.77257,2.33172,0,0.00121592,0.00121592,0.00121592
398,2189.84,1.32684,1.81548,1.03036,1.5273,0,0.41556,0.50097,0.43334,0.20737,0.22505,0.20455,0.10164,0.02556,2.05682,1.59819,1.78434,2.40514,0,0.00121394,0.00121394,0.00121394
399,2195.37,1.29015,1.77629,1.01475,1.5642,0,0.45809,0.54545,0.44692,0.2103,0.26402,0.26911,0.12356,0.02837,2.08599,1.58775,1.85139,2.39849,0,0.00121196,0.00121196,0.00121196
400,2200.74,1.32497,1.90782,1.06806,1.58196,0,0.45809,0.54545,0.44692,0.2103,0.26402,0.26911,0.12356,0.02837,2.08599,1.58775,1.85139,2.39849,0,0.00120998,0.00120998,0.00120998
401,2206.12,1.362,1.84506,1.10915,1.54282,0,0.34655,0.54545,0.37724,0.19081,0.19642,0.20455,0.09161,0.02346,2.03367,1.57841,1.98028,2.33008,0,0.001208,0.001208,0.001208
402,2211.56,1.29115,1.74033,0.9767,1.52885,0,0.33562,0.45455,0.36207,0.18817,0.1427,0.15909,0.07851,0.02376,1.9458,1.56792,1.97424,2.29356,0,0.00120602,0.00120602,0.00120602
403,2217.05,1.30059,1.8378,1.02843,1.56358,0,0.31379,0.70455,0.40252,0.199,0.27878,0.11364,0.08874,0.02563,1.89762,1.55226,1.93454,2.29775,0,0.00120404,0.00120404,0.00120404
404,2222.54,1.29706,1.77467,1.05091,1.5376,0,0.281,0.63636,0.34619,0.16401,0.27753,0.11364,0.08658,0.02489,1.88784,1.55461,1.91655,2.26371,0,0.00120206,0.00120206,0.00120206
405,2227.98,1.26678,1.84053,0.99962,1.51314,0,0.30171,0.54545,0.33818,0.17406,0.18971,0.11364,0.07113,0.0185,1.91138,1.56265,1.95623,2.25162,0,0.00120008,0.00120008,0.00120008
406,2233.4,1.30373,1.7813,1.02126,1.5512,0,0.30171,0.54545,0.33818,0.17406,0.18971,0.11364,0.07113,0.0185,1.91138,1.56265,1.95623,2.25162,0,0.0011981,0.0011981,0.0011981
407,2238.75,1.40965,1.94499,1.17181,1.63012,0,0.34001,0.5,0.4074,0.18823,0.20054,0.09091,0.06818,0.02338,1.93101,1.56596,1.86284,2.25488,0,0.00119612,0.00119612,0.00119612
408,2244.26,1.2785,1.75477,0.98533,1.51253,0,0.42326,0.48379,0.41846,0.21021,0.10303,0.13636,0.0634,0.02355,1.87827,1.56589,1.88398,2.24723,0,0.00119414,0.00119414,0.00119414
409,2249.68,1.28302,1.78282,1.00901,1.55474,0,0.5175,0.36364,0.43002,0.2055,0.26757,0.11364,0.08927,0.02594,1.89694,1.56656,1.76815,2.2284,0,0.00119216,0.00119216,0.00119216
410,2255.18,1.3023,1.73612,1.0092,1.52229,0,0.42826,0.56818,0.4907,0.24481,0.3621,0.11364,0.08945,0.02997,1.87676,1.58308,1.69766,2.20267,0,0.00119018,0.00119018,0.00119018
411,2260.58,1.20852,1.77702,0.95958,1.51702,0,0.42826,0.56818,0.4907,0.24481,0.3621,0.11364,0.08945,0.02997,1.87676,1.58308,1.69766,2.20267,0,0.0011882,0.0011882,0.0011882
412,2266.17,1.24889,1.76939,0.97952,1.52317,0,0.38484,0.5,0.45449,0.2402,0.21225,0.13636,0.09659,0.03016,1.88487,1.56665,1.65134,2.18102,0,0.00118622,0.00118622,0.00118622
413,2271.63,1.29589,1.81528,1.00662,1.55563,0,0.37594,0.54545,0.47011,0.22639,0.15562,0.20455,0.09583,0.02844,1.97834,1.5326,1.66318,2.23673,0,0.00118424,0.00118424,0.00118424
414,2277.03,1.28099,1.75472,0.99293,1.51024,0,0.37546,0.59091,0.50551,0.24711,0.15106,0.22727,0.09212,0.02493,1.93356,1.52402,1.60558,2.18785,0,0.00118226,0.00118226,0.00118226
415,2282.5,1.33933,1.85984,1.04768,1.54949,0,0.56283,0.40909,0.51493,0.24659,0.12786,0.22727,0.09407,0.02459,1.93314,1.53981,1.60002,2.19644,0,0.00118028,0.00118028,0.00118028
416,2287.91,1.24251,1.76387,0.96596,1.53122,0,0.56283,0.40909,0.51493,0.24659,0.12786,0.22727,0.09407,0.02459,1.93314,1.53981,1.60002,2.19644,0,0.0011783,0.0011783,0.0011783
417,2293.33,1.25929,1.78352,0.98961,1.55406,0,0.49965,0.38636,0.50859,0.23425,0.10083,0.29545,0.10699,0.02795,1.9751,1.53052,1.68387,2.24308,0,0.00117632,0.00117632,0.00117632
418,2298.89,1.25995,1.74722,0.99066,1.53611,0,0.52608,0.36364,0.46207,0.19924,0.18776,0.13636,0.10799,0.0311,2.01394,1.52543,1.87503,2.28738,0,0.00117434,0.00117434,0.00117434
419,2304.41,1.26603,1.71979,0.93916,1.52045,0,0.4065,0.38636,0.36923,0.18619,0.09753,0.25,0.09674,0.02421,1.93601,1.56525,1.91083,2.25513,0,0.00117236,0.00117236,0.00117236
420,2309.84,1.27869,1.7014,0.99674,1.48855,0,0.34834,0.38636,0.34487,0.18357,0.22903,0.09091,0.07974,0.0171,1.80974,1.59641,2.00289,2.20593,0,0.00117038,0.00117038,0.00117038
421,2315.29,1.26051,1.71373,0.9882,1.50722,0,0.36918,0.5,0.376,0.18757,0.14698,0.18182,0.08579,0.01841,1.81677,1.56264,1.87244,2.20377,0,0.0011684,0.0011684,0.0011684
422,2320.71,1.31069,1.79092,1.04093,1.51263,0,0.36918,0.5,0.376,0.18757,0.14698,0.18182,0.08579,0.01841,1.81677,1.56264,1.87244,2.20377,0,0.00116642,0.00116642,0.00116642
423,2326.23,1.30514,1.75377,1.04702,1.5644,0,0.50974,0.31818,0.37302,0.19535,0.13339,0.18182,0.09562,0.01959,1.94609,1.54376,1.8888,2.25548,0,0.00116444,0.00116444,0.00116444
424,2331.56,1.30782,1.75308,1.0156,1.50755,0,0.53991,0.29545,0.38988,0.18012,0.20263,0.27273,0.12024,0.02615,1.99796,1.53656,1.97194,2.30684,0,0.00116246,0.00116246,0.00116246
425,2337.02,1.30808,1.88367,1.00532,1.53112,0,0.46571,0.41614,0.41413,0.18009,0.1808,0.27273,0.12223,0.02323,1.98316,1.52162,1.99655,2.32104,0,0.00116048,0.00116048,0.00116048
426,2342.54,1.25528,1.77082,1.01638,1.52711,0,0.48739,0.38636,0.41007,0.18935,0.21731,0.22727,0.13375,0.02657,2.02547,1.52668,1.98813,2.32909,0,0.0011585,0.0011585,0.0011585
427,2347.95,1.25266,1.72963,0.99078,1.50407,0,0.48739,0.38636,0.41007,0.18935,0.21731,0.22727,0.13375,0.02657,2.02547,1.52668,1.98813,2.32909,0,0.00115652,0.00115652,0.00115652
428,2353.37,1.28534,1.77843,0.99364,1.5531,0,0.51863,0.43182,0.43746,0.22728,0.17793,0.27273,0.11569,0.02079,1.94954,1.51786,1.87348,2.25667,0,0.00115454,0.00115454,0.00115454
429,2358.93,1.22176,1.68099,0.96002,1.49147,0,0.62161,0.47727,0.50051,0.24898,0.16516,0.27273,0.12916,0.02812,1.91072,1.52484,1.81165,2.21526,0,0.00115256,0.00115256,0.00115256
430,2364.38,1.21436,1.72671,0.94226,1.47507,0,0.65374,0.40909,0.48826,0.26448,0.12611,0.25,0.11195,0.02709,1.90685,1.55328,1.77077,2.23025,0,0.00115058,0.00115058,0.00115058
431,2369.95,1.23632,1.76796,0.96553,1.5058,0,0.60192,0.45455,0.5519,0.27461,0.1611,0.34091,0.14247,0.03194,1.90217,1.56225,1.64151,2.26206,0,0.0011486,0.0011486,0.0011486
432,2375.52,1.24744,1.71329,0.97804,1.50654,0,0.60192,0.45455,0.5519,0.27461,0.1611,0.34091,0.14247,0.03194,1.90217,1.56225,1.64151,2.26206,0,0.00114662,0.00114662,0.00114662
433,2381,1.28568,1.74163,1.01674,1.54285,0,0.61248,0.36364,0.49976,0.25395,0.19294,0.22727,0.12936,0.02959,1.8894,1.56445,1.64226,2.22338,0,0.00114464,0.00114464,0.00114464
434,2386.44,1.32001,1.78496,1.03874,1.5865,0,0.70785,0.36364,0.49297,0.24976,0.15783,0.25,0.10207,0.02079,1.97867,1.55648,1.70161,2.26864,0,0.00114266,0.00114266,0.00114266
435,2391.92,1.30141,1.73613,0.99839,1.50838,0,0.58603,0.36364,0.46287,0.22601,0.13235,0.27273,0.08819,0.01905,2.00303,1.58331,1.84029,2.28904,0,0.00114068,0.00114068,0.00114068
436,2397.37,1.20214,1.72211,0.95269,1.49252,0,0.5648,0.40909,0.47627,0.2234,0.14798,0.29545,0.08494,0.01861,1.98628,1.58614,1.81585,2.268,0,0.0011387,0.0011387,0.0011387
437,2402.73,1.23607,1.74692,0.94077,1.46766,0,0.6099,0.45455,0.51134,0.24457,0.14535,0.25,0.08336,0.01843,1.91453,1.5929,1.7259,2.23988,0,0.00113672,0.00113672,0.00113672
438,2408.25,1.21359,1.72803,0.93019,1.47783,0,0.6099,0.45455,0.51134,0.24457,0.14535,0.25,0.08336,0.01843,1.91453,1.5929,1.7259,2.23988,0,0.00113474,0.00113474,0.00113474
439,2413.73,1.21893,1.78901,0.95236,1.4755,0,0.45976,0.5,0.51569,0.2435,0.16308,0.29545,0.07201,0.01828,1.95084,1.60166,1.7319,2.26983,0,0.00113276,0.00113276,0.00113276
440,2419.32,1.20634,1.71734,0.90067,1.4381,0,0.51714,0.47727,0.51426,0.25118,0.16922,0.29545,0.10158,0.02136,1.95022,1.60331,1.64993,2.24172,0,0.00113078,0.00113078,0.00113078
441,2424.79,1.24832,1.82722,0.98222,1.50538,0,0.57586,0.43182,0.49532,0.25659,0.18007,0.29545,0.12471,0.0301,1.94573,1.60574,1.6037,2.24772,0,0.0011288,0.0011288,0.0011288
442,2430.32,1.27195,1.69144,0.99541,1.54347,0,0.5213,0.43182,0.51485,0.27575,0.16566,0.29545,0.11982,0.02917,1.91803,1.59266,1.67152,2.23417,0,0.00112682,0.00112682,0.00112682
443,2435.86,1.2483,1.76799,0.96993,1.49071,0,0.5213,0.43182,0.51485,0.27575,0.16566,0.29545,0.11982,0.02917,1.91803,1.59266,1.67152,2.23417,0,0.00112484,0.00112484,0.00112484
444,2441.33,1.17573,1.69913,0.92399,1.43645,0,0.43243,0.47727,0.50487,0.27935,0.27415,0.15909,0.11224,0.02354,1.90564,1.57982,1.79787,2.24163,0,0.00112286,0.00112286,0.00112286
445,2446.85,1.2083,1.75616,0.93093,1.47725,0,0.40498,0.47727,0.46634,0.2572,0.17404,0.25,0.11216,0.02729,1.85269,1.5711,1.85495,2.20106,0,0.00112088,0.00112088,0.00112088
446,2452.41,1.28706,1.73975,0.96969,1.51879,0,0.42954,0.40909,0.46701,0.25289,0.17023,0.20455,0.09406,0.02581,1.85384,1.56823,1.82376,2.18956,0,0.0011189,0.0011189,0.0011189
447,2457.99,1.29876,1.85534,0.95678,1.49894,0,0.47663,0.38636,0.44461,0.25514,0.15185,0.27273,0.09828,0.02563,1.8624,1.56988,1.81046,2.1729,0,0.00111692,0.00111692,0.00111692
448,2463.48,1.24107,1.77724,0.96569,1.48643,0,0.47663,0.38636,0.44461,0.25514,0.15185,0.27273,0.09828,0.02563,1.8624,1.56988,1.81046,2.1729,0,0.00111494,0.00111494,0.00111494
449,2468.97,1.2325,1.70685,0.95631,1.46529,0,0.5127,0.40909,0.50359,0.27498,0.18064,0.27273,0.10646,0.02922,1.89342,1.57977,1.68847,2.17319,0,0.00111296,0.00111296,0.00111296
450,2474.59,1.24054,1.76484,0.96828,1.50691,0,0.5774,0.43182,0.48765,0.24749,0.24016,0.20455,0.11583,0.0329,1.94147,1.58424,1.6294,2.22269,0,0.00111098,0.00111098,0.00111098
451,2480.03,1.26763,1.7546,0.99375,1.51935,0,0.49707,0.47727,0.47787,0.24853,0.23058,0.25,0.11952,0.03311,1.94314,1.58432,1.60235,2.25092,0,0.001109,0.001109,0.001109
452,2485.52,1.19376,1.7494,0.92066,1.49845,0,0.60216,0.47727,0.54711,0.28903,0.18241,0.27273,0.10543,0.02794,1.93352,1.57686,1.61535,2.25927,0,0.00110702,0.00110702,0.00110702
453,2490.96,1.2923,1.78086,0.96886,1.50992,0,0.58419,0.479,0.54597,0.28464,0.25163,0.15909,0.10259,0.02969,1.89627,1.54768,1.65418,2.23519,0,0.00110504,0.00110504,0.00110504
454,2496.49,1.17205,1.68122,0.8919,1.44064,0,0.58419,0.479,0.54597,0.28464,0.25163,0.15909,0.10259,0.02969,1.89627,1.54768,1.65418,2.23519,0,0.00110306,0.00110306,0.00110306
455,2501.93,1.18936,1.73082,0.92876,1.44857,0,0.60556,0.40909,0.49078,0.25073,0.18235,0.18182,0.10774,0.02831,1.87794,1.53653,1.71994,2.20467,0,0.00110108,0.00110108,0.00110108
456,2507.55,1.23484,1.73849,0.92683,1.47803,0,0.44733,0.45455,0.4492,0.23343,0.13166,0.20455,0.1042,0.02789,1.88001,1.53842,1.86798,2.22953,0,0.0010991,0.0010991,0.0010991
457,2513.06,1.31163,1.80958,0.99837,1.53364,0,0.45249,0.38636,0.39592,0.20647,0.17496,0.20455,0.0956,0.02479,1.9407,1.55093,1.92822,2.30444,0,0.00109712,0.00109712,0.00109712
458,2518.59,1.22655,1.78399,0.92926,1.486,0,0.50176,0.41206,0.39605,0.20715,0.24421,0.22727,0.10242,0.02786,1.97385,1.53559,1.95446,2.34621,0,0.00109514,0.00109514,0.00109514
459,2524.11,1.20836,1.67161,0.91425,1.42966,0,0.50176,0.41206,0.39605,0.20715,0.24421,0.22727,0.10242,0.02786,1.97385,1.53559,1.95446,2.34621,0,0.00109316,0.00109316,0.00109316
460,2529.55,1.25122,1.68937,0.93902,1.48722,0,0.65264,0.38438,0.43627,0.21973,0.2618,0.25,0.09852,0.02309,1.96002,1.53969,1.92703,2.2948,0,0.00109118,0.00109118,0.00109118
461,2534.97,1.22852,1.65293,0.93779,1.48364,0,0.52466,0.38636,0.42399,0.21903,0.26936,0.20455,0.11949,0.02964,1.92857,1.54601,1.85799,2.26018,0,0.0010892,0.0010892,0.0010892
462,2540.51,1.246,1.77328,0.94832,1.4995,0,0.50835,0.36364,0.47362,0.2337,0.30141,0.22727,0.13145,0.0332,1.98201,1.54818,1.79327,2.32839,0,0.00108722,0.00108722,0.00108722
463,2545.93,1.27447,1.71301,0.9515,1.4896,0,0.68935,0.40363,0.52874,0.26167,0.41348,0.22727,0.15927,0.04189,1.99513,1.54294,1.70623,2.30162,0,0.00108524,0.00108524,0.00108524
464,2551.51,1.2308,1.78216,0.91841,1.47821,0,0.68935,0.40363,0.52874,0.26167,0.41348,0.22727,0.15927,0.04189,1.99513,1.54294,1.70623,2.30162,0,0.00108326,0.00108326,0.00108326
465,2556.92,1.2294,1.77697,0.95005,1.47027,0,0.59394,0.46556,0.53842,0.25536,0.27428,0.22727,0.14439,0.03345,1.93819,1.54771,1.60355,2.24632,0,0.00108128,0.00108128,0.00108128
466,2562.49,1.26111,1.66058,0.92084,1.4935,0,0.62696,0.40909,0.50392,0.2306,0.18737,0.27273,0.13892,0.03118,1.98263,1.55768,1.58874,2.2812,0,0.0010793,0.0010793,0.0010793
467,2567.98,1.22946,1.75524,0.94363,1.48848,0,0.52041,0.45455,0.5044,0.24719,0.20044,0.29545,0.13963,0.02775,1.91834,1.52991,1.60388,2.24903,0,0.00107732,0.00107732,0.00107732
468,2573.46,1.18959,1.66614,0.92152,1.47483,0,0.57326,0.40909,0.49049,0.24631,0.15553,0.29545,0.11455,0.02737,1.86184,1.51597,1.71477,2.2148,0,0.00107534,0.00107534,0.00107534
469,2578.89,1.13334,1.63463,0.87483,1.42388,0,0.53064,0.43691,0.5073,0.24442,0.14845,0.15909,0.07316,0.02287,1.9208,1.52986,1.86474,2.25456,0,0.00107336,0.00107336,0.00107336
470,2584.29,1.23358,1.72196,0.91449,1.48318,0,0.53064,0.43691,0.5073,0.24442,0.14845,0.15909,0.07316,0.02287,1.9208,1.52986,1.86474,2.25456,0,0.00107138,0.00107138,0.00107138
471,2589.71,1.19682,1.71693,0.91764,1.44903,0,0.70707,0.40909,0.52619,0.27206,0.16327,0.11364,0.0646,0.02035,1.88046,1.55369,1.85858,2.28539,0,0.0010694,0.0010694,0.0010694
472,2595.15,1.21646,1.71049,0.92584,1.44536,0,0.56556,0.47727,0.52346,0.27186,0.10725,0.20455,0.0886,0.02439,1.8667,1.54194,1.72989,2.25974,0,0.00106742,0.00106742,0.00106742
473,2600.84,1.14842,1.63681,0.8779,1.40738,0,0.73824,0.44885,0.49527,0.26843,0.21852,0.15909,0.11391,0.03085,1.95341,1.52246,1.64709,2.34405,0,0.00106544,0.00106544,0.00106544
474,2606.17,1.1778,1.66115,0.86051,1.45951,0,0.60018,0.40909,0.465,0.24167,0.13555,0.29545,0.13848,0.0354,1.99377,1.51146,1.6552,2.37973,0,0.00106346,0.00106346,0.00106346
475,2611.67,1.22939,1.74331,0.96337,1.50476,0,0.60018,0.40909,0.465,0.24167,0.13555,0.29545,0.13848,0.0354,1.99377,1.51146,1.6552,2.37973,0,0.00106148,0.00106148,0.00106148
476,2617.13,1.20429,1.72734,0.90512,1.4434,0,0.51792,0.43182,0.5075,0.251,0.14348,0.31818,0.13419,0.03411,1.97387,1.52345,1.65275,2.34263,0,0.0010595,0.0010595,0.0010595
477,2622.69,1.28347,1.81611,0.96717,1.49214,0,0.50218,0.54545,0.52621,0.26067,0.17582,0.20455,0.13273,0.03346,1.94561,1.54011,1.6772,2.32287,0,0.00105752,0.00105752,0.00105752
478,2628.23,1.1892,1.72818,0.88532,1.42079,0,0.64594,0.40909,0.54957,0.26762,0.25849,0.18182,0.14156,0.03579,1.93647,1.56083,1.72257,2.30699,0,0.00105554,0.00105554,0.00105554
479,2633.83,1.21582,1.69126,0.88182,1.44748,0,0.70042,0.36364,0.5221,0.2503,0.23696,0.22727,0.13233,0.03274,1.94174,1.54999,1.74191,2.33678,0,0.00105356,0.00105356,0.00105356
480,2639.28,1.238,1.77077,0.91165,1.48215,0,0.70042,0.36364,0.5221,0.2503,0.23696,0.22727,0.13233,0.03274,1.94174,1.54999,1.74191,2.33678,0,0.00105158,0.00105158,0.00105158
481,2644.75,1.16729,1.65446,0.9088,1.44548,0,0.58154,0.43182,0.47888,0.23082,0.21063,0.20455,0.12323,0.02747,1.96879,1.53805,1.78024,2.34179,0,0.0010496,0.0010496,0.0010496
482,2650.27,1.17836,1.64879,0.8787,1.40869,0,0.49365,0.47727,0.48656,0.22523,0.18179,0.18182,0.10778,0.02724,2.00685,1.55967,1.79767,2.36223,0,0.00104762,0.00104762,0.00104762
483,2655.68,1.13009,1.62276,0.8542,1.4143,0,0.50281,0.45455,0.49938,0.22339,0.16772,0.22727,0.10417,0.01952,2.00965,1.59966,1.75079,2.34232,0,0.00104564,0.00104564,0.00104564
484,2661.12,1.13656,1.676,0.87011,1.39537,0,0.43457,0.5,0.50558,0.23781,0.13869,0.20455,0.09495,0.0197,1.94176,1.64428,1.71068,2.26573,0,0.00104366,0.00104366,0.00104366
485,2666.71,1.22455,1.7137,0.92551,1.43477,0,0.47728,0.43182,0.48799,0.23158,0.11861,0.22727,0.09104,0.01945,1.96387,1.66346,1.72285,2.2845,0,0.00104168,0.00104168,0.00104168
486,2672.09,1.24152,1.7146,0.92162,1.43858,0,0.47728,0.43182,0.48799,0.23158,0.11861,0.22727,0.09104,0.01945,1.96387,1.66346,1.72285,2.2845,0,0.0010397,0.0010397,0.0010397
487,2677.63,1.21316,1.71084,0.89761,1.4319,0,0.5414,0.43182,0.52552,0.24839,0.11564,0.22727,0.11199,0.0271,1.92593,1.61072,1.67253,2.24734,0,0.00103772,0.00103772,0.00103772
488,2683.07,1.18121,1.68603,0.9419,1.45798,0,0.5684,0.38918,0.51836,0.26682,0.47387,0.11364,0.13562,0.03481,1.90351,1.54566,1.59873,2.24087,0,0.00103574,0.00103574,0.00103574
489,2688.51,1.23393,1.76866,0.93522,1.45336,0,0.48955,0.5,0.54865,0.30475,0.67747,0.13636,0.15531,0.04074,1.84842,1.49034,1.57921,2.19514,0,0.00103376,0.00103376,0.00103376
490,2694.05,1.17187,1.67787,0.93024,1.4476,0,0.62771,0.43182,0.53561,0.28244,0.6628,0.13636,0.1626,0.03969,1.85032,1.47923,1.65011,2.17758,0,0.00103178,0.00103178,0.00103178
491,2699.54,1.17996,1.68842,0.95054,1.44841,0,0.62771,0.43182,0.53561,0.28244,0.6628,0.13636,0.1626,0.03969,1.85032,1.47923,1.65011,2.17758,0,0.0010298,0.0010298,0.0010298
492,2704.85,1.22084,1.69772,0.95342,1.45089,0,0.57278,0.45455,0.5145,0.25912,0.40994,0.13636,0.14149,0.03497,1.85315,1.48841,1.70107,2.2109,0,0.00102782,0.00102782,0.00102782
493,2710.37,1.17996,1.68584,0.91352,1.43708,0,0.63342,0.45455,0.53746,0.25496,0.3098,0.18182,0.15557,0.02927,1.86601,1.51208,1.74845,2.22836,0,0.00102584,0.00102584,0.00102584
494,2715.79,1.1475,1.67993,0.87243,1.42349,0,0.64847,0.45455,0.53948,0.25299,0.34476,0.22727,0.17554,0.02827,1.92374,1.54061,1.77792,2.25422,0,0.00102386,0.00102386,0.00102386
495,2721.23,1.20044,1.73075,0.91458,1.43467,0,0.66818,0.45774,0.54486,0.27417,0.37218,0.20455,0.1539,0.02645,1.90641,1.55695,1.73495,2.22917,0,0.00102188,0.00102188,0.00102188
496,2726.58,1.17776,1.65191,0.88844,1.43657,0,0.66818,0.45774,0.54486,0.27417,0.37218,0.20455,0.1539,0.02645,1.90641,1.55695,1.73495,2.22917,0,0.0010199,0.0010199,0.0010199
497,2731.94,1.19926,1.74266,0.9103,1.45033,0,0.62885,0.50062,0.56382,0.31605,0.31875,0.18182,0.13474,0.03195,1.84575,1.5573,1.62476,2.19533,0,0.00101792,0.00101792,0.00101792
498,2737.5,1.22001,1.7604,0.95881,1.50348,0,0.58463,0.4799,0.55204,0.29825,0.38531,0.18182,0.14389,0.0316,1.87764,1.55053,1.63377,2.23408,0,0.00101594,0.00101594,0.00101594
499,2742.93,1.12481,1.64352,0.82314,1.39225,0,0.74589,0.40909,0.53239,0.27278,0.32887,0.20455,0.13804,0.03407,1.86413,1.57013,1.66048,2.23933,0,0.00101396,0.00101396,0.00101396
500,2748.42,1.17363,1.69417,0.89621,1.43319,0,0.75392,0.38636,0.51522,0.26241,0.24126,0.1807,0.11067,0.02876,1.89441,1.57177,1.66935,2.26571,0,0.00101198,0.00101198,0.00101198
501,2753.81,1.15481,1.67753,0.86102,1.42918,0,0.63016,0.40909,0.51583,0.25462,0.20039,0.15909,0.11692,0.02691,1.94537,1.58155,1.69665,2.29775,0,0.00101,0.00101,0.00101
502,2759.14,1.16613,1.66038,0.9139,1.45962,0,0.63016,0.40909,0.51583,0.25462,0.20039,0.15909,0.11692,0.02691,1.94537,1.58155,1.69665,2.29775,0,0.00100802,0.00100802,0.00100802
503,2764.58,1.21106,1.65106,0.89422,1.44407,0,0.80914,0.38636,0.55028,0.27513,0.17588,0.15909,0.10815,0.02905,1.95748,1.56874,1.66954,2.28539,0,0.00100604,0.00100604,0.00100604
504,2770.18,1.18687,1.64866,0.87644,1.42095,0,0.6907,0.38636,0.55798,0.28178,0.16317,0.15909,0.10733,0.02702,1.91343,1.56737,1.6171,2.24306,0,0.00100406,0.00100406,0.00100406
505,2775.71,1.18563,1.66038,0.87109,1.41237,0,0.7159,0.45826,0.57766,0.3157,0.31737,0.15909,0.1248,0.03192,1.80686,1.57866,1.52947,2.1689,0,0.00100208,0.00100208,0.00100208
506,2781.2,1.13666,1.61098,0.84899,1.40785,0,0.58715,0.47727,0.54027,0.29158,0.31586,0.13636,0.12983,0.03704,1.72376,1.56091,1.57351,2.09889,0,0.0010001,0.0010001,0.0010001
507,2786.75,1.15548,1.68792,0.89603,1.41817,0,0.58715,0.47727,0.54027,0.29158,0.31586,0.13636,0.12983,0.03704,1.72376,1.56091,1.57351,2.09889,0,0.00099812,0.00099812,0.00099812
508,2792.22,1.13656,1.69749,0.87301,1.39837,0,0.73185,0.49634,0.56275,0.31085,0.17368,0.22727,0.12954,0.03843,1.7654,1.54034,1.63237,2.12691,0,0.00099614,0.00099614,0.00099614
509,2797.87,1.15001,1.66707,0.8809,1.39813,0,0.63694,0.47727,0.53966,0.30093,0.263,0.25,0.14389,0.03176,1.83183,1.52811,1.65787,2.17804,0,0.00099416,0.00099416,0.00099416
510,2803.34,1.14609,1.63433,0.87528,1.38515,0,0.70008,0.43182,0.52832,0.29527,0.24921,0.31818,0.13946,0.03531,1.84883,1.52068,1.63058,2.19338,0,0.00099218,0.00099218,0.00099218
511,2808.92,1.14834,1.64044,0.82922,1.4228,0,0.58936,0.47727,0.5304,0.29478,0.27438,0.22727,0.1327,0.02844,1.76826,1.53008,1.5822,2.15034,0,0.0009902,0.0009902,0.0009902
512,2814.47,1.19654,1.71192,0.90464,1.44997,0,0.58936,0.47727,0.5304,0.29478,0.27438,0.22727,0.1327,0.02844,1.76826,1.53008,1.5822,2.15034,0,0.00098822,0.00098822,0.00098822
513,2819.92,1.0916,1.57433,0.82086,1.36713,0,0.64075,0.5,0.53929,0.28692,0.31316,0.25,0.13373,0.03092,1.73693,1.53911,1.58173,2.14096,0,0.00098624,0.00098624,0.00098624
514,2825.41,1.124,1.73207,0.85585,1.42361,0,0.63516,0.45455,0.54834,0.28742,0.23379,0.25,0.12798,0.02877,1.76181,1.55177,1.57029,2.19439,0,0.00098426,0.00098426,0.00098426
515,2830.96,1.16777,1.73516,0.88166,1.44378,0,0.52004,0.52273,0.53239,0.27638,0.24725,0.25,0.1226,0.02854,1.83982,1.5798,1.57065,2.2539,0,0.00098228,0.00098228,0.00098228
516,2836.73,1.20204,1.71389,0.8943,1.47837,0,0.66551,0.47727,0.56424,0.29218,0.29494,0.20455,0.11902,0.02497,1.89248,1.60224,1.60262,2.28254,0,0.0009803,0.0009803,0.0009803
517,2842.23,1.19744,1.66451,0.88757,1.4387,0,0.65627,0.52273,0.59537,0.30215,0.29802,0.27273,0.16296,0.03609,1.87543,1.57586,1.53073,2.25333,0,0.00097832,0.00097832,0.00097832
518,2847.69,1.13594,1.59758,0.8647,1.39455,0,0.65627,0.52273,0.59537,0.30215,0.29802,0.27273,0.16296,0.03609,1.87543,1.57586,1.53073,2.25333,0,0.00097634,0.00097634,0.00097634
519,2853.24,1.1211,1.57041,0.83919,1.38448,0,0.68044,0.56818,0.60934,0.32107,0.34779,0.29545,0.17308,0.03086,1.79571,1.55859,1.49136,2.1727,0,0.00097436,0.00097436,0.00097436
520,2858.79,1.18083,1.64442,0.88127,1.40023,0,0.71111,0.52273,0.62957,0.35239,0.34779,0.27273,0.15625,0.02964,1.71947,1.55688,1.44172,2.10317,0,0.00097238,0.00097238,0.00097238
521,2864.43,1.17486,1.72499,0.87168,1.4468,0,0.67219,0.52273,0.60769,0.33391,0.26475,0.20455,0.12244,0.02959,1.76129,1.54292,1.48217,2.11062,0,0.0009704,0.0009704,0.0009704
522,2869.89,1.08552,1.53928,0.81653,1.36538,0,0.57217,0.54545,0.60844,0.31311,0.22466,0.22727,0.14387,0.02972,1.77486,1.53357,1.50272,2.13487,0,0.00096842,0.00096842,0.00096842
523,2875.44,1.12308,1.61241,0.85754,1.40684,0,0.57217,0.54545,0.60844,0.31311,0.22466,0.22727,0.14387,0.02972,1.77486,1.53357,1.50272,2.13487,0,0.00096644,0.00096644,0.00096644
524,2880.99,1.16497,1.72798,0.91954,1.42779,0,0.47423,0.61364,0.55902,0.27672,0.19844,0.20455,0.10229,0.02443,1.83501,1.5319,1.50115,2.20906,0,0.00096446,0.00096446,0.00096446
525,2886.43,1.13315,1.63049,0.84593,1.4233,0,0.6346,0.40909,0.54607,0.29868,0.16147,0.22727,0.09196,0.02439,1.8946,1.53898,1.52335,2.25912,0,0.00096248,0.00096248,0.00096248
526,2891.9,1.1638,1.66561,0.86798,1.41861,0,0.64414,0.43182,0.54103,0.28695,0.15593,0.22727,0.11101,0.02744,1.94029,1.52007,1.57957,2.27761,0,0.0009605,0.0009605,0.0009605
527,2897.42,1.09937,1.54392,0.82404,1.40199,0,0.67458,0.4242,0.53202,0.27959,0.24482,0.11805,0.11704,0.0253,1.92381,1.52553,1.6531,2.23087,0,0.00095852,0.00095852,0.00095852
528,2902.98,1.16742,1.74598,0.90144,1.43714,0,0.67458,0.4242,0.53202,0.27959,0.24482,0.11805,0.11704,0.0253,1.92381,1.52553,1.6531,2.23087,0,0.00095654,0.00095654,0.00095654
529,2908.46,1.04282,1.50055,0.81898,1.33887,0,0.58696,0.58148,0.57767,0.30685,0.2463,0.18182,0.13042,0.03407,1.85285,1.55236,1.5759,2.1839,0,0.00095456,0.00095456,0.00095456
530,2913.99,1.06886,1.56324,0.84493,1.35589,0,0.62585,0.5,0.56342,0.30328,0.29731,0.15909,0.12821,0.0347,1.81552,1.55916,1.58627,2.15605,0,0.00095258,0.00095258,0.00095258
531,2919.54,1.08757,1.57326,0.78972,1.34952,0,0.64271,0.47727,0.54612,0.28127,0.13051,0.23545,0.1194,0.02992,1.80652,1.55518,1.58447,2.17353,0,0.0009506,0.0009506,0.0009506
532,2925.06,1.12314,1.60423,0.84922,1.40139,0,0.37284,0.70455,0.54807,0.27488,0.30575,0.15909,0.16139,0.03315,1.85071,1.54804,1.53894,2.2201,0,0.00094862,0.00094862,0.00094862
533,2930.56,1.10028,1.59187,0.82126,1.41097,0,0.78448,0.40909,0.57581,0.29237,0.28009,0.15909,0.11795,0.02922,1.87261,1.55108,1.4753,2.21652,0,0.00094664,0.00094664,0.00094664
534,2936.02,1.12485,1.6769,0.85642,1.37882,0,0.78448,0.40909,0.57581,0.29237,0.28009,0.15909,0.11795,0.02922,1.87261,1.55108,1.4753,2.21652,0,0.00094466,0.00094466,0.00094466
535,2941.49,1.18228,1.67395,0.86217,1.39451,0,0.88261,0.40909,0.60506,0.29934,0.18836,0.31818,0.12089,0.02735,1.92011,1.57217,1.45589,2.24438,0,0.00094268,0.00094268,0.00094268
536,2946.97,1.12217,1.62806,0.81277,1.41638,0,0.54864,0.59091,0.61744,0.32157,0.23641,0.29545,0.13772,0.03262,1.94676,1.58029,1.46965,2.28238,0,0.0009407,0.0009407,0.0009407
537,2952.45,1.10448,1.64142,0.8183,1.40425,0,0.6339,0.38636,0.57902,0.28669,0.14769,0.22727,0.10633,0.02613,1.92378,1.58864,1.52115,2.30547,0,0.00093872,0.00093872,0.00093872
538,2957.92,1.17757,1.67221,0.87981,1.43978,0,0.54609,0.43182,0.52022,0.26161,0.12144,0.18182,0.09648,0.02375,1.91525,1.58669,1.63152,2.33767,0,0.00093674,0.00093674,0.00093674
539,2963.57,1.13565,1.5764,0.86811,1.41114,0,0.54609,0.43182,0.52022,0.26161,0.12144,0.18182,0.09648,0.02375,1.91525,1.58669,1.63152,2.33767,0,0.00093476,0.00093476,0.00093476
540,2969.12,1.17089,1.64901,0.85497,1.41055,0,0.38076,0.45455,0.45416,0.23596,0.10283,0.31818,0.10466,0.02661,1.92665,1.56918,1.73062,2.31616,0,0.00093278,0.00093278,0.00093278
541,2974.66,1.21688,1.67252,0.89506,1.46767,0,0.45147,0.48646,0.4789,0.26875,0.38192,0.11364,0.14266,0.04013,1.88473,1.55187,1.72943,2.28169,0,0.0009308,0.0009308,0.0009308
542,2980.33,1.17322,1.64291,0.91082,1.4309,0,0.5044,0.38636,0.47792,0.27252,0.29941,0.13636,0.14701,0.03819,1.86217,1.56339,1.69082,2.28787,0,0.00092882,0.00092882,0.00092882
543,2986.16,1.15974,1.61736,0.86552,1.38213,0,0.48449,0.47727,0.51031,0.29723,0.42455,0.13636,0.12273,0.03712,1.82523,1.57595,1.6043,2.27031,0,0.00092684,0.00092684,0.00092684
544,2991.59,1.09228,1.61456,0.80565,1.36041,0,0.48449,0.47727,0.51031,0.29723,0.42455,0.13636,0.12273,0.03712,1.82523,1.57595,1.6043,2.27031,0,0.00092486,0.00092486,0.00092486
545,2997.09,1.11363,1.57143,0.82197,1.38774,0,0.50767,0.5,0.54224,0.30805,0.42161,0.13636,0.1313,0.03969,1.78996,1.56844,1.52917,2.22378,0,0.00092288,0.00092288,0.00092288
546,3002.56,1.13085,1.59248,0.84459,1.3885,0,0.51825,0.47727,0.51557,0.27876,0.29741,0.20455,0.14995,0.0389,1.88716,1.54923,1.51672,2.30572,0,0.0009209,0.0009209,0.0009209
547,3007.96,1.08124,1.56649,0.83009,1.3345,0,0.54108,0.45455,0.53796,0.28258,0.26825,0.25,0.2134,0.04447,1.94664,1.55902,1.55599,2.36528,0,0.00091892,0.00091892,0.00091892
548,3013.65,1.14022,1.61556,0.82345,1.40533,0,0.43773,0.61364,0.51872,0.26832,0.27078,0.29545,0.21666,0.04215,1.93317,1.55603,1.51641,2.37228,0,0.00091694,0.00091694,0.00091694
549,3019.12,1.11376,1.63469,0.8409,1.3752,0,0.51475,0.54545,0.54944,0.30051,0.27957,0.29545,0.21324,0.04842,1.93385,1.55147,1.48053,2.38546,0,0.00091496,0.00091496,0.00091496
550,3024.57,1.16575,1.58299,0.89771,1.42936,0,0.51475,0.54545,0.54944,0.30051,0.27957,0.29545,0.21324,0.04842,1.93385,1.55147,1.48053,2.38546,0,0.00091298,0.00091298,0.00091298
551,3030.02,1.11588,1.53611,0.83705,1.36396,0,0.57767,0.56818,0.57571,0.2875,0.27728,0.27273,0.18252,0.04189,1.91204,1.54851,1.52761,2.35168,0,0.000911,0.000911,0.000911
552,3035.43,1.07365,1.48612,0.80185,1.35875,0,0.48165,0.59132,0.56305,0.27576,0.21847,0.29545,0.16471,0.0406,1.9122,1.55765,1.61623,2.2842,0,0.00090902,0.00090902,0.00090902
553,3040.97,1.1176,1.5759,0.82982,1.40564,0,0.62683,0.47727,0.54988,0.28099,0.26072,0.18182,0.15366,0.03458,1.91462,1.54465,1.59834,2.26466,0,0.00090704,0.00090704,0.00090704
554,3046.46,1.1511,1.53155,0.83446,1.40584,0,0.45792,0.59523,0.53432,0.25979,0.25212,0.18182,0.14988,0.03764,1.8875,1.55638,1.56927,2.23886,0,0.00090506,0.00090506,0.00090506
555,3051.93,1.0914,1.58312,0.82021,1.38032,0,0.45792,0.59523,0.53432,0.25979,0.25212,0.18182,0.14988,0.03764,1.8875,1.55638,1.56927,2.23886,0,0.00090308,0.00090308,0.00090308
556,3057.4,1.12878,1.59278,0.84693,1.36276,0,0.49935,0.5,0.54684,0.26616,0.18334,0.18182,0.15241,0.02913,1.8733,1.5626,1.56433,2.23003,0,0.0009011,0.0009011,0.0009011
557,3062.9,1.12912,1.66365,0.86233,1.42513,0,0.5804,0.47727,0.56906,0.29854,0.26915,0.18182,0.15877,0.03154,1.86513,1.57073,1.53508,2.22705,0,0.00089912,0.00089912,0.00089912
558,3068.35,1.04174,1.52184,0.79388,1.34556,0,0.55565,0.42643,0.53785,0.29386,0.27008,0.15909,0.14909,0.03723,1.86276,1.56356,1.52888,2.21595,0,0.00089714,0.00089714,0.00089714
559,3073.72,1.15954,1.68305,0.88568,1.40238,0,0.52242,0.44764,0.50591,0.28245,0.20432,0.18182,0.1487,0.03842,1.8201,1.60284,1.53411,2.19805,0,0.00089516,0.00089516,0.00089516
560,3079.18,1.08343,1.62349,0.8317,1.42036,0,0.52242,0.44764,0.50591,0.28245,0.20432,0.18182,0.1487,0.03842,1.8201,1.60284,1.53411,2.19805,0,0.00089318,0.00089318,0.00089318
561,3084.59,1.04472,1.5405,0.80598,1.31885,0,0.49781,0.47318,0.53593,0.29412,0.14593,0.25,0.11317,0.03334,1.77178,1.62686,1.51437,2.16421,0,0.0008912,0.0008912,0.0008912
562,3090.09,1.12451,1.61761,0.85195,1.37079,0,0.43081,0.59091,0.52512,0.2835,0.1561,0.25,0.13853,0.0361,1.74635,1.60941,1.49988,2.1286,0,0.00088922,0.00088922,0.00088922
563,3095.59,1.0776,1.48223,0.7835,1.3325,0,0.4011,0.56818,0.52153,0.28399,0.17724,0.25,0.13394,0.02808,1.73118,1.59043,1.49732,2.12284,0,0.00088724,0.00088724,0.00088724
564,3101.06,1.17639,1.62561,0.92305,1.45582,0,0.40603,0.70455,0.51919,0.28824,0.19585,0.29545,0.12721,0.02908,1.65157,1.57796,1.52142,2.06392,0,0.00088526,0.00088526,0.00088526
565,3106.44,1.14124,1.61498,0.87554,1.41266,0,0.66059,0.45455,0.5561,0.29044,0.19742,0.25,0.14616,0.03271,1.69608,1.57509,1.52991,2.11235,0,0.00088328,0.00088328,0.00088328
566,3111.96,1.12236,1.59664,0.85231,1.40754,0,0.66059,0.45455,0.5561,0.29044,0.19742,0.25,0.14616,0.03271,1.69608,1.57509,1.52991,2.11235,0,0.0008813,0.0008813,0.0008813
567,3117.39,1.11984,1.53558,0.81614,1.41437,0,0.52192,0.59091,0.53578,0.29027,0.2572,0.29545,0.16429,0.03507,1.82669,1.55649,1.52336,2.20223,0,0.00087932,0.00087932,0.00087932
568,3122.91,1.08901,1.61284,0.83451,1.36904,0,0.44232,0.61364,0.55433,0.30344,0.32538,0.22727,0.16498,0.041,1.82646,1.55491,1.50919,2.18591,0,0.00087734,0.00087734,0.00087734
569,3128.33,1.05373,1.55127,0.78327,1.37979,0,0.50932,0.54545,0.54579,0.31089,0.26294,0.25,0.17898,0.04591,1.76764,1.52778,1.46034,2.12671,0,0.00087536,0.00087536,0.00087536
570,3133.82,1.12601,1.5827,0.84733,1.40113,0,0.45747,0.46003,0.5066,0.30802,0.33018,0.15909,0.158,0.0432,1.69366,1.51678,1.50493,2.07892,0,0.00087338,0.00087338,0.00087338
571,3139.25,1.12246,1.48655,0.80054,1.37416,0,0.45747,0.46003,0.5066,0.30802,0.33018,0.15909,0.158,0.0432,1.69366,1.51678,1.50493,2.07892,0,0.0008714,0.0008714,0.0008714
572,3144.69,1.09403,1.62648,0.81161,1.3743,0,0.65503,0.40909,0.52211,0.29576,0.32963,0.17892,0.15247,0.03309,1.80159,1.53353,1.66952,2.15371,0,0.00086942,0.00086942,0.00086942
573,3150.24,1.11929,1.57474,0.83053,1.39407,0,0.73509,0.40909,0.50266,0.26166,0.36917,0.20455,0.14767,0.03552,1.93512,1.53309,1.80694,2.24146,0,0.00086744,0.00086744,0.00086744
574,3155.76,1.11033,1.62245,0.83319,1.38268,0,0.70299,0.38636,0.4915,0.24715,0.32269,0.18182,0.12855,0.02899,2.08276,1.54603,1.86552,2.40867,0,0.00086546,0.00086546,0.00086546
575,3161.26,1.08474,1.61017,0.80912,1.34182,0,0.49548,0.5,0.50581,0.23113,0.20808,0.13636,0.10751,0.02731,2.08315,1.58253,1.83018,2.44062,0,0.00086348,0.00086348,0.00086348
576,3166.78,1.03595,1.47217,0.76222,1.30871,0,0.49548,0.5,0.50581,0.23113,0.20808,0.13636,0.10751,0.02731,2.08315,1.58253,1.83018,2.44062,0,0.0008615,0.0008615,0.0008615
577,3172.23,1.11433,1.63037,0.87334,1.4131,0,0.60934,0.42554,0.50586,0.23877,0.24532,0.19958,0.12073,0.02972,1.97563,1.58476,1.74019,2.33692,0,0.00085952,0.00085952,0.00085952
578,3177.79,1.06151,1.55286,0.79415,1.36582,0,0.65546,0.43182,0.53802,0.27238,0.24131,0.20455,0.11978,0.02755,1.86448,1.54035,1.63728,2.20474,0,0.00085754,0.00085754,0.00085754
579,3183.19,1.11032,1.63956,0.85082,1.36543,0,0.68577,0.43182,0.57766,0.31407,0.20697,0.25,0.11741,0.03016,1.74304,1.51813,1.53436,2.07946,0,0.00085556,0.00085556,0.00085556
580,3188.79,1.04934,1.51847,0.79952,1.39777,0,0.71367,0.5,0.60541,0.34811,0.20986,0.22727,0.10493,0.03267,1.69044,1.50607,1.51056,2.02731,0,0.00085358,0.00085358,0.00085358
581,3194.3,1.0925,1.63867,0.79204,1.36146,0,0.70952,0.4443,0.56191,0.30203,0.23791,0.22007,0.10844,0.03393,1.69297,1.52385,1.50017,2.03629,0,0.0008516,0.0008516,0.0008516
582,3199.69,1.07084,1.54028,0.8353,1.38525,0,0.70952,0.4443,0.56191,0.30203,0.23791,0.22007,0.10844,0.03393,1.69297,1.52385,1.50017,2.03629,0,0.00084962,0.00084962,0.00084962
583,3205.24,1.04499,1.56325,0.784,1.35689,0,0.56341,0.61364,0.61432,0.3129,0.25003,0.25,0.11836,0.03108,1.74903,1.54279,1.47576,2.07046,0,0.00084764,0.00084764,0.00084764
584,3210.66,1.09376,1.56824,0.80552,1.37519,0,0.73174,0.45455,0.5637,0.29214,0.31779,0.18182,0.13612,0.0342,1.857,1.55764,1.51103,2.15234,0,0.00084566,0.00084566,0.00084566
585,3216.04,1.15199,1.60042,0.85976,1.40119,0,0.73276,0.43182,0.57854,0.29067,0.4079,0.25,0.19892,0.04338,1.94488,1.55679,1.59108,2.25105,0,0.00084368,0.00084368,0.00084368
586,3221.58,1.06524,1.58389,0.76105,1.34234,0,0.62952,0.47727,0.58823,0.2803,0.3671,0.27273,0.19801,0.03867,1.96736,1.55793,1.60849,2.31174,0,0.0008417,0.0008417,0.0008417
587,3227.06,1.04584,1.58035,0.79361,1.37247,0,0.62952,0.47727,0.58823,0.2803,0.3671,0.27273,0.19801,0.03867,1.96736,1.55793,1.60849,2.31174,0,0.00083972,0.00083972,0.00083972
588,3232.56,1.07156,1.56109,0.78399,1.33924,0,0.53768,0.60802,0.56087,0.26125,0.22289,0.29545,0.17571,0.03799,2.07269,1.59104,1.62924,2.45831,0,0.00083774,0.00083774,0.00083774
589,3237.95,1.11518,1.59535,0.834,1.42478,0,0.50166,0.52627,0.56172,0.26498,0.28204,0.27273,0.19121,0.03662,2.04304,1.59277,1.67033,2.40896,0,0.00083576,0.00083576,0.00083576
590,3243.49,1.07869,1.54363,0.82122,1.38737,0,0.70134,0.36364,0.54251,0.28476,0.26106,0.25,0.17436,0.03469,1.92378,1.5821,1.71178,2.3079,0,0.00083378,0.00083378,0.00083378
591,3248.99,1.12909,1.61463,0.85713,1.43296,0,0.55294,0.47727,0.54672,0.29476,0.28255,0.25,0.17331,0.03286,1.86224,1.56823,1.68462,2.23928,0,0.0008318,0.0008318,0.0008318
592,3254.44,1.09391,1.56021,0.79678,1.37034,0,0.55294,0.47727,0.54672,0.29476,0.28255,0.25,0.17331,0.03286,1.86224,1.56823,1.68462,2.23928,0,0.00082982,0.00082982,0.00082982
593,3259.9,1.09817,1.65915,0.82308,1.36091,0,0.62267,0.52512,0.60795,0.31535,0.22487,0.22727,0.13291,0.03023,1.8533,1.5526,1.63074,2.25304,0,0.00082784,0.00082784,0.00082784
594,3265.5,1.05845,1.51433,0.78062,1.35589,0,0.71549,0.54545,0.63307,0.3229,0.24943,0.25,0.17192,0.03634,1.91495,1.55806,1.53518,2.28809,0,0.00082586,0.00082586,0.00082586
595,3270.97,1.14605,1.66929,0.85293,1.39535,0,0.73927,0.5157,0.63983,0.32863,0.27394,0.22727,0.14558,0.03083,1.92051,1.554,1.44441,2.30301,0,0.00082388,0.00082388,0.00082388
596,3276.4,1.0514,1.55865,0.78861,1.31981,0,0.69628,0.57323,0.67698,0.33728,0.33878,0.25,0.21237,0.04078,1.87943,1.55699,1.3809,2.30031,0,0.0008219,0.0008219,0.0008219
597,3281.96,1.1284,1.56931,0.83184,1.4013,0,0.69998,0.5,0.64503,0.34411,0.35716,0.29545,0.24648,0.04305,1.78188,1.55432,1.35857,2.2114,0,0.00081992,0.00081992,0.00081992
598,3287.44,1.09086,1.49497,0.82872,1.38298,0,0.69998,0.5,0.64503,0.34411,0.35716,0.29545,0.24648,0.04305,1.78188,1.55432,1.35857,2.2114,0,0.00081794,0.00081794,0.00081794
599,3292.96,1.01473,1.49692,0.77262,1.32616,0,0.61819,0.59091,0.61353,0.33975,0.32803,0.25,0.20859,0.04326,1.79577,1.54599,1.3652,2.18368,0,0.00081596,0.00081596,0.00081596
600,3298.47,1.12132,1.5929,0.8567,1.39067,0,0.64358,0.54545,0.6278,0.35508,0.43305,0.25,0.19026,0.03775,1.78893,1.55748,1.39356,2.18387,0,0.00081398,0.00081398,0.00081398
601,3304.08,1.09163,1.54816,0.80254,1.36442,0,0.84987,0.47727,0.62736,0.3567,0.4153,0.22727,0.1578,0.03401,1.8397,1.58353,1.43766,2.23992,0,0.000812,0.000812,0.000812
602,3309.75,1.07438,1.52889,0.80072,1.33229,0,0.81279,0.52273,0.6023,0.33484,0.37093,0.20455,0.11194,0.02991,1.9497,1.60387,1.5467,2.33174,0,0.00081002,0.00081002,0.00081002
603,3315.25,1.04057,1.50166,0.78197,1.3198,0,0.81279,0.52273,0.6023,0.33484,0.37093,0.20455,0.11194,0.02991,1.9497,1.60387,1.5467,2.33174,0,0.00080804,0.00080804,0.00080804
604,3320.88,1.06106,1.50845,0.79248,1.36601,0,0.67101,0.54545,0.59784,0.33688,0.27495,0.20455,0.11802,0.02902,1.98444,1.61729,1.52061,2.3794,0,0.00080606,0.00080606,0.00080606
605,3326.56,1.12006,1.67556,0.83949,1.36382,0,0.62263,0.45455,0.57935,0.30483,0.33102,0.22727,0.12258,0.02835,1.85887,1.59499,1.54458,2.23055,0,0.00080408,0.00080408,0.00080408
606,3332.06,1.07136,1.57528,0.79762,1.34181,0,0.53776,0.52273,0.58548,0.3192,0.35794,0.22727,0.13248,0.03167,1.83408,1.58155,1.5454,2.19668,0,0.0008021,0.0008021,0.0008021
607,3337.62,1.05366,1.55291,0.76712,1.37114,0,0.59145,0.47727,0.57007,0.30198,0.40082,0.22727,0.1466,0.03615,1.84584,1.59624,1.56363,2.2102,0,0.00080012,0.00080012,0.00080012
608,3343.17,1.08991,1.62971,0.80579,1.38532,0,0.59145,0.47727,0.57007,0.30198,0.40082,0.22727,0.1466,0.03615,1.84584,1.59624,1.56363,2.2102,0,0.00079814,0.00079814,0.00079814
609,3348.62,1.11517,1.56687,0.82524,1.3813,0,0.60725,0.45455,0.55427,0.29162,0.3343,0.25,0.15958,0.03695,1.85111,1.60884,1.54298,2.22192,0,0.00079616,0.00079616,0.00079616
610,3354.09,1.07281,1.48851,0.79293,1.35282,0,0.67895,0.48072,0.59171,0.30355,0.30428,0.25858,0.13828,0.03525,1.83731,1.60229,1.53244,2.21607,0,0.00079418,0.00079418,0.00079418
611,3359.62,1.11059,1.62868,0.84477,1.38832,0,0.70949,0.45455,0.59928,0.31572,0.31169,0.29545,0.16069,0.04165,1.83881,1.56508,1.43049,2.22187,0,0.0007922,0.0007922,0.0007922
612,3365.14,1.05671,1.46842,0.75164,1.33874,0,0.57316,0.59091,0.5939,0.32025,0.37297,0.2435,0.17938,0.05249,1.89869,1.53593,1.41555,2.28651,0,0.00079022,0.00079022,0.00079022
613,3370.68,1.05546,1.57755,0.77633,1.3706,0,0.69337,0.47727,0.58516,0.30605,0.39499,0.23762,0.22006,0.05864,1.91396,1.53187,1.47104,2.31808,0,0.00078824,0.00078824,0.00078824
614,3376.12,1.05748,1.62507,0.79434,1.36879,0,0.69337,0.47727,0.58516,0.30605,0.39499,0.23762,0.22006,0.05864,1.91396,1.53187,1.47104,2.31808,0,0.00078626,0.00078626,0.00078626
615,3381.69,1.09017,1.62772,0.81265,1.36362,0,0.75347,0.48641,0.58603,0.29929,0.40496,0.22727,0.19157,0.05667,1.92864,1.53167,1.49485,2.33787,0,0.00078428,0.00078428,0.00078428
616,3387.23,1.04436,1.48714,0.7623,1.34252,0,0.65848,0.5,0.59212,0.30484,0.36211,0.25,0.19654,0.05736,1.92898,1.52924,1.47257,2.31938,0,0.0007823,0.0007823,0.0007823
617,3392.83,1.12055,1.52762,0.78828,1.36794,0,0.68362,0.52273,0.59909,0.30548,0.34381,0.22727,0.17335,0.04908,1.8793,1.53067,1.44519,2.28723,0,0.00078032,0.00078032,0.00078032
618,3398.29,1.08335,1.6682,0.84226,1.39452,0,0.74051,0.51896,0.58612,0.30676,0.37095,0.22727,0.14835,0.04846,1.91325,1.52053,1.46665,2.31088,0,0.00077834,0.00077834,0.00077834
619,3403.77,1.03297,1.47149,0.7642,1.32446,0,0.74051,0.51896,0.58612,0.30676,0.37095,0.22727,0.14835,0.04846,1.91325,1.52053,1.46665,2.31088,0,0.00077636,0.00077636,0.00077636
620,3409.33,1.09284,1.54659,0.82057,1.35093,0,0.67593,0.47727,0.58108,0.29287,0.31312,0.20455,0.14794,0.04826,1.93114,1.53575,1.52588,2.33993,0,0.00077438,0.00077438,0.00077438
621,3414.8,1.04006,1.51014,0.77506,1.34939,0,0.56862,0.52273,0.57111,0.2819,0.24722,0.22727,0.1707,0.04803,1.95773,1.5591,1.53403,2.34748,0,0.0007724,0.0007724,0.0007724
622,3420.38,1.03566,1.50549,0.75847,1.30579,0,0.56731,0.52273,0.5469,0.27872,0.36066,0.20455,0.15829,0.03881,1.93474,1.55838,1.54597,2.31802,0,0.00077042,0.00077042,0.00077042
623,3425.83,1.09715,1.59127,0.83018,1.37189,0,0.47969,0.54545,0.52095,0.25551,0.35818,0.19048,0.14733,0.03418,1.85453,1.55374,1.54418,2.22812,0,0.00076844,0.00076844,0.00076844
624,3431.42,1.04807,1.56165,0.78118,1.33434,0,0.47969,0.54545,0.52095,0.25551,0.35818,0.19048,0.14733,0.03418,1.85453,1.55374,1.54418,2.22812,0,0.00076646,0.00076646,0.00076646
625,3436.96,1.01581,1.5186,0.76489,1.32574,0,0.60663,0.45455,0.5319,0.28172,0.21574,0.29545,0.13941,0.03293,1.76359,1.57032,1.51604,2.15115,0,0.00076448,0.00076448,0.00076448
626,3442.5,1.0591,1.53916,0.75714,1.3397,0,0.73776,0.51171,0.61081,0.31837,0.36855,0.20455,0.14248,0.03399,1.80464,1.57549,1.4719,2.19296,0,0.0007625,0.0007625,0.0007625
627,3448.02,1.05205,1.51476,0.78621,1.33029,0,0.80374,0.46559,0.59428,0.30608,0.37658,0.20455,0.15406,0.03655,1.87365,1.5907,1.49011,2.30478,0,0.00076052,0.00076052,0.00076052
628,3453.51,1.05409,1.55779,0.78876,1.3318,0,0.75486,0.5,0.59774,0.30357,0.41415,0.22727,0.17101,0.04058,1.8275,1.56228,1.52333,2.26004,0,0.00075854,0.00075854,0.00075854
629,3459.04,1.00012,1.40017,0.75857,1.341,0,0.82841,0.5,0.65338,0.35316,0.41979,0.25,0.16921,0.04004,1.69358,1.53905,1.46127,2.08758,0,0.00075656,0.00075656,0.00075656
630,3464.75,1.12031,1.68609,0.82486,1.36961,0,0.82841,0.5,0.65338,0.35316,0.41979,0.25,0.16921,0.04004,1.69358,1.53905,1.46127,2.08758,0,0.00075458,0.00075458,0.00075458
631,3470.34,1.04295,1.5437,0.7709,1.33671,0,0.88008,0.5004,0.71462,0.39099,0.43627,0.27273,0.21051,0.04477,1.67323,1.54168,1.43937,2.03494,0,0.0007526,0.0007526,0.0007526
632,3476.02,1.00842,1.48009,0.7256,1.33444,0,0.82325,0.54545,0.70669,0.38296,0.36701,0.34091,0.19406,0.04975,1.684,1.54382,1.43404,2.02742,0,0.00075062,0.00075062,0.00075062
633,3481.34,1.12487,1.56657,0.84564,1.42519,0,0.57693,0.56818,0.62364,0.33655,0.33488,0.29756,0.21268,0.05465,1.71842,1.54814,1.40685,2.07118,0,0.00074864,0.00074864,0.00074864
634,3486.8,1.08652,1.64976,0.80318,1.36517,0,0.54227,0.65909,0.63142,0.34355,0.32037,0.38636,0.23822,0.05527,1.771,1.53367,1.43954,2.14024,0,0.00074666,0.00074666,0.00074666
635,3492.21,1.0318,1.5535,0.78646,1.32926,0,0.54227,0.65909,0.63142,0.34355,0.32037,0.38636,0.23822,0.05527,1.771,1.53367,1.43954,2.14024,0,0.00074468,0.00074468,0.00074468
636,3497.66,1.09789,1.54949,0.80649,1.34859,0,0.60253,0.63636,0.64616,0.35945,0.27352,0.31818,0.1795,0.05497,1.76872,1.51468,1.50226,2.174,0,0.0007427,0.0007427,0.0007427
637,3503.15,1.10774,1.54512,0.79843,1.38656,0,0.49331,0.68182,0.62551,0.35296,0.24641,0.31818,0.19048,0.05711,1.75624,1.51264,1.52845,2.16394,0,0.00074072,0.00074072,0.00074072
638,3508.65,1.086,1.57254,0.79427,1.36858,0,0.73688,0.40909,0.6103,0.33945,0.38904,0.20455,0.2006,0.05871,1.77332,1.50995,1.50799,2.18437,0,0.00073874,0.00073874,0.00073874
639,3514.15,1.08457,1.49545,0.78582,1.37835,0,0.5044,0.60151,0.58472,0.32742,0.29178,0.22727,0.19717,0.05996,1.7502,1.50301,1.51868,2.16161,0,0.00073676,0.00073676,0.00073676
640,3519.67,1.09369,1.65537,0.7929,1.39047,0,0.5044,0.60151,0.58472,0.32742,0.29178,0.22727,0.19717,0.05996,1.7502,1.50301,1.51868,2.16161,0,0.00073478,0.00073478,0.00073478
641,3525.12,1.04875,1.51195,0.75858,1.34704,0,0.6153,0.59091,0.62083,0.33442,0.27665,0.2609,0.19995,0.05551,1.7074,1.52352,1.54137,2.10657,0,0.0007328,0.0007328,0.0007328
642,3530.48,1.04839,1.58042,0.76746,1.33083,0,0.58388,0.52273,0.57902,0.3224,0.26784,0.27273,0.17516,0.04766,1.70863,1.5488,1.52869,2.07865,0,0.00073082,0.00073082,0.00073082
643,3535.94,1.05468,1.5183,0.78397,1.35745,0,0.50645,0.5365,0.56403,0.30532,0.25473,0.27273,0.15768,0.0424,1.7432,1.57849,1.53432,2.10752,0,0.00072884,0.00072884,0.00072884
644,3541.35,1.08979,1.49526,0.80563,1.35752,0,0.4671,0.53796,0.48444,0.26914,0.26087,0.25,0.16684,0.04109,1.78345,1.58949,1.59269,2.14825,0,0.00072686,0.00072686,0.00072686
645,3546.91,1.07572,1.52768,0.8458,1.42209,0,0.47845,0.47727,0.48716,0.27052,0.31552,0.29545,0.20612,0.04343,1.78285,1.60681,1.61041,2.17061,0,0.00072488,0.00072488,0.00072488
646,3552.29,1.01617,1.5124,0.73885,1.30909,0,0.47845,0.47727,0.48716,0.27052,0.31552,0.29545,0.20612,0.04343,1.78285,1.60681,1.61041,2.17061,0,0.0007229,0.0007229,0.0007229
647,3557.86,1.06442,1.57195,0.76409,1.35707,0,0.47731,0.54545,0.47657,0.26086,0.34257,0.29545,0.19773,0.03705,1.77941,1.59698,1.52205,2.16764,0,0.00072092,0.00072092,0.00072092
648,3563.44,1.11052,1.58102,0.81417,1.37472,0,0.54593,0.60126,0.56536,0.29596,0.40307,0.27273,0.23753,0.05095,1.74933,1.5597,1.43507,2.11518,0,0.00071894,0.00071894,0.00071894
649,3569.06,1.13254,1.59381,0.88379,1.38442,0,0.69143,0.54545,0.63814,0.34134,0.43645,0.34091,0.27815,0.05409,1.65811,1.5516,1.38811,2.04931,0,0.00071696,0.00071696,0.00071696
650,3574.59,1.04381,1.50528,0.79225,1.32293,0,0.713,0.52273,0.6216,0.35373,0.34233,0.25,0.19109,0.05023,1.66586,1.52773,1.397,2.04647,0,0.00071498,0.00071498,0.00071498
651,3580.02,1.01496,1.54253,0.80041,1.33553,0,0.713,0.52273,0.6216,0.35373,0.34233,0.25,0.19109,0.05023,1.66586,1.52773,1.397,2.04647,0,0.000713,0.000713,0.000713
652,3585.42,1.10079,1.55449,0.806,1.35438,0,0.66721,0.52273,0.64427,0.37457,0.39746,0.27273,0.22135,0.05661,1.66355,1.52567,1.38745,2.05979,0,0.00071102,0.00071102,0.00071102
653,3590.9,0.97642,1.50156,0.73474,1.29601,0,0.54741,0.68182,0.65381,0.36584,0.31613,0.29545,0.21524,0.054,1.70817,1.52802,1.39911,2.11093,0,0.00070904,0.00070904,0.00070904
654,3596.38,1.01873,1.44606,0.74769,1.2847,0,0.8007,0.45661,0.64687,0.34633,0.48378,0.23452,0.23458,0.0529,1.7563,1.52516,1.42009,2.17509,0,0.00070706,0.00070706,0.00070706
655,3601.85,1.04373,1.51,0.79137,1.33071,0,0.78671,0.47727,0.63203,0.34281,0.51307,0.22727,0.24071,0.04824,1.76006,1.51292,1.44641,2.20843,0,0.00070508,0.00070508,0.00070508
656,3607.31,0.94635,1.35437,0.73124,1.28847,0,0.78671,0.47727,0.63203,0.34281,0.51307,0.22727,0.24071,0.04824,1.76006,1.51292,1.44641,2.20843,0,0.0007031,0.0007031,0.0007031
657,3612.79,0.99486,1.42964,0.70346,1.29299,0,0.81462,0.39975,0.5945,0.31618,0.47085,0.20455,0.21629,0.05182,1.81061,1.51271,1.50942,2.34015,0,0.00070112,0.00070112,0.00070112
658,3618.37,1.01124,1.45373,0.72679,1.28682,0,0.59916,0.52273,0.57377,0.30524,0.51634,0.24287,0.20652,0.04448,1.8001,1.53957,1.63872,2.35278,0,0.00069914,0.00069914,0.00069914
659,3623.82,0.9667,1.43986,0.72455,1.27508,0,0.61428,0.54545,0.56908,0.30951,0.47871,0.25,0.20323,0.0426,1.8208,1.56461,1.58111,2.41476,0,0.00069716,0.00069716,0.00069716
660,3629.29,1.14167,1.57641,0.79181,1.34519,0,0.89979,0.40819,0.55211,0.30669,0.50771,0.22727,0.20021,0.04618,1.81173,1.5767,1.57447,2.34959,0,0.00069518,0.00069518,0.00069518
661,3634.66,1.05001,1.49469,0.77358,1.32227,0,0.69178,0.51027,0.58572,0.32193,0.46446,0.22727,0.18978,0.04736,1.78264,1.56709,1.60556,2.25844,0,0.0006932,0.0006932,0.0006932
662,3640,1.04254,1.48803,0.76907,1.32132,0,0.69178,0.51027,0.58572,0.32193,0.46446,0.22727,0.18978,0.04736,1.78264,1.56709,1.60556,2.25844,0,0.00069122,0.00069122,0.00069122
663,3645.49,1.01009,1.50216,0.75234,1.29736,0,0.69166,0.43182,0.53833,0.32741,0.43764,0.22727,0.19308,0.04862,1.67657,1.54298,1.62091,2.10298,0,0.00068924,0.00068924,0.00068924
664,3650.89,1.04631,1.50862,0.7741,1.34481,0,0.65979,0.47727,0.5388,0.31919,0.3542,0.25,0.20059,0.04916,1.74144,1.55091,1.64779,2.1379,0,0.00068726,0.00068726,0.00068726
665,3656.38,1.04905,1.53006,0.79484,1.32081,0,0.6516,0.47727,0.54223,0.31368,0.50932,0.20455,0.21803,0.05167,1.81152,1.54716,1.65866,2.21891,0,0.00068528,0.00068528,0.00068528
666,3661.94,1.04523,1.49933,0.77028,1.29758,0,0.76533,0.43182,0.56152,0.29695,0.40149,0.22727,0.20395,0.04321,1.8759,1.53917,1.60411,2.33308,0,0.0006833,0.0006833,0.0006833
667,3667.57,1.01418,1.43934,0.74954,1.28628,0,0.76533,0.43182,0.56152,0.29695,0.40149,0.22727,0.20395,0.04321,1.8759,1.53917,1.60411,2.33308,0,0.00068132,0.00068132,0.00068132
668,3673.02,1.05548,1.56488,0.78741,1.34124,0,0.56737,0.54545,0.58131,0.30694,0.2745,0.29545,0.20302,0.03914,1.91099,1.56731,1.54248,2.37635,0,0.00067934,0.00067934,0.00067934
669,3678.51,0.95784,1.46116,0.69656,1.28593,0,0.58444,0.54545,0.58183,0.30499,0.28575,0.31818,0.1702,0.03498,1.90181,1.57714,1.41607,2.39086,0,0.00067736,0.00067736,0.00067736
670,3684.07,1.01006,1.54493,0.77137,1.30199,0,0.75596,0.56818,0.63703,0.33313,0.33283,0.34091,0.18862,0.038,1.88912,1.55735,1.31242,2.41061,0,0.00067538,0.00067538,0.00067538
671,3689.53,1.01423,1.48444,0.7625,1.31069,0,0.71495,0.63636,0.68007,0.34374,0.40035,0.36364,0.21401,0.03825,1.8956,1.54167,1.27119,2.3948,0,0.0006734,0.0006734,0.0006734
672,3694.93,0.98743,1.44575,0.75783,1.27106,0,0.71495,0.63636,0.68007,0.34374,0.40035,0.36364,0.21401,0.03825,1.8956,1.54167,1.27119,2.3948,0,0.00067142,0.00067142,0.00067142
673,3700.47,1.03229,1.56394,0.77965,1.31513,0,0.66469,0.59091,0.64326,0.34232,0.37444,0.29545,0.19482,0.03441,1.86606,1.54167,1.29326,2.36079,0,0.00066944,0.00066944,0.00066944
674,3706,1.02782,1.44321,0.77324,1.31207,0,0.69203,0.5619,0.58589,0.32121,0.31021,0.25,0.14935,0.02982,1.82544,1.54299,1.33932,2.31326,0,0.00066746,0.00066746,0.00066746
675,3711.58,1.04096,1.53846,0.77369,1.34287,0,0.65857,0.52614,0.59207,0.31703,0.27083,0.25,0.14492,0.03304,1.80065,1.55619,1.41325,2.28231,0,0.00066548,0.00066548,0.00066548
676,3716.98,1.0349,1.49979,0.76635,1.30988,0,0.69076,0.54545,0.63451,0.33772,0.2303,0.27273,0.14258,0.03085,1.80955,1.56694,1.41584,2.25096,0,0.0006635,0.0006635,0.0006635
677,3722.5,0.9904,1.41934,0.72984,1.31781,0,0.61545,0.56818,0.60772,0.33413,0.2548,0.31818,0.15518,0.03824,1.73514,1.52522,1.44357,2.14776,0,0.00066152,0.00066152,0.00066152
678,3728.5,1.04492,1.49192,0.75647,1.30144,0,0.61545,0.56818,0.60772,0.33413,0.2548,0.31818,0.15518,0.03824,1.73514,1.52522,1.44357,2.14776,0,0.00065954,0.00065954,0.00065954
679,3734.12,0.99504,1.4012,0.73711,1.32269,0,0.72259,0.5,0.59152,0.34219,0.2889,0.31818,0.1861,0.04629,1.66737,1.50696,1.45548,2.07996,0,0.00065756,0.00065756,0.00065756
680,3739.51,1.03458,1.52931,0.75959,1.33888,0,0.5645,0.59091,0.58553,0.33447,0.30585,0.31818,0.18537,0.04655,1.67806,1.52335,1.46386,2.10802,0,0.00065558,0.00065558,0.00065558
681,3744.93,0.94032,1.37673,0.70437,1.25845,0,0.59251,0.56191,0.60053,0.33147,0.29398,0.34091,0.18047,0.04073,1.71911,1.53829,1.47729,2.17035,0,0.0006536,0.0006536,0.0006536
682,3750.37,1.01626,1.48222,0.75175,1.29629,0,0.4962,0.58209,0.55605,0.29886,0.26311,0.31818,0.16147,0.03641,1.70678,1.54348,1.51199,2.16935,0,0.00065162,0.00065162,0.00065162
683,3756.3,1.01763,1.49948,0.7537,1.32337,0,0.4962,0.58209,0.55605,0.29886,0.26311,0.31818,0.16147,0.03641,1.70678,1.54348,1.51199,2.16935,0,0.00064964,0.00064964,0.00064964
684,3762.01,1.00775,1.4362,0.75554,1.31251,0,0.56749,0.54545,0.59465,0.3309,0.26118,0.31818,0.15969,0.04018,1.6663,1.52955,1.49381,2.12418,0,0.00064766,0.00064766,0.00064766
685,3767.58,1.05453,1.49005,0.7687,1.3507,0,0.59485,0.56818,0.60627,0.36792,0.29674,0.3165,0.18733,0.04595,1.57599,1.50804,1.46608,1.99352,0,0.00064568,0.00064568,0.00064568
686,3773.07,1.01687,1.46929,0.77378,1.31843,0,0.59566,0.52273,0.59027,0.34207,0.3161,0.29545,0.19321,0.04325,1.61333,1.53407,1.50283,2.0284,0,0.0006437,0.0006437,0.0006437
687,3778.54,1.04731,1.50081,0.74842,1.31119,0,0.61282,0.52273,0.58067,0.35242,0.34638,0.29545,0.21201,0.04318,1.66581,1.54304,1.50748,2.10666,0,0.00064172,0.00064172,0.00064172
688,3783.92,1.00911,1.44039,0.7422,1.30346,0,0.61282,0.52273,0.58067,0.35242,0.34638,0.29545,0.21201,0.04318,1.66581,1.54304,1.50748,2.10666,0,0.00063974,0.00063974,0.00063974
689,3789.51,1.0155,1.43568,0.71526,1.30112,0,0.63816,0.52273,0.56829,0.32341,0.38448,0.31818,0.2184,0.04001,1.72656,1.56153,1.57192,2.19802,0,0.00063776,0.00063776,0.00063776
690,3794.95,0.99639,1.44831,0.77801,1.31562,0,0.63501,0.5,0.59035,0.32345,0.37426,0.29545,0.20235,0.03961,1.74066,1.56247,1.6388,2.18074,0,0.00063578,0.00063578,0.00063578
691,3800.3,0.98128,1.41437,0.73014,1.27821,0,0.56953,0.56818,0.56273,0.30139,0.38332,0.27273,0.18176,0.03707,1.82985,1.58828,1.62706,2.26234,0,0.0006338,0.0006338,0.0006338
692,3805.79,1.01162,1.49079,0.75265,1.32527,0,0.56623,0.56818,0.56692,0.305,0.38122,0.25,0.16787,0.03797,1.87955,1.5944,1.49378,2.31889,0,0.00063182,0.00063182,0.00063182
693,3811.31,0.98894,1.41807,0.69791,1.27204,0,0.52427,0.67633,0.58742,0.30984,0.42303,0.27273,0.18267,0.04138,1.9006,1.59155,1.43168,2.3614,0,0.00062984,0.00062984,0.00062984
694,3816.87,0.99079,1.47201,0.73405,1.30714,0,0.52427,0.67633,0.58742,0.30984,0.42303,0.27273,0.18267,0.04138,1.9006,1.59155,1.43168,2.3614,0,0.00062786,0.00062786,0.00062786
695,3822.35,0.97958,1.44488,0.70538,1.30297,0,0.48324,0.61638,0.5991,0.32138,0.42489,0.27273,0.20429,0.04867,1.93413,1.57288,1.39418,2.37927,0,0.00062588,0.00062588,0.00062588
696,3827.89,1.05117,1.54263,0.80746,1.33966,0,0.7397,0.51681,0.65902,0.35471,0.39979,0.27273,0.20795,0.04888,1.8878,1.56616,1.42242,2.31854,0,0.0006239,0.0006239,0.0006239
697,3833.4,1.03282,1.37766,0.74617,1.31563,0,0.75316,0.54545,0.63268,0.35167,0.39568,0.25,0.19422,0.05181,1.78927,1.53747,1.40279,2.19681,0,0.00062192,0.00062192,0.00062192
698,3838.89,0.97784,1.43214,0.71437,1.32961,0,0.75131,0.54545,0.63189,0.33808,0.34146,0.29545,0.18969,0.05207,1.79568,1.50862,1.36989,2.1665,0,0.00061994,0.00061994,0.00061994
699,3844.27,0.99984,1.44924,0.74388,1.30494,0,0.75131,0.54545,0.63189,0.33808,0.34146,0.29545,0.18969,0.05207,1.79568,1.50862,1.36989,2.1665,0,0.00061796,0.00061796,0.00061796
700,3849.66,0.97734,1.45357,0.70948,1.26747,0,0.7402,0.58292,0.66286,0.36394,0.40917,0.31818,0.23475,0.05277,1.78829,1.50705,1.37562,2.14654,0,0.00061598,0.00061598,0.00061598
701,3855.16,0.95463,1.30909,0.70658,1.25937,0,0.74702,0.53704,0.64724,0.35439,0.39878,0.29545,0.21739,0.04847,1.80158,1.52281,1.41347,2.17203,0,0.000614,0.000614,0.000614
702,3860.56,1.02204,1.43338,0.77395,1.29837,0,0.88874,0.54545,0.68266,0.35049,0.39803,0.31818,0.2111,0.05127,1.71798,1.54475,1.46837,2.14463,0,0.00061202,0.00061202,0.00061202
703,3865.96,1.04986,1.57974,0.78739,1.33657,0,0.76295,0.5,0.64153,0.32565,0.4012,0.27273,0.23172,0.05584,1.78767,1.57189,1.49669,2.23347,0,0.00061004,0.00061004,0.00061004
704,3871.42,1.00732,1.43753,0.71694,1.31316,0,0.76295,0.5,0.64153,0.32565,0.4012,0.27273,0.23172,0.05584,1.78767,1.57189,1.49669,2.23347,0,0.00060806,0.00060806,0.00060806
705,3876.89,0.97482,1.42001,0.73432,1.2692,0,0.58431,0.56818,0.63728,0.32234,0.4371,0.29545,0.23164,0.04892,1.86301,1.60119,1.45297,2.27635,0,0.00060608,0.00060608,0.00060608
706,3882.33,0.97817,1.42879,0.74592,1.29364,0,0.58477,0.63636,0.64696,0.32671,0.41233,0.29545,0.2245,0.05004,1.84078,1.61187,1.37862,2.27807,0,0.0006041,0.0006041,0.0006041
707,3888.09,1.00622,1.40018,0.70843,1.30485,0,0.57385,0.65909,0.63587,0.32017,0.32119,0.36364,0.22672,0.05508,1.83285,1.62268,1.33476,2.29294,0,0.00060212,0.00060212,0.00060212
708,3893.46,1.02976,1.53713,0.78348,1.33557,0,0.73623,0.5,0.64035,0.33596,0.38255,0.29545,0.22802,0.05094,1.76561,1.61794,1.34765,2.24398,0,0.00060014,0.00060014,0.00060014
709,3899,1.0007,1.48865,0.73784,1.30467,0,0.7638,0.44118,0.61667,0.33641,0.4356,0.25,0.22046,0.0584,1.70051,1.60033,1.37267,2.19217,0,0.00059816,0.00059816,0.00059816
710,3904.37,0.97259,1.44622,0.72323,1.26611,0,0.7638,0.44118,0.61667,0.33641,0.4356,0.25,0.22046,0.0584,1.70051,1.60033,1.37267,2.19217,0,0.00059618,0.00059618,0.00059618
711,3909.86,0.95878,1.39614,0.70511,1.27732,0,0.73929,0.45455,0.59766,0.34091,0.41574,0.25,0.21215,0.05435,1.69548,1.59881,1.42063,2.19944,0,0.0005942,0.0005942,0.0005942
712,3915.26,0.94119,1.40464,0.69167,1.24448,0,0.778,0.47727,0.62638,0.3406,0.47759,0.25,0.22644,0.05752,1.74992,1.60282,1.40479,2.23245,0,0.00059222,0.00059222,0.00059222
713,3920.76,0.96417,1.48227,0.71205,1.25363,0,0.82768,0.47727,0.63713,0.33505,0.48467,0.25,0.21951,0.0531,1.79747,1.58218,1.46327,2.23613,0,0.00059024,0.00059024,0.00059024
714,3926.24,0.97949,1.38711,0.70509,1.2918,0,0.90894,0.45374,0.645,0.35813,0.50085,0.25,0.21136,0.04324,1.81362,1.58366,1.44915,2.26237,0,0.00058826,0.00058826,0.00058826
715,3931.6,0.99543,1.45334,0.75545,1.28569,0,0.90894,0.45374,0.645,0.35813,0.50085,0.25,0.21136,0.04324,1.81362,1.58366,1.44915,2.26237,0,0.00058628,0.00058628,0.00058628
716,3937.01,1.01246,1.38905,0.7238,1.29068,0,0.86359,0.43167,0.6039,0.33797,0.39156,0.25,0.17853,0.03865,1.80731,1.58208,1.447,2.26243,0,0.0005843,0.0005843,0.0005843
717,3942.46,0.9816,1.44359,0.72554,1.28555,0,0.75629,0.49386,0.59963,0.3189,0.3793,0.24999,0.18638,0.03998,1.77592,1.56739,1.44995,2.24633,0,0.00058232,0.00058232,0.00058232
718,3947.81,1.06307,1.50396,0.78335,1.33716,0,0.6601,0.47727,0.56828,0.3178,0.30255,0.25,0.18906,0.04183,1.77093,1.55964,1.44646,2.24201,0,0.00058034,0.00058034,0.00058034
719,3953.23,0.99271,1.47283,0.74058,1.31417,0,0.64179,0.56818,0.59503,0.31911,0.30806,0.27273,0.2013,0.04771,1.74435,1.53358,1.41813,2.21208,0,0.00057836,0.00057836,0.00057836
720,3958.49,1.05926,1.47992,0.79139,1.34382,0,0.64179,0.56818,0.59503,0.31911,0.30806,0.27273,0.2013,0.04771,1.74435,1.53358,1.41813,2.21208,0,0.00057638,0.00057638,0.00057638
721,3963.92,0.94083,1.39189,0.68738,1.26915,0,0.71868,0.52273,0.62914,0.33092,0.38351,0.27273,0.1959,0.05025,1.70634,1.52602,1.39169,2.16498,0,0.0005744,0.0005744,0.0005744
722,3969.36,0.99358,1.43252,0.73499,1.25679,0,0.68253,0.53763,0.6134,0.31907,0.38634,0.27273,0.18104,0.04535,1.68385,1.52084,1.34822,2.14291,0,0.00057242,0.00057242,0.00057242
723,3974.87,0.97424,1.40508,0.71248,1.27752,0,0.69344,0.56558,0.60571,0.32618,0.36711,0.27273,0.16659,0.04192,1.6862,1.52834,1.33339,2.16355,0,0.00057044,0.00057044,0.00057044
724,3980.34,0.96853,1.38195,0.70461,1.2848,0,0.62315,0.52273,0.57677,0.31801,0.34693,0.27273,0.16165,0.0409,1.66265,1.53372,1.38107,2.14046,0,0.00056846,0.00056846,0.00056846
725,3985.79,1.01417,1.50714,0.76271,1.3071,0,0.63761,0.47727,0.56257,0.31448,0.35103,0.29545,0.17357,0.04687,1.65674,1.56353,1.45624,2.10314,0,0.00056648,0.00056648,0.00056648
726,3991.21,1.00994,1.41228,0.73872,1.30842,0,0.63761,0.47727,0.56257,0.31448,0.35103,0.29545,0.17357,0.04687,1.65674,1.56353,1.45624,2.10314,0,0.0005645,0.0005645,0.0005645
727,3996.68,1.04873,1.39045,0.72489,1.28149,0,0.66968,0.47727,0.54482,0.30681,0.36607,0.23643,0.16602,0.03855,1.71907,1.57225,1.54115,2.13361,0,0.00056252,0.00056252,0.00056252
728,4002.1,0.99346,1.44287,0.74702,1.27267,0,0.78104,0.5,0.58328,0.31708,0.368,0.25,0.1639,0.03706,1.7374,1.57523,1.56874,2.16907,0,0.00056054,0.00056054,0.00056054
729,4007.52,1.00922,1.48603,0.74984,1.32106,0,0.8387,0.47283,0.57968,0.30127,0.38234,0.25,0.18292,0.03715,1.75186,1.57623,1.61975,2.21332,0,0.00055856,0.00055856,0.00055856
730,4013,0.99193,1.52696,0.75648,1.28821,0,0.75895,0.47727,0.60493,0.29624,0.30916,0.27273,0.18179,0.03493,1.8038,1.57327,1.57057,2.27116,0,0.00055658,0.00055658,0.00055658
731,4018.43,1.00675,1.51278,0.70056,1.31275,0,0.75895,0.47727,0.60493,0.29624,0.30916,0.27273,0.18179,0.03493,1.8038,1.57327,1.57057,2.27116,0,0.0005546,0.0005546,0.0005546
732,4023.89,0.99776,1.37337,0.71919,1.28227,0,0.81015,0.5,0.60619,0.29974,0.27429,0.31818,0.19671,0.03987,1.78973,1.55801,1.53806,2.25542,0,0.00055262,0.00055262,0.00055262
733,4029.37,0.91621,1.42225,0.6996,1.23017,0,0.91647,0.49879,0.64552,0.33537,0.25964,0.29545,0.18611,0.0387,1.74558,1.54397,1.48746,2.19023,0,0.00055064,0.00055064,0.00055064
734,4034.76,0.99995,1.44097,0.73981,1.29454,0,0.86336,0.45455,0.64522,0.34858,0.33092,0.27273,0.20861,0.04296,1.76663,1.52093,1.44845,2.1859,0,0.00054866,0.00054866,0.00054866
735,4040.26,0.96675,1.47595,0.70256,1.27216,0,0.57436,0.55215,0.61677,0.34392,0.31125,0.25,0.21973,0.05327,1.79016,1.5114,1.3406,2.18095,0,0.00054668,0.00054668,0.00054668
736,4045.64,0.93081,1.37292,0.69424,1.2369,0,0.57436,0.55215,0.61677,0.34392,0.31125,0.25,0.21973,0.05327,1.79016,1.5114,1.3406,2.18095,0,0.0005447,0.0005447,0.0005447
737,4051.15,0.92029,1.41421,0.66664,1.28754,0,0.62749,0.56818,0.61788,0.34103,0.34199,0.27273,0.22046,0.04856,1.81012,1.50917,1.28928,2.21191,0,0.00054272,0.00054272,0.00054272
738,4056.61,0.96781,1.47018,0.72805,1.29118,0,0.69987,0.53012,0.66001,0.35682,0.50275,0.25,0.24065,0.05778,1.86547,1.52224,1.29895,2.24784,0,0.00054074,0.00054074,0.00054074
739,4062.06,0.95695,1.43102,0.69332,1.26312,0,0.76887,0.47727,0.64486,0.34313,0.37434,0.22727,0.21635,0.04524,1.82825,1.54313,1.31268,2.23075,0,0.00053876,0.00053876,0.00053876
740,4067.4,0.98823,1.47556,0.74146,1.26076,0,0.74553,0.5,0.64809,0.34358,0.40745,0.25,0.22166,0.04692,1.82535,1.58707,1.33034,2.25496,0,0.00053678,0.00053678,0.00053678
741,4072.84,0.93836,1.4479,0.71141,1.25788,0,0.70045,0.53161,0.66159,0.33884,0.3984,0.22727,0.2212,0.04387,1.84007,1.61328,1.38117,2.30174,0,0.0005348,0.0005348,0.0005348
742,4078.15,1.05211,1.53582,0.78242,1.3319,0,0.70045,0.53161,0.66159,0.33884,0.3984,0.22727,0.2212,0.04387,1.84007,1.61328,1.38117,2.30174,0,0.00053282,0.00053282,0.00053282
743,4083.63,0.95609,1.40645,0.70668,1.25802,0,0.84385,0.45455,0.62786,0.31813,0.46321,0.25,0.24225,0.04266,1.85765,1.63312,1.43953,2.2999,0,0.00053084,0.00053084,0.00053084
744,4089.2,1.00457,1.38841,0.71749,1.30575,0,0.72133,0.45455,0.59183,0.3105,0.36153,0.22727,0.21846,0.04471,1.8293,1.6256,1.49565,2.23155,0,0.00052886,0.00052886,0.00052886
745,4094.58,0.98959,1.41186,0.71928,1.27205,0,0.57079,0.56818,0.58062,0.31081,0.35511,0.25,0.22108,0.04405,1.86788,1.60444,1.54558,2.26423,0,0.00052688,0.00052688,0.00052688
746,4099.92,0.9586,1.44903,0.70985,1.26542,0,0.62432,0.52888,0.58121,0.2959,0.27664,0.22727,0.16337,0.04625,1.87419,1.57949,1.57654,2.28073,0,0.0005249,0.0005249,0.0005249
747,4105.44,1.00819,1.46187,0.76472,1.30512,0,0.62432,0.52888,0.58121,0.2959,0.27664,0.22727,0.16337,0.04625,1.87419,1.57949,1.57654,2.28073,0,0.00052292,0.00052292,0.00052292
748,4111.52,0.96924,1.48822,0.71337,1.26545,0,0.69242,0.56292,0.61442,0.31237,0.2799,0.22727,0.15161,0.04429,1.81515,1.5726,1.5958,2.2526,0,0.00052094,0.00052094,0.00052094
749,4117.21,0.93052,1.34983,0.68445,1.2202,0,0.67423,0.56818,0.58678,0.30304,0.28704,0.25,0.14102,0.04167,1.82123,1.55346,1.58124,2.26748,0,0.00051896,0.00051896,0.00051896
750,4122.72,0.95963,1.47083,0.7244,1.28707,0,0.64134,0.54545,0.59517,0.30102,0.29222,0.25,0.18953,0.04005,1.82427,1.5452,1.55361,2.26208,0,0.00051698,0.00051698,0.00051698
751,4128.21,1.04229,1.49428,0.76143,1.33562,0,0.7103,0.56818,0.60324,0.30841,0.33739,0.27273,0.19613,0.04144,1.79067,1.53051,1.52366,2.22219,0,0.000515,0.000515,0.000515
752,4133.69,0.96253,1.4475,0.72163,1.28003,0,0.7103,0.56818,0.60324,0.30841,0.33739,0.27273,0.19613,0.04144,1.79067,1.53051,1.52366,2.22219,0,0.00051302,0.00051302,0.00051302
753,4139.23,0.95566,1.43917,0.72172,1.23458,0,0.73955,0.54545,0.64343,0.33372,0.40371,0.29545,0.22293,0.04534,1.78927,1.51877,1.48016,2.21707,0,0.00051104,0.00051104,0.00051104
754,4144.68,0.9762,1.36426,0.70923,1.2645,0,0.53157,0.63636,0.65503,0.34121,0.41527,0.27273,0.24422,0.04757,1.79353,1.52395,1.42326,2.22394,0,0.00050906,0.00050906,0.00050906
755,4150.2,1.02478,1.53878,0.76588,1.3192,0,0.61393,0.63636,0.67051,0.3508,0.42592,0.25,0.23273,0.05173,1.793,1.53663,1.39522,2.23167,0,0.00050708,0.00050708,0.00050708
756,4155.86,0.96777,1.41672,0.73728,1.2547,0,0.80304,0.52273,0.63105,0.33275,0.38671,0.24379,0.20463,0.04802,1.79451,1.53864,1.41759,2.22259,0,0.0005051,0.0005051,0.0005051
757,4161.34,0.94486,1.42546,0.70421,1.26626,0,0.87272,0.46774,0.59996,0.31634,0.43442,0.20455,0.18495,0.0441,1.79539,1.53706,1.45023,2.21527,0,0.00050312,0.00050312,0.00050312
758,4166.72,0.99609,1.41296,0.72972,1.33027,0,0.87272,0.46774,0.59996,0.31634,0.43442,0.20455,0.18495,0.0441,1.79539,1.53706,1.45023,2.21527,0,0.00050114,0.00050114,0.00050114
759,4172.15,0.93293,1.4056,0.70338,1.26299,0,0.7736,0.47727,0.58311,0.29985,0.47824,0.20455,0.15904,0.03842,1.81029,1.5465,1.55523,2.2226,0,0.00049916,0.00049916,0.00049916
760,4177.73,0.94124,1.35516,0.68576,1.26546,0,0.83448,0.45845,0.57374,0.29981,0.44102,0.22727,0.17136,0.03875,1.77397,1.55698,1.60119,2.21319,0,0.00049718,0.00049718,0.00049718
761,4183.31,0.9546,1.4327,0.69997,1.27409,0,0.60026,0.47727,0.55211,0.30385,0.43814,0.22727,0.18043,0.03937,1.70772,1.55734,1.66501,2.1707,0,0.0004952,0.0004952,0.0004952
762,4188.73,0.95827,1.39862,0.72557,1.26801,0,0.57378,0.52273,0.55731,0.30998,0.41776,0.22727,0.19703,0.04192,1.69402,1.54733,1.68521,2.17016,0,0.00049322,0.00049322,0.00049322
763,4194.29,0.90549,1.3995,0.67395,1.24491,0,0.57378,0.52273,0.55731,0.30998,0.41776,0.22727,0.19703,0.04192,1.69402,1.54733,1.68521,2.17016,0,0.00049124,0.00049124,0.00049124
764,4199.79,0.94461,1.36698,0.69439,1.25576,0,0.8527,0.39494,0.55394,0.31878,0.34769,0.27273,0.21054,0.04584,1.68675,1.53407,1.63105,2.15809,0,0.00048926,0.00048926,0.00048926
765,4205.33,0.9862,1.38857,0.72677,1.29982,0,0.81155,0.43182,0.57641,0.33271,0.33814,0.27273,0.21384,0.04726,1.72621,1.5509,1.53124,2.19306,0,0.00048728,0.00048728,0.00048728
766,4210.92,0.95502,1.44593,0.7015,1.26346,0,0.89239,0.43182,0.59479,0.32662,0.34323,0.29545,0.19914,0.04701,1.70392,1.55556,1.54154,2.16917,0,0.0004853,0.0004853,0.0004853
767,4216.58,0.95342,1.45048,0.7002,1.28272,0,0.83822,0.5,0.60695,0.32716,0.35446,0.25,0.19226,0.04211,1.71174,1.55911,1.53824,2.19148,0,0.00048332,0.00048332,0.00048332
768,4222.33,0.95422,1.41296,0.69813,1.27774,0,0.83822,0.5,0.60695,0.32716,0.35446,0.25,0.19226,0.04211,1.71174,1.55911,1.53824,2.19148,0,0.00048134,0.00048134,0.00048134
769,4227.78,0.97683,1.40631,0.71516,1.25964,0,0.7739,0.5,0.60556,0.30876,0.259,0.27273,0.17691,0.0395,1.75258,1.54909,1.5264,2.24084,0,0.00047936,0.00047936,0.00047936
770,4233.36,1.01969,1.49616,0.73387,1.31605,0,0.73787,0.47727,0.61972,0.29694,0.25434,0.22727,0.12872,0.03165,1.78033,1.55177,1.48625,2.28306,0,0.00047738,0.00047738,0.00047738
771,4239,0.91477,1.31571,0.67552,1.24807,0,0.75927,0.45455,0.58004,0.27838,0.25016,0.22727,0.12721,0.03057,1.80194,1.55048,1.43565,2.29091,0,0.0004754,0.0004754,0.0004754
772,4244.52,0.98018,1.41428,0.73751,1.27079,0,0.78455,0.56818,0.65726,0.31132,0.27884,0.22727,0.136,0.03298,1.80551,1.57171,1.40631,2.29158,0,0.00047342,0.00047342,0.00047342
773,4250,0.95126,1.42055,0.70775,1.2738,0,0.88599,0.52273,0.68698,0.33867,0.34485,0.25,0.16936,0.03762,1.75817,1.56955,1.37246,2.24476,0,0.00047144,0.00047144,0.00047144
774,4255.43,1.02755,1.47358,0.78479,1.26481,0,0.88599,0.52273,0.68698,0.33867,0.34485,0.25,0.16936,0.03762,1.75817,1.56955,1.37246,2.24476,0,0.00046946,0.00046946,0.00046946
775,4260.84,0.94169,1.45157,0.73606,1.27662,0,0.88681,0.53437,0.68705,0.34008,0.35524,0.25,0.17802,0.04324,1.76307,1.5882,1.34899,2.27209,0,0.00046748,0.00046748,0.00046748
776,4266.34,0.95114,1.36346,0.69399,1.27655,0,0.70854,0.61364,0.69085,0.33032,0.33132,0.29545,0.19246,0.04394,1.80346,1.62125,1.33215,2.31168,0,0.0004655,0.0004655,0.0004655
777,4271.75,0.93843,1.43912,0.69082,1.27378,0,0.541,0.54545,0.59823,0.31409,0.26782,0.27273,0.1776,0.03951,1.81054,1.62982,1.37784,2.31619,0,0.00046352,0.00046352,0.00046352
778,4277.18,1.00606,1.43031,0.75337,1.31122,0,0.61562,0.47329,0.57366,0.30029,0.38938,0.20455,0.17909,0.04096,1.79142,1.64676,1.40942,2.3002,0,0.00046154,0.00046154,0.00046154
779,4282.8,0.90066,1.26472,0.6537,1.23404,0,0.61562,0.47329,0.57366,0.30029,0.38938,0.20455,0.17909,0.04096,1.79142,1.64676,1.40942,2.3002,0,0.00045956,0.00045956,0.00045956
780,4288.26,0.98462,1.47138,0.73849,1.29749,0,0.82267,0.42198,0.62727,0.32131,0.39727,0.20455,0.16798,0.04199,1.79413,1.64202,1.43399,2.27762,0,0.00045758,0.00045758,0.00045758
781,4293.73,0.93452,1.42733,0.66789,1.24654,0,0.81988,0.43182,0.62454,0.33661,0.42248,0.22727,0.22068,0.0515,1.76453,1.63297,1.39867,2.24596,0,0.0004556,0.0004556,0.0004556
782,4299.44,0.91175,1.32286,0.65617,1.23065,0,0.51716,0.65909,0.62965,0.34823,0.26428,0.27273,0.21329,0.04883,1.72754,1.62991,1.37181,2.17955,0,0.00045362,0.00045362,0.00045362
783,4305.01,0.91605,1.34401,0.65502,1.23993,0,0.86849,0.43182,0.6344,0.3617,0.36194,0.258,0.23025,0.0513,1.69809,1.62152,1.35396,2.13876,0,0.00045164,0.00045164,0.00045164
784,4310.38,0.92319,1.33685,0.6938,1.22767,0,0.86849,0.43182,0.6344,0.3617,0.36194,0.258,0.23025,0.0513,1.69809,1.62152,1.35396,2.13876,0,0.00044966,0.00044966,0.00044966
785,4315.88,0.94996,1.4008,0.71333,1.25424,0,0.84951,0.43182,0.6084,0.34586,0.41125,0.20455,0.21083,0.04744,1.69953,1.6214,1.36903,2.10921,0,0.00044768,0.00044768,0.00044768
786,4321.4,0.9303,1.38529,0.68503,1.23895,0,0.74396,0.43182,0.58393,0.32887,0.25482,0.31818,0.22774,0.04697,1.72443,1.5941,1.40996,2.11656,0,0.0004457,0.0004457,0.0004457
787,4327.04,0.94795,1.40935,0.69013,1.24405,0,0.58937,0.52193,0.60538,0.31954,0.28497,0.31818,0.22683,0.0485,1.7602,1.59706,1.37742,2.16466,0,0.00044372,0.00044372,0.00044372
788,4332.4,0.93416,1.34999,0.69601,1.23764,0,0.93822,0.38636,0.60594,0.31198,0.2741,0.31818,0.23,0.04075,1.76862,1.59587,1.36072,2.18676,0,0.00044174,0.00044174,0.00044174
789,4338.09,0.95771,1.48117,0.68226,1.25516,0,0.71099,0.44746,0.61569,0.32127,0.35744,0.27273,0.20378,0.04032,1.72928,1.58611,1.31764,2.15412,0,0.00043976,0.00043976,0.00043976
790,4343.65,0.9044,1.38175,0.6679,1.22939,0,0.71099,0.44746,0.61569,0.32127,0.35744,0.27273,0.20378,0.04032,1.72928,1.58611,1.31764,2.15412,0,0.00043778,0.00043778,0.00043778
791,4349.13,0.93286,1.3769,0.68914,1.27034,0,0.91125,0.46696,0.63931,0.33328,0.37791,0.27273,0.22185,0.04347,1.67301,1.55836,1.32153,2.10369,0,0.0004358,0.0004358,0.0004358
792,4354.54,0.98171,1.41307,0.71243,1.28191,0,0.89237,0.45455,0.64353,0.34334,0.43778,0.27273,0.20872,0.04138,1.68326,1.5629,1.30814,2.13039,0,0.00043382,0.00043382,0.00043382
793,4360.03,0.96137,1.50678,0.7031,1.26421,0,0.87888,0.49493,0.66592,0.32656,0.3866,0.27273,0.24678,0.05423,1.73647,1.5508,1.31374,2.20362,0,0.00043184,0.00043184,0.00043184
794,4365.79,0.96074,1.47966,0.6869,1.2708,0,0.84171,0.45455,0.6614,0.31272,0.32538,0.31818,0.23588,0.05652,1.76496,1.55422,1.35076,2.24496,0,0.00042986,0.00042986,0.00042986
795,4371.2,0.95512,1.35505,0.69451,1.24318,0,0.84171,0.45455,0.6614,0.31272,0.32538,0.31818,0.23588,0.05652,1.76496,1.55422,1.35076,2.24496,0,0.00042788,0.00042788,0.00042788
796,4376.61,0.9414,1.41955,0.69913,1.25616,0,0.87361,0.47146,0.66273,0.30657,0.29242,0.31818,0.23075,0.05559,1.80725,1.56717,1.40064,2.30471,0,0.0004259,0.0004259,0.0004259
797,4382.09,0.92579,1.37186,0.6772,1.26426,0,0.88715,0.45455,0.66114,0.31531,0.31795,0.34091,0.23122,0.05494,1.8078,1.58277,1.39287,2.29786,0,0.00042392,0.00042392,0.00042392
798,4387.56,0.90254,1.31853,0.67196,1.23208,0,0.72399,0.45455,0.61284,0.30471,0.39819,0.25,0.22301,0.05325,1.78926,1.59032,1.40719,2.27287,0,0.00042194,0.00042194,0.00042194
799,4393.1,0.90803,1.3544,0.67122,1.21228,0,0.74248,0.45881,0.6134,0.30708,0.41515,0.25,0.21493,0.04821,1.78485,1.58773,1.37096,2.26266,0,0.00041996,0.00041996,0.00041996
800,4398.54,0.93896,1.3551,0.69597,1.25858,0,0.74248,0.45881,0.6134,0.30708,0.41515,0.25,0.21493,0.04821,1.78485,1.58773,1.37096,2.26266,0,0.00041798,0.00041798,0.00041798
801,4404.02,0.9232,1.38016,0.68061,1.26141,0,0.76632,0.44739,0.61702,0.31234,0.4315,0.25,0.24581,0.05148,1.76388,1.5667,1.3826,2.23529,0,0.000416,0.000416,0.000416
802,4409.6,0.89498,1.29311,0.6648,1.21235,0,0.74,0.47727,0.60428,0.30951,0.38162,0.21057,0.22493,0.04953,1.74329,1.55414,1.41261,2.23596,0,0.00041402,0.00041402,0.00041402
803,4415.1,0.9275,1.37625,0.70024,1.24957,0,0.74542,0.46603,0.61144,0.32989,0.53187,0.25,0.23288,0.0548,1.71115,1.53476,1.39717,2.20714,0,0.00041204,0.00041204,0.00041204
804,4420.48,0.94343,1.47627,0.72022,1.24584,0,0.73226,0.5,0.61762,0.3523,0.53045,0.25,0.22312,0.05445,1.64471,1.54152,1.46487,2.106,0,0.00041006,0.00041006,0.00041006
805,4426.08,0.94924,1.36348,0.69635,1.27398,0,0.68857,0.5,0.62221,0.35914,0.43696,0.24703,0.20331,0.04996,1.62543,1.55798,1.47103,2.06833,0,0.00040808,0.00040808,0.00040808
806,4431.55,0.91117,1.34728,0.68416,1.25622,0,0.68857,0.5,0.62221,0.35914,0.43696,0.24703,0.20331,0.04996,1.62543,1.55798,1.47103,2.06833,0,0.0004061,0.0004061,0.0004061
807,4437.04,0.86251,1.25566,0.63046,1.219,0,0.75142,0.5,0.62796,0.35891,0.39348,0.25,0.2062,0.05059,1.65542,1.57293,1.43008,2.07803,0,0.00040412,0.00040412,0.00040412
808,4442.54,0.94178,1.41148,0.70714,1.24744,0,0.75675,0.5,0.60982,0.36139,0.38165,0.25,0.21162,0.05281,1.6436,1.56794,1.51694,2.05811,0,0.00040214,0.00040214,0.00040214
809,4448.08,0.96507,1.44752,0.7132,1.29181,0,0.73322,0.47727,0.59001,0.34903,0.34438,0.22727,0.20399,0.05015,1.65904,1.5715,1.58297,2.08004,0,0.00040016,0.00040016,0.00040016
810,4453.65,0.93082,1.31546,0.68249,1.24477,0,0.7795,0.5,0.59938,0.3528,0.36464,0.24789,0.21403,0.05117,1.68401,1.58952,1.58521,2.11169,0,0.00039818,0.00039818,0.00039818
811,4459.12,0.92795,1.33121,0.67426,1.23941,0,0.7795,0.5,0.59938,0.3528,0.36464,0.24789,0.21403,0.05117,1.68401,1.58952,1.58521,2.11169,0,0.0003962,0.0003962,0.0003962
812,4464.63,0.91191,1.26344,0.65989,1.22095,0,0.86762,0.44708,0.60433,0.3522,0.4641,0.20455,0.22086,0.05461,1.68255,1.56697,1.5608,2.10665,0,0.00039422,0.00039422,0.00039422
813,4470.05,0.87898,1.31394,0.66778,1.23282,0,0.84365,0.43182,0.60042,0.35141,0.47371,0.20455,0.22387,0.0586,1.69752,1.5575,1.61112,2.13414,0,0.00039224,0.00039224,0.00039224
814,4475.57,0.92717,1.32493,0.65374,1.21747,0,0.9011,0.41435,0.59911,0.35839,0.50073,0.20455,0.22537,0.05992,1.71749,1.53857,1.59675,2.17116,0,0.00039026,0.00039026,0.00039026
815,4481.12,0.921,1.36884,0.6591,1.18463,0,0.8906,0.38636,0.56869,0.33136,0.3203,0.22727,0.20894,0.06239,1.73452,1.52558,1.52934,2.2091,0,0.00038828,0.00038828,0.00038828
816,4486.7,0.90357,1.45263,0.69111,1.26101,0,0.8906,0.38636,0.56869,0.33136,0.3203,0.22727,0.20894,0.06239,1.73452,1.52558,1.52934,2.2091,0,0.0003863,0.0003863,0.0003863
817,4492.27,0.92796,1.34968,0.69549,1.22966,0,0.72139,0.45455,0.57071,0.31979,0.36947,0.22727,0.20663,0.06105,1.7545,1.52331,1.51005,2.24608,0,0.00038432,0.00038432,0.00038432
818,4497.89,0.9658,1.48725,0.72646,1.27469,0,0.79703,0.43182,0.56769,0.31635,0.41872,0.22727,0.19672,0.05659,1.75033,1.52609,1.49992,2.25908,0,0.00038234,0.00038234,0.00038234
819,4503.3,0.89179,1.32572,0.65137,1.23726,0,0.95754,0.38636,0.5819,0.31929,0.30107,0.27273,0.19759,0.05215,1.74309,1.51774,1.51682,2.24685,0,0.00038036,0.00038036,0.00038036
820,4508.83,0.96905,1.47039,0.7145,1.2559,0,0.83199,0.45455,0.5909,0.31725,0.3923,0.22727,0.1992,0.04676,1.68894,1.50798,1.54225,2.17895,0,0.00037838,0.00037838,0.00037838
821,4514.34,0.87008,1.36372,0.63998,1.22593,0,0.61201,0.47727,0.569,0.30407,0.41095,0.22727,0.21091,0.04497,1.69102,1.52678,1.55507,2.15629,0,0.0003764,0.0003764,0.0003764
822,4519.86,0.86007,1.27561,0.64505,1.22077,0,0.61201,0.47727,0.569,0.30407,0.41095,0.22727,0.21091,0.04497,1.69102,1.52678,1.55507,2.15629,0,0.00037442,0.00037442,0.00037442
823,4525.43,0.9443,1.44772,0.6923,1.27433,0,0.73174,0.5,0.61698,0.32485,0.34555,0.25,0.21266,0.04655,1.73151,1.52979,1.49437,2.21578,0,0.00037244,0.00037244,0.00037244
824,4530.82,0.91442,1.35275,0.67189,1.23246,0,0.79387,0.45455,0.63144,0.32398,0.37146,0.22727,0.22187,0.04889,1.69974,1.53845,1.4186,2.18889,0,0.00037046,0.00037046,0.00037046
825,4536.41,1.00276,1.36024,0.73398,1.28333,0,0.60228,0.56818,0.6368,0.33684,0.38753,0.22727,0.21131,0.0481,1.69534,1.5596,1.42154,2.15234,0,0.00036848,0.00036848,0.00036848
826,4541.87,0.89172,1.31514,0.65501,1.24402,0,0.84688,0.47727,0.64376,0.35859,0.40979,0.22727,0.20196,0.04818,1.68821,1.57536,1.39037,2.13939,0,0.0003665,0.0003665,0.0003665
827,4547.27,0.90149,1.32276,0.67164,1.24846,0,0.84688,0.47727,0.64376,0.35859,0.40979,0.22727,0.20196,0.04818,1.68821,1.57536,1.39037,2.13939,0,0.00036452,0.00036452,0.00036452
828,4552.81,0.90257,1.30557,0.67442,1.22842,0,0.93,0.47727,0.64818,0.35,0.48614,0.25,0.23836,0.05148,1.72593,1.59012,1.34671,2.1761,0,0.00036254,0.00036254,0.00036254
829,4558.29,0.94204,1.40888,0.68767,1.22045,0,0.94673,0.47727,0.65365,0.3506,0.45173,0.22727,0.22108,0.05058,1.75248,1.5792,1.30835,2.21557,0,0.00036056,0.00036056,0.00036056
830,4563.88,0.92268,1.39558,0.68192,1.26479,0,0.93543,0.45455,0.6172,0.33502,0.47133,0.22727,0.2236,0.04835,1.77398,1.57191,1.28221,2.24382,0,0.00035858,0.00035858,0.00035858
831,4569.34,0.89701,1.35531,0.66508,1.2213,0,0.94633,0.45455,0.60677,0.32775,0.49055,0.22727,0.2262,0.05064,1.79202,1.57655,1.28415,2.26061,0,0.0003566,0.0003566,0.0003566
832,4574.85,0.95623,1.34477,0.70299,1.21605,0,0.94633,0.45455,0.60677,0.32775,0.49055,0.22727,0.2262,0.05064,1.79202,1.57655,1.28415,2.26061,0,0.00035462,0.00035462,0.00035462
833,4580.45,0.8755,1.36581,0.65086,1.2069,0,1,0.47598,0.60816,0.32526,0.49687,0.22727,0.2253,0.0498,1.82661,1.55666,1.33272,2.29899,0,0.00035264,0.00035264,0.00035264
834,4585.91,0.91259,1.41902,0.65338,1.27085,0,0.95436,0.45455,0.60469,0.3138,0.4922,0.22727,0.21575,0.05427,1.87032,1.5424,1.38027,2.34823,0,0.00035066,0.00035066,0.00035066
835,4591.37,0.8903,1.24845,0.6567,1.23389,0,0.90865,0.45455,0.59333,0.31496,0.48051,0.22727,0.21379,0.05433,1.88239,1.5442,1.3947,2.36871,0,0.00034868,0.00034868,0.00034868
836,4596.96,0.95653,1.43599,0.69953,1.27296,0,0.86623,0.44177,0.57383,0.31304,0.45159,0.20455,0.20387,0.0526,1.85368,1.54967,1.40306,2.34444,0,0.0003467,0.0003467,0.0003467
837,4602.43,0.91624,1.40142,0.67723,1.2473,0,0.79258,0.45455,0.5719,0.30949,0.34818,0.22727,0.19072,0.04991,1.82886,1.53205,1.42501,2.31512,0,0.00034472,0.00034472,0.00034472
838,4607.88,0.97984,1.41083,0.70596,1.27274,0,0.79258,0.45455,0.5719,0.30949,0.34818,0.22727,0.19072,0.04991,1.82886,1.53205,1.42501,2.31512,0,0.00034274,0.00034274,0.00034274
839,4613.94,0.93102,1.3412,0.67338,1.22517,0,0.81257,0.45455,0.5764,0.3118,0.34152,0.22727,0.19836,0.04967,1.82754,1.51828,1.42051,2.30749,0,0.00034076,0.00034076,0.00034076
840,4619.6,0.94361,1.40996,0.70281,1.25087,0,0.95177,0.44872,0.58622,0.31308,0.2991,0.27273,0.19478,0.0534,1.84205,1.51065,1.38697,2.2969,0,0.00033878,0.00033878,0.00033878
841,4625.03,0.86926,1.29703,0.6893,1.21505,0,1,0.46352,0.60269,0.31848,0.44067,0.20455,0.20089,0.0554,1.83815,1.50384,1.33846,2.26864,0,0.0003368,0.0003368,0.0003368
842,4630.68,0.9176,1.346,0.69116,1.2575,0,0.89743,0.47727,0.6119,0.32335,0.37502,0.20455,0.19845,0.05242,1.82132,1.51452,1.31005,2.25673,0,0.00033482,0.00033482,0.00033482
843,4636.15,0.88911,1.3395,0.64054,1.1948,0,0.89743,0.47727,0.6119,0.32335,0.37502,0.20455,0.19845,0.05242,1.82132,1.51452,1.31005,2.25673,0,0.00033284,0.00033284,0.00033284
844,4641.66,0.98657,1.37474,0.69441,1.27742,0,0.94006,0.5,0.64789,0.33663,0.34836,0.20455,0.20337,0.05639,1.79516,1.53726,1.28669,2.24424,0,0.00033086,0.00033086,0.00033086
845,4647.21,0.93488,1.49236,0.68028,1.23531,0,0.89184,0.47727,0.64659,0.33619,0.1986,0.36364,0.1957,0.04966,1.76848,1.53914,1.31369,2.23389,0,0.00032888,0.00032888,0.00032888
846,4652.56,0.88457,1.32728,0.65578,1.19953,0,0.90598,0.5,0.63516,0.33313,0.21698,0.36364,0.19752,0.04974,1.78333,1.55119,1.28644,2.27605,0,0.0003269,0.0003269,0.0003269
847,4657.97,0.90094,1.39194,0.69676,1.25948,0,0.90299,0.5,0.63857,0.33802,0.25324,0.36364,0.1942,0.04978,1.79918,1.55532,1.26548,2.3212,0,0.00032492,0.00032492,0.00032492
848,4663.57,0.89355,1.31122,0.63699,1.24503,0,0.90299,0.5,0.63857,0.33802,0.25324,0.36364,0.1942,0.04978,1.79918,1.55532,1.26548,2.3212,0,0.00032294,0.00032294,0.00032294
849,4669.07,0.93276,1.4606,0.68292,1.25292,0,0.89264,0.5,0.64012,0.33344,0.24923,0.34091,0.19511,0.0507,1.79049,1.53997,1.26163,2.30726,0,0.00032096,0.00032096,0.00032096
850,4674.4,0.92049,1.39518,0.67911,1.23172,0,0.89731,0.47727,0.60958,0.3209,0.31739,0.25,0.19792,0.05428,1.79684,1.53802,1.3047,2.29868,0,0.00031898,0.00031898,0.00031898
851,4679.84,0.93491,1.39517,0.66464,1.24639,0,0.91746,0.45455,0.61006,0.31486,0.45952,0.22727,0.21212,0.05301,1.76916,1.54122,1.33133,2.26855,0,0.000317,0.000317,0.000317
852,4685.37,0.91749,1.31045,0.6593,1.2266,0,0.94513,0.45455,0.61055,0.32177,0.35531,0.25,0.19445,0.05112,1.76658,1.53364,1.32878,2.2798,0,0.00031502,0.00031502,0.00031502
853,4690.89,0.88437,1.25388,0.63825,1.22349,0,1,0.44889,0.60995,0.33239,0.35748,0.25,0.21808,0.05704,1.76129,1.52468,1.34319,2.25492,0,0.00031304,0.00031304,0.00031304
854,4696.39,0.88261,1.31862,0.66937,1.21166,0,1,0.44889,0.60995,0.33239,0.35748,0.25,0.21808,0.05704,1.76129,1.52468,1.34319,2.25492,0,0.00031106,0.00031106,0.00031106
855,4701.9,0.92619,1.40549,0.66256,1.24574,0,0.77317,0.47727,0.6109,0.33718,0.3243,0.25,0.21756,0.05906,1.7556,1.5271,1.29784,2.2482,0,0.00030908,0.00030908,0.00030908
856,4707.36,0.89975,1.33447,0.6661,1.23028,0,0.76394,0.52273,0.63253,0.35823,0.28887,0.29545,0.22081,0.05792,1.72335,1.52899,1.29275,2.22584,0,0.0003071,0.0003071,0.0003071
857,4712.84,0.93201,1.39386,0.6912,1.24718,0,0.69471,0.52273,0.63025,0.35098,0.3245,0.25,0.21297,0.05434,1.73141,1.5355,1.24616,2.2364,0,0.00030512,0.00030512,0.00030512
858,4718.56,0.88898,1.30412,0.65666,1.24008,0,0.76038,0.5,0.6233,0.34366,0.32479,0.29545,0.23109,0.05609,1.74878,1.53207,1.24921,2.26134,0,0.00030314,0.00030314,0.00030314
859,4723.89,0.8989,1.3477,0.66702,1.19884,0,0.76038,0.5,0.6233,0.34366,0.32479,0.29545,0.23109,0.05609,1.74878,1.53207,1.24921,2.26134,0,0.00030116,0.00030116,0.00030116
860,4729.38,0.86703,1.28728,0.65792,1.20339,0,0.79254,0.52101,0.62637,0.3314,0.41221,0.27101,0.22259,0.05143,1.7851,1.51957,1.24975,2.29969,0,0.00029918,0.00029918,0.00029918
861,4734.81,0.84383,1.29754,0.63081,1.1862,0,0.74807,0.54545,0.62894,0.33314,0.38707,0.27273,0.21055,0.05263,1.80844,1.52093,1.29554,2.32888,0,0.0002972,0.0002972,0.0002972
862,4740.21,0.91512,1.36745,0.66111,1.25534,0,0.71634,0.54545,0.62059,0.32714,0.37567,0.25,0.20521,0.05378,1.82479,1.51131,1.28774,2.34206,0,0.00029522,0.00029522,0.00029522
863,4745.41,0.85043,1.30674,0.63254,1.17239,0,0.73984,0.54545,0.62306,0.32984,0.3719,0.25,0.18625,0.04687,1.79635,1.50685,1.32858,2.30796,0,0.00029324,0.00029324,0.00029324
864,4750.2,0.90783,1.37634,0.66121,1.23447,0,0.73984,0.54545,0.62306,0.32984,0.3719,0.25,0.18625,0.04687,1.79635,1.50685,1.32858,2.30796,0,0.00029126,0.00029126,0.00029126
865,4755.04,0.95732,1.4102,0.70853,1.25729,0,0.83831,0.5,0.61109,0.32084,0.40136,0.22727,0.17632,0.03962,1.84461,1.5168,1.34089,2.35277,0,0.00028928,0.00028928,0.00028928
866,4759.75,0.93921,1.37937,0.68183,1.23551,0,0.84599,0.5,0.60622,0.31762,0.39215,0.22727,0.17692,0.04037,1.82018,1.52093,1.38192,2.33047,0,0.0002873,0.0002873,0.0002873
867,4764.72,0.91298,1.36427,0.6359,1.22772,0,0.83732,0.46814,0.598,0.31435,0.31487,0.29545,0.17303,0.03972,1.80292,1.52195,1.40826,2.30385,0,0.00028532,0.00028532,0.00028532
868,4769.59,0.90859,1.23236,0.65294,1.24749,0,0.61401,0.59091,0.60197,0.31315,0.27387,0.27434,0.17295,0.04072,1.7809,1.51581,1.42066,2.27671,0,0.00028334,0.00028334,0.00028334
869,4774.35,0.90513,1.39314,0.67618,1.20324,0,0.66761,0.56818,0.60009,0.30957,0.32102,0.27273,0.17031,0.03688,1.79434,1.52179,1.42858,2.27754,0,0.00028136,0.00028136,0.00028136
870,4779.03,0.9143,1.39806,0.69327,1.22445,0,0.66761,0.56818,0.60009,0.30957,0.32102,0.27273,0.17031,0.03688,1.79434,1.52179,1.42858,2.27754,0,0.00027938,0.00027938,0.00027938
871,4783.9,0.93647,1.42907,0.66765,1.2345,0,0.66076,0.56818,0.60361,0.30464,0.31761,0.27273,0.17198,0.03381,1.79972,1.52244,1.39592,2.28589,0,0.0002774,0.0002774,0.0002774
872,4789.14,0.88139,1.26564,0.64744,1.22532,0,0.6633,0.56818,0.60053,0.30262,0.28398,0.25,0.18301,0.03237,1.84509,1.51962,1.39059,2.35121,0,0.00027542,0.00027542,0.00027542
873,4793.98,0.91152,1.32237,0.64256,1.216,0,0.70597,0.52273,0.60812,0.30534,0.25579,0.25,0.1787,0.03339,1.87561,1.54052,1.39905,2.40588,0,0.00027344,0.00027344,0.00027344
874,4798.83,0.93376,1.35406,0.66927,1.24639,0,0.74577,0.47727,0.60572,0.31295,0.2062,0.27273,0.14273,0.03521,1.8726,1.54894,1.39661,2.39461,0,0.00027146,0.00027146,0.00027146
875,4803.53,0.91037,1.25839,0.65869,1.21666,0,0.74577,0.47727,0.60572,0.31295,0.2062,0.27273,0.14273,0.03521,1.8726,1.54894,1.39661,2.39461,0,0.00026948,0.00026948,0.00026948
876,4808.36,0.93187,1.41085,0.67974,1.24966,0,0.83371,0.40909,0.58267,0.30625,0.23584,0.25,0.18397,0.04001,1.84758,1.55362,1.42446,2.35748,0,0.0002675,0.0002675,0.0002675
877,4813.42,0.8717,1.31646,0.63999,1.21686,0,0.8578,0.41138,0.58336,0.30829,0.27483,0.27273,0.1876,0.04943,1.84556,1.54424,1.43646,2.34743,0,0.00026552,0.00026552,0.00026552
878,4818.25,0.93441,1.35621,0.67478,1.25066,0,0.86857,0.43182,0.57597,0.30655,0.2822,0.25,0.19314,0.05017,1.84875,1.53089,1.42662,2.35665,0,0.00026354,0.00026354,0.00026354
879,4822.96,0.89479,1.30926,0.66699,1.19892,0,0.75817,0.49882,0.58172,0.30764,0.3763,0.24692,0.19317,0.05033,1.84311,1.51283,1.43272,2.34457,0,0.00026156,0.00026156,0.00026156
880,4827.6,0.86785,1.31141,0.62521,1.1922,0,0.75817,0.49882,0.58172,0.30764,0.3763,0.24692,0.19317,0.05033,1.84311,1.51283,1.43272,2.34457,0,0.00025958,0.00025958,0.00025958
881,4832.33,0.90485,1.34352,0.63582,1.19507,0,0.83995,0.47711,0.57596,0.30534,0.38346,0.22727,0.19768,0.05487,1.84727,1.51638,1.46141,2.36231,0,0.0002576,0.0002576,0.0002576
882,4837.08,0.92925,1.4246,0.69272,1.21747,0,0.80918,0.47727,0.57822,0.3108,0.38996,0.22727,0.20006,0.05119,1.82809,1.52299,1.48292,2.34672,0,0.00025562,0.00025562,0.00025562
883,4841.72,0.90164,1.30779,0.65852,1.20636,0,0.81143,0.5,0.57351,0.31016,0.40587,0.22727,0.20901,0.05265,1.79065,1.54553,1.50222,2.29667,0,0.00025364,0.00025364,0.00025364
884,4846.38,0.88372,1.34129,0.67381,1.2148,0,0.75995,0.5,0.57461,0.314,0.23968,0.34091,0.20706,0.05262,1.77649,1.5853,1.51179,2.29098,0,0.00025166,0.00025166,0.00025166
885,4851.04,0.87803,1.3325,0.65618,1.18556,0,0.93055,0.43182,0.57334,0.30828,0.2783,0.29545,0.2042,0.04666,1.75588,1.62721,1.57009,2.27829,0,0.00024968,0.00024968,0.00024968
886,4855.76,0.82668,1.23262,0.62014,1.18758,0,0.93055,0.43182,0.57334,0.30828,0.2783,0.29545,0.2042,0.04666,1.75588,1.62721,1.57009,2.27829,0,0.0002477,0.0002477,0.0002477
887,4860.41,0.85763,1.33605,0.63421,1.21856,0,0.94052,0.43182,0.57311,0.31123,0.27952,0.27273,0.19839,0.05129,1.73977,1.64146,1.57323,2.24927,0,0.00024572,0.00024572,0.00024572
888,4865.02,0.8727,1.26107,0.63007,1.17779,0,0.97621,0.40909,0.58636,0.32839,0.48299,0.20455,0.21023,0.05482,1.71983,1.62762,1.54011,2.20922,0,0.00024374,0.00024374,0.00024374
889,4869.81,0.82823,1.22131,0.60004,1.20009,0,0.61464,0.52273,0.58101,0.33193,0.33118,0.25,0.21633,0.0567,1.68134,1.61814,1.54187,2.14414,0,0.00024176,0.00024176,0.00024176
890,4874.56,0.88548,1.37198,0.66171,1.22441,0,0.90411,0.40909,0.58797,0.33646,0.50362,0.22727,0.21684,0.05592,1.69022,1.59415,1.55931,2.13753,0,0.00023978,0.00023978,0.00023978
891,4879.17,0.87891,1.37388,0.64345,1.20648,0,0.90411,0.40909,0.58797,0.33646,0.50362,0.22727,0.21684,0.05592,1.69022,1.59415,1.55931,2.13753,0,0.0002378,0.0002378,0.0002378
892,4883.76,0.86864,1.30715,0.63665,1.18744,0,0.9302,0.43182,0.59992,0.33224,0.50208,0.22727,0.22294,0.05518,1.68931,1.5766,1.51415,2.13785,0,0.00023582,0.00023582,0.00023582
893,4888.36,0.86572,1.25687,0.62236,1.19423,0,0.8726,0.5,0.62204,0.33335,0.41751,0.27273,0.22037,0.05418,1.73494,1.54872,1.45008,2.19272,0,0.00023384,0.00023384,0.00023384
894,4893.13,0.92361,1.33567,0.65642,1.21538,0,0.87626,0.48301,0.63563,0.33891,0.45601,0.27273,0.22922,0.05178,1.7705,1.5384,1.40342,2.22077,0,0.00023186,0.00023186,0.00023186
895,4897.93,0.89346,1.32661,0.65492,1.21186,0,0.94262,0.47727,0.65188,0.34443,0.43695,0.22727,0.2263,0.05285,1.78333,1.53472,1.3824,2.22246,0,0.00022988,0.00022988,0.00022988
896,4902.68,0.89201,1.3182,0.64055,1.21526,0,0.94262,0.47727,0.65188,0.34443,0.43695,0.22727,0.2263,0.05285,1.78333,1.53472,1.3824,2.22246,0,0.0002279,0.0002279,0.0002279
897,4907.41,0.87927,1.28832,0.64797,1.23822,0,0.91616,0.47727,0.6454,0.34312,0.31838,0.28677,0.22144,0.0559,1.77222,1.51628,1.37004,2.20025,0,0.00022592,0.00022592,0.00022592
898,4912.32,0.87563,1.31563,0.63246,1.24028,0,0.88531,0.52273,0.66488,0.35226,0.43082,0.22727,0.20757,0.05028,1.80086,1.51822,1.36713,2.22362,0,0.00022394,0.00022394,0.00022394
899,4917.17,0.85112,1.32118,0.63454,1.2029,0,0.84646,0.52273,0.65625,0.33892,0.37011,0.22727,0.21407,0.05082,1.84255,1.51323,1.36954,2.26222,0,0.00022196,0.00022196,0.00022196
900,4921.94,0.8219,1.20983,0.59583,1.15471,0,0.82863,0.52273,0.64262,0.33738,0.4257,0.22727,0.21782,0.05234,1.79447,1.51999,1.41738,2.22679,0,0.00021998,0.00021998,0.00021998
901,4926.79,0.87514,1.29503,0.63655,1.20317,0,0.95634,0.49787,0.63113,0.33847,0.42965,0.22727,0.21848,0.05384,1.77256,1.53544,1.49194,2.20372,0,0.000218,0.000218,0.000218
902,4931.61,0.88195,1.30861,0.64825,1.22335,0,0.95634,0.49787,0.63113,0.33847,0.42965,0.22727,0.21848,0.05384,1.77256,1.53544,1.49194,2.20372,0,0.00021602,0.00021602,0.00021602
903,4936.9,0.87367,1.36039,0.65028,1.18164,0,0.91993,0.47727,0.61529,0.33016,0.39615,0.20455,0.21725,0.0531,1.71627,1.54021,1.50007,2.16217,0,0.00021404,0.00021404,0.00021404
904,4942.06,0.85901,1.28737,0.62958,1.21013,0,0.81216,0.52273,0.61052,0.32713,0.36978,0.25,0.219,0.05465,1.71619,1.55192,1.52518,2.16734,0,0.00021206,0.00021206,0.00021206
905,4947.16,0.80931,1.22124,0.60138,1.15563,0,0.77712,0.52273,0.61511,0.33157,0.42169,0.20455,0.20152,0.04772,1.72328,1.54819,1.51953,2.18814,0,0.00021008,0.00021008,0.00021008
906,4952.49,0.93341,1.34519,0.68154,1.24745,0,0.95451,0.47693,0.62775,0.33601,0.42129,0.20455,0.20485,0.04862,1.75581,1.54609,1.49419,2.21865,0,0.0002081,0.0002081,0.0002081
907,4957.27,0.92522,1.38795,0.68863,1.2283,0,0.95451,0.47693,0.62775,0.33601,0.42129,0.20455,0.20485,0.04862,1.75581,1.54609,1.49419,2.21865,0,0.00020612,0.00020612,0.00020612
908,4962.1,0.87424,1.27839,0.64041,1.21585,0,0.95524,0.48525,0.6285,0.33592,0.37217,0.25,0.22017,0.04786,1.76858,1.54691,1.519,2.22169,0,0.00020414,0.00020414,0.00020414
909,4966.9,0.87492,1.31788,0.61996,1.22077,0,0.88708,0.47727,0.60955,0.33086,0.3484,0.25,0.21088,0.04771,1.73816,1.54927,1.51794,2.20489,0,0.00020216,0.00020216,0.00020216
910,4971.85,0.84036,1.22913,0.61236,1.19037,0,0.78014,0.48403,0.61129,0.33907,0.36395,0.25,0.21267,0.04824,1.72509,1.54406,1.48721,2.21513,0,0.00020018,0.00020018,0.00020018
911,4977.25,0.81172,1.25115,0.62182,1.18277,0,0.84131,0.48211,0.61168,0.33607,0.37779,0.25,0.21109,0.05462,1.73539,1.53538,1.46813,2.21593,0,0.0001982,0.0001982,0.0001982
912,4982.06,0.84289,1.26545,0.6283,1.20028,0,0.84131,0.48211,0.61168,0.33607,0.37779,0.25,0.21109,0.05462,1.73539,1.53538,1.46813,2.21593,0,0.00019622,0.00019622,0.00019622
913,4987.07,0.87985,1.33889,0.6586,1.21678,0,0.79805,0.5,0.60262,0.33758,0.39614,0.25,0.21928,0.0532,1.75201,1.53081,1.45518,2.21189,0,0.00019424,0.00019424,0.00019424
914,4992,0.88135,1.33928,0.63971,1.24571,0,0.80183,0.5,0.59747,0.33505,0.4874,0.25,0.2283,0.05228,1.75818,1.52376,1.42904,2.20135,0,0.00019226,0.00019226,0.00019226
915,4996.64,0.86225,1.37536,0.63797,1.17324,0,0.88522,0.45455,0.60282,0.33327,0.48752,0.25,0.22913,0.05246,1.73503,1.52158,1.41795,2.17648,0,0.00019028,0.00019028,0.00019028
916,5001.32,0.86882,1.27923,0.65365,1.20562,0,0.90898,0.45395,0.60691,0.33092,0.5076,0.25,0.23035,0.0528,1.72223,1.52265,1.38053,2.16888,0,0.0001883,0.0001883,0.0001883
917,5006.09,0.87141,1.3579,0.65795,1.18199,0,0.82438,0.47727,0.61399,0.34311,0.48847,0.22727,0.23479,0.05164,1.69286,1.53257,1.34624,2.15619,0,0.00018632,0.00018632,0.00018632
918,5010.7,0.89744,1.29239,0.65159,1.23388,0,0.82438,0.47727,0.61399,0.34311,0.48847,0.22727,0.23479,0.05164,1.69286,1.53257,1.34624,2.15619,0,0.00018434,0.00018434,0.00018434
919,5015.39,0.84706,1.30088,0.6372,1.21202,0,0.8621,0.45455,0.62166,0.35143,0.51021,0.22727,0.23802,0.05464,1.68765,1.53107,1.37211,2.16782,0,0.00018236,0.00018236,0.00018236
920,5020.16,0.87634,1.29631,0.6507,1.21324,0,0.91186,0.43182,0.60581,0.35262,0.45069,0.20455,0.21618,0.05238,1.70149,1.54423,1.39055,2.20051,0,0.00018038,0.00018038,0.00018038
921,5024.92,0.83721,1.28436,0.6169,1.18978,0,0.90522,0.43424,0.61327,0.34519,0.49322,0.25,0.23601,0.05431,1.72539,1.54067,1.41036,2.2343,0,0.0001784,0.0001784,0.0001784
922,5029.72,0.89303,1.39472,0.66859,1.2497,0,0.91126,0.46703,0.60928,0.35006,0.4292,0.22727,0.22509,0.0536,1.73596,1.5401,1.41744,2.26018,0,0.00017642,0.00017642,0.00017642
923,5034.49,0.91425,1.34782,0.67159,1.21387,0,0.91126,0.46703,0.60928,0.35006,0.4292,0.22727,0.22509,0.0536,1.73596,1.5401,1.41744,2.26018,0,0.00017444,0.00017444,0.00017444
924,5039.16,0.82578,1.21743,0.59536,1.16857,0,0.91273,0.47547,0.61302,0.35084,0.42704,0.22727,0.21554,0.05107,1.75029,1.55161,1.39754,2.26821,0,0.00017246,0.00017246,0.00017246
925,5043.86,0.88713,1.26736,0.62708,1.20771,0,0.90076,0.47727,0.61036,0.34735,0.42279,0.22727,0.21969,0.05031,1.75405,1.56262,1.40792,2.24424,0,0.00017048,0.00017048,0.00017048
926,5048.54,0.85123,1.28055,0.63201,1.18342,0,0.89992,0.47727,0.60035,0.34925,0.41706,0.22727,0.22594,0.0522,1.72427,1.55783,1.40469,2.21784,0,0.0001685,0.0001685,0.0001685
927,5053.29,0.83607,1.23577,0.61268,1.17917,0,0.86881,0.47727,0.60437,0.35159,0.27611,0.36364,0.239,0.05779,1.72538,1.5513,1.40853,2.21542,0,0.00016652,0.00016652,0.00016652
928,5057.83,0.94774,1.51342,0.71821,1.27596,0,0.86881,0.47727,0.60437,0.35159,0.27611,0.36364,0.239,0.05779,1.72538,1.5513,1.40853,2.21542,0,0.00016454,0.00016454,0.00016454
929,5062.49,0.86845,1.37976,0.66484,1.20852,0,0.81854,0.47727,0.60927,0.36147,0.25953,0.29545,0.21218,0.05654,1.71916,1.54989,1.39715,2.21708,0,0.00016256,0.00016256,0.00016256
930,5067.22,0.93947,1.37834,0.67871,1.28311,0,0.91282,0.47597,0.61234,0.35616,0.25641,0.29545,0.21573,0.05714,1.73189,1.56743,1.37929,2.2173,0,0.00016058,0.00016058,0.00016058
931,5072.01,0.84243,1.23386,0.61881,1.18451,0,0.81618,0.47727,0.61798,0.35141,0.27089,0.29545,0.20759,0.05411,1.70147,1.56995,1.34609,2.21155,0,0.0001586,0.0001586,0.0001586
932,5076.75,0.84549,1.25506,0.61825,1.21592,0,0.81339,0.47727,0.6386,0.35618,0.28468,0.33475,0.21516,0.04891,1.68523,1.58114,1.34681,2.19566,0,0.00015662,0.00015662,0.00015662
933,5081.37,0.88092,1.25098,0.63642,1.23071,0,0.77525,0.5,0.63887,0.36114,0.27032,0.36364,0.2197,0.05314,1.6693,1.57304,1.33461,2.18338,0,0.00015464,0.00015464,0.00015464
934,5086.03,0.86598,1.26463,0.63134,1.20553,0,0.77525,0.5,0.63887,0.36114,0.27032,0.36364,0.2197,0.05314,1.6693,1.57304,1.33461,2.18338,0,0.00015266,0.00015266,0.00015266
935,5090.71,0.87546,1.29736,0.64078,1.18654,0,0.75945,0.52273,0.63846,0.35819,0.41907,0.24605,0.21899,0.05194,1.65947,1.56862,1.31282,2.17446,0,0.00015068,0.00015068,0.00015068
936,5095.47,0.84542,1.30715,0.61867,1.18646,0,0.79605,0.5,0.63867,0.35738,0.42194,0.24888,0.22693,0.05118,1.65339,1.56024,1.32216,2.16439,0,0.0001487,0.0001487,0.0001487
937,5100.15,0.827,1.2597,0.61737,1.18751,0,0.75691,0.52273,0.62523,0.36023,0.27127,0.31818,0.22513,0.05375,1.63131,1.54521,1.33682,2.1416,0,0.00014672,0.00014672,0.00014672
938,5104.71,0.91139,1.36431,0.644,1.2351,0,0.83904,0.47401,0.62513,0.35426,0.41148,0.22727,0.21604,0.05476,1.62401,1.54081,1.3394,2.13774,0,0.00014474,0.00014474,0.00014474
939,5109.4,0.89896,1.32108,0.66461,1.25406,0,0.83904,0.47401,0.62513,0.35426,0.41148,0.22727,0.21604,0.05476,1.62401,1.54081,1.3394,2.13774,0,0.00014276,0.00014276,0.00014276
940,5114.05,0.85814,1.27969,0.63407,1.19088,0,0.83983,0.47671,0.62169,0.35474,0.41469,0.22727,0.21826,0.05594,1.62589,1.53807,1.34407,2.15792,0,0.00014078,0.00014078,0.00014078
941,5118.73,0.87729,1.317,0.63355,1.21585,0,0.75009,0.4775,0.62012,0.35876,0.30553,0.29545,0.21837,0.05913,1.64196,1.53711,1.3211,2.17131,0,0.0001388,0.0001388,0.0001388
942,5123.41,0.85689,1.28463,0.60567,1.19896,0,0.75416,0.48823,0.6182,0.36165,0.3122,0.29545,0.22286,0.06155,1.6565,1.53747,1.33562,2.18289,0,0.00013682,0.00013682,0.00013682
943,5128.07,0.87224,1.33146,0.64825,1.22345,0,0.85026,0.45455,0.61674,0.36095,0.43143,0.22727,0.22244,0.06096,1.66387,1.53894,1.34677,2.18697,0,0.00013484,0.00013484,0.00013484
944,5132.65,0.84317,1.28313,0.64892,1.18129,0,0.85026,0.45455,0.61674,0.36095,0.43143,0.22727,0.22244,0.06096,1.66387,1.53894,1.34677,2.18697,0,0.00013286,0.00013286,0.00013286
945,5137.28,0.87999,1.31453,0.64345,1.20354,0,0.87115,0.46119,0.6164,0.35822,0.47914,0.25,0.24162,0.06147,1.677,1.53812,1.33819,2.19664,0,0.00013088,0.00013088,0.00013088
946,5141.88,0.87569,1.32756,0.64928,1.21842,0,0.86538,0.43182,0.61304,0.35766,0.54731,0.25,0.23594,0.05871,1.67702,1.5375,1.35371,2.19428,0,0.0001289,0.0001289,0.0001289
947,5146.56,0.902,1.36923,0.65785,1.25029,0,0.8647,0.43591,0.61247,0.36046,0.49695,0.22727,0.22319,0.05678,1.70564,1.54129,1.39611,2.20915,0,0.00012692,0.00012692,0.00012692
948,5151.25,0.85238,1.20034,0.65179,1.19335,0,0.86517,0.43771,0.60628,0.35632,0.49361,0.22727,0.21941,0.05517,1.7098,1.53831,1.42189,2.2074,0,0.00012494,0.00012494,0.00012494
949,5155.9,0.83069,1.23185,0.6226,1.1986,0,0.92119,0.43182,0.60574,0.35475,0.48614,0.22727,0.22131,0.04897,1.71582,1.53443,1.4531,2.20782,0,0.00012296,0.00012296,0.00012296
950,5160.54,0.84182,1.29598,0.61787,1.20064,0,0.92119,0.43182,0.60574,0.35475,0.48614,0.22727,0.22131,0.04897,1.71582,1.53443,1.4531,2.20782,0,0.00012098,0.00012098,0.00012098
951,5164.81,0.77819,1.07215,0.6397,1.19549,0,0.71915,0.5,0.59419,0.34967,0.53756,0.25,0.2368,0.04823,1.73954,1.53538,1.45646,2.23418,0,0.000119,0.000119,0.000119
952,5168.9,0.83692,1.07589,0.65357,1.22771,0,0.87051,0.45851,0.58046,0.34983,0.46635,0.22727,0.1999,0.04547,1.7873,1.53879,1.46955,2.2783,0,0.00011702,0.00011702,0.00011702
953,5173,0.79668,1.1119,0.62881,1.20211,0,0.82049,0.45455,0.5742,0.34505,0.31667,0.29492,0.20266,0.0458,1.79781,1.55433,1.5093,2.31072,0,0.00011504,0.00011504,0.00011504
954,5177.14,0.79555,1.08373,0.6026,1.18582,0,0.61367,0.52273,0.55408,0.32435,0.31192,0.27273,0.18947,0.04247,1.80651,1.56453,1.55496,2.32869,0,0.00011306,0.00011306,0.00011306
955,5181.26,0.82398,1.1009,0.63148,1.22435,0,0.61367,0.52273,0.55408,0.32435,0.31192,0.27273,0.18947,0.04247,1.80651,1.56453,1.55496,2.32869,0,0.00011108,0.00011108,0.00011108
956,5185.34,0.85378,1.09259,0.67133,1.26834,0,0.61665,0.51197,0.54744,0.30509,0.35791,0.27273,0.18863,0.04268,1.85176,1.58519,1.55062,2.37991,0,0.0001091,0.0001091,0.0001091
957,5189.41,0.80814,1.12232,0.59985,1.20046,0,0.72796,0.5,0.55189,0.30475,0.32467,0.29545,0.20161,0.04414,1.87024,1.58663,1.55617,2.40022,0,0.00010712,0.00010712,0.00010712
958,5193.4,0.81873,1.06262,0.62188,1.2105,0,0.74623,0.53483,0.56869,0.30945,0.33249,0.29545,0.19849,0.0436,1.89297,1.58517,1.54566,2.41429,0,0.00010514,0.00010514,0.00010514
959,5197.47,0.77388,1.04624,0.58323,1.15769,0,0.72869,0.54545,0.56586,0.30479,0.31996,0.27273,0.18606,0.04254,1.89143,1.58721,1.54442,2.4052,0,0.00010316,0.00010316,0.00010316
960,5201.55,0.79349,1.03289,0.58485,1.17436,0,0.72869,0.54545,0.56586,0.30479,0.31996,0.27273,0.18606,0.04254,1.89143,1.58721,1.54442,2.4052,0,0.00010118,0.00010118,0.00010118
961,5205.58,0.81704,1.11772,0.60097,1.20793,0,0.72505,0.54545,0.56776,0.30841,0.27734,0.27273,0.1854,0.04279,1.87928,1.59188,1.54129,2.38415,0,9.92e-05,9.92e-05,9.92e-05
962,5209.57,0.79321,1.04499,0.58918,1.21949,0,0.77337,0.52273,0.56696,0.30722,0.36917,0.25,0.19857,0.04622,1.86548,1.60078,1.52701,2.36369,0,9.722e-05,9.722e-05,9.722e-05
963,5213.9,0.81263,1.08352,0.63172,1.2217,0,0.7107,0.52273,0.57879,0.31168,0.31363,0.27273,0.18711,0.04316,1.84787,1.59825,1.48474,2.34806,0,9.524e-05,9.524e-05,9.524e-05
964,5218.02,0.76266,1.03093,0.5976,1.18196,0,0.69758,0.56818,0.58093,0.30479,0.33484,0.27273,0.18848,0.04125,1.80994,1.60543,1.44421,2.29978,0,9.326e-05,9.326e-05,9.326e-05
965,5222.38,0.82846,1.09628,0.62429,1.23121,0,0.76472,0.56818,0.58633,0.31362,0.36469,0.27273,0.19353,0.0393,1.79633,1.60065,1.39302,2.30129,0,9.128e-05,9.128e-05,9.128e-05
966,5226.54,0.84867,1.16913,0.64783,1.25168,0,0.76472,0.56818,0.58633,0.31362,0.36469,0.27273,0.19353,0.0393,1.79633,1.60065,1.39302,2.30129,0,8.93e-05,8.93e-05,8.93e-05
967,5230.58,0.75564,1.08842,0.60069,1.19775,0,0.79931,0.54317,0.59026,0.3165,0.39898,0.27273,0.19048,0.04401,1.80722,1.61106,1.35575,2.31079,0,8.732e-05,8.732e-05,8.732e-05
968,5234.58,0.76244,1.0491,0.58223,1.15149,0,0.81299,0.52273,0.60183,0.32225,0.37727,0.26179,0.19046,0.03963,1.83155,1.6235,1.33811,2.34843,0,8.534e-05,8.534e-05,8.534e-05
969,5238.6,0.76284,1.03635,0.57396,1.18908,0,0.823,0.52273,0.63563,0.32723,0.32124,0.27273,0.19443,0.03818,1.82215,1.63348,1.34499,2.32804,0,8.336e-05,8.336e-05,8.336e-05
970,5243.52,0.7908,1.09071,0.60323,1.21413,0,0.87718,0.52273,0.63456,0.32808,0.3204,0.27273,0.19813,0.03886,1.79553,1.65081,1.35887,2.29121,0,8.138e-05,8.138e-05,8.138e-05
971,5251.81,0.78238,1.10083,0.60326,1.20481,0,0.87718,0.52273,0.63456,0.32808,0.3204,0.27273,0.19813,0.03886,1.79553,1.65081,1.35887,2.29121,0,7.94e-05,7.94e-05,7.94e-05
972,5259.75,0.78039,1.05122,0.59049,1.20194,0,0.80811,0.47859,0.62564,0.32884,0.40248,0.22727,0.19501,0.0386,1.76202,1.6469,1.37142,2.24779,0,7.742e-05,7.742e-05,7.742e-05
973,5264.77,0.77056,1.08691,0.59507,1.14745,0,0.81749,0.5092,0.63125,0.32911,0.36431,0.22727,0.19261,0.03807,1.76039,1.63658,1.39857,2.23697,0,7.544e-05,7.544e-05,7.544e-05
974,5268.83,0.72907,0.99443,0.56618,1.16087,0,0.82812,0.5,0.61745,0.32868,0.4094,0.25,0.1988,0.03891,1.74811,1.63242,1.41362,2.22144,0,7.346e-05,7.346e-05,7.346e-05
975,5272.82,0.74143,1.04718,0.58629,1.16135,0,0.83941,0.5,0.6214,0.32614,0.42007,0.25,0.19585,0.03803,1.7517,1.62504,1.41899,2.22674,0,7.148e-05,7.148e-05,7.148e-05
976,5276.8,0.7705,1.03372,0.58472,1.18638,0,0.83941,0.5,0.6214,0.32614,0.42007,0.25,0.19585,0.03803,1.7517,1.62504,1.41899,2.22674,0,6.95e-05,6.95e-05,6.95e-05
977,5280.86,0.7256,1.01768,0.56868,1.14731,0,0.80078,0.52273,0.60792,0.32292,0.3656,0.25,0.19377,0.03804,1.77129,1.62101,1.44012,2.24353,0,6.752e-05,6.752e-05,6.752e-05
978,5284.81,0.72698,1.04645,0.56939,1.15318,0,0.76313,0.52273,0.60686,0.32393,0.34245,0.27273,0.20257,0.0407,1.78809,1.62666,1.45015,2.25898,0,6.554e-05,6.554e-05,6.554e-05
979,5288.78,0.81764,1.0964,0.61206,1.20127,0,0.87792,0.49056,0.61836,0.32931,0.33156,0.27273,0.20203,0.04107,1.79733,1.62431,1.46793,2.27335,0,6.356e-05,6.356e-05,6.356e-05
980,5292.78,0.81108,1.08957,0.62779,1.20216,0,0.81611,0.5,0.61365,0.33004,0.43261,0.20808,0.19246,0.04129,1.78224,1.61878,1.49816,2.26226,0,6.158e-05,6.158e-05,6.158e-05
981,5296.79,0.79889,1.07412,0.60983,1.20152,0,0.93503,0.5,0.63053,0.3279,0.41882,0.22727,0.20116,0.04142,1.7829,1.6065,1.44615,2.27434,0,5.96e-05,5.96e-05,5.96e-05
982,5300.82,0.77407,1.04417,0.57157,1.18673,0,0.93503,0.5,0.63053,0.3279,0.41882,0.22727,0.20116,0.04142,1.7829,1.6065,1.44615,2.27434,0,5.762e-05,5.762e-05,5.762e-05
983,5304.82,0.78045,1.09739,0.60382,1.21926,0,0.76374,0.54545,0.63046,0.32291,0.33328,0.25,0.19916,0.03985,1.80031,1.59565,1.41947,2.30597,0,5.564e-05,5.564e-05,5.564e-05
984,5308.82,0.75354,1.08148,0.58592,1.17779,0,0.79134,0.54545,0.63058,0.32948,0.38064,0.27273,0.20777,0.04174,1.80472,1.58157,1.3803,2.32559,0,5.366e-05,5.366e-05,5.366e-05
985,5312.92,0.69445,0.96553,0.54141,1.15119,0,0.8165,0.52273,0.63099,0.33846,0.38455,0.25,0.20707,0.04172,1.8056,1.58547,1.35458,2.32598,0,5.168e-05,5.168e-05,5.168e-05
986,5316.96,0.75486,0.9856,0.56756,1.19652,0,0.8652,0.52273,0.63494,0.33547,0.40816,0.25,0.20767,0.03976,1.80652,1.57803,1.35382,2.32807,0,4.97e-05,4.97e-05,4.97e-05
987,5320.81,0.78286,1.08761,0.59,1.21661,0,0.8652,0.52273,0.63494,0.33547,0.40816,0.25,0.20767,0.03976,1.80652,1.57803,1.35382,2.32807,0,4.772e-05,4.772e-05,4.772e-05
988,5324.82,0.78326,1.07933,0.59854,1.21662,0,0.82154,0.52315,0.63591,0.33294,0.40682,0.26516,0.20802,0.04145,1.8126,1.5625,1.35589,2.33016,0,4.574e-05,4.574e-05,4.574e-05
989,5328.88,0.7887,1.05127,0.57849,1.19181,0,0.87974,0.49881,0.61762,0.32629,0.39267,0.26468,0.20354,0.04099,1.80681,1.55813,1.35467,2.32697,0,4.376e-05,4.376e-05,4.376e-05
990,5333.01,0.73687,0.98594,0.57759,1.18783,0,0.82492,0.53562,0.64228,0.33621,0.39964,0.27273,0.20671,0.04151,1.8158,1.56573,1.37179,2.32755,0,4.178e-05,4.178e-05,4.178e-05
991,5337.12,0.73026,1.04784,0.57113,1.19284,0,0.82208,0.52512,0.6385,0.33598,0.37491,0.25,0.19359,0.04442,1.81118,1.56468,1.36999,2.31033,0,3.98e-05,3.98e-05,3.98e-05
992,5341.06,0.71421,1.03854,0.55345,1.16407,0,0.82208,0.52512,0.6385,0.33598,0.37491,0.25,0.19359,0.04442,1.81118,1.56468,1.36999,2.31033,0,3.782e-05,3.782e-05,3.782e-05
993,5344.9,0.73832,0.95607,0.5555,1.1566,0,0.82514,0.52273,0.63957,0.33171,0.41374,0.27273,0.20614,0.05125,1.80856,1.56789,1.39082,2.30795,0,3.584e-05,3.584e-05,3.584e-05
994,5348.93,0.72575,0.98408,0.57506,1.18251,0,0.90226,0.5,0.64147,0.33295,0.34928,0.25,0.19934,0.04973,1.81032,1.56926,1.40235,2.30043,0,3.386e-05,3.386e-05,3.386e-05
995,5352.93,0.75595,1.0188,0.56948,1.17606,0,0.93005,0.5,0.63387,0.33507,0.35148,0.25,0.19918,0.05164,1.81018,1.57738,1.38291,2.29892,0,3.188e-05,3.188e-05,3.188e-05
996,5356.94,0.78922,1.03111,0.59236,1.21019,0,0.82992,0.5,0.63022,0.32774,0.33705,0.25,0.20467,0.05249,1.80736,1.57828,1.38723,2.30182,0,2.99e-05,2.99e-05,2.99e-05
997,5360.85,0.73823,1.04254,0.55826,1.18622,0,0.8451,0.47727,0.62462,0.32616,0.33003,0.25,0.20152,0.05175,1.7949,1.57565,1.37448,2.28332,0,2.792e-05,2.792e-05,2.792e-05
998,5364.86,0.77518,1.05971,0.59926,1.18839,0,0.8451,0.47727,0.62462,0.32616,0.33003,0.25,0.20152,0.05175,1.7949,1.57565,1.37448,2.28332,0,2.594e-05,2.594e-05,2.594e-05
999,5368.87,0.7356,1.03356,0.56605,1.15332,0,0.88693,0.47727,0.62703,0.32165,0.3333,0.25,0.20221,0.05184,1.79461,1.57839,1.36811,2.2945,0,2.396e-05,2.396e-05,2.396e-05
1000,5372.89,0.76105,1.01835,0.5794,1.20792,0,0.87103,0.46069,0.626,0.32345,0.33114,0.25,0.20285,0.04745,1.8021,1.58391,1.37176,2.29373,0,2.198e-05,2.198e-05,2.198e-05
