epoch,time,train/box_loss,train/seg_loss,train/cls_loss,train/dfl_loss,train/sem_loss,metrics/precision(B),metrics/recall(B),metrics/mAP50(B),metrics/mAP50-95(B),metrics/precision(M),metrics/recall(M),metrics/mAP50(M),metrics/mAP50-95(M),val/box_loss,val/seg_loss,val/cls_loss,val/dfl_loss,val/sem_loss,lr/pg0,lr/pg1,lr/pg2
1,33.0537,2.10549,3.68722,20.0667,2.01092,0,0.09832,0.11364,0.02946,0.00639,0,0,0,0,3.36837,4.96939,6.03624,3.68899,0,0.000649573,0.000649573,0.000649573
2,43.2119,2.38656,2.79052,6.58413,2.24632,0,0.00899,0.15909,0.00221,0.0004,0,0,0,0,3.85052,8.93111,69.5691,6.26328,0,0.00131494,0.00131494,0.00131494
3,53.1853,2.75243,3.27124,3.88549,2.71829,0,0.00139,0.09091,0.00014,2e-05,0,0,0,0,4.34961,67.6772,971.142,23.5887,0,0.00197898,0.00197898,0.00197898
4,63.3247,2.91791,3.29016,3.74771,2.77073,0,0,0,0,0,0,0,0,0,5.87704,574.514,3286.69,45.8394,0,0.00199406,0.00199406,0.00199406
5,73.0583,2.79669,3.00332,3.94136,2.58122,0,0.00233,0.13636,0.00041,0.00012,0,0,0,0,3.69933,19.6015,26.8553,11.3793,0,0.00199208,0.00199208,0.00199208
6,82.906,2.83182,2.81368,3.57835,2.74545,0,0.02112,0.09091,0.00574,0.00163,0,0,0,0,3.26986,3.05529,14.2934,4.75031,0,0.0019901,0.0019901,0.0019901
7,92.8064,2.77485,2.76689,3.13136,2.72088,0,0.00055,0.02273,3e-05,1e-05,0,0,0,0,4.03779,3.85135,45.4557,4.82281,0,0.00198812,0.00198812,0.00198812
8,102.906,2.60699,2.60709,3.59925,2.58776,0,0.00385,0.27273,0.0011,0.00028,0,0,0,0,4.08416,4.00572,158.249,6.27971,0,0.00198614,0.00198614,0.00198614
9,112.525,2.60977,2.68896,3.19415,2.70368,0,0.00466,0.31818,0.00175,0.00045,0,0,0,0,3.78175,3.40215,14.2139,4.26279,0,0.00198416,0.00198416,0.00198416
10,122.262,2.53137,2.44861,3.28668,2.6013,0,0.00581,0.43182,0.00287,0.00054,0.00061,0.04545,7e-05,1e-05,3.72194,4.58573,5.127,4.90696,0,0.00198218,0.00198218,0.00198218
11,132.178,2.56037,2.64864,3.18842,2.59548,0,0.02692,0.36364,0.02109,0.00495,0.00036,0.02273,0.00019,2e-05,3.1909,2.15171,3.00217,3.39987,0,0.0019802,0.0019802,0.0019802
12,142.16,2.57003,2.37584,3.18511,2.65316,0,0.04486,0.3256,0.0246,0.00645,0.00244,0.02273,0.00028,3e-05,3.05152,2.00306,3.68433,3.32117,0,0.00197822,0.00197822,0.00197822
13,152.578,2.51984,2.70157,2.86088,2.58872,0,0.03711,0.5,0.04997,0.01023,0.00181,0.02273,0.00631,0.00063,3.0065,1.92246,2.88691,3.28419,0,0.00197624,0.00197624,0.00197624
14,162.897,2.46077,2.62612,2.86383,2.46446,0,0.02296,0.06818,0.00976,0.00187,0.00073,0.04545,0.00013,2e-05,3.39567,17.707,3.32096,3.59774,0,0.00197426,0.00197426,0.00197426
15,173.017,2.54645,2.59102,2.97009,2.63828,0,0.11464,0.31818,0.08334,0.01713,0.00061,0.04545,0.00012,2e-05,2.89638,2.09971,2.74883,3.3644,0,0.00197228,0.00197228,0.00197228
16,183.092,2.44481,2.69299,2.91095,2.5338,0,0.0599,0.11364,0.05198,0.01166,0.03018,0.13636,0.0125,0.00162,2.90045,1.90768,2.7949,3.40421,0,0.0019703,0.0019703,0.0019703
17,193.261,2.27144,2.49336,3.1359,2.4251,0,0.05897,0.31818,0.03706,0.00761,0.00034,0.02273,6e-05,1e-05,2.71707,2.25601,2.88278,3.02548,0,0.00196832,0.00196832,0.00196832
18,203.501,2.13185,2.4327,3.94414,2.23646,0,0.00897,0.52273,0.02382,0.00626,0,0,0,0,2.86189,2.39982,3.26471,3.24679,0,0.00196634,0.00196634,0.00196634
19,215.11,2.34533,2.46477,3.26662,2.4494,0,0.01098,0.56818,0.0098,0.0019,0,0,0,0,2.88041,2.0855,3.53996,3.22338,0,0.00196436,0.00196436,0.00196436
20,227.112,2.33336,2.60558,3.03779,2.50779,0,0.00545,0.40909,0.00246,0.0004,0,0,0,0,2.92674,2.06522,3.373,3.35999,0,0.00196238,0.00196238,0.00196238
21,239.295,2.49401,2.65382,3.18096,2.62564,0,0.01033,0.72727,0.0169,0.00414,0.00065,0.04545,3e-05,0,2.84407,1.9448,3.06847,3.17721,0,0.0019604,0.0019604,0.0019604
22,251.36,2.42698,2.46594,2.85872,2.53008,0,0.01276,0.81818,0.04373,0.0115,0.00142,0.09091,0.00038,6e-05,2.78877,1.99203,2.75535,3.10502,0,0.00195842,0.00195842,0.00195842
23,263.487,2.40064,2.59242,2.94288,2.48784,0,0.02171,0.27273,0.01247,0.00223,0.00068,0.04545,6e-05,1e-05,3.01934,2.11674,3.0458,3.23843,0,0.00195644,0.00195644,0.00195644
24,275.24,2.43939,2.42153,3.25483,2.35666,0,0.00305,0.22727,0.00146,0.00019,0.00061,0.04545,0.00032,3e-05,3.44976,2.15981,4.10181,3.63877,0,0.00195446,0.00195446,0.00195446
25,287.287,2.31278,2.48505,2.90143,2.31139,0,0.00555,0.29545,0.00313,0.00075,0.00128,0.06818,0.00047,5e-05,3.58583,2.1071,3.757,3.66512,0,0.00195248,0.00195248,0.00195248
26,299.205,2.32217,2.40037,3.08789,2.35994,0,0.04458,0.56818,0.04103,0.01001,0.00124,0.06818,0.00014,1e-05,2.81538,1.91566,2.94316,3.16843,0,0.0019505,0.0019505,0.0019505
27,311.138,2.24428,2.39919,2.90554,2.38209,0,0.03174,0.22727,0.02421,0.00748,0.00111,0.06818,0.00023,3e-05,2.94792,2.19041,2.78817,3.28178,0,0.00194852,0.00194852,0.00194852
28,323.067,2.25301,2.35691,3.3012,2.35054,0,0.00683,0.06818,0.01011,0.00229,0.00035,0.02273,3e-05,0,3.21559,3.36141,3.61699,3.75114,0,0.00194654,0.00194654,0.00194654
29,335.016,2.22399,2.4328,3.09956,2.28001,0,0.05086,0.52273,0.04885,0.01538,0.00607,0.11364,0.00106,0.00027,2.5942,1.95538,2.59568,3.00848,0,0.00194456,0.00194456,0.00194456
30,346.701,2.09635,2.19537,3.06966,2.15359,0,0.03633,0.47727,0.03316,0.01006,0.00171,0.11364,0.00052,0.00011,2.59844,1.97849,2.94129,2.94574,0,0.00194258,0.00194258,0.00194258
31,358.572,2.2709,2.35349,2.88286,2.35481,0,0.03673,0.18182,0.02968,0.00624,0.00184,0.11364,0.00031,5e-05,2.77145,1.99171,3.13059,3.17402,0,0.0019406,0.0019406,0.0019406
32,370.648,2.23045,2.4517,2.69675,2.31784,0,0.05065,0.40909,0.04621,0.01271,0.00311,0.04545,0.00038,5e-05,2.67888,1.95431,2.83998,3.10398,0,0.00193862,0.00193862,0.00193862
33,382.796,2.39026,2.61573,2.98068,2.29775,0,0.04952,0.5,0.04983,0.01181,0.00088,0.04545,9e-05,2e-05,2.79088,2.11276,2.91091,3.18891,0,0.00193664,0.00193664,0.00193664
34,394.802,2.23515,2.44691,2.73309,2.33448,0,0.0576,0.61364,0.05641,0.01462,0.00277,0.06818,0.00129,0.00017,2.64125,1.90165,2.76002,3.02855,0,0.00193466,0.00193466,0.00193466
35,407.003,2.28927,2.51242,2.72335,2.38311,0,0.0724,0.5,0.06255,0.01446,0.00158,0.11364,0.00072,0.00011,2.73153,1.88784,2.7286,3.06783,0,0.00193268,0.00193268,0.00193268
36,419.092,2.28869,2.41757,2.56442,2.36387,0,0.07094,0.45455,0.08165,0.02711,0.00355,0.09091,0.00099,0.00019,2.56947,1.81281,2.69505,2.9107,0,0.0019307,0.0019307,0.0019307
37,431.07,2.23267,2.46091,2.60731,2.22972,0,0.06256,0.5,0.05969,0.01926,0.00802,0.02273,0.00181,0.00031,2.54084,1.84477,2.74423,2.95623,0,0.00192872,0.00192872,0.00192872
38,442.788,2.29374,2.47804,2.71499,2.31945,0,0.03557,0.25,0.04298,0.01139,0.02954,0.06818,0.00501,0.00089,2.68221,1.90805,2.63414,3.15624,0,0.00192674,0.00192674,0.00192674
39,455.039,2.20553,2.35746,2.59642,2.30476,0,0.08718,0.22727,0.07,0.01777,0.00148,0.09091,0.00087,0.00019,2.5888,2.20055,2.64363,3.04853,0,0.00192476,0.00192476,0.00192476
40,467.5,2.28961,2.50807,2.5779,2.39832,0,0.12382,0.29545,0.13576,0.04614,0.02085,0.06818,0.00361,0.00046,2.39575,1.90683,2.53348,2.8314,0,0.00192278,0.00192278,0.00192278
41,479.814,2.15902,2.45391,2.4524,2.25423,0,0.13728,0.36364,0.1058,0.02527,0.02574,0.06818,0.006,0.00104,2.46091,1.76514,2.60874,2.82137,0,0.0019208,0.0019208,0.0019208
42,492.274,2.1943,2.51043,2.90746,2.20432,0,0.11051,0.27273,0.10787,0.0342,0.00835,0.09091,0.00121,0.00023,2.46541,1.842,2.65874,2.8056,0,0.00191882,0.00191882,0.00191882
43,504.548,2.14798,2.3699,2.52116,2.31291,0,0.10772,0.29545,0.09987,0.03042,0.02137,0.02273,0.00484,0.00066,2.53632,1.85396,2.6637,2.86541,0,0.00191684,0.00191684,0.00191684
44,516.862,2.17341,2.37989,2.52767,2.16831,0,0.09183,0.30569,0.10089,0.02986,0.06402,0.02273,0.01791,0.00335,2.61674,1.78696,2.76492,2.96945,0,0.00191486,0.00191486,0.00191486
45,529.152,2.00322,2.16449,2.85501,2.07604,0,0.10373,0.27273,0.08836,0.02733,0.01125,0.11364,0.00382,0.00076,2.45622,1.84873,2.64005,2.87145,0,0.00191288,0.00191288,0.00191288
46,541.288,2.10666,2.40016,2.89596,2.01887,0,0.01933,0.75,0.03341,0.00958,0.00176,0.06818,0.00021,4e-05,2.92259,2.62529,3.33962,3.27617,0,0.0019109,0.0019109,0.0019109
47,553.68,2.0883,2.30881,2.76903,2.10806,0,0.06438,0.11364,0.03518,0.00834,0.00211,0.02273,0.00047,6e-05,2.84562,2.0351,3.03072,3.20459,0,0.00190892,0.00190892,0.00190892
48,566.174,2.20622,2.43643,2.62017,2.26666,0,0.07406,0.13636,0.04517,0.01301,0.05435,0.06818,0.0158,0.00178,2.64594,1.82545,2.91761,3.13169,0,0.00190694,0.00190694,0.00190694
49,578.616,2.17754,2.43487,2.71867,2.24439,0,0.08379,0.27273,0.05471,0.0181,0.00711,0.11364,0.00142,0.0002,2.57461,1.97603,2.98854,2.94028,0,0.00190496,0.00190496,0.00190496
50,591.188,2.12052,2.51253,2.38993,2.1938,0,0.07432,0.40909,0.08642,0.02509,0.00257,0.02273,0.00103,0.00012,2.51754,1.8406,2.56743,2.99594,0,0.00190298,0.00190298,0.00190298
51,603.782,2.06785,2.31168,2.62866,2.08449,0,0.08512,0.5,0.09716,0.02846,0.01001,0.15909,0.00273,0.00041,2.53275,1.78583,2.403,2.9803,0,0.001901,0.001901,0.001901
52,616.21,2.19186,2.39146,2.52173,2.21364,0,0.07929,0.3308,0.05734,0.01899,0.03814,0.15909,0.00875,0.00129,2.4753,1.79369,2.71617,2.89309,0,0.00189902,0.00189902,0.00189902
53,628.449,2.07508,2.24682,2.45271,2.18002,0,0.0612,0.38636,0.05389,0.01865,0.0494,0.02273,0.00827,0.00162,2.60658,1.84695,2.70794,2.93545,0,0.00189704,0.00189704,0.00189704
54,640.979,2.09229,2.34116,2.40839,2.19191,0,0.16604,0.27273,0.12822,0.04959,0.00706,0.11364,0.00131,0.00025,2.50043,1.80124,2.44274,2.92185,0,0.00189506,0.00189506,0.00189506
55,653.712,2.03025,2.31568,2.41899,2.10821,0,0.14159,0.27273,0.08891,0.032,0.03608,0.02273,0.00996,0.00137,2.41445,1.87994,2.61855,2.83514,0,0.00189308,0.00189308,0.00189308
56,665.96,2.17874,2.3687,2.58693,2.20341,0,0.18019,0.15909,0.10268,0.04163,0.02317,0.06818,0.00378,0.00082,2.49327,1.75939,2.82885,2.8846,0,0.0018911,0.0018911,0.0018911
57,678.478,2.07098,2.2584,2.32788,2.10213,0,0.17225,0.20455,0.13357,0.05348,0.0048,0.11364,0.00151,0.00026,2.37366,1.74005,2.66433,2.86123,0,0.00188912,0.00188912,0.00188912
58,690.758,1.98414,2.23738,2.50957,2.03453,0,0.2394,0.22727,0.14231,0.04525,0.00128,0.09091,0.0005,9e-05,2.47947,1.81442,2.70649,2.92809,0,0.00188714,0.00188714,0.00188714
59,703.303,1.9965,2.26052,2.79149,2.03618,0,0.20209,0.13636,0.09391,0.02542,0.0026,0.15909,0.00147,0.00028,2.78583,1.79362,2.74899,3.10688,0,0.00188516,0.00188516,0.00188516
60,715.584,2.01513,2.24938,2.64206,2.09484,0,0.07232,0.40909,0.07642,0.02392,0.0035,0.13636,0.00121,0.00016,2.47825,1.83018,2.83797,2.90776,0,0.00188318,0.00188318,0.00188318
61,728.003,1.94858,2.28033,2.48366,1.98865,0,0.13997,0.34091,0.13727,0.04539,0.03234,0.11364,0.00543,0.00079,2.41734,1.80138,2.30417,2.89837,0,0.0018812,0.0018812,0.0018812
62,740.142,2.04489,2.23049,2.22081,2.03651,0,0.17362,0.25,0.1365,0.04959,0.01241,0.06818,0.00257,0.00042,2.28981,1.79103,2.53467,2.76414,0,0.00187922,0.00187922,0.00187922
63,752.383,2.07084,2.27018,2.17085,2.12858,0,0.18596,0.25,0.16699,0.06833,0.00214,0.13636,0.0004,5e-05,2.37422,1.84718,2.66936,2.80733,0,0.00187724,0.00187724,0.00187724
64,764.641,2.06361,2.32576,2.25211,2.18703,0,0.20923,0.29545,0.15926,0.06022,0.01535,0.04545,0.00403,0.00055,2.34923,1.72856,2.43313,2.8249,0,0.00187526,0.00187526,0.00187526
65,776.726,2.0706,2.24863,2.53019,2.08593,0,0.22392,0.34091,0.23026,0.06948,0.10098,0.06818,0.02,0.00554,2.36137,1.68251,2.1541,2.83761,0,0.00187328,0.00187328,0.00187328
66,788.925,2.018,2.20999,2.07046,2.0873,0,0.18439,0.20455,0.17346,0.07051,0.12995,0.04545,0.03384,0.00707,2.26248,1.73324,2.34694,2.78446,0,0.0018713,0.0018713,0.0018713
67,801.029,1.90149,2.18609,2.30911,1.93956,0,0.12196,0.15909,0.07883,0.02395,0.03484,0.04545,0.00559,0.0009,2.50883,1.91451,3.04232,2.91353,0,0.00186932,0.00186932,0.00186932
68,813.153,1.99925,2.233,2.2199,2.00929,0,0.23097,0.25,0.11315,0.03797,0.02452,0.04545,0.00316,0.00078,2.40528,1.78761,2.98564,2.86874,0,0.00186734,0.00186734,0.00186734
69,825.152,2.01591,2.33061,2.54985,2.11557,0,0.23752,0.36364,0.18315,0.07159,0.04908,0.04545,0.00772,0.00166,2.26665,1.7169,2.35347,2.81423,0,0.00186536,0.00186536,0.00186536
70,837.28,2.0763,2.29416,2.38128,2.20985,0,0.1472,0.20455,0.11099,0.03819,0.06313,0.06818,0.00913,0.00163,2.22265,1.80783,2.51948,2.72181,0,0.00186338,0.00186338,0.00186338
71,849.395,1.9795,2.17836,2.45595,2.18299,0,0.16983,0.22727,0.14582,0.05324,0.03585,0.04545,0.00418,0.00054,2.32619,1.88996,2.50094,2.79703,0,0.0018614,0.0018614,0.0018614
72,861.491,2.04276,2.23856,2.48459,1.99996,0,0.16953,0.29545,0.13152,0.05168,0.00262,0.06818,0.00063,0.0001,2.34298,1.82721,2.71374,2.82223,0,0.00185942,0.00185942,0.00185942
73,873.469,1.87973,2.09203,2.11552,2.04645,0,0.25795,0.20455,0.12843,0.05528,0.01157,0.04545,0.00122,0.00016,2.43995,1.8304,3.00024,2.8376,0,0.00185744,0.00185744,0.00185744
74,885.613,2.02938,2.31315,2.29275,1.99887,0,0.1789,0.22727,0.11837,0.03565,0.008,0.02273,0.00096,0.0002,2.68722,1.97471,3.29232,3.02223,0,0.00185546,0.00185546,0.00185546
75,897.632,2.09027,2.32494,2.2331,2.17385,0,0.22833,0.18182,0.14581,0.05054,0.03459,0.09091,0.00735,0.00091,2.36871,1.7551,2.63078,2.8308,0,0.00185348,0.00185348,0.00185348
76,909.436,1.81268,2.01524,2.56937,1.89456,0,0.18828,0.27273,0.16053,0.05192,0.0425,0.04545,0.00522,0.00102,2.54451,1.81301,2.60614,2.96368,0,0.0018515,0.0018515,0.0018515
77,921.553,2.00632,2.27555,2.38181,2.06193,0,0.13564,0.20455,0.08984,0.02608,0.03177,0.02273,0.01284,0.00307,2.75066,1.78859,2.68326,3.06779,0,0.00184952,0.00184952,0.00184952
78,933.563,2.14597,2.404,2.26786,2.09774,0,0.1984,0.29545,0.11835,0.03848,0.14431,0.04545,0.01679,0.00289,2.60455,1.76235,2.60411,2.99506,0,0.00184754,0.00184754,0.00184754
79,945.648,1.89391,2.23822,2.1829,1.9415,0,0.18243,0.27273,0.14551,0.05481,0.07001,0.02273,0.01098,0.00146,2.34055,1.73532,2.70046,2.8111,0,0.00184556,0.00184556,0.00184556
80,957.792,1.98261,2.30354,2.1512,2.09255,0,0.23275,0.18182,0.14113,0.06492,0.01528,0.11364,0.00306,0.00053,2.47853,1.77455,2.80775,2.87762,0,0.00184358,0.00184358,0.00184358
81,970.291,1.86233,2.24754,2.36069,1.98094,0,0.09012,0.27273,0.09557,0.03598,0.01418,0.02273,0.00146,0.00036,2.28137,1.72615,2.56595,2.72227,0,0.0018416,0.0018416,0.0018416
82,982.162,1.95224,2.29281,2.09788,1.97513,0,0.17473,0.20455,0.1118,0.03728,0.01926,0.04545,0.00254,0.00036,2.34385,1.72954,2.65662,2.73725,0,0.00183962,0.00183962,0.00183962
83,994.219,1.86563,2.0706,2.10794,1.92178,0,0.20591,0.27273,0.12652,0.04069,0.06133,0.02273,0.00492,0.00096,2.33358,1.70066,2.57303,2.74874,0,0.00183764,0.00183764,0.00183764
84,1007.01,1.97444,2.14754,2.41724,2.02206,0,0.2097,0.20455,0.11948,0.04109,0.05901,0.02273,0.00441,0.00062,2.42992,1.73053,2.48213,2.80376,0,0.00183566,0.00183566,0.00183566
85,1019.91,1.88108,2.13518,2.19465,1.9148,0,0.28634,0.18182,0.17482,0.04299,0.01117,0.02273,0.00185,0.00033,2.34249,1.74606,2.5449,2.76878,0,0.00183368,0.00183368,0.00183368
86,1032.24,2.05184,2.25604,2.14966,2.01947,0,0.19202,0.25,0.13959,0.06667,0.15268,0.02273,0.014,0.00267,2.37088,1.81008,3.38745,2.78759,0,0.0018317,0.0018317,0.0018317
87,1045.06,1.9243,2.09597,2.22593,1.99399,0,0.18875,0.20455,0.12761,0.04975,0.15749,0.02273,0.02566,0.00259,2.42663,1.82182,2.68083,2.83888,0,0.00182972,0.00182972,0.00182972
88,1057.18,1.92734,2.32143,2.52759,2.03205,0,0.23542,0.1751,0.108,0.04287,0.1337,0.04545,0.04141,0.00585,2.22789,1.72843,2.84671,2.79332,0,0.00182774,0.00182774,0.00182774
89,1069.53,1.96778,2.3124,2.37132,2.00508,0,0.10098,0.15909,0.09809,0.04702,0.26344,0.04545,0.04254,0.0092,2.30075,1.72654,2.64982,2.76383,0,0.00182576,0.00182576,0.00182576
90,1081.91,1.87624,2.21836,2.16697,1.93425,0,0.26389,0.09091,0.11384,0.0385,0.33376,0.04545,0.02507,0.00438,2.31314,1.74008,2.55653,2.74037,0,0.00182378,0.00182378,0.00182378
91,1094.52,1.82506,2.16591,1.98985,1.87693,0,0.15192,0.27273,0.14037,0.06113,0.11039,0.09091,0.03298,0.00646,2.16812,1.73457,2.43595,2.61982,0,0.0018218,0.0018218,0.0018218
92,1106.86,1.81363,2.1337,2.2685,1.86742,0,0.17723,0.34091,0.15489,0.07502,0.13465,0.04545,0.02027,0.00441,2.20629,1.7287,2.42473,2.6735,0,0.00181982,0.00181982,0.00181982
93,1119.38,1.99301,2.32858,2.24262,2.03291,0,0.2877,0.29545,0.2126,0.07717,0.14628,0.04545,0.03709,0.01022,2.1406,1.71833,2.276,2.64054,0,0.00181784,0.00181784,0.00181784
94,1132.09,1.88526,2.22587,2.07011,1.97792,0,0.16283,0.34482,0.14138,0.04765,0.1886,0.06818,0.02603,0.00282,2.22851,1.72212,2.40238,2.71157,0,0.00181586,0.00181586,0.00181586
95,1144.73,1.90626,2.31417,2.17414,2.02664,0,0.08795,0.29545,0.09691,0.03882,0.09116,0.04545,0.01372,0.00276,2.25104,1.76614,2.63974,2.74279,0,0.00181388,0.00181388,0.00181388
96,1157.08,1.78644,2.03893,2.22703,1.81821,0,0.0882,0.10563,0.07109,0.0314,0.18052,0.02273,0.00785,0.00213,2.6378,1.83297,3.31979,3.00786,0,0.0018119,0.0018119,0.0018119
97,1169.36,2.0413,2.21008,2.37566,2.06572,0,0.14786,0.20455,0.09905,0.03014,0.10391,0.02273,0.00417,0.00045,2.36877,1.86003,2.78835,2.81896,0,0.00180992,0.00180992,0.00180992
98,1181.84,1.86498,2.12438,2.05393,1.92517,0,0.22465,0.22727,0.12337,0.04413,0.00323,0.09091,0.00068,9e-05,2.3849,1.85517,2.54556,2.81635,0,0.00180794,0.00180794,0.00180794
99,1194.13,1.95359,2.42863,2.03425,1.96548,0,0.24141,0.18182,0.18029,0.07034,0.06035,0.04545,0.01013,0.00262,2.2688,1.78326,2.30335,2.80114,0,0.00180596,0.00180596,0.00180596
100,1206.73,1.99178,2.28643,2.04259,2.12603,0,0.23284,0.27273,0.14242,0.05863,0.12285,0.06818,0.01305,0.00457,2.10074,1.74333,2.39023,2.64342,0,0.00180398,0.00180398,0.00180398
101,1219.12,1.92585,2.34232,2.18996,2.0062,0,0.16839,0.25,0.12749,0.04849,0.03234,0.02273,0.00337,0.00042,2.07301,1.7862,2.64995,2.61792,0,0.001802,0.001802,0.001802
102,1231.46,1.91343,2.17814,2.20126,2.03913,0,0.14002,0.20455,0.1031,0.03293,0.01014,0.02273,0.00152,0.00033,2.18798,1.74964,2.65848,2.67167,0,0.00180002,0.00180002,0.00180002
103,1243.83,1.81218,2.19877,1.93434,1.86537,0,0.13284,0.31818,0.08951,0.03129,0.07095,0.04545,0.00758,0.00168,2.28592,1.71948,2.51483,2.79852,0,0.00179804,0.00179804,0.00179804
104,1256.05,1.81903,2.15521,2.10366,1.92562,0,0.19936,0.29545,0.15203,0.05836,0.05778,0.04545,0.03683,0.01018,2.31537,1.71183,2.59528,2.81227,0,0.00179606,0.00179606,0.00179606
105,1268.42,1.90956,2.18372,2.18908,1.96459,0,0.15064,0.24992,0.14121,0.04867,0.05846,0.04545,0.03219,0.00643,2.23945,1.69849,2.43857,2.74158,0,0.00179408,0.00179408,0.00179408
106,1280.79,1.91786,2.27104,2.21299,1.88445,0,0.13035,0.20455,0.13277,0.0501,0.1342,0.04545,0.03185,0.00863,2.38238,1.7131,2.50781,2.81372,0,0.0017921,0.0017921,0.0017921
107,1293.3,1.90568,2.30068,2.1609,2.02975,0,0.18979,0.27273,0.14978,0.05701,0.10652,0.09091,0.04069,0.01198,2.40517,1.75805,2.68001,2.82696,0,0.00179012,0.00179012,0.00179012
108,1305.5,1.93698,2.31595,2.41475,1.92684,0,0.15374,0.3386,0.15423,0.05879,0.19548,0.06818,0.04759,0.00889,2.37952,1.66736,2.39617,2.72899,0,0.00178814,0.00178814,0.00178814
109,1318.22,1.87734,2.19602,2.1997,1.97599,0,0.24794,0.38967,0.20931,0.08332,0.02697,0.04545,0.00309,0.0007,2.22302,1.74686,2.42747,2.67111,0,0.00178616,0.00178616,0.00178616
110,1330.65,1.98897,2.21904,2.08694,1.99394,0,0.12427,0.25,0.09666,0.03132,0.05535,0.04545,0.00714,0.00112,2.31266,1.80292,2.84016,2.74889,0,0.00178418,0.00178418,0.00178418
111,1343.15,1.92526,2.27705,2.05184,2.04514,0,0.13159,0.40909,0.1194,0.05096,0.03624,0.04545,0.03183,0.00852,2.09562,1.70883,2.56426,2.64337,0,0.0017822,0.0017822,0.0017822
112,1355.35,1.83038,2.27139,2.13864,1.88556,0,0.22672,0.29545,0.13301,0.05562,0.06596,0.06818,0.03271,0.01135,2.23028,1.75293,2.51906,2.7524,0,0.00178022,0.00178022,0.00178022
113,1368.12,2.01814,2.32025,2.12747,2.06061,0,0.25138,0.20455,0.13426,0.05857,0.91869,0.02273,0.02781,0.00582,2.14825,1.7876,2.53444,2.64152,0,0.00177824,0.00177824,0.00177824
114,1380.7,1.67819,2.07727,1.97731,1.78383,0,0.15373,0.15909,0.12089,0.05652,0.90762,0.02273,0.02828,0.00559,2.15519,1.81422,2.73853,2.65548,0,0.00177626,0.00177626,0.00177626
115,1393.19,1.87632,2.23014,1.93535,1.88318,0,0.12504,0.09091,0.06682,0.0318,0.10886,0.04545,0.02942,0.00343,2.31312,1.73252,2.85274,2.74223,0,0.00177428,0.00177428,0.00177428
116,1405.63,1.89354,2.2523,1.85912,1.92586,0,0.08242,0.31818,0.06185,0.02273,0.15835,0.04545,0.01127,0.00329,2.27887,1.71078,2.66928,2.68991,0,0.0017723,0.0017723,0.0017723
117,1418.14,1.79771,2.14691,2.00097,1.87655,0,0.25359,0.22727,0.16445,0.07197,0.11178,0.04545,0.02991,0.01137,2.18651,1.75559,2.31373,2.65768,0,0.00177032,0.00177032,0.00177032
118,1430.66,1.95735,2.23536,2.02133,2.0273,0,0.23206,0.32974,0.21349,0.06892,0.31824,0.04545,0.0272,0.00763,2.17945,1.72587,2.31725,2.68103,0,0.00176834,0.00176834,0.00176834
119,1443.06,1.94995,2.1786,1.96004,1.90038,0,0.11682,0.25,0.10206,0.03874,0.07657,0.09091,0.0334,0.00864,2.24063,1.6592,2.59119,2.73007,0,0.00176636,0.00176636,0.00176636
120,1455.82,1.84181,2.25348,2.00279,1.93318,0,0.15093,0.25,0.11262,0.0457,0.1272,0.06818,0.02536,0.00557,2.15463,1.65243,2.62015,2.69917,0,0.00176438,0.00176438,0.00176438
121,1468.31,1.96042,2.27099,2.07933,2.06403,0,0.1357,0.25,0.15414,0.05838,0.07703,0.04545,0.0314,0.00367,2.20493,1.73112,2.35568,2.68266,0,0.0017624,0.0017624,0.0017624
122,1481.03,1.78444,2.11751,1.96916,1.76755,0,0.12666,0.36364,0.13795,0.05157,0.03984,0.04545,0.02882,0.00313,2.30392,1.72013,2.37841,2.74462,0,0.00176042,0.00176042,0.00176042
123,1493.52,1.99897,2.3393,2.10238,2.01638,0,0.10796,0.22727,0.09602,0.02441,0.05043,0.02273,0.00474,0.00056,2.49996,1.73687,2.64478,2.87194,0,0.00175844,0.00175844,0.00175844
124,1505.98,1.85827,2.18743,2.30051,2.00237,0,0.25183,0.30611,0.15019,0.03177,0.02321,0.06818,0.00498,0.00093,2.35144,1.63065,2.59099,2.76104,0,0.00175646,0.00175646,0.00175646
125,1518.5,1.88396,2.19285,2.02386,1.98417,0,0.20143,0.34091,0.13276,0.04323,0.02994,0.11364,0.00684,0.00121,2.28302,1.67831,2.43576,2.70466,0,0.00175448,0.00175448,0.00175448
126,1530.89,1.87631,2.21712,2.01387,1.95585,0,0.18593,0.25,0.11289,0.04668,0.03897,0.04545,0.00541,0.00146,2.23374,1.71073,2.54504,2.68957,0,0.0017525,0.0017525,0.0017525
127,1543.3,1.87497,2.18295,2.15283,1.91452,0,0.18151,0.29545,0.12489,0.05526,0.02655,0.04545,0.00378,0.00106,2.12177,1.70415,2.5942,2.64551,0,0.00175052,0.00175052,0.00175052
128,1555.72,1.83889,1.99123,2.08253,1.84497,0,0.21121,0.28612,0.13888,0.04889,0.06269,0.06818,0.00908,0.0017,2.11835,1.66312,2.46998,2.59195,0,0.00174854,0.00174854,0.00174854
129,1568.15,1.83126,2.04068,1.99375,1.90066,0,0.25758,0.22727,0.16399,0.06739,0.09208,0.06818,0.0168,0.00227,2.18871,1.67735,2.48363,2.60414,0,0.00174656,0.00174656,0.00174656
130,1580.45,1.80964,2.22654,1.95713,1.91069,0,0.22515,0.31818,0.17451,0.08152,0.03397,0.04545,0.01229,0.0025,2.06022,1.70956,2.42887,2.5931,0,0.00174458,0.00174458,0.00174458
131,1592.84,1.79926,2.09534,2.11849,1.81996,0,0.23202,0.34091,0.15528,0.06349,0.20976,0.02273,0.01003,0.00131,1.97704,1.71626,2.50487,2.53905,0,0.0017426,0.0017426,0.0017426
132,1605.34,1.74616,2.05868,1.90327,1.8768,0,0.18588,0.29545,0.13868,0.05921,0.04081,0.04545,0.01218,0.00194,2.11477,1.84449,2.54936,2.62176,0,0.00174062,0.00174062,0.00174062
133,1617.72,1.81246,2.11958,1.9637,1.87771,0,0.18707,0.31818,0.14672,0.04618,0.1223,0.02273,0.00781,0.00145,2.19753,1.8118,2.54426,2.65952,0,0.00173864,0.00173864,0.00173864
134,1630.28,1.83146,2.24258,1.89351,1.85026,0,0.16284,0.20455,0.12894,0.04847,0.11452,0.06818,0.02221,0.00464,2.18617,1.66672,2.55082,2.64827,0,0.00173666,0.00173666,0.00173666
135,1642.87,1.79884,2.20687,1.95704,1.86347,0,0.13632,0.31818,0.15345,0.05678,0.10747,0.04545,0.03457,0.00685,2.27436,1.65374,2.63975,2.70838,0,0.00173468,0.00173468,0.00173468
136,1655.4,1.73073,2.06037,1.97789,1.79716,0,0.20814,0.27273,0.16306,0.05621,0.06063,0.06818,0.03478,0.00387,2.2682,1.67688,2.40071,2.76589,0,0.0017327,0.0017327,0.0017327
137,1667.92,1.91452,2.13985,1.99923,1.96199,0,0.30126,0.24508,0.18595,0.07879,0.6434,0.02273,0.02796,0.00548,2.33468,1.69846,2.57239,2.7398,0,0.00173072,0.00173072,0.00173072
138,1680.57,1.80265,2.22346,1.85161,1.90599,0,0.16255,0.15909,0.10129,0.05497,0.29782,0.02273,0.01407,0.00325,2.36123,1.74654,2.82861,2.7565,0,0.00172874,0.00172874,0.00172874
139,1693.06,1.84806,2.23591,2.10542,1.82538,0,0.16083,0.25,0.11392,0.05227,0.1479,0.06818,0.02045,0.0043,2.08951,1.7431,2.5737,2.56758,0,0.00172676,0.00172676,0.00172676
140,1705.44,1.87968,2.14473,1.85118,1.93231,0,0.12834,0.29545,0.13116,0.05728,0.09961,0.04545,0.01236,0.00263,2.09516,1.7902,2.46823,2.56434,0,0.00172478,0.00172478,0.00172478
141,1718.01,1.79627,2.08641,1.86539,1.89024,0,0.16728,0.29545,0.14987,0.05062,0.01101,0.02273,0.00141,0.00038,2.12509,1.73471,2.55899,2.65154,0,0.0017228,0.0017228,0.0017228
142,1730.4,1.67878,2.11295,1.82812,1.77949,0,0.37359,0.27273,0.18471,0.06549,0.0403,0.02273,0.00218,0.00058,2.20005,1.67139,2.37526,2.66573,0,0.00172082,0.00172082,0.00172082
143,1743,1.84787,2.1406,1.85261,2.00646,0,0.19459,0.31818,0.14437,0.04992,0.06658,0.04545,0.01358,0.00205,2.10062,1.67639,2.43193,2.58836,0,0.00171884,0.00171884,0.00171884
144,1755.52,1.81407,2.2378,1.90857,1.90029,0,0.09651,0.22727,0.08745,0.03374,0.16725,0.06818,0.02859,0.00314,2.15684,1.71188,2.60852,2.68109,0,0.00171686,0.00171686,0.00171686
145,1768.06,1.78257,2.16087,1.84883,1.89992,0,0.21358,0.22727,0.1535,0.05967,0.12443,0.06818,0.01597,0.00296,2.15787,1.71035,2.34052,2.67765,0,0.00171488,0.00171488,0.00171488
146,1780.54,1.68456,2.1536,2.11469,1.77901,0,0.21952,0.29407,0.15392,0.06415,0.06799,0.06818,0.02106,0.00512,2.19939,1.67647,2.2915,2.67268,0,0.0017129,0.0017129,0.0017129
147,1792.99,1.73351,2.04939,1.81779,1.85198,0,0.15619,0.22727,0.11544,0.0436,0.12873,0.09091,0.02836,0.00471,2.21297,1.70974,2.35765,2.70234,0,0.00171092,0.00171092,0.00171092
148,1805.63,1.84405,2.28727,1.99101,1.83308,0,0.13011,0.29545,0.13032,0.04988,0.13716,0.04545,0.0365,0.00417,2.37927,1.66489,2.52268,2.77929,0,0.00170894,0.00170894,0.00170894
149,1818.14,1.68061,2.1859,2.1765,1.7533,0,0.159,0.25,0.15186,0.06194,0.10516,0.06818,0.03252,0.00382,2.3954,1.71914,2.35783,2.74818,0,0.00170696,0.00170696,0.00170696
150,1830.69,1.93301,2.22708,1.99599,1.95979,0,0.28334,0.25,0.19736,0.071,0.07437,0.06818,0.02472,0.00453,2.17992,1.64319,2.36427,2.62238,0,0.00170498,0.00170498,0.00170498
151,1843.31,1.83142,2.39829,2.02688,1.84712,0,0.27805,0.27273,0.23185,0.06851,0.03555,0.06818,0.0153,0.00304,2.20194,1.74382,2.25045,2.64951,0,0.001703,0.001703,0.001703
152,1856.05,1.72577,2.13317,1.80937,1.78907,0,0.31757,0.31731,0.19392,0.0619,0.03107,0.04545,0.00739,0.00133,2.34887,1.74407,2.34292,2.72598,0,0.00170102,0.00170102,0.00170102
153,1868.56,1.68204,2.03907,1.85275,1.69937,0,0.23214,0.25,0.12745,0.0444,0.02867,0.02273,0.00252,0.00057,2.37472,1.74009,2.59543,2.74483,0,0.00169904,0.00169904,0.00169904
154,1881.22,1.72221,2.02017,1.78511,1.80008,0,0.22711,0.29545,0.13122,0.04659,0.05773,0.04545,0.0074,0.00114,2.3153,1.63895,2.54307,2.73088,0,0.00169706,0.00169706,0.00169706
155,1893.67,1.70433,2.14673,1.79755,1.76983,0,0.2179,0.27273,0.1235,0.04803,0.06144,0.09091,0.01243,0.00226,2.33266,1.61787,2.48612,2.72791,0,0.00169508,0.00169508,0.00169508
156,1906.24,1.81449,2.25056,1.78445,1.793,0,0.10592,0.25,0.0655,0.02738,0.04835,0.13636,0.00994,0.0018,2.46205,1.6958,2.68681,2.91832,0,0.0016931,0.0016931,0.0016931
157,1918.88,1.89348,2.26171,1.92552,1.94672,0,0.17683,0.25884,0.11284,0.04244,0.07578,0.09091,0.01817,0.00331,2.37931,1.69759,2.43241,2.72719,0,0.00169112,0.00169112,0.00169112
158,1931.51,1.68839,2.06512,1.90952,1.78754,0,0.14252,0.27273,0.11461,0.0443,0.12808,0.09091,0.0287,0.00557,2.24961,1.72773,2.45612,2.66895,0,0.00168914,0.00168914,0.00168914
159,1943.94,1.83166,2.16011,1.97646,1.90015,0,0.20044,0.29545,0.13734,0.05237,0.10582,0.09091,0.01572,0.00249,2.25438,1.65886,2.57295,2.68811,0,0.00168716,0.00168716,0.00168716
160,1956.64,1.75155,2.16956,1.74937,1.87203,0,0.19291,0.09091,0.07741,0.02912,0.04823,0.02273,0.00337,0.00063,2.47358,1.75897,2.7749,2.83438,0,0.00168518,0.00168518,0.00168518
161,1969.35,1.77562,2.18797,1.80375,1.85444,0,0.20153,0.27273,0.14588,0.05758,0.12751,0.04545,0.01838,0.00538,2.21058,1.68806,2.73262,2.68815,0,0.0016832,0.0016832,0.0016832
162,1981.78,1.87547,2.15675,2.00063,1.971,0,0.23839,0.27752,0.20149,0.07392,0.06405,0.09091,0.03474,0.00912,2.12518,1.68144,2.39185,2.633,0,0.00168122,0.00168122,0.00168122
163,1994.21,1.81036,2.12249,1.77027,1.84686,0,0.25774,0.29545,0.19177,0.08016,0.0493,0.04545,0.01283,0.00278,2.06021,1.64371,2.25704,2.60561,0,0.00167924,0.00167924,0.00167924
164,2006.63,1.61882,2.07631,1.73652,1.80648,0,0.26985,0.27273,0.1999,0.07135,0.07224,0.02273,0.0062,0.00152,2.25584,1.63507,2.3918,2.74396,0,0.00167726,0.00167726,0.00167726
165,2019.2,1.76124,2.10911,1.83947,1.89726,0,0.32828,0.29999,0.20576,0.07436,0.05122,0.02273,0.00513,0.00069,2.28429,1.62047,2.40559,2.8432,0,0.00167528,0.00167528,0.00167528
166,2031.69,1.68793,1.91977,1.81237,1.76331,0,0.23074,0.36364,0.15448,0.05421,0.07281,0.09091,0.01911,0.00373,2.17951,1.61611,2.49891,2.72256,0,0.0016733,0.0016733,0.0016733
167,2044.17,1.79685,2.19887,1.7578,1.85242,0,0.24261,0.35679,0.15169,0.06308,0.08459,0.04545,0.02012,0.00387,2.10802,1.61201,2.38567,2.65203,0,0.00167132,0.00167132,0.00167132
168,2056.61,1.73501,2.18782,1.81878,1.88924,0,0.27083,0.27273,0.15925,0.07088,0.05048,0.04545,0.03002,0.00602,2.23529,1.62281,2.36433,2.69649,0,0.00166934,0.00166934,0.00166934
169,2069.1,1.70184,2.13263,1.66052,1.75315,0,0.13049,0.22727,0.12605,0.05965,0.04016,0.11364,0.03724,0.00954,2.20851,1.71631,2.39404,2.70254,0,0.00166736,0.00166736,0.00166736
170,2081.82,1.83153,2.28408,1.74931,1.7544,0,0.16492,0.24691,0.14173,0.05664,0.06349,0.09091,0.04392,0.00747,2.19318,1.70538,2.47837,2.6706,0,0.00166538,0.00166538,0.00166538
171,2094.52,1.75378,2.16076,1.62501,1.79752,0,0.1866,0.31818,0.13812,0.0432,0.0441,0.06818,0.0165,0.00268,2.17446,1.63795,2.34113,2.63788,0,0.0016634,0.0016634,0.0016634
172,2107.04,1.70981,2.18019,1.70829,1.7884,0,0.19544,0.34091,0.12706,0.05621,0.06039,0.06818,0.00827,0.00169,2.04424,1.66573,2.32869,2.60768,0,0.00166142,0.00166142,0.00166142
173,2119.46,1.81837,2.1712,1.81784,1.84556,0,0.28405,0.29545,0.1646,0.07982,0.03174,0.06818,0.00581,0.00081,2.11555,1.68913,2.35071,2.55208,0,0.00165944,0.00165944,0.00165944
174,2131.77,1.66702,2.06386,1.94302,1.84793,0,0.3231,0.25,0.18043,0.06057,0.05314,0.04545,0.00877,0.0013,2.17406,1.76185,2.4542,2.60668,0,0.00165746,0.00165746,0.00165746
175,2144.35,1.6857,2.1788,1.83,1.78774,0,0.27934,0.30844,0.18885,0.08384,0.15473,0.04545,0.02007,0.004,2.21661,1.71785,2.30805,2.6967,0,0.00165548,0.00165548,0.00165548
176,2157.07,1.76354,2.14886,1.69204,1.85077,0,0.20496,0.29545,0.16633,0.07625,0.1443,0.04545,0.01587,0.00248,2.23704,1.73069,2.38291,2.70065,0,0.0016535,0.0016535,0.0016535
177,2169.47,1.72712,2.23086,1.85914,1.74008,0,0.16013,0.18182,0.13489,0.0598,0.05503,0.11364,0.02537,0.00496,2.30767,1.68509,2.81051,2.71811,0,0.00165152,0.00165152,0.00165152
178,2181.95,1.76961,2.18595,1.83055,1.82425,0,0.13772,0.38636,0.12912,0.05997,0.0577,0.09091,0.02305,0.00324,2.29052,1.71656,2.67483,2.71459,0,0.00164954,0.00164954,0.00164954
179,2194.51,1.83114,2.14779,1.85439,1.87254,0,0.13817,0.40086,0.13948,0.06109,0.06627,0.09091,0.02374,0.00329,2.21789,1.70575,2.57066,2.67131,0,0.00164756,0.00164756,0.00164756
180,2207.05,1.7929,2.17021,1.87566,1.91438,0,0.24905,0.33174,0.2182,0.09195,0.0332,0.07027,0.00989,0.0021,2.15835,1.69308,2.15049,2.64282,0,0.00164558,0.00164558,0.00164558
181,2219.87,1.73408,2.13705,1.79657,1.78106,0,0.2926,0.34091,0.25014,0.08305,0.07273,0.09091,0.03048,0.00492,2.08398,1.65283,2.25105,2.57995,0,0.0016436,0.0016436,0.0016436
182,2232.46,1.72508,2.03405,1.71799,1.84337,0,0.18103,0.25,0.14095,0.05615,0.16837,0.04545,0.01927,0.00326,2.11989,1.6268,2.49967,2.63915,0,0.00164162,0.00164162,0.00164162
183,2244.98,1.63762,1.97562,1.71074,1.69977,0,0.21,0.40909,0.1765,0.0829,0.1082,0.04545,0.01785,0.00332,2.10006,1.62209,2.46402,2.60991,0,0.00163964,0.00163964,0.00163964
184,2257.35,1.71543,1.95528,1.8242,1.75583,0,0.27305,0.35009,0.2053,0.083,0.1038,0.13636,0.03163,0.00476,2.05216,1.68605,2.2907,2.56231,0,0.00163766,0.00163766,0.00163766
185,2269.77,1.63604,2.21397,1.71262,1.72345,0,0.26033,0.35204,0.17954,0.07137,0.07136,0.09091,0.0169,0.00232,2.08503,1.68148,2.51832,2.65536,0,0.00163568,0.00163568,0.00163568
186,2282.42,1.69365,2.19228,1.8501,1.791,0,0.22989,0.29545,0.14196,0.05624,0.05052,0.22727,0.01577,0.00229,2.21457,1.67066,2.48845,2.75936,0,0.0016337,0.0016337,0.0016337
187,2294.99,1.76172,2.15276,1.60747,1.84276,0,0.18202,0.27822,0.14786,0.05945,0.09296,0.04545,0.00995,0.00214,2.15363,1.60407,2.46798,2.69299,0,0.00163172,0.00163172,0.00163172
188,2307.6,1.74287,2.06229,1.69217,1.8256,0,0.20227,0.29545,0.13792,0.05915,0.04912,0.09091,0.01214,0.00201,2.11378,1.60965,2.5465,2.59514,0,0.00162974,0.00162974,0.00162974
189,2320.23,1.7442,2.10899,1.72963,1.85556,0,0.19708,0.36364,0.14314,0.04724,0.03969,0.0489,0.01445,0.00462,2.14084,1.63355,2.44087,2.61847,0,0.00162776,0.00162776,0.00162776
190,2332.95,1.63573,1.91822,1.82208,1.71247,0,0.13393,0.25,0.10292,0.03734,0.10912,0.06818,0.02246,0.00443,2.18146,1.64209,2.51228,2.66785,0,0.00162578,0.00162578,0.00162578
191,2345.45,1.60911,1.93676,1.63236,1.69554,0,0.22273,0.189,0.13422,0.04489,0.09687,0.06818,0.01612,0.00314,2.14795,1.63442,2.42855,2.64199,0,0.0016238,0.0016238,0.0016238
192,2357.95,1.70373,2.03102,1.69642,1.74117,0,0.2647,0.27273,0.19225,0.08364,0.20697,0.09091,0.04482,0.00866,2.09934,1.6,2.29098,2.59525,0,0.00162182,0.00162182,0.00162182
193,2370.43,1.71022,2.05967,1.77801,1.80404,0,0.32494,0.29545,0.19407,0.09291,0.16262,0.09091,0.03791,0.00569,2.07721,1.59405,2.27095,2.54945,0,0.00161984,0.00161984,0.00161984
194,2383.39,1.68911,2.06744,1.65876,1.75247,0,0.27881,0.27273,0.17126,0.08632,0.09083,0.09091,0.0209,0.00433,2.06305,1.62399,2.3737,2.53235,0,0.00161786,0.00161786,0.00161786
195,2395.97,1.59765,2.10472,1.51866,1.68502,0,0.26358,0.25,0.15586,0.08351,0.0666,0.06818,0.01173,0.00286,2.14021,1.68999,2.3821,2.55882,0,0.00161588,0.00161588,0.00161588
196,2408.62,1.69197,2.01058,1.80836,1.77553,0,0.28147,0.31818,0.21957,0.08572,0.25596,0.04545,0.01937,0.00467,2.31274,1.70621,2.26081,2.77713,0,0.0016139,0.0016139,0.0016139
197,2421.2,1.66779,2.0037,1.77306,1.80358,0,0.35599,0.23889,0.23466,0.0915,0.12778,0.06818,0.04608,0.01012,2.15113,1.69756,2.25482,2.68614,0,0.00161192,0.00161192,0.00161192
198,2433.71,1.72451,2.12357,1.85503,1.8346,0,0.17696,0.29545,0.17964,0.07758,0.27028,0.04545,0.01905,0.00388,2.0849,1.68176,2.29595,2.58138,0,0.00160994,0.00160994,0.00160994
199,2446.36,1.74144,2.20996,1.91055,1.84069,0,0.16783,0.22727,0.13282,0.06939,0.02492,0.09091,0.00468,0.00088,2.09166,1.73625,2.71633,2.58523,0,0.00160796,0.00160796,0.00160796
200,2459.04,1.6764,2.02791,1.80132,1.74771,0,0.23343,0.2631,0.21424,0.11594,0.14857,0.06818,0.02621,0.00592,1.97699,1.61086,2.22159,2.49403,0,0.00160598,0.00160598,0.00160598
201,2471.62,1.68669,2.01996,1.78987,1.78288,0,0.25215,0.47727,0.21487,0.08538,0.07703,0.06818,0.02275,0.00451,1.99735,1.6067,2.14244,2.50989,0,0.001604,0.001604,0.001604
202,2484.27,1.66775,1.97327,1.65969,1.72102,0,0.18959,0.43182,0.16647,0.06299,0.04995,0.15909,0.0125,0.00234,2.14237,1.63853,2.34801,2.64304,0,0.00160202,0.00160202,0.00160202
203,2497,1.7285,2.06313,1.78968,1.79667,0,0.2457,0.45455,0.18123,0.06932,0.05853,0.04545,0.03202,0.00384,2.15927,1.67788,2.376,2.65269,0,0.00160004,0.00160004,0.00160004
204,2509.67,1.71817,2.09749,1.71464,1.8071,0,0.24742,0.45455,0.22559,0.09035,0.04134,0.11364,0.03289,0.00376,2.09123,1.65948,2.23882,2.59696,0,0.00159806,0.00159806,0.00159806
205,2522.11,1.76962,2.04769,1.81794,1.85562,0,0.30344,0.38612,0.24218,0.10292,0.17003,0.09091,0.04097,0.00468,2.09882,1.60917,2.26354,2.57665,0,0.00159608,0.00159608,0.00159608
206,2534.61,1.50341,1.90798,1.6394,1.65161,0,0.17251,0.27484,0.15509,0.06829,0.10747,0.13636,0.03787,0.00584,2.16939,1.65303,2.36928,2.61234,0,0.0015941,0.0015941,0.0015941
207,2547.05,1.7087,2.13972,1.83376,1.76265,0,0.17873,0.29545,0.14713,0.05975,0.06469,0.09091,0.02743,0.00567,2.24453,1.60796,2.60325,2.74148,0,0.00159212,0.00159212,0.00159212
208,2559.68,1.58492,1.90402,1.47303,1.70753,0,0.18303,0.29545,0.1282,0.05418,0.18445,0.06818,0.02812,0.00463,2.24052,1.64124,2.6933,2.70302,0,0.00159014,0.00159014,0.00159014
209,2572.44,1.58987,1.93217,1.67949,1.7308,0,0.18727,0.29545,0.18932,0.06105,0.25992,0.06818,0.03282,0.00483,2.23969,1.63657,2.39765,2.66718,0,0.00158816,0.00158816,0.00158816
210,2584.96,1.62554,1.94152,1.60817,1.70678,0,0.24569,0.36364,0.21593,0.08025,0.13433,0.06818,0.02933,0.00503,2.16532,1.60859,2.20298,2.61337,0,0.00158618,0.00158618,0.00158618
211,2597.57,1.55058,1.9094,1.49962,1.69147,0,0.21011,0.34091,0.15078,0.06524,0.18801,0.06818,0.02846,0.00426,2.25183,1.65154,2.34943,2.6906,0,0.0015842,0.0015842,0.0015842
212,2610.01,1.63801,1.96019,1.75369,1.78305,0,0.26849,0.20455,0.19742,0.08453,0.05348,0.04545,0.0104,0.00155,2.1683,1.6909,2.44195,2.63749,0,0.00158222,0.00158222,0.00158222
213,2622.77,1.65769,2.08493,1.67995,1.81438,0,0.39041,0.23305,0.26448,0.10503,0.04939,0.06818,0.02248,0.00282,2.04605,1.61863,2.18056,2.58386,0,0.00158024,0.00158024,0.00158024
214,2635.3,1.57259,2.14101,1.70024,1.6792,0,0.37032,0.20455,0.21171,0.10091,0.04987,0.06818,0.02772,0.00588,1.9991,1.64726,2.08664,2.50196,0,0.00157826,0.00157826,0.00157826
215,2647.79,1.73801,2.15539,1.7393,1.81573,0,0.24291,0.23344,0.17867,0.08145,0.098,0.11364,0.03602,0.00646,2.03084,1.66023,2.17881,2.55953,0,0.00157628,0.00157628,0.00157628
216,2660.19,1.64421,1.97206,1.60491,1.73109,0,0.16222,0.31818,0.17361,0.0729,0.08053,0.09091,0.02646,0.00365,2.12058,1.6647,2.24209,2.61965,0,0.0015743,0.0015743,0.0015743
217,2672.9,1.61282,2.07832,1.60908,1.71517,0,0.22631,0.29255,0.18875,0.08009,0.03532,0.09091,0.00898,0.00143,2.07947,1.67286,2.29367,2.6083,0,0.00157232,0.00157232,0.00157232
218,2685.5,1.70542,2.08984,1.61338,1.81787,0,0.18177,0.32825,0.17683,0.07959,0.03374,0.09091,0.01008,0.00184,2.08542,1.64526,2.30464,2.60626,0,0.00157034,0.00157034,0.00157034
219,2698.25,1.58368,2.01968,1.45387,1.72229,0,0.16257,0.36364,0.15881,0.0697,0.05353,0.11364,0.01395,0.00221,2.11801,1.65793,2.36426,2.64532,0,0.00156836,0.00156836,0.00156836
220,2710.84,1.63925,2.02585,1.55631,1.66505,0,0.14193,0.38636,0.13412,0.05254,0.05959,0.09091,0.01402,0.00227,2.12206,1.69437,2.40363,2.67419,0,0.00156638,0.00156638,0.00156638
221,2723.4,1.72138,2.06785,1.67603,1.86519,0,0.17279,0.43182,0.15713,0.06176,0.08008,0.09091,0.02357,0.00414,2.11435,1.70157,2.42105,2.62174,0,0.0015644,0.0015644,0.0015644
222,2735.78,1.62807,2.01257,1.54556,1.66457,0,0.189,0.42905,0.13692,0.05848,0.08483,0.18182,0.02358,0.00374,2.10609,1.66717,2.55804,2.59155,0,0.00156242,0.00156242,0.00156242
223,2748.11,1.58603,1.78947,1.58529,1.60186,0,0.20073,0.36364,0.13041,0.04579,0.03775,0.06818,0.00735,0.00117,2.2527,1.66016,2.57972,2.6738,0,0.00156044,0.00156044,0.00156044
224,2760.59,1.58568,2.00185,1.45098,1.65118,0,0.1605,0.18182,0.12993,0.04565,0.04313,0.04545,0.00532,0.00061,2.17478,1.71169,2.78158,2.63866,0,0.00155846,0.00155846,0.00155846
225,2773.23,1.58107,2.01473,1.5333,1.68939,0,0.25982,0.43082,0.20966,0.09143,0.16438,0.11364,0.02703,0.00355,2.07526,1.63702,2.2595,2.58173,0,0.00155648,0.00155648,0.00155648
226,2785.76,1.67342,2.08314,1.58626,1.72536,0,0.2613,0.4824,0.19674,0.07554,0.17682,0.06818,0.02186,0.00288,2.20045,1.64556,2.31997,2.72805,0,0.0015545,0.0015545,0.0015545
227,2798.24,1.54025,1.91595,1.55248,1.75614,0,0.2999,0.45455,0.17274,0.07387,0.13144,0.06818,0.01784,0.00214,2.12999,1.67644,2.21477,2.64693,0,0.00155252,0.00155252,0.00155252
228,2810.88,1.64351,1.97773,1.65557,1.78954,0,0.36733,0.38636,0.26992,0.11092,0.0608,0.06818,0.01667,0.00228,1.98797,1.59883,2.04029,2.45125,0,0.00155054,0.00155054,0.00155054
229,2823.41,1.54768,1.94736,1.41499,1.66613,0,0.35883,0.45455,0.29384,0.1289,0.07784,0.09091,0.04355,0.00791,1.93912,1.61348,2.02553,2.45395,0,0.00154856,0.00154856,0.00154856
230,2836.25,1.70143,2.21984,1.66585,1.75446,0,0.36252,0.36364,0.25405,0.10283,0.11895,0.09091,0.024,0.00497,2.03093,1.67846,2.06951,2.49688,0,0.00154658,0.00154658,0.00154658
231,2848.78,1.65605,2.08862,1.52734,1.69802,0,0.33629,0.38636,0.2188,0.08571,0.11037,0.09091,0.02462,0.00558,2.10672,1.72944,2.10806,2.52622,0,0.0015446,0.0015446,0.0015446
232,2861.35,1.67673,2.10316,1.61056,1.74877,0,0.31956,0.34091,0.25175,0.10142,0.14034,0.11364,0.05213,0.00937,2.07972,1.62822,2.06806,2.54629,0,0.00154262,0.00154262,0.00154262
233,2874.1,1.59838,1.93599,1.53944,1.73956,0,0.28255,0.31818,0.2404,0.10078,0.07278,0.11364,0.03207,0.0051,2.00768,1.60219,2.12471,2.51349,0,0.00154064,0.00154064,0.00154064
234,2886.61,1.77077,1.96556,1.62311,1.86356,0,0.24349,0.36364,0.22197,0.08241,0.06125,0.11364,0.01788,0.00312,2.09553,1.61194,2.12674,2.59741,0,0.00153866,0.00153866,0.00153866
235,2899.07,1.61392,2.07942,1.6739,1.83702,0,0.2421,0.40909,0.19928,0.08511,0.09386,0.11364,0.01983,0.00361,2.10066,1.64275,2.20288,2.59537,0,0.00153668,0.00153668,0.00153668
236,2911.44,1.63986,1.97232,1.52036,1.72232,0,0.25409,0.42587,0.21542,0.09157,0.16094,0.09091,0.0322,0.0052,2.12882,1.58216,2.3408,2.59344,0,0.0015347,0.0015347,0.0015347
237,2923.84,1.61465,1.89067,1.58882,1.73217,0,0.29715,0.18182,0.15728,0.06521,0.04122,0.09091,0.01431,0.00257,2.07858,1.58867,2.46957,2.55232,0,0.00153272,0.00153272,0.00153272
238,2936.19,1.63211,2.01229,1.62816,1.7027,0,0.26412,0.31008,0.18385,0.0749,0.147,0.13636,0.03451,0.00427,2.09898,1.65707,2.22249,2.54408,0,0.00153074,0.00153074,0.00153074
239,2948.77,1.71609,2.20342,1.81816,1.71826,0,0.19253,0.25,0.17287,0.06483,0.24216,0.11364,0.0587,0.00908,2.02055,1.66068,2.44665,2.48304,0,0.00152876,0.00152876,0.00152876
240,2961.13,1.57261,1.86917,1.954,1.55749,0,0.20202,0.25,0.19794,0.07338,0.20593,0.09091,0.04775,0.00675,2.00616,1.64835,2.41985,2.51274,0,0.00152678,0.00152678,0.00152678
241,2973.62,1.54103,1.90058,1.5581,1.65712,0,0.24809,0.36364,0.25276,0.09726,0.34592,0.06818,0.0427,0.00727,2.01498,1.60024,2.29974,2.55013,0,0.0015248,0.0015248,0.0015248
242,2985.95,1.58674,1.96726,1.57335,1.71035,0,0.2209,0.38636,0.21828,0.08442,0.0754,0.06818,0.03016,0.00519,2.04586,1.61649,2.4092,2.55433,0,0.00152282,0.00152282,0.00152282
243,2998.42,1.60599,1.96227,1.60338,1.77546,0,0.27743,0.38636,0.22244,0.09178,0.03643,0.06818,0.02127,0.00372,2.06159,1.61194,2.34523,2.59073,0,0.00152084,0.00152084,0.00152084
244,3010.93,1.67091,1.99717,1.68673,1.86024,0,0.21529,0.29545,0.2081,0.10209,0.4324,0.04545,0.03451,0.00515,2.06824,1.59486,2.17704,2.54786,0,0.00151886,0.00151886,0.00151886
245,3023.54,1.64721,1.9845,1.61961,1.73726,0,0.27294,0.34091,0.22721,0.09725,0.48983,0.04545,0.04568,0.0078,2.05369,1.6164,2.0908,2.52535,0,0.00151688,0.00151688,0.00151688
246,3036.05,1.5889,1.98449,1.48998,1.68451,0,0.17549,0.32414,0.13144,0.04685,0.07065,0.11364,0.02918,0.00447,2.17648,1.67065,2.55658,2.68837,0,0.0015149,0.0015149,0.0015149
247,3048.56,1.60745,2.00173,1.64578,1.80966,0,0.18023,0.20455,0.13832,0.04959,0.1438,0.09091,0.03189,0.00477,2.12316,1.65854,2.39711,2.64399,0,0.00151292,0.00151292,0.00151292
248,3060.9,1.59863,1.96466,1.59452,1.66592,0,0.26296,0.36364,0.25677,0.09449,0.04775,0.11364,0.01598,0.0033,2.09647,1.61183,2.16917,2.64181,0,0.00151094,0.00151094,0.00151094
249,3073.56,1.59563,2.09682,1.71321,1.71307,0,0.25085,0.41862,0.22774,0.10255,0.05491,0.13636,0.01715,0.00328,2.04879,1.61997,2.17339,2.57954,0,0.00150896,0.00150896,0.00150896
250,3086.03,1.60044,2.09697,1.69276,1.69666,0,0.20407,0.43182,0.20403,0.09905,0.07863,0.25,0.0246,0.00361,2.05227,1.61965,2.2394,2.60234,0,0.00150698,0.00150698,0.00150698
251,3098.65,1.63978,2.02119,1.532,1.75896,0,0.16353,0.36364,0.17052,0.07078,0.17061,0.11364,0.04055,0.00579,2.05049,1.63317,2.26148,2.58103,0,0.001505,0.001505,0.001505
252,3111.16,1.66049,2.04606,1.5155,1.67189,0,0.17258,0.36364,0.15775,0.06635,0.0537,0.11364,0.01998,0.00376,2.04051,1.64175,2.31943,2.57339,0,0.00150302,0.00150302,0.00150302
253,3123.65,1.65186,2.05007,1.53544,1.69461,0,0.22358,0.43182,0.18893,0.08631,0.07599,0.18182,0.05217,0.00683,2.15286,1.63066,2.26513,2.63939,0,0.00150104,0.00150104,0.00150104
254,3136.23,1.53131,1.98803,1.52102,1.66218,0,0.26745,0.40909,0.23326,0.10133,0.10534,0.15909,0.05348,0.00665,2.06459,1.57175,2.238,2.58875,0,0.00149906,0.00149906,0.00149906
255,3148.8,1.61502,1.99179,1.50161,1.6997,0,0.22918,0.43182,0.21439,0.07258,0.1221,0.09091,0.05225,0.00592,2.11222,1.6129,2.24961,2.62804,0,0.00149708,0.00149708,0.00149708
256,3161.38,1.53742,2.09209,1.54786,1.69616,0,0.20955,0.40909,0.1993,0.07229,0.12288,0.04545,0.01992,0.00338,2.05207,1.59464,2.27798,2.61338,0,0.0014951,0.0014951,0.0014951
257,3173.95,1.60181,1.89096,1.55071,1.76833,0,0.21652,0.29545,0.13489,0.04699,0.08474,0.11364,0.03585,0.00584,2.30654,1.7337,2.72843,2.83508,0,0.00149312,0.00149312,0.00149312
258,3186.69,1.7005,2.01332,1.60574,1.8031,0,0.16821,0.40909,0.15971,0.0627,0.07398,0.11364,0.03116,0.00611,2.11074,1.65426,2.33841,2.58482,0,0.00149114,0.00149114,0.00149114
259,3199.2,1.51626,1.77799,1.51307,1.67494,0,0.19223,0.38636,0.17677,0.07362,0.06509,0.15909,0.03013,0.0039,2.05469,1.63445,2.25794,2.58878,0,0.00148916,0.00148916,0.00148916
260,3211.74,1.604,2.07938,1.45353,1.69409,0,0.17591,0.31818,0.1771,0.0694,0.04159,0.13636,0.01155,0.00156,2.0608,1.67391,2.27031,2.62816,0,0.00148718,0.00148718,0.00148718
261,3224.18,1.47833,1.89773,1.48389,1.62295,0,0.25699,0.31818,0.19237,0.08904,0.03447,0.06818,0.01201,0.00163,1.9895,1.59791,2.17069,2.54192,0,0.0014852,0.0014852,0.0014852
262,3236.68,1.59242,2.01855,1.57385,1.72792,0,0.21618,0.36364,0.18633,0.08254,0.16312,0.06818,0.0491,0.00791,1.95252,1.65794,2.23149,2.50116,0,0.00148322,0.00148322,0.00148322
263,3249.23,1.54288,2.02549,1.41986,1.68245,0,0.24121,0.36364,0.20726,0.08646,0.07875,0.09091,0.02674,0.00303,1.94162,1.71237,2.27307,2.52727,0,0.00148124,0.00148124,0.00148124
264,3261.91,1.56371,2.01518,1.48816,1.7271,0,0.25583,0.45455,0.21398,0.07451,0.09656,0.11364,0.02655,0.00392,1.99405,1.68114,2.14818,2.57741,0,0.00147926,0.00147926,0.00147926
265,3274.46,1.56649,2.02073,1.48035,1.6495,0,0.25306,0.43182,0.19977,0.07048,0.14156,0.15909,0.04717,0.00548,2.05278,1.67226,2.26856,2.61525,0,0.00147728,0.00147728,0.00147728
266,3286.86,1.58443,2.04689,1.6072,1.66058,0,0.23828,0.36364,0.21991,0.07592,0.09704,0.11364,0.02298,0.00304,2.09391,1.68179,2.30974,2.63624,0,0.0014753,0.0014753,0.0014753
267,3299.3,1.63368,2.10922,1.62196,1.67335,0,0.22153,0.34091,0.17765,0.05885,0.19021,0.11364,0.03891,0.00684,2.21011,1.65859,2.35347,2.70994,0,0.00147332,0.00147332,0.00147332
268,3311.95,1.54522,1.96864,1.41075,1.67972,0,0.26618,0.29545,0.16405,0.06071,0.25283,0.13092,0.05492,0.00742,2.2329,1.63786,2.38778,2.72681,0,0.00147134,0.00147134,0.00147134
269,3324.54,1.70443,2.0336,1.53992,1.73698,0,0.22001,0.36364,0.17442,0.05005,0.08448,0.06818,0.02601,0.0031,2.47362,1.68808,2.32701,2.95543,0,0.00146936,0.00146936,0.00146936
270,3337.05,1.55812,2.00727,1.45417,1.64305,0,0.26323,0.35735,0.17446,0.04998,0.19591,0.09091,0.04763,0.00521,2.33293,1.69603,2.32733,2.84358,0,0.00146738,0.00146738,0.00146738
271,3349.52,1.57484,1.98309,1.52273,1.65242,0,0.30798,0.36364,0.2342,0.08137,0.10518,0.11364,0.06509,0.00811,2.20778,1.66384,2.14999,2.65684,0,0.0014654,0.0014654,0.0014654
272,3361.9,1.61215,2.01704,1.41505,1.68825,0,0.28958,0.43182,0.23031,0.09507,0.05763,0.11364,0.02548,0.00394,2.17338,1.63833,2.19114,2.62341,0,0.00146342,0.00146342,0.00146342
273,3374.58,1.57372,1.99896,1.50476,1.66813,0,0.26431,0.36364,0.2099,0.0846,0.04701,0.09091,0.0099,0.00192,2.15345,1.66241,2.09474,2.70009,0,0.00146144,0.00146144,0.00146144
274,3387.23,1.66791,2.05501,1.50504,1.7987,0,0.29847,0.38636,0.25512,0.09609,0.05587,0.20455,0.02272,0.00298,2.16845,1.61739,2.08518,2.72814,0,0.00145946,0.00145946,0.00145946
275,3399.54,1.44029,1.95816,1.4116,1.55578,0,0.2519,0.40909,0.24286,0.0911,0.08915,0.11364,0.02648,0.00433,2.07445,1.60233,2.13176,2.60636,0,0.00145748,0.00145748,0.00145748
276,3411.88,1.66763,2.0004,1.53717,1.76229,0,0.33693,0.25,0.20644,0.08166,0.24675,0.09091,0.03881,0.00481,2.06275,1.59046,2.28093,2.58901,0,0.0014555,0.0014555,0.0014555
277,3424.27,1.58196,2.00391,1.40396,1.60842,0,0.31033,0.29659,0.23326,0.09711,0.31854,0.11364,0.05441,0.00725,2.07749,1.57417,2.17594,2.58169,0,0.00145352,0.00145352,0.00145352
278,3436.72,1.51278,2.0001,1.44777,1.62213,0,0.26434,0.36364,0.22875,0.11325,0.24831,0.13636,0.06013,0.00848,2.08245,1.6448,2.23761,2.55502,0,0.00145154,0.00145154,0.00145154
279,3449.23,1.51725,1.88589,1.40156,1.658,0,0.26711,0.40909,0.23584,0.11231,0.20241,0.09091,0.04212,0.00597,2.08849,1.63877,2.15563,2.58854,0,0.00144956,0.00144956,0.00144956
280,3461.83,1.57671,1.98786,1.42331,1.72615,0,0.27193,0.27273,0.23871,0.11007,0.3247,0.12049,0.07542,0.00852,2.07146,1.63519,2.17296,2.6057,0,0.00144758,0.00144758,0.00144758
281,3474.38,1.5969,2.03198,1.52235,1.66103,0,0.29417,0.29545,0.22603,0.10817,0.19293,0.11364,0.05617,0.0092,1.99202,1.6178,2.10852,2.50294,0,0.0014456,0.0014456,0.0014456
282,3486.78,1.51042,1.87971,1.40059,1.63067,0,0.27666,0.29545,0.22292,0.10322,0.14487,0.18182,0.06499,0.01331,1.99911,1.67737,2.17481,2.49511,0,0.00144362,0.00144362,0.00144362
283,3499.34,1.4818,1.93922,1.40602,1.61566,0,0.34994,0.25,0.21795,0.08932,0.08835,0.09091,0.02996,0.00427,2.03148,1.61341,2.43329,2.56209,0,0.00144164,0.00144164,0.00144164
284,3511.93,1.55261,2.08291,1.43884,1.63847,0,0.25892,0.38636,0.23392,0.11397,0.16266,0.06818,0.03858,0.00584,1.9987,1.64439,2.19931,2.53668,0,0.00143966,0.00143966,0.00143966
285,3524.35,1.48591,2.00691,1.44955,1.59851,0,0.23366,0.45455,0.26925,0.11807,0.16409,0.11364,0.08469,0.00991,1.96053,1.66529,1.96122,2.48331,0,0.00143768,0.00143768,0.00143768
286,3537.06,1.5538,1.9885,1.49399,1.73577,0,0.25566,0.29545,0.26349,0.12191,0.15805,0.11364,0.07087,0.00808,1.9451,1.71618,1.93317,2.4723,0,0.0014357,0.0014357,0.0014357
287,3549.59,1.66343,2.09623,1.51919,1.77749,0,0.20746,0.31818,0.22293,0.10456,0.11475,0.13636,0.04394,0.00528,1.96234,1.70521,2.0672,2.50752,0,0.00143372,0.00143372,0.00143372
288,3562.04,1.57047,1.90902,1.44375,1.7322,0,0.19632,0.45455,0.19219,0.09605,0.10778,0.11364,0.03799,0.00594,2.00863,1.63867,2.08408,2.56529,0,0.00143174,0.00143174,0.00143174
289,3574.75,1.59522,1.8731,1.47094,1.72142,0,0.25651,0.36073,0.19269,0.09966,0.21934,0.06818,0.07041,0.00971,2.05394,1.5925,2.15434,2.58323,0,0.00142976,0.00142976,0.00142976
290,3587.24,1.65674,1.98428,1.54067,1.77773,0,0.28507,0.40909,0.21598,0.09912,0.10814,0.13636,0.03433,0.00489,2.02123,1.58303,2.17513,2.53962,0,0.00142778,0.00142778,0.00142778
291,3599.87,1.60375,1.97731,1.48952,1.68636,0,0.33558,0.43182,0.27021,0.11374,0.14263,0.11364,0.03636,0.00454,1.99175,1.63306,2.26515,2.56279,0,0.0014258,0.0014258,0.0014258
292,3612.34,1.62404,1.99805,1.49773,1.74067,0,0.28442,0.36364,0.22967,0.10666,0.07588,0.09091,0.01851,0.00227,2.00299,1.68038,2.23579,2.55509,0,0.00142382,0.00142382,0.00142382
293,3625.04,1.61233,2.01916,1.53017,1.78761,0,0.35352,0.42267,0.24963,0.11676,0.092,0.09091,0.02448,0.00396,2.00756,1.67435,2.10311,2.55118,0,0.00142184,0.00142184,0.00142184
294,3637.58,1.67259,2.1148,1.58863,1.7592,0,0.24552,0.40909,0.22079,0.08588,0.07556,0.09091,0.01986,0.00333,1.97841,1.71735,2.12887,2.53564,0,0.00141986,0.00141986,0.00141986
295,3650.18,1.64971,1.98671,1.51734,1.73143,0,0.16291,0.31818,0.17166,0.06984,0.08495,0.11364,0.02373,0.00412,2.05903,1.64352,2.12899,2.56161,0,0.00141788,0.00141788,0.00141788
296,3662.56,1.55206,2.06306,1.54606,1.69757,0,0.26044,0.45455,0.24515,0.10333,0.14028,0.11364,0.03479,0.00491,1.97629,1.70213,2.09027,2.48928,0,0.0014159,0.0014159,0.0014159
297,3675.18,1.53819,1.83138,1.4411,1.63102,0,0.30241,0.47727,0.28634,0.13285,0.10562,0.09091,0.02733,0.00424,1.98459,1.72582,2.02271,2.52226,0,0.00141392,0.00141392,0.00141392
298,3687.58,1.56636,1.99741,1.59955,1.68127,0,0.27822,0.36801,0.28064,0.12822,0.11266,0.09238,0.02923,0.00434,2.06682,1.73682,1.95953,2.5684,0,0.00141194,0.00141194,0.00141194
299,3700.11,1.58181,1.96491,1.48278,1.75323,0,0.23225,0.31818,0.18815,0.08471,0.12636,0.11364,0.02562,0.00378,2.02825,1.83259,2.15535,2.61163,0,0.00140996,0.00140996,0.00140996
300,3712.35,1.51774,1.95587,1.48946,1.55571,0,0.26096,0.38636,0.2276,0.10893,0.13531,0.11364,0.04066,0.00583,1.97283,1.7368,2.00723,2.5424,0,0.00140798,0.00140798,0.00140798
301,3724.85,1.57813,2.00789,1.58035,1.74664,0,0.27476,0.34091,0.24199,0.11095,0.14551,0.09091,0.04518,0.00769,1.92982,1.66919,2.03545,2.48643,0,0.001406,0.001406,0.001406
302,3737.52,1.53925,1.93784,1.41895,1.69191,0,0.27199,0.47727,0.23615,0.11238,0.1269,0.09091,0.03149,0.00537,1.93719,1.60705,2.033,2.47548,0,0.00140402,0.00140402,0.00140402
303,3750.07,1.59158,1.99485,1.46953,1.74329,0,0.26777,0.54545,0.25646,0.10338,0.16676,0.09091,0.04251,0.00617,1.96822,1.61632,2.00814,2.52078,0,0.00140204,0.00140204,0.00140204
304,3762.48,1.52978,1.95126,1.52166,1.56942,0,0.18836,0.47727,0.21997,0.08929,0.1882,0.09091,0.04432,0.00631,1.97333,1.63853,2.07306,2.50135,0,0.00140006,0.00140006,0.00140006
305,3775.03,1.57107,1.97618,1.5385,1.71765,0,0.26683,0.34091,0.22471,0.09616,0.09618,0.11364,0.03169,0.00413,1.98089,1.64305,2.09655,2.49498,0,0.00139808,0.00139808,0.00139808
306,3787.61,1.61418,2.0159,1.52723,1.669,0,0.20001,0.5,0.19651,0.09523,0.07634,0.18182,0.05645,0.00649,1.99006,1.6586,2.05514,2.52248,0,0.0013961,0.0013961,0.0013961
307,3799.98,1.45265,1.92484,1.42475,1.58159,0,0.23444,0.5,0.20671,0.09985,0.05893,0.15909,0.03319,0.00698,1.99157,1.63669,2.10141,2.5528,0,0.00139412,0.00139412,0.00139412
308,3812.52,1.65633,1.9652,1.46249,1.70834,0,0.22288,0.43182,0.18983,0.08613,0.16211,0.06818,0.03807,0.00776,2.01493,1.61809,2.10863,2.558,0,0.00139214,0.00139214,0.00139214
309,3825.23,1.50417,1.95213,1.49121,1.59076,0,0.17631,0.47727,0.17166,0.077,0.05833,0.15909,0.02681,0.00441,2.135,1.63989,2.12188,2.63483,0,0.00139016,0.00139016,0.00139016
310,3837.96,1.58881,2.00269,1.43676,1.68342,0,0.18724,0.40909,0.17382,0.0751,0.08726,0.11364,0.02918,0.00452,2.14612,1.64452,2.19976,2.6286,0,0.00138818,0.00138818,0.00138818
311,3850.67,1.55829,1.83362,1.45413,1.6663,0,0.22889,0.5,0.218,0.08721,0.07598,0.20455,0.03337,0.00466,2.03897,1.64458,2.11339,2.55641,0,0.0013862,0.0013862,0.0013862
312,3863.14,1.49915,1.8147,1.39606,1.67938,0,0.22759,0.40909,0.21068,0.09382,0.05295,0.18182,0.02371,0.00321,2.03526,1.59004,2.13835,2.51795,0,0.00138422,0.00138422,0.00138422
313,3876.04,1.56979,1.95075,1.48781,1.67967,0,0.27134,0.5,0.21322,0.09491,0.12886,0.11364,0.02842,0.00436,1.92309,1.60204,2.19815,2.47483,0,0.00138224,0.00138224,0.00138224
314,3888.77,1.56226,1.91843,1.47396,1.71504,0,0.25554,0.48374,0.23149,0.10925,0.17052,0.11364,0.03416,0.00409,1.84426,1.63963,2.1038,2.43527,0,0.00138026,0.00138026,0.00138026
315,3901.65,1.47219,2.00586,1.27988,1.57307,0,0.25067,0.54545,0.25596,0.10766,0.13121,0.20455,0.08585,0.01282,1.93179,1.6679,2.1041,2.44732,0,0.00137828,0.00137828,0.00137828
316,3914.23,1.44736,2.08603,1.25271,1.61796,0,0.19,0.43182,0.1859,0.08548,0.09051,0.18182,0.03905,0.00626,1.98409,1.6267,2.14773,2.5131,0,0.0013763,0.0013763,0.0013763
317,3926.91,1.5195,1.98433,1.40654,1.64509,0,0.23848,0.41284,0.22282,0.09932,0.13325,0.09091,0.02232,0.00319,1.99478,1.62992,2.14892,2.53822,0,0.00137432,0.00137432,0.00137432
318,3939.07,1.2651,1.72963,1.22883,1.38741,0,0.27035,0.40909,0.23339,0.10098,0.08435,0.09091,0.01758,0.00257,2.01602,1.60812,2.11652,2.55142,0,0.00137234,0.00137234,0.00137234
319,3951.48,1.51734,1.78661,1.40851,1.60875,0,0.2185,0.40909,0.21411,0.0927,0.10564,0.04545,0.01904,0.00225,2.03596,1.62543,2.14209,2.53633,0,0.00137036,0.00137036,0.00137036
320,3964.25,1.56116,1.92979,1.42588,1.64581,0,0.15729,0.34091,0.15271,0.0711,0.04023,0.04545,0.00996,0.00138,2.0361,1.6441,2.33496,2.56193,0,0.00136838,0.00136838,0.00136838
321,3976.9,1.49739,1.81409,1.39501,1.64137,0,0.16271,0.27273,0.17104,0.07998,0.12194,0.15909,0.0396,0.00557,1.95525,1.61608,2.29411,2.49379,0,0.0013664,0.0013664,0.0013664
322,3989.28,1.47443,1.93753,1.4747,1.55625,0,0.21852,0.27273,0.17418,0.0817,0.14286,0.17435,0.06137,0.00789,1.92714,1.63571,2.29091,2.46996,0,0.00136442,0.00136442,0.00136442
323,4001.72,1.37969,1.81177,1.27758,1.65917,0,0.20067,0.43182,0.18476,0.08086,0.24616,0.11364,0.07441,0.00823,1.91346,1.62367,2.20715,2.47394,0,0.00136244,0.00136244,0.00136244
324,4014.26,1.48603,1.99492,1.28498,1.59071,0,0.27707,0.47727,0.25043,0.10634,0.14438,0.15909,0.07935,0.01103,1.96317,1.65168,2.07979,2.59736,0,0.00136046,0.00136046,0.00136046
325,4027.08,1.53708,2.03057,1.45026,1.66243,0,0.34257,0.45455,0.27696,0.12245,0.12879,0.22727,0.0791,0.00936,2.06646,1.65681,2.11784,2.73171,0,0.00135848,0.00135848,0.00135848
326,4039.56,1.51319,1.94569,1.42499,1.66504,0,0.38773,0.52273,0.36625,0.16917,0.19038,0.15909,0.08896,0.01152,1.99078,1.61382,1.9202,2.61173,0,0.0013565,0.0013565,0.0013565
327,4052.17,1.49356,1.78885,1.54569,1.65588,0,0.38936,0.5,0.34163,0.15174,0.25104,0.11364,0.085,0.01072,1.93835,1.61226,1.90398,2.53462,0,0.00135452,0.00135452,0.00135452
328,4064.72,1.57732,2.04066,1.64432,1.70985,0,0.23129,0.40909,0.22736,0.1068,0.18395,0.09091,0.03253,0.00372,2.08257,1.55311,2.05864,2.59547,0,0.00135254,0.00135254,0.00135254
329,4077.19,1.44081,1.88634,1.28698,1.57154,0,0.21692,0.34091,0.18056,0.08203,0.20121,0.13636,0.07836,0.01065,2.08306,1.59063,2.16077,2.57667,0,0.00135056,0.00135056,0.00135056
330,4090.16,1.47371,1.90934,1.38275,1.61764,0,0.26149,0.43182,0.22526,0.09621,0.16764,0.13636,0.07234,0.01159,1.98609,1.56792,2.09452,2.48602,0,0.00134858,0.00134858,0.00134858
331,4103.12,1.53104,1.8958,1.35703,1.66257,0,0.38276,0.45455,0.31152,0.13828,0.12691,0.13636,0.04631,0.00834,1.89568,1.57451,1.98948,2.45177,0,0.0013466,0.0013466,0.0013466
332,4115.86,1.37826,1.8097,1.42895,1.51188,0,0.3017,0.4714,0.2729,0.11787,0.0795,0.22727,0.04795,0.00792,1.96056,1.5836,2.0584,2.50584,0,0.00134462,0.00134462,0.00134462
333,4128.3,1.61203,1.94541,1.54453,1.71622,0,0.30797,0.43182,0.22702,0.09572,0.08797,0.15909,0.03419,0.00669,1.93976,1.57252,2.36407,2.45707,0,0.00134264,0.00134264,0.00134264
334,4140.81,1.53343,2.05921,1.38628,1.66444,0,0.24826,0.43182,0.18851,0.08074,0.08054,0.22727,0.02909,0.0049,1.97593,1.564,2.36253,2.44974,0,0.00134066,0.00134066,0.00134066
335,4153.37,1.54234,1.99838,1.393,1.6625,0,0.25083,0.40909,0.23109,0.11298,0.22943,0.15909,0.10524,0.01644,1.92937,1.56472,2.21087,2.4466,0,0.00133868,0.00133868,0.00133868
336,4165.8,1.44598,1.86652,1.50984,1.60949,0,0.29919,0.43182,0.23841,0.12175,0.23781,0.13636,0.09071,0.01338,1.97568,1.57359,2.13097,2.46893,0,0.0013367,0.0013367,0.0013367
337,4178.3,1.4723,1.86366,1.44878,1.61719,0,0.39024,0.34091,0.26926,0.13078,0.19619,0.18182,0.06874,0.01105,1.9182,1.59862,2.03513,2.44562,0,0.00133472,0.00133472,0.00133472
338,4190.94,1.60835,2.04084,1.55834,1.71867,0,0.31253,0.43182,0.25083,0.10895,0.21635,0.22727,0.10977,0.01539,2.00604,1.58271,2.15516,2.53413,0,0.00133274,0.00133274,0.00133274
339,4203.52,1.57469,1.90814,1.45459,1.78977,0,0.25761,0.45455,0.23801,0.10035,0.10146,0.20455,0.0489,0.00766,2.02941,1.57403,2.17891,2.53475,0,0.00133076,0.00133076,0.00133076
340,4215.87,1.51256,1.98031,1.50245,1.5745,0,0.25954,0.52273,0.25019,0.10337,0.09027,0.18182,0.04173,0.00686,2.00063,1.55407,1.94096,2.46985,0,0.00132878,0.00132878,0.00132878
341,4228.4,1.59358,2.00181,1.56006,1.72677,0,0.27182,0.38636,0.22104,0.08416,0.07126,0.13636,0.02086,0.00298,1.99592,1.57656,2.04242,2.47344,0,0.0013268,0.0013268,0.0013268
342,4240.89,1.42384,1.91271,1.40359,1.57448,0,0.30035,0.38636,0.23863,0.10126,0.0603,0.11364,0.02067,0.00283,1.972,1.58,2.00977,2.44196,0,0.00132482,0.00132482,0.00132482
343,4253.37,1.48406,1.92397,1.40926,1.62592,0,0.30993,0.5,0.26739,0.10746,0.09272,0.15909,0.03026,0.0045,2.04714,1.5814,1.98981,2.50485,0,0.00132284,0.00132284,0.00132284
344,4265.73,1.44252,1.94889,1.3486,1.63925,0,0.26403,0.34091,0.19432,0.06885,0.07195,0.06005,0.01202,0.00265,2.13096,1.57494,2.15555,2.59593,0,0.00132086,0.00132086,0.00132086
345,4278.36,1.55812,2.07942,1.53468,1.7292,0,0.21386,0.37721,0.19476,0.07918,0.14437,0.09091,0.03667,0.00575,2.05736,1.55567,2.20761,2.5737,0,0.00131888,0.00131888,0.00131888
346,4290.85,1.49665,1.80291,1.35142,1.67044,0,0.28655,0.47727,0.26402,0.11431,0.07648,0.22727,0.03816,0.00922,1.9572,1.56067,2.1404,2.51258,0,0.0013169,0.0013169,0.0013169
347,4303.3,1.46566,1.9394,1.36055,1.6294,0,0.35952,0.43182,0.30746,0.15069,0.10075,0.20455,0.05585,0.01232,1.87164,1.57741,2.0529,2.47388,0,0.00131492,0.00131492,0.00131492
348,4315.77,1.53427,2.12697,1.53066,1.64537,0,0.31978,0.36364,0.2789,0.13536,0.08484,0.25,0.04142,0.00792,1.96406,1.5728,2.03729,2.54933,0,0.00131294,0.00131294,0.00131294
349,4328.43,1.46645,2.07614,1.39296,1.62513,0,0.25695,0.40868,0.23384,0.10695,0.07786,0.18182,0.02994,0.00569,2.02916,1.65273,2.07614,2.57667,0,0.00131096,0.00131096,0.00131096
350,4340.7,1.48913,2.03069,1.34607,1.57891,0,0.36176,0.36364,0.28187,0.12993,0.13094,0.11364,0.05464,0.01205,2.01377,1.62815,2.12021,2.55641,0,0.00130898,0.00130898,0.00130898
351,4353.08,1.42727,1.87959,1.28206,1.55776,0,0.40544,0.38636,0.31974,0.15842,0.1838,0.11364,0.07057,0.01144,1.99142,1.61782,2.0021,2.48796,0,0.001307,0.001307,0.001307
352,4365.66,1.45905,1.90208,1.34684,1.64091,0,0.3447,0.36364,0.33089,0.17512,0.06367,0.22727,0.04178,0.00958,1.94415,1.60386,1.94814,2.43292,0,0.00130502,0.00130502,0.00130502
353,4378.3,1.4686,1.86596,1.44511,1.6033,0,0.35802,0.40909,0.33835,0.17599,0.24437,0.04545,0.03267,0.00954,1.88178,1.59451,1.77947,2.38584,0,0.00130304,0.00130304,0.00130304
354,4391.04,1.56905,1.96243,1.40762,1.62204,0,0.34736,0.40909,0.27405,0.14214,0.09472,0.06818,0.02987,0.00968,1.92875,1.60226,1.88249,2.4071,0,0.00130106,0.00130106,0.00130106
355,4403.59,1.48496,1.95153,1.416,1.54525,0,0.20312,0.36364,0.21831,0.11143,0.12354,0.09091,0.03717,0.00883,1.98701,1.61512,1.95809,2.48794,0,0.00129908,0.00129908,0.00129908
356,4416.25,1.49226,2.00943,1.36985,1.66082,0,0.15379,0.40909,0.18956,0.09136,0.1067,0.11364,0.04118,0.00945,1.99271,1.67419,2.12338,2.53721,0,0.0012971,0.0012971,0.0012971
357,4428.57,1.38846,1.73647,1.37477,1.53146,0,0.29558,0.34091,0.2275,0.10119,0.13194,0.13636,0.05658,0.00919,2.01438,1.67517,2.09538,2.58373,0,0.00129512,0.00129512,0.00129512
358,4441.02,1.4182,1.89971,1.26023,1.60005,0,0.29735,0.35596,0.20609,0.11046,0.09429,0.11364,0.01739,0.00253,2.08055,1.76548,2.24813,2.67101,0,0.00129314,0.00129314,0.00129314
359,4453.33,1.57387,2.04009,1.52052,1.67103,0,0.28962,0.36364,0.21858,0.10113,0.07919,0.11364,0.01579,0.00213,2.15168,1.7401,2.13466,2.73767,0,0.00129116,0.00129116,0.00129116
360,4465.92,1.52845,2.01436,1.39009,1.67264,0,0.37484,0.31818,0.24137,0.09795,0.07349,0.09091,0.01856,0.00362,2.24814,1.76626,2.08804,2.79677,0,0.00128918,0.00128918,0.00128918
361,4478.45,1.47327,1.89371,1.30183,1.65077,0,0.30768,0.34091,0.25463,0.10824,0.14247,0.09091,0.03223,0.00456,2.15835,1.70075,2.0863,2.69677,0,0.0012872,0.0012872,0.0012872
362,4490.82,1.56784,1.90292,1.39533,1.68292,0,0.30994,0.36755,0.25605,0.11772,0.11819,0.15909,0.07882,0.00883,2.07489,1.66769,2.00165,2.57332,0,0.00128522,0.00128522,0.00128522
363,4503.65,1.48977,1.96196,1.34723,1.61853,0,0.32688,0.40909,0.27436,0.13746,0.22893,0.09091,0.08138,0.01614,1.93492,1.58752,1.96594,2.44249,0,0.00128324,0.00128324,0.00128324
364,4516.2,1.54947,1.9446,1.37032,1.65448,0,0.30245,0.5,0.27736,0.12444,0.25931,0.09091,0.07242,0.01687,1.97572,1.56345,1.97699,2.47845,0,0.00128126,0.00128126,0.00128126
365,4528.65,1.50703,2.04019,1.45938,1.6164,0,0.35246,0.45455,0.32646,0.14766,0.13937,0.13636,0.06953,0.01666,1.96953,1.54614,1.87579,2.46252,0,0.00127928,0.00127928,0.00127928
366,4541.2,1.48703,1.89948,1.33588,1.63979,0,0.40789,0.3915,0.34926,0.16986,0.13416,0.22727,0.09679,0.02142,1.97318,1.56839,1.89581,2.48382,0,0.0012773,0.0012773,0.0012773
367,4553.74,1.47435,1.97856,1.32273,1.65045,0,0.36577,0.5,0.32739,0.15983,0.09366,0.11364,0.07208,0.02086,1.98039,1.57766,2.0126,2.54911,0,0.00127532,0.00127532,0.00127532
368,4566.28,1.48803,1.99664,1.34163,1.61845,0,0.31609,0.47727,0.29806,0.14093,0.09584,0.09091,0.05808,0.01471,2.00187,1.59878,2.09116,2.51904,0,0.00127334,0.00127334,0.00127334
369,4578.75,1.49081,1.97124,1.424,1.63608,0,0.36514,0.43182,0.32895,0.14504,0.1843,0.15909,0.09822,0.02396,2.02276,1.59187,2.08573,2.58471,0,0.00127136,0.00127136,0.00127136
370,4591.27,1.4338,1.98048,1.25243,1.54375,0,0.44961,0.4271,0.31967,0.13464,0.15179,0.22727,0.09486,0.02261,2.03674,1.59562,2.0584,2.57362,0,0.00126938,0.00126938,0.00126938
371,4603.7,1.54193,1.94495,1.33765,1.61174,0,0.41336,0.36843,0.30031,0.13574,0.18621,0.16654,0.11539,0.02633,1.97181,1.57224,2.03366,2.48265,0,0.0012674,0.0012674,0.0012674
372,4615.92,1.36534,1.66527,1.44119,1.46353,0,0.29194,0.36364,0.24082,0.1093,0.90714,0.06818,0.07785,0.01235,2.03656,1.66711,2.29225,2.50146,0,0.00126542,0.00126542,0.00126542
373,4628.54,1.48198,1.87143,1.50057,1.6165,0,0.22047,0.36364,0.20846,0.09388,0.07631,0.13636,0.06191,0.00687,1.9453,1.63224,2.32005,2.40274,0,0.00126344,0.00126344,0.00126344
374,4641.1,1.49463,1.90158,1.34977,1.59708,0,0.2823,0.43182,0.2409,0.10754,0.18062,0.09091,0.07935,0.01565,1.97727,1.63801,2.365,2.44499,0,0.00126146,0.00126146,0.00126146
375,4653.55,1.38759,1.86694,1.30287,1.61896,0,0.2963,0.34091,0.21661,0.09856,0.15004,0.09091,0.06737,0.01267,2.04061,1.6384,2.31952,2.52451,0,0.00125948,0.00125948,0.00125948
376,4666.07,1.44525,1.75434,1.43763,1.62106,0,0.30061,0.31818,0.24054,0.12289,0.14717,0.13636,0.08448,0.01047,2.06828,1.60228,2.35775,2.52027,0,0.0012575,0.0012575,0.0012575
377,4678.57,1.40327,1.83404,1.32486,1.59722,0,0.19688,0.40119,0.23343,0.12099,0.06541,0.11364,0.02813,0.00403,2.01726,1.59447,2.18451,2.47405,0,0.00125552,0.00125552,0.00125552
378,4691.14,1.36221,1.8498,1.28413,1.54227,0,0.2989,0.34091,0.20485,0.09061,0.08957,0.13636,0.03149,0.00425,2.03346,1.60068,2.1923,2.48561,0,0.00125354,0.00125354,0.00125354
379,4703.72,1.47468,1.94418,1.37608,1.60812,0,0.21398,0.47727,0.25749,0.12478,0.11411,0.13636,0.06247,0.00836,1.9331,1.58888,2.36691,2.44777,0,0.00125156,0.00125156,0.00125156
380,4716.2,1.48295,2.053,1.38487,1.65242,0,0.25567,0.45455,0.28953,0.13329,0.15453,0.11364,0.06535,0.00946,1.91458,1.56009,2.23644,2.43362,0,0.00124958,0.00124958,0.00124958
381,4728.78,1.38827,1.69571,1.28752,1.5936,0,0.3762,0.34091,0.32337,0.15322,0.34055,0.15909,0.10155,0.01359,1.8988,1.56964,1.97723,2.43617,0,0.0012476,0.0012476,0.0012476
382,4741.54,1.48905,1.91312,1.39096,1.63602,0,0.32923,0.43509,0.29412,0.14727,0.1575,0.13636,0.0501,0.00864,1.90617,1.5757,1.97037,2.44407,0,0.00124562,0.00124562,0.00124562
383,4753.89,1.44788,1.96336,1.24147,1.56298,0,0.27391,0.38636,0.26627,0.1298,0.06358,0.09091,0.0171,0.00391,1.96304,1.60619,2.03787,2.50798,0,0.00124364,0.00124364,0.00124364
384,4766.48,1.41593,1.84778,1.26716,1.58706,0,0.25512,0.52273,0.26818,0.13036,0.13398,0.04545,0.01415,0.00334,1.9778,1.58668,2.03046,2.49888,0,0.00124166,0.00124166,0.00124166
385,4779.2,1.35097,1.82701,1.32439,1.55772,0,0.25347,0.46306,0.24351,0.11558,0.17171,0.06818,0.02758,0.00479,1.94616,1.56601,2.03053,2.46418,0,0.00123968,0.00123968,0.00123968
386,4791.54,1.38501,1.8308,1.28296,1.44343,0,0.27086,0.38636,0.20856,0.09441,0.10565,0.13636,0.02448,0.00468,2.06829,1.60127,2.12329,2.57504,0,0.0012377,0.0012377,0.0012377
387,4804.05,1.50701,2.01757,1.31378,1.61909,0,0.23401,0.29545,0.1737,0.07752,0.10653,0.13636,0.02946,0.00582,2.16234,1.64772,2.39572,2.70572,0,0.00123572,0.00123572,0.00123572
388,4816.52,1.41629,1.92781,1.43647,1.54514,0,0.35561,0.38636,0.26135,0.10987,0.14136,0.13106,0.04101,0.00745,2.0413,1.6219,2.21825,2.56968,0,0.00123374,0.00123374,0.00123374
389,4829.05,1.45053,2.12013,1.31777,1.5812,0,0.36504,0.4312,0.32084,0.15741,0.19086,0.13636,0.07377,0.01224,1.96241,1.59697,2.02023,2.49144,0,0.00123176,0.00123176,0.00123176
390,4841.49,1.45414,1.88571,1.26802,1.61237,0,0.3301,0.36364,0.25824,0.13851,0.57525,0.09091,0.09943,0.01368,1.90469,1.59143,2.05115,2.46956,0,0.00122978,0.00122978,0.00122978
391,4853.87,1.38938,1.79909,1.20781,1.57095,0,0.26538,0.43182,0.24643,0.12899,0.11646,0.13636,0.07527,0.01102,2.01596,1.59206,2.06246,2.59607,0,0.0012278,0.0012278,0.0012278
392,4866.24,1.37827,1.84851,1.26128,1.63557,0,0.31783,0.32838,0.25856,0.11222,0.12319,0.09091,0.05795,0.01033,2.08516,1.65342,2.12276,2.61173,0,0.00122582,0.00122582,0.00122582
393,4878.82,1.43002,1.83672,1.40237,1.51364,0,0.25257,0.5,0.26728,0.13178,0.09498,0.09091,0.03177,0.00477,1.97848,1.56492,1.93082,2.51299,0,0.00122384,0.00122384,0.00122384
394,4890.93,1.44608,1.81627,1.37935,1.54804,0,0.2377,0.63636,0.26137,0.12616,0.05819,0.19662,0.01495,0.00285,1.90946,1.58255,1.97698,2.4357,0,0.00122186,0.00122186,0.00122186
395,4903.46,1.43184,1.77344,1.32157,1.60065,0,0.25224,0.63636,0.22901,0.09761,0.10126,0.06818,0.01533,0.00264,2.10642,1.58217,2.05895,2.59179,0,0.00121988,0.00121988,0.00121988
396,4915.84,1.41546,1.8954,1.41481,1.56716,0,0.25317,0.50079,0.23655,0.11046,0.12625,0.09091,0.02761,0.0038,2.10674,1.61827,2.00124,2.62886,0,0.0012179,0.0012179,0.0012179
397,4928.28,1.39031,1.76529,1.19803,1.52202,0,0.32559,0.38406,0.30012,0.12978,0.09053,0.09091,0.0207,0.00389,2.0397,1.63437,1.88111,2.57287,0,0.00121592,0.00121592,0.00121592
398,4940.76,1.41076,1.80497,1.292,1.59952,0,0.28467,0.52273,0.26972,0.12249,0.06399,0.11364,0.01541,0.00275,1.96914,1.64834,1.91591,2.52898,0,0.00121394,0.00121394,0.00121394
399,4953.36,1.42393,1.87752,1.23321,1.5593,0,0.31012,0.5,0.29593,0.14077,0.0821,0.20455,0.03034,0.00563,1.91177,1.60016,1.8521,2.47858,0,0.00121196,0.00121196,0.00121196
400,4965.99,1.35066,1.78082,1.3641,1.54859,0,0.3407,0.40909,0.30893,0.13571,0.07243,0.15909,0.02676,0.00431,1.9393,1.57159,1.91813,2.48371,0,0.00120998,0.00120998,0.00120998
401,4978.58,1.51962,1.85865,1.36077,1.6248,0,0.29587,0.5,0.28393,0.12983,0.06873,0.11364,0.02322,0.00363,1.9465,1.57308,1.90275,2.53512,0,0.001208,0.001208,0.001208
402,4991.19,1.42621,1.86914,1.32769,1.54363,0,0.27657,0.45455,0.29657,0.12902,0.1379,0.11364,0.05158,0.00658,1.92111,1.56685,1.9245,2.51649,0,0.00120602,0.00120602,0.00120602
403,5004.04,1.50608,1.93417,1.26106,1.62633,0,0.30268,0.43182,0.2809,0.12959,0.09196,0.15909,0.05365,0.00673,1.89556,1.57099,1.90657,2.52623,0,0.00120404,0.00120404,0.00120404
404,5016.61,1.49844,1.94229,1.3332,1.66223,0,0.31633,0.45455,0.33019,0.12358,0.18173,0.18182,0.07276,0.01273,1.99356,1.58681,1.91822,2.51776,0,0.00120206,0.00120206,0.00120206
405,5029.13,1.36634,1.74599,1.26057,1.523,0,0.33539,0.31818,0.24748,0.10011,0.08008,0.18182,0.04901,0.00954,2.02074,1.66469,2.06802,2.53273,0,0.00120008,0.00120008,0.00120008
406,5041.76,1.44153,1.89858,1.28665,1.64066,0,0.2488,0.36364,0.25823,0.1284,0.24874,0.06818,0.06633,0.0151,1.98808,1.65201,2.00668,2.50122,0,0.0011981,0.0011981,0.0011981
407,5054.31,1.48474,1.96069,1.29585,1.5769,0,0.34757,0.45455,0.31706,0.16359,0.20732,0.15909,0.12463,0.01464,2.00032,1.61735,1.91137,2.54896,0,0.00119612,0.00119612,0.00119612
408,5066.91,1.47764,1.86682,1.28588,1.57927,0,0.24437,0.47727,0.25346,0.1275,0.17588,0.13636,0.06962,0.0119,2.04872,1.58597,1.92832,2.64147,0,0.00119414,0.00119414,0.00119414
409,5079.48,1.44334,1.86377,1.27564,1.63713,0,0.21421,0.5,0.27578,0.12768,0.15854,0.15909,0.08514,0.01159,2.05906,1.59239,1.96624,2.66847,0,0.00119216,0.00119216,0.00119216
410,5092.05,1.33513,1.76418,1.16959,1.53574,0,0.27728,0.47727,0.29845,0.14929,0.2363,0.22727,0.14552,0.02174,1.99958,1.60003,1.88835,2.57935,0,0.00119018,0.00119018,0.00119018
411,5104.54,1.41474,1.84975,1.23336,1.59014,0,0.35175,0.43182,0.33545,0.16586,0.4001,0.13636,0.12466,0.02387,2.00422,1.61224,1.92166,2.57369,0,0.0011882,0.0011882,0.0011882
412,5116.79,1.21974,1.57006,1.15398,1.38153,0,0.37534,0.43182,0.38127,0.17272,0.24218,0.11364,0.08694,0.02613,2.00129,1.61928,1.93681,2.56615,0,0.00118622,0.00118622,0.00118622
413,5129.46,1.45219,1.77498,1.34709,1.62804,0,0.33226,0.38636,0.30458,0.11915,0.23025,0.09091,0.05749,0.02043,1.95193,1.60819,2.03826,2.50546,0,0.00118424,0.00118424,0.00118424
414,5141.98,1.3436,1.73621,1.20382,1.5348,0,0.33911,0.43148,0.30934,0.10895,0.13825,0.18182,0.05588,0.01548,1.98555,1.62461,2.05706,2.53974,0,0.00118226,0.00118226,0.00118226
415,5154.4,1.45271,2.06123,1.2816,1.57425,0,0.38688,0.40909,0.34404,0.15492,0.22113,0.13636,0.07683,0.01136,1.94581,1.62592,1.94617,2.52577,0,0.00118028,0.00118028,0.00118028
416,5166.83,1.37659,1.79395,1.21399,1.4978,0,0.32498,0.44869,0.3102,0.13624,0.10711,0.15909,0.06912,0.01374,1.95633,1.62522,1.97641,2.53732,0,0.0011783,0.0011783,0.0011783
417,5179.45,1.44261,1.87695,1.18788,1.58597,0,0.26382,0.43182,0.27469,0.11915,0.19653,0.09091,0.06432,0.01275,2.00416,1.5464,1.96338,2.65909,0,0.00117632,0.00117632,0.00117632
418,5191.86,1.43853,1.77872,1.29442,1.62446,0,0.37568,0.43182,0.32216,0.13735,0.13131,0.06818,0.05722,0.01038,2.05378,1.55997,1.93525,2.66948,0,0.00117434,0.00117434,0.00117434
419,5204.17,1.46485,1.8638,1.2854,1.61311,0,0.35697,0.43182,0.36425,0.15852,0.24412,0.13636,0.08098,0.00982,1.96497,1.58631,1.82995,2.53065,0,0.00117236,0.00117236,0.00117236
420,5216.66,1.33265,1.82032,1.22467,1.48794,0,0.41108,0.43182,0.33643,0.15219,0.29954,0.09091,0.07169,0.01673,1.97715,1.61096,1.87798,2.52054,0,0.00117038,0.00117038,0.00117038
421,5229.28,1.4077,1.87673,1.28075,1.6344,0,0.31798,0.43182,0.2659,0.11266,0.15516,0.13636,0.07123,0.01775,2.00731,1.62593,1.924,2.58866,0,0.0011684,0.0011684,0.0011684
422,5241.99,1.37865,1.87398,1.1966,1.58837,0,0.30341,0.36364,0.2504,0.09814,0.22659,0.11364,0.07752,0.01639,2.13706,1.58471,1.89138,2.76861,0,0.00116642,0.00116642,0.00116642
423,5254.69,1.41779,1.85003,1.23869,1.63524,0,0.28972,0.38636,0.23939,0.09972,0.18829,0.13636,0.07509,0.01751,2.18459,1.56069,1.97176,2.81845,0,0.00116444,0.00116444,0.00116444
424,5267.11,1.44891,1.86545,1.32486,1.5814,0,0.25516,0.38636,0.24498,0.11526,0.21271,0.19662,0.10478,0.02007,2.02121,1.59972,1.97298,2.58707,0,0.00116246,0.00116246,0.00116246
425,5279.77,1.38464,1.73794,1.25388,1.60952,0,0.31885,0.45455,0.32896,0.13595,0.16617,0.11364,0.0579,0.00935,1.98333,1.59673,1.9017,2.52557,0,0.00116048,0.00116048,0.00116048
426,5292.24,1.37937,1.74826,1.31056,1.61103,0,0.35074,0.40909,0.34288,0.14314,0.223,0.06818,0.03352,0.00435,2.01008,1.61911,1.87851,2.52809,0,0.0011585,0.0011585,0.0011585
427,5304.68,1.48467,1.80033,1.35069,1.661,0,0.38774,0.34091,0.29097,0.12765,0.23136,0.09091,0.06723,0.01076,2.03355,1.64491,1.95566,2.60261,0,0.00115652,0.00115652,0.00115652
428,5317.21,1.36072,1.79847,1.28128,1.55133,0,0.31937,0.38636,0.27759,0.12831,0.38232,0.06818,0.0601,0.00932,2.04213,1.6617,1.97436,2.60237,0,0.00115454,0.00115454,0.00115454
429,5329.72,1.36524,1.84871,1.26957,1.49272,0,0.38528,0.43182,0.32944,0.1448,0.16576,0.09091,0.05067,0.01009,2.06468,1.6287,1.94282,2.63578,0,0.00115256,0.00115256,0.00115256
430,5342.2,1.42634,1.78451,1.26654,1.60847,0,0.35166,0.43182,0.27974,0.12842,0.12596,0.13636,0.05646,0.00918,2.00241,1.62951,1.97359,2.57616,0,0.00115058,0.00115058,0.00115058
431,5354.66,1.31915,1.69269,1.15659,1.52444,0,0.30429,0.45455,0.26649,0.10151,0.10795,0.22727,0.03592,0.00515,2.06513,1.68539,2.0813,2.62955,0,0.0011486,0.0011486,0.0011486
432,5367.11,1.3528,1.74832,1.22723,1.54819,0,0.29867,0.38715,0.2951,0.11294,0.16226,0.18182,0.05314,0.00682,2.10775,1.71192,2.04739,2.6436,0,0.00114662,0.00114662,0.00114662
433,5379.82,1.40867,1.84648,1.22614,1.54965,0,0.37141,0.47727,0.35648,0.16477,0.20186,0.13636,0.07907,0.01011,2.03598,1.66992,1.92659,2.57052,0,0.00114464,0.00114464,0.00114464
434,5392.14,1.34452,1.71903,1.27108,1.49153,0,0.38466,0.5,0.37679,0.17396,0.23178,0.13636,0.11379,0.01803,1.99091,1.63765,1.81966,2.5458,0,0.00114266,0.00114266,0.00114266
435,5404.6,1.3947,1.84781,1.30593,1.57161,0,0.2618,0.38636,0.26274,0.11198,0.35771,0.09091,0.07943,0.01534,1.99893,1.62104,2.00389,2.56326,0,0.00114068,0.00114068,0.00114068
436,5416.99,1.4165,1.80723,1.33723,1.56096,0,0.29332,0.38636,0.24213,0.11009,0.34668,0.09091,0.08249,0.0211,1.92396,1.59386,2.06099,2.51229,0,0.0011387,0.0011387,0.0011387
437,5429.32,1.50049,2.08232,1.40935,1.6375,0,0.33157,0.43182,0.25571,0.12585,0.18257,0.15909,0.09648,0.02363,2.04291,1.57897,1.97239,2.68062,0,0.00113672,0.00113672,0.00113672
438,5441.7,1.38565,1.932,1.25913,1.57229,0,0.38709,0.40909,0.28272,0.12157,0.31701,0.13636,0.10823,0.02276,2.1573,1.58961,1.98309,2.82854,0,0.00113474,0.00113474,0.00113474
439,5453.99,1.35521,1.68354,1.25928,1.55364,0,0.32618,0.40909,0.28619,0.12915,0.29759,0.13636,0.10373,0.02294,2.10618,1.60853,1.9413,2.69811,0,0.00113276,0.00113276,0.00113276
440,5466.35,1.26345,1.65988,1.23307,1.50229,0,0.30122,0.52273,0.2578,0.10329,0.24518,0.15909,0.07357,0.0168,2.0202,1.59863,1.99467,2.57556,0,0.00113078,0.00113078,0.00113078
441,5478.79,1.42882,1.86347,1.27559,1.56004,0,0.27004,0.45455,0.25403,0.12184,0.25407,0.15909,0.09643,0.02061,2.00938,1.58726,2.03907,2.61581,0,0.0011288,0.0011288,0.0011288
442,5490.96,1.33167,1.84293,1.26727,1.44965,0,0.29135,0.47727,0.26811,0.12887,0.21002,0.18182,0.10407,0.02622,1.9668,1.55443,1.96831,2.59043,0,0.00112682,0.00112682,0.00112682
443,5503.54,1.39898,1.91325,1.25278,1.60565,0,0.2611,0.48997,0.29102,0.14535,0.16034,0.15909,0.10622,0.03073,1.97366,1.55189,1.99738,2.59605,0,0.00112484,0.00112484,0.00112484
444,5515.9,1.34097,1.66172,1.42359,1.47268,0,0.35295,0.40909,0.31028,0.14364,0.14366,0.15909,0.10128,0.02796,1.9729,1.56944,1.94862,2.51599,0,0.00112286,0.00112286,0.00112286
445,5528.32,1.40387,1.86296,1.27386,1.62147,0,0.37327,0.40909,0.30018,0.15038,0.5318,0.09091,0.09943,0.02694,1.99046,1.59437,1.93725,2.4992,0,0.00112088,0.00112088,0.00112088
446,5540.66,1.31855,1.73917,1.16151,1.55095,0,0.34019,0.45455,0.3228,0.15333,0.40867,0.09091,0.08928,0.0259,2.0003,1.58698,1.86116,2.56242,0,0.0011189,0.0011189,0.0011189
447,5552.98,1.31554,1.64397,1.18307,1.44941,0,0.41559,0.43182,0.33819,0.15562,0.526,0.06818,0.08093,0.02582,2.05554,1.56546,1.92024,2.65828,0,0.00111692,0.00111692,0.00111692
448,5565.37,1.36768,1.85522,1.49018,1.51296,0,0.41762,0.34091,0.35312,0.16419,0.55149,0.06818,0.0814,0.02657,2.0621,1.55017,1.96346,2.65377,0,0.00111494,0.00111494,0.00111494
449,5577.82,1.53489,1.84778,1.41364,1.6263,0,0.38314,0.40909,0.34167,0.15682,0.14841,0.13636,0.0697,0.01874,2.00666,1.56192,1.88195,2.51056,0,0.00111296,0.00111296,0.00111296
450,5590.27,1.40268,1.78856,1.30629,1.60335,0,0.49278,0.31818,0.30968,0.13906,0.23693,0.11364,0.08519,0.01534,2.04189,1.5879,1.97975,2.52907,0,0.00111098,0.00111098,0.00111098
451,5602.66,1.43195,1.76715,1.36376,1.55207,0,0.36543,0.31818,0.29021,0.12851,0.32882,0.11364,0.08243,0.01126,2.13204,1.62473,2.09662,2.64561,0,0.001109,0.001109,0.001109
452,5615.05,1.41319,1.86642,1.45362,1.56315,0,0.40894,0.34091,0.34077,0.14306,0.29174,0.11364,0.06045,0.00948,2.08148,1.6213,1.90926,2.56439,0,0.00110702,0.00110702,0.00110702
453,5627.69,1.37085,1.72498,1.26154,1.56897,0,0.3854,0.31818,0.3023,0.13146,0.31846,0.11364,0.08835,0.01251,2.01152,1.60529,1.88796,2.49269,0,0.00110504,0.00110504,0.00110504
454,5639.94,1.27791,1.68288,1.18996,1.47818,0,0.26662,0.43182,0.21519,0.09754,0.10584,0.09091,0.04906,0.01312,2.05588,1.58746,1.96906,2.57974,0,0.00110306,0.00110306,0.00110306
455,5652.38,1.36748,1.76299,1.30456,1.58176,0,0.24363,0.38636,0.2194,0.09704,0.11213,0.11364,0.05092,0.01002,2.16477,1.61746,2.12116,2.77381,0,0.00110108,0.00110108,0.00110108
456,5664.76,1.3488,1.8211,1.23483,1.49492,0,0.35484,0.47727,0.32076,0.13856,0.08964,0.15909,0.06703,0.01117,2.1352,1.68021,2.03264,2.79263,0,0.0010991,0.0010991,0.0010991
457,5677.1,1.33043,1.76501,1.11802,1.50605,0,0.35053,0.42936,0.35412,0.16317,0.3039,0.13636,0.11942,0.02239,2.15619,1.65855,1.87066,2.77356,0,0.00109712,0.00109712,0.00109712
458,5689.54,1.41917,1.81337,1.2832,1.62127,0,0.43639,0.51042,0.34065,0.16371,0.14832,0.20983,0.12323,0.02786,2.12882,1.57242,1.88884,2.71318,0,0.00109514,0.00109514,0.00109514
459,5702.04,1.36192,1.78872,1.21951,1.61644,0,0.32919,0.47727,0.31375,0.15801,0.16795,0.16059,0.09987,0.02168,2.08455,1.51404,1.81886,2.67151,0,0.00109316,0.00109316,0.00109316
460,5714.53,1.32929,1.73692,1.22049,1.51319,0,0.31988,0.5,0.3195,0.16388,0.16543,0.18182,0.10531,0.02067,2.01197,1.50729,1.87385,2.62359,0,0.00109118,0.00109118,0.00109118
461,5726.96,1.41961,1.78824,1.35578,1.6138,0,0.25933,0.43182,0.29573,0.15399,0.11129,0.27273,0.09559,0.02313,1.97222,1.53918,1.97397,2.58338,0,0.0010892,0.0010892,0.0010892
462,5739.24,1.40332,1.84451,1.26023,1.5903,0,0.26923,0.46896,0.28868,0.14195,0.21261,0.13636,0.10811,0.01959,2.02177,1.56418,1.99493,2.56074,0,0.00108722,0.00108722,0.00108722
463,5751.75,1.26577,1.71151,1.12242,1.49001,0,0.27314,0.47727,0.30013,0.13633,0.10402,0.30611,0.09112,0.02226,2.06214,1.60967,1.99878,2.58993,0,0.00108524,0.00108524,0.00108524
464,5764.42,1.38169,1.78839,1.23855,1.59959,0,0.31921,0.40909,0.31725,0.15077,0.10076,0.22727,0.09022,0.02406,2.07236,1.60564,1.94888,2.59809,0,0.00108326,0.00108326,0.00108326
465,5776.92,1.34889,1.80874,1.41968,1.49136,0,0.32634,0.54545,0.35794,0.17877,0.09612,0.27273,0.09615,0.02848,2.02108,1.6103,1.83462,2.5458,0,0.00108128,0.00108128,0.00108128
466,5789.52,1.4405,1.95997,1.30133,1.54327,0,0.44868,0.38846,0.36705,0.18104,0.08605,0.25,0.08111,0.02497,2.00999,1.6094,1.85332,2.54621,0,0.0010793,0.0010793,0.0010793
467,5802.09,1.39419,1.85246,1.26004,1.5791,0,0.3616,0.43182,0.30345,0.16229,0.08315,0.13636,0.06511,0.01647,2.00822,1.58656,1.88109,2.55683,0,0.00107732,0.00107732,0.00107732
468,5814.72,1.34562,1.7799,1.20561,1.52004,0,0.52476,0.34091,0.36117,0.1857,0.11603,0.13636,0.0689,0.01218,1.90994,1.55822,1.89446,2.41879,0,0.00107534,0.00107534,0.00107534
469,5827.06,1.48728,1.99054,1.49234,1.61535,0,0.54108,0.38636,0.40778,0.18177,0.13001,0.20455,0.09855,0.02086,1.90771,1.56232,1.87672,2.44124,0,0.00107336,0.00107336,0.00107336
470,5839.54,1.42137,1.76306,1.32093,1.52002,0,0.31621,0.40909,0.32911,0.13944,0.11034,0.15909,0.0835,0.02184,2.10787,1.64903,1.96399,2.66242,0,0.00107138,0.00107138,0.00107138
471,5851.84,1.49213,1.94351,1.37609,1.58128,0,0.37029,0.31818,0.27221,0.10955,0.54475,0.04545,0.04911,0.0114,2.22306,1.69849,2.05114,2.76664,0,0.0010694,0.0010694,0.0010694
472,5864.31,1.39071,1.76725,1.34313,1.58198,0,0.30498,0.38636,0.23472,0.10285,0.46624,0.06818,0.07281,0.01045,2.26366,1.62413,2.04907,2.85577,0,0.00106742,0.00106742,0.00106742
473,5876.81,1.4768,1.90785,1.28998,1.60694,0,0.37839,0.40909,0.27746,0.12055,0.11216,0.10063,0.05632,0.01159,2.14042,1.56436,2.02993,2.75201,0,0.00106544,0.00106544,0.00106544
474,5889.57,1.39459,1.93386,1.22342,1.54248,0,0.37853,0.40909,0.30252,0.14613,0.17467,0.20455,0.09212,0.01385,2.06328,1.51896,1.94108,2.66862,0,0.00106346,0.00106346,0.00106346
475,5902.22,1.47512,1.90659,1.2277,1.62008,0,0.2703,0.52273,0.31092,0.13715,0.21391,0.13636,0.09614,0.01965,2.10311,1.52953,1.90203,2.66082,0,0.00106148,0.00106148,0.00106148
476,5914.86,1.3986,1.7699,1.12046,1.60568,0,0.3837,0.34091,0.28887,0.11501,0.24723,0.11364,0.0812,0.01426,2.09689,1.55362,2.04046,2.66093,0,0.0010595,0.0010595,0.0010595
477,5927.36,1.37976,1.72415,1.2284,1.62301,0,0.3683,0.40909,0.30272,0.13909,0.29596,0.09091,0.07829,0.02145,2.00214,1.58371,1.93391,2.49056,0,0.00105752,0.00105752,0.00105752
478,5939.82,1.30199,1.80515,1.17197,1.50195,0,0.33022,0.47727,0.29834,0.15262,0.2372,0.09091,0.08558,0.02021,1.94253,1.60013,1.80589,2.40518,0,0.00105554,0.00105554,0.00105554
479,5952.29,1.37409,1.72808,1.22186,1.57088,0,0.36494,0.36364,0.29379,0.15562,0.12864,0.09091,0.06801,0.01637,1.93563,1.6677,1.81754,2.46212,0,0.00105356,0.00105356,0.00105356
480,5964.99,1.40884,1.71929,1.20818,1.54436,0,0.33478,0.47727,0.29195,0.14794,0.30235,0.09091,0.07171,0.01922,1.93308,1.66899,1.80009,2.45421,0,0.00105158,0.00105158,0.00105158
481,5977.73,1.41622,1.78438,1.25355,1.65039,0,0.27447,0.47727,0.27562,0.12592,0.28165,0.11364,0.0805,0.0238,2.043,1.65428,1.94607,2.48262,0,0.0010496,0.0010496,0.0010496
482,5990.43,1.3899,1.79657,1.22112,1.55343,0,0.25192,0.53582,0.2484,0.113,0.409,0.09091,0.07381,0.01933,1.98323,1.63074,2.01629,2.44009,0,0.00104762,0.00104762,0.00104762
483,6003.06,1.38969,1.83472,1.25148,1.62181,0,0.34673,0.27273,0.24633,0.12665,0.24968,0.13636,0.09099,0.01894,1.9812,1.55047,1.95314,2.4389,0,0.00104564,0.00104564,0.00104564
484,6015.59,1.48215,1.88212,1.32148,1.5675,0,0.30939,0.36364,0.26587,0.1288,0.10912,0.11364,0.07151,0.01888,1.97752,1.57422,1.98711,2.45083,0,0.00104366,0.00104366,0.00104366
485,6028.31,1.44497,1.90413,1.18779,1.57707,0,0.31656,0.38636,0.27075,0.11984,0.09411,0.11364,0.06232,0.01729,1.99615,1.59993,2.13491,2.48228,0,0.00104168,0.00104168,0.00104168
486,6040.98,1.45838,1.85827,1.24913,1.56334,0,0.3043,0.45455,0.27042,0.10783,0.08277,0.15909,0.0438,0.01229,2.0333,1.63003,2.13916,2.51455,0,0.0010397,0.0010397,0.0010397
487,6053.42,1.34168,1.71577,1.23662,1.48186,0,0.36221,0.54545,0.35451,0.15164,0.29966,0.09091,0.07495,0.02137,1.95178,1.62445,2.00547,2.48224,0,0.00103772,0.00103772,0.00103772
488,6065.71,1.3249,1.75402,1.20424,1.50003,0,0.45373,0.40909,0.38087,0.17709,0.12949,0.25,0.09845,0.03312,1.9475,1.60515,1.96612,2.49695,0,0.00103574,0.00103574,0.00103574
489,6078.09,1.20741,1.56294,1.08197,1.38895,0,0.31061,0.40909,0.30925,0.13921,0.81876,0.06818,0.08714,0.03143,2.02154,1.61304,2.06832,2.55332,0,0.00103376,0.00103376,0.00103376
490,6090.54,1.39716,1.92185,1.29891,1.57273,0,0.2705,0.27273,0.20771,0.09755,0.10084,0.15909,0.06073,0.01842,2.09413,1.64188,2.20078,2.55741,0,0.00103178,0.00103178,0.00103178
491,6103.19,1.33231,1.82735,1.20371,1.44487,0,0.35511,0.27273,0.24825,0.12099,0.17938,0.13636,0.09219,0.0231,2.09017,1.64905,2.13097,2.5803,0,0.0010298,0.0010298,0.0010298
492,6115.63,1.36705,1.83602,1.31607,1.49715,0,0.41736,0.38636,0.31934,0.15529,0.17185,0.15909,0.10299,0.02801,2.00791,1.64206,2.02502,2.49542,0,0.00102782,0.00102782,0.00102782
493,6128.3,1.27514,1.72511,1.2148,1.50414,0,0.50254,0.31818,0.33607,0.15145,0.1846,0.11364,0.09518,0.0206,2.12288,1.67749,1.93448,2.60698,0,0.00102584,0.00102584,0.00102584
494,6140.95,1.40905,1.83418,1.25824,1.55532,0,0.57497,0.34091,0.37724,0.17781,0.23985,0.09091,0.08861,0.0172,2.12104,1.66298,1.90757,2.61717,0,0.00102386,0.00102386,0.00102386
495,6153.46,1.32051,1.81312,1.21191,1.50333,0,0.64938,0.36364,0.42299,0.19599,0.84923,0.06818,0.08501,0.02246,2.07933,1.61105,1.82437,2.56522,0,0.00102188,0.00102188,0.00102188
496,6166.19,1.31335,1.65867,1.26121,1.49227,0,0.55661,0.36364,0.38398,0.18883,0.19007,0.13636,0.11155,0.02961,2.0333,1.60013,1.83157,2.51931,0,0.0010199,0.0010199,0.0010199
497,6178.52,1.29027,1.70953,1.13326,1.47046,0,0.31631,0.38636,0.30599,0.15146,0.13753,0.13636,0.09534,0.03176,2.00574,1.58933,2.009,2.50144,0,0.00101792,0.00101792,0.00101792
498,6191.04,1.32607,1.78533,1.16979,1.49567,0,0.24962,0.47727,0.27353,0.13601,0.85868,0.06818,0.09082,0.03187,1.997,1.60764,2.05194,2.52116,0,0.00101594,0.00101594,0.00101594
499,6204,1.39894,1.90991,1.22845,1.53925,0,0.39053,0.21866,0.26846,0.12009,0.88169,0.06818,0.07694,0.02271,2.04023,1.63503,2.11929,2.53102,0,0.00101396,0.00101396,0.00101396
500,6216.37,1.27017,1.69113,1.12508,1.50044,0,0.25122,0.31818,0.22625,0.10308,0.47811,0.06818,0.07058,0.0175,2.10975,1.60494,2.14175,2.58476,0,0.00101198,0.00101198,0.00101198
501,6228.91,1.26954,1.71299,1.11629,1.47691,0,0.27543,0.36364,0.20705,0.10009,0.14032,0.15909,0.08799,0.01741,2.13175,1.5959,2.12794,2.60642,0,0.00101,0.00101,0.00101
502,6241.41,1.25722,1.64816,1.12069,1.45237,0,0.23013,0.47727,0.20728,0.09133,0.1186,0.13636,0.09116,0.01772,2.15554,1.58922,2.26321,2.64386,0,0.00100802,0.00100802,0.00100802
503,6253.95,1.4319,1.87492,1.27479,1.57206,0,0.26803,0.38636,0.22232,0.1009,0.11942,0.13636,0.07066,0.01945,2.14805,1.57603,2.18498,2.66566,0,0.00100604,0.00100604,0.00100604
504,6266.33,1.21513,1.61076,1.013,1.41412,0,0.43033,0.38636,0.33448,0.16192,0.12674,0.25,0.11351,0.02858,1.9908,1.58025,1.78577,2.52347,0,0.00100406,0.00100406,0.00100406
505,6278.84,1.33926,1.682,1.11798,1.52114,0,0.41231,0.45455,0.3824,0.19066,0.17122,0.18182,0.13143,0.02495,1.89555,1.57006,1.69196,2.46941,0,0.00100208,0.00100208,0.00100208
506,6291.02,1.21998,1.66486,1.13371,1.36661,0,0.36851,0.45455,0.37363,0.19085,0.31084,0.11364,0.11879,0.02682,1.85488,1.5623,1.67746,2.43372,0,0.0010001,0.0010001,0.0010001
507,6303.58,1.31344,1.63528,1.12303,1.49516,0,0.30499,0.45455,0.26598,0.12519,0.26289,0.09091,0.07331,0.02137,2.04314,1.55924,1.95614,2.54654,0,0.00099812,0.00099812,0.00099812
508,6315.97,1.29383,1.68464,1.0862,1.42983,0,0.34225,0.43182,0.25418,0.12141,0.23842,0.11364,0.07871,0.0224,2.09697,1.57838,1.95147,2.63274,0,0.00099614,0.00099614,0.00099614
509,6328.31,1.23362,1.6172,1.14499,1.43375,0,0.34091,0.52273,0.28632,0.13691,0.32485,0.11364,0.1042,0.022,2.08672,1.61849,1.93174,2.65889,0,0.00099416,0.00099416,0.00099416
510,6340.8,1.29692,1.75369,1.18376,1.48253,0,0.34913,0.45455,0.27999,0.14386,0.19599,0.18182,0.10427,0.02026,2.02122,1.63738,1.89288,2.60143,0,0.00099218,0.00099218,0.00099218
511,6353.32,1.42069,1.86603,1.23958,1.62946,0,0.39802,0.42088,0.30161,0.15506,0.15726,0.15909,0.09338,0.02536,1.98889,1.61865,1.89045,2.58265,0,0.0009902,0.0009902,0.0009902
512,6365.98,1.38323,1.85301,1.24084,1.55625,0,0.41729,0.40909,0.30618,0.13917,0.16067,0.13636,0.08635,0.02452,1.99611,1.59457,1.91164,2.57316,0,0.00098822,0.00098822,0.00098822
513,6378.47,1.35288,1.75979,1.20187,1.49394,0,0.30844,0.40909,0.26734,0.12361,0.2251,0.13636,0.07096,0.01882,2.08303,1.58126,1.95667,2.64906,0,0.00098624,0.00098624,0.00098624
514,6390.91,1.32819,1.75956,1.13668,1.54817,0,0.28995,0.45455,0.26173,0.12072,0.16694,0.13636,0.07241,0.0189,2.03662,1.59894,1.97992,2.60336,0,0.00098426,0.00098426,0.00098426
515,6403.33,1.31393,1.663,1.14602,1.52103,0,0.36119,0.40909,0.29569,0.14986,0.17009,0.15909,0.08664,0.02543,1.93412,1.59594,1.91447,2.51297,0,0.00098228,0.00098228,0.00098228
516,6416.01,1.34585,1.83416,1.38367,1.49141,0,0.35333,0.42231,0.33315,0.15499,0.20143,0.22727,0.13145,0.03554,1.91984,1.63584,1.82187,2.49936,0,0.0009803,0.0009803,0.0009803
517,6428.37,1.41656,1.82601,1.25406,1.60605,0,0.25671,0.56518,0.29812,0.13968,0.4386,0.11364,0.12416,0.03345,1.97571,1.64837,1.88331,2.56163,0,0.00097832,0.00097832,0.00097832
518,6440.89,1.41382,1.82628,1.41387,1.55049,0,0.27723,0.45331,0.27529,0.13832,0.17452,0.13636,0.08664,0.02332,1.97077,1.63531,1.81901,2.60729,0,0.00097634,0.00097634,0.00097634
519,6453.32,1.38258,1.78227,1.18346,1.56066,0,0.29766,0.52273,0.32115,0.1627,0.14665,0.22727,0.11006,0.02857,1.89637,1.60265,1.72074,2.49748,0,0.00097436,0.00097436,0.00097436
520,6465.98,1.39804,1.76692,1.19754,1.55924,0,0.46142,0.43182,0.33762,0.17114,0.251,0.15909,0.09769,0.02153,1.91537,1.56109,1.74951,2.46817,0,0.00097238,0.00097238,0.00097238
521,6478.47,1.40023,1.74051,1.27622,1.57526,0,0.4326,0.39867,0.32381,0.15824,0.16038,0.13636,0.08414,0.02149,1.92737,1.58321,1.88815,2.4667,0,0.0009704,0.0009704,0.0009704
522,6491.06,1.38263,1.87382,1.21732,1.51505,0,0.38586,0.45455,0.30415,0.14919,0.17518,0.18182,0.09576,0.02164,1.93302,1.6051,2.00391,2.4753,0,0.00096842,0.00096842,0.00096842
523,6503.59,1.38408,1.76244,1.253,1.64347,0,0.36045,0.45455,0.3442,0.17603,0.18791,0.20455,0.13773,0.03426,1.99336,1.63695,1.85425,2.51059,0,0.00096644,0.00096644,0.00096644
524,6516.2,1.37585,1.76939,1.20411,1.60157,0,0.35274,0.47727,0.37184,0.17919,0.22107,0.18182,0.13012,0.02703,2.03572,1.64896,1.7887,2.535,0,0.00096446,0.00096446,0.00096446
525,6528.97,1.2938,1.75154,1.1505,1.49326,0,0.43192,0.43182,0.35535,0.1735,0.10686,0.11364,0.06143,0.02207,2.06059,1.60516,1.9114,2.58705,0,0.00096248,0.00096248,0.00096248
526,6541.45,1.30323,1.74642,1.35761,1.50037,0,0.49156,0.36364,0.34461,0.16909,0.12879,0.18182,0.07418,0.02721,2.02832,1.64348,1.96039,2.59386,0,0.0009605,0.0009605,0.0009605
527,6554.04,1.24499,1.64431,1.10572,1.4101,0,0.39992,0.45455,0.38486,0.19524,0.15997,0.18182,0.13073,0.03405,1.94798,1.59135,1.85662,2.48901,0,0.00095852,0.00095852,0.00095852
528,6566.92,1.27408,1.6803,1.07731,1.48354,0,0.48366,0.45455,0.41276,0.21196,0.25779,0.22727,0.15036,0.03409,1.9464,1.58798,1.73974,2.44622,0,0.00095654,0.00095654,0.00095654
529,6579.68,1.30857,1.7736,1.17642,1.485,0,0.44278,0.46967,0.41769,0.20507,0.2631,0.19492,0.14771,0.02533,1.92841,1.59594,1.83889,2.47553,0,0.00095456,0.00095456,0.00095456
530,6592.51,1.24937,1.64245,1.19728,1.45995,0,0.48412,0.46935,0.41854,0.20633,0.17979,0.18182,0.12423,0.02354,1.92251,1.57131,1.80699,2.48485,0,0.00095258,0.00095258,0.00095258
531,6604.93,1.26954,1.63915,1.18899,1.43015,0,0.52563,0.45455,0.39679,0.17916,0.19246,0.18182,0.12375,0.03529,1.94784,1.55774,1.82399,2.51432,0,0.0009506,0.0009506,0.0009506
532,6617.59,1.40933,1.8451,1.20053,1.57029,0,0.35548,0.38636,0.30682,0.1446,0.13112,0.13636,0.07475,0.02591,1.99368,1.56309,1.98788,2.56326,0,0.00094862,0.00094862,0.00094862
533,6630.08,1.38788,1.80256,1.25564,1.46437,0,0.42385,0.40909,0.30766,0.13837,0.13065,0.13636,0.06645,0.02309,2.01745,1.58585,2.13109,2.60684,0,0.00094664,0.00094664,0.00094664
534,6642.53,1.41139,1.79011,1.33966,1.55587,0,0.3882,0.38636,0.29504,0.16267,0.14002,0.13636,0.08233,0.01661,1.95927,1.5854,2.1006,2.53262,0,0.00094466,0.00094466,0.00094466
535,6655.22,1.3157,1.86278,1.07719,1.51166,0,0.49236,0.33084,0.31446,0.17095,0.18929,0.13636,0.07223,0.02062,1.99956,1.5636,1.98043,2.55113,0,0.00094268,0.00094268,0.00094268
536,6667.69,1.3275,1.7421,1.13894,1.52098,0,0.46453,0.39447,0.37283,0.18064,0.24842,0.18182,0.15827,0.03145,1.9812,1.55793,1.84836,2.5473,0,0.0009407,0.0009407,0.0009407
537,6680.29,1.31102,1.68087,1.10095,1.49175,0,0.36758,0.35677,0.30755,0.166,0.18724,0.15909,0.14424,0.02838,2.03633,1.58582,1.94777,2.60888,0,0.00093872,0.00093872,0.00093872
538,6692.9,1.37543,1.84444,1.15093,1.53595,0,0.28089,0.47727,0.28001,0.14141,0.30427,0.06818,0.06265,0.02055,2.05257,1.61109,2.01646,2.58915,0,0.00093674,0.00093674,0.00093674
539,6705.55,1.37811,1.89117,1.32039,1.58363,0,0.34118,0.49439,0.31581,0.16347,0.13782,0.189,0.08889,0.02075,2.02994,1.63812,1.89535,2.62428,0,0.00093476,0.00093476,0.00093476
540,6718.26,1.33367,1.74064,1.12716,1.51173,0,0.36856,0.51743,0.33802,0.16355,0.13485,0.22727,0.09161,0.02223,1.97695,1.65352,1.91978,2.53805,0,0.00093278,0.00093278,0.00093278
541,6730.79,1.32145,1.79195,1.07102,1.42115,0,0.34454,0.47727,0.31956,0.1532,0.20962,0.25,0.10728,0.02848,1.97894,1.5896,1.85746,2.48596,0,0.0009308,0.0009308,0.0009308
542,6743.05,1.35699,1.70144,1.16323,1.48083,0,0.32134,0.43182,0.28697,0.14252,0.1914,0.22727,0.08542,0.02799,1.99767,1.56239,1.92892,2.50268,0,0.00092882,0.00092882,0.00092882
543,6755.58,1.24913,1.70535,1.0839,1.47489,0,0.31661,0.43182,0.26159,0.12575,0.16731,0.22727,0.07953,0.02056,2.06643,1.59876,2.08499,2.54423,0,0.00092684,0.00092684,0.00092684
544,6768.2,1.34414,1.87235,1.15297,1.51447,0,0.3841,0.2977,0.25588,0.12445,0.10697,0.15909,0.05741,0.01498,2.14549,1.67668,2.1457,2.65377,0,0.00092486,0.00092486,0.00092486
545,6780.95,1.34725,1.78679,1.20197,1.46775,0,0.36599,0.43182,0.32295,0.14877,0.14246,0.11364,0.06385,0.01235,2.11977,1.71647,2.01397,2.65044,0,0.00092288,0.00092288,0.00092288
546,6794.02,1.3203,1.7275,1.15944,1.57995,0,0.4295,0.45455,0.37137,0.18575,0.19495,0.13636,0.09071,0.0199,2.09891,1.69161,1.90728,2.64267,0,0.0009209,0.0009209,0.0009209
547,6806.5,1.37773,1.80827,1.19964,1.55853,0,0.40086,0.52273,0.4108,0.19864,0.12584,0.18182,0.0842,0.0214,2.03525,1.62961,1.802,2.59941,0,0.00091892,0.00091892,0.00091892
548,6818.8,1.3092,1.73179,1.14897,1.46099,0,0.38722,0.59091,0.33977,0.16522,0.30066,0.11364,0.08695,0.02588,2.07204,1.59947,1.88754,2.62703,0,0.00091694,0.00091694,0.00091694
549,6831.44,1.31433,1.75637,1.15143,1.52325,0,0.36101,0.56818,0.33201,0.1606,0.10605,0.13636,0.07836,0.02586,2.06347,1.5843,1.84701,2.61252,0,0.00091496,0.00091496,0.00091496
550,6844.02,1.36727,1.68811,1.19577,1.61052,0,0.34403,0.54545,0.38795,0.18748,0.27956,0.13636,0.13077,0.03477,1.96227,1.59978,1.75291,2.51072,0,0.00091298,0.00091298,0.00091298
551,6856.32,1.22082,1.63059,1.0573,1.39302,0,0.43127,0.46544,0.40148,0.20201,0.46302,0.11364,0.13081,0.03311,1.91957,1.59043,1.75027,2.4663,0,0.000911,0.000911,0.000911
552,6868.95,1.29793,1.70174,1.10659,1.50229,0,0.46184,0.45455,0.38304,0.18876,0.30749,0.13636,0.14707,0.02909,1.92203,1.58338,1.75301,2.5018,0,0.00090902,0.00090902,0.00090902
553,6881.46,1.32427,1.72266,1.12671,1.53309,0,0.46342,0.40909,0.35167,0.16743,0.32138,0.11364,0.09498,0.0239,1.93925,1.6009,1.78239,2.51989,0,0.00090704,0.00090704,0.00090704
554,6893.91,1.28578,1.79965,1.13186,1.48347,0,0.38052,0.40909,0.32299,0.17319,0.18471,0.09091,0.05344,0.01789,1.93116,1.60667,1.81798,2.481,0,0.00090506,0.00090506,0.00090506
555,6906.13,1.19962,1.74715,1.15657,1.43129,0,0.36847,0.36364,0.33225,0.17983,0.14451,0.09091,0.05513,0.01961,1.8852,1.64391,1.73841,2.45494,0,0.00090308,0.00090308,0.00090308
556,6918.55,1.43195,1.78984,1.19293,1.60593,0,0.41279,0.47727,0.39954,0.20787,0.12612,0.15909,0.06782,0.0209,1.90375,1.68222,1.67097,2.48753,0,0.0009011,0.0009011,0.0009011
557,6931.11,1.33275,1.79537,1.22689,1.53442,0,0.41753,0.48886,0.4338,0.21218,0.50225,0.09091,0.09442,0.0214,1.96557,1.63186,1.62799,2.5317,0,0.00089912,0.00089912,0.00089912
558,6943.48,1.33337,1.72109,1.22284,1.53858,0,0.49355,0.40909,0.42532,0.21907,0.15798,0.18182,0.11211,0.0247,1.91477,1.59189,1.6904,2.49991,0,0.00089714,0.00089714,0.00089714
559,6955.99,1.32802,1.78255,1.16591,1.51716,0,0.48972,0.40909,0.37803,0.19958,0.16227,0.13636,0.089,0.0242,1.89477,1.56829,1.86598,2.48095,0,0.00089516,0.00089516,0.00089516
560,6968.43,1.36226,1.77973,1.1501,1.61569,0,0.46504,0.36364,0.37268,0.18858,0.1616,0.13636,0.08252,0.0202,1.84984,1.56923,1.89243,2.43902,0,0.00089318,0.00089318,0.00089318
561,6980.83,1.28113,1.7739,1.1067,1.44169,0,0.44718,0.38636,0.36551,0.18708,0.12426,0.11364,0.08605,0.02255,1.85464,1.57657,1.75816,2.42678,0,0.0008912,0.0008912,0.0008912
562,6993.2,1.26609,1.58805,1.05071,1.46958,0,0.49662,0.43182,0.36197,0.1863,0.22379,0.09091,0.08962,0.02414,1.9323,1.58531,1.86146,2.5391,0,0.00088922,0.00088922,0.00088922
563,7005.53,1.35606,1.70645,1.19165,1.55778,0,0.50333,0.43772,0.36925,0.16721,0.18841,0.13636,0.07784,0.0204,2.05576,1.59134,1.92559,2.71658,0,0.00088724,0.00088724,0.00088724
564,7017.95,1.30613,1.6713,1.10485,1.51295,0,0.52305,0.44874,0.35783,0.1661,0.18516,0.15909,0.09667,0.02723,1.96672,1.54461,1.93763,2.53928,0,0.00088526,0.00088526,0.00088526
565,7030.28,1.21088,1.61795,1.04404,1.45142,0,0.40508,0.5,0.38467,0.18846,0.20044,0.22727,0.10868,0.02505,1.96334,1.57023,1.80272,2.52206,0,0.00088328,0.00088328,0.00088328
566,7042.84,1.22864,1.66296,1.10894,1.43949,0,0.45709,0.45455,0.37319,0.18116,0.21852,0.18182,0.11493,0.0252,1.97463,1.58029,1.85558,2.53593,0,0.0008813,0.0008813,0.0008813
567,7055.18,1.22519,1.67828,1.13212,1.47986,0,0.43699,0.40909,0.34245,0.16557,0.21217,0.09091,0.09759,0.02418,2.01204,1.57239,1.87549,2.56808,0,0.00087932,0.00087932,0.00087932
568,7067.62,1.29814,1.75713,1.17007,1.45114,0,0.39888,0.43182,0.31834,0.16092,0.14243,0.18182,0.0679,0.02229,2.12294,1.59589,1.91883,2.70475,0,0.00087734,0.00087734,0.00087734
569,7080.24,1.32372,1.77797,1.12842,1.5544,0,0.41554,0.38636,0.30555,0.15026,0.1954,0.18182,0.07999,0.02169,2.07848,1.58538,1.91574,2.63466,0,0.00087536,0.00087536,0.00087536
570,7092.52,1.29471,1.7563,1.15863,1.48127,0,0.45631,0.41978,0.33526,0.17263,0.24574,0.22727,0.10286,0.02523,1.95163,1.55218,1.84811,2.50489,0,0.00087338,0.00087338,0.00087338
571,7105.11,1.31795,1.65101,1.18739,1.52343,0,0.42012,0.40909,0.33136,0.17557,0.22747,0.20455,0.13692,0.03155,1.96086,1.53394,1.78792,2.46397,0,0.0008714,0.0008714,0.0008714
572,7117.42,1.33434,1.83898,1.24226,1.4849,0,0.36299,0.45455,0.33416,0.15717,0.19672,0.25,0.09794,0.02558,2.00041,1.5282,1.81654,2.48441,0,0.00086942,0.00086942,0.00086942
573,7129.81,1.29773,1.70396,1.18132,1.50466,0,0.42916,0.43182,0.37784,0.17162,0.17938,0.15909,0.08293,0.02738,2.02598,1.54631,1.8037,2.54823,0,0.00086744,0.00086744,0.00086744
574,7142.32,1.43137,1.91258,1.31208,1.63076,0,0.45462,0.47369,0.45885,0.2109,0.15224,0.13636,0.07367,0.02403,1.95655,1.55807,1.82714,2.51935,0,0.00086546,0.00086546,0.00086546
575,7154.98,1.22603,1.62239,1.0026,1.43831,0,0.47737,0.45455,0.44595,0.19644,0.1571,0.13636,0.06305,0.02191,1.99537,1.56898,1.853,2.52633,0,0.00086348,0.00086348,0.00086348
576,7167.29,1.20892,1.63378,1.17547,1.43527,0,0.47617,0.43182,0.41419,0.19041,0.18309,0.18182,0.1015,0.02696,2.0472,1.57689,1.88089,2.5573,0,0.0008615,0.0008615,0.0008615
577,7179.67,1.24549,1.64828,1.1321,1.44264,0,0.36423,0.5,0.3482,0.17193,0.19934,0.13636,0.07559,0.02151,2.01235,1.61446,1.91638,2.57994,0,0.00085952,0.00085952,0.00085952
578,7192.28,1.28244,1.58571,1.03245,1.46877,0,0.37385,0.47727,0.35678,0.17579,0.1918,0.1188,0.09416,0.01964,1.97997,1.59849,1.84266,2.59074,0,0.00085754,0.00085754,0.00085754
579,7204.86,1.33076,1.74659,1.12034,1.50513,0,0.37758,0.47727,0.35503,0.17532,0.11833,0.16479,0.06202,0.00963,1.9649,1.61748,1.90647,2.59935,0,0.00085556,0.00085556,0.00085556
580,7217.25,1.32726,1.68379,1.10864,1.54887,0,0.43551,0.43182,0.37625,0.18706,0.17093,0.15909,0.08695,0.019,1.96762,1.65825,1.85594,2.57144,0,0.00085358,0.00085358,0.00085358
581,7229.72,1.259,1.71814,1.1316,1.47986,0,0.46954,0.40247,0.34416,0.16698,0.19297,0.16311,0.09446,0.02464,1.97791,1.68615,1.79633,2.55683,0,0.0008516,0.0008516,0.0008516
582,7242.16,1.28495,1.71021,1.10657,1.42919,0,0.35098,0.46714,0.33616,0.18258,0.225,0.13636,0.10474,0.02653,1.98151,1.6921,1.78235,2.56401,0,0.00084962,0.00084962,0.00084962
583,7254.42,1.28907,1.61118,1.13034,1.43861,0,0.30894,0.61364,0.34695,0.18953,0.26673,0.15909,0.10447,0.02809,1.93851,1.67019,1.77193,2.50881,0,0.00084764,0.00084764,0.00084764
584,7266.73,1.36829,1.81842,1.23435,1.47475,0,0.31362,0.61364,0.39717,0.19822,0.33224,0.20455,0.14419,0.03343,1.89396,1.58939,1.70555,2.4541,0,0.00084566,0.00084566,0.00084566
585,7279.21,1.29809,1.71478,1.07543,1.50442,0,0.3792,0.44435,0.3783,0.19371,0.33764,0.18182,0.15763,0.02742,1.94428,1.5504,1.71218,2.49236,0,0.00084368,0.00084368,0.00084368
586,7291.64,1.22685,1.68707,1.06405,1.40599,0,0.33978,0.53811,0.37179,0.1857,0.30798,0.18182,0.15992,0.03187,2.02826,1.52021,1.8125,2.57683,0,0.0008417,0.0008417,0.0008417
587,7304.29,1.29319,1.76442,1.10954,1.44518,0,0.33216,0.43182,0.31897,0.15561,0.64026,0.13636,0.13836,0.03239,2.02206,1.54307,1.80632,2.62301,0,0.00083972,0.00083972,0.00083972
588,7316.97,1.36519,1.83494,1.12159,1.5964,0,0.36804,0.52273,0.35041,0.1579,0.48721,0.13636,0.14952,0.03557,2.03522,1.55914,1.88754,2.62026,0,0.00083774,0.00083774,0.00083774
589,7329.72,1.24857,1.63338,1.04021,1.46825,0,0.27328,0.40909,0.2799,0.14661,0.70217,0.09091,0.10949,0.03328,1.97719,1.55679,2.01704,2.54641,0,0.00083576,0.00083576,0.00083576
590,7341.64,1.09503,1.42409,1.05145,1.32135,0,0.31463,0.43182,0.29907,0.15425,0.69097,0.09091,0.10947,0.03575,2.00229,1.55865,1.97978,2.57948,0,0.00083378,0.00083378,0.00083378
591,7353.56,1.27885,1.62376,1.0908,1.44419,0,0.34564,0.44427,0.3228,0.16765,0.69848,0.09091,0.11879,0.03941,1.98092,1.54297,1.78027,2.55469,0,0.0008318,0.0008318,0.0008318
592,7365.54,1.28205,1.70486,1.13168,1.44392,0,0.34362,0.47727,0.32593,0.1514,0.62876,0.09091,0.10412,0.03048,1.98683,1.54347,1.82231,2.55709,0,0.00082982,0.00082982,0.00082982
593,7377.31,1.30228,1.73042,1.26257,1.40769,0,0.29803,0.52273,0.31083,0.15056,0.32362,0.11364,0.11712,0.03122,1.9622,1.58163,1.97038,2.50068,0,0.00082784,0.00082784,0.00082784
594,7389.17,1.2122,1.73229,1.07824,1.42834,0,0.27523,0.56964,0.3214,0.15285,0.27788,0.11364,0.11036,0.02999,1.92994,1.57693,1.9289,2.47181,0,0.00082586,0.00082586,0.00082586
595,7401.14,1.15398,1.60636,0.98034,1.36196,0,0.2666,0.47727,0.29814,0.14993,0.10867,0.27157,0.10519,0.02879,1.91559,1.58482,1.92045,2.48751,0,0.00082388,0.00082388,0.00082388
596,7413.02,1.24825,1.57636,1.10481,1.46353,0,0.30057,0.29545,0.26169,0.1228,0.34195,0.06818,0.06081,0.01871,1.98571,1.59466,1.98735,2.59765,0,0.0008219,0.0008219,0.0008219
597,7425.15,1.22715,1.63634,1.10316,1.44712,0,0.33892,0.29545,0.25428,0.11885,0.29756,0.06818,0.06087,0.02153,2.02205,1.60368,2.04535,2.60551,0,0.00081992,0.00081992,0.00081992
598,7437.16,1.19244,1.51153,0.97241,1.42167,0,0.3155,0.43182,0.29022,0.12963,0.10304,0.11364,0.05274,0.02199,2.00362,1.60357,1.92989,2.59444,0,0.00081794,0.00081794,0.00081794
599,7449.15,1.26642,1.59806,1.05957,1.58074,0,0.36495,0.43182,0.33031,0.15657,0.17751,0.11364,0.09867,0.02482,1.96633,1.60631,1.85773,2.60133,0,0.00081596,0.00081596,0.00081596
600,7461.22,1.29701,1.74338,1.17985,1.47904,0,0.33843,0.40909,0.32059,0.15674,0.13161,0.15909,0.09423,0.02595,1.97785,1.5894,1.86448,2.59168,0,0.00081398,0.00081398,0.00081398
601,7473.19,1.3411,1.61913,1.20294,1.45249,0,0.3938,0.34091,0.30206,0.14584,0.29649,0.11364,0.09203,0.0234,2.00093,1.57296,1.83837,2.58552,0,0.000812,0.000812,0.000812
602,7484.96,1.26438,1.7029,1.06811,1.50589,0,0.47012,0.36364,0.3653,0.16994,0.30954,0.13636,0.11017,0.02852,2.02113,1.55854,1.87256,2.60044,0,0.00081002,0.00081002,0.00081002
603,7497.05,1.28898,1.64967,1.07624,1.47955,0,0.44935,0.34091,0.37758,0.18077,0.28921,0.15909,0.12676,0.03265,1.93446,1.53164,1.84871,2.50071,0,0.00080804,0.00080804,0.00080804
604,7509.06,1.31401,1.64221,1.19188,1.54377,0,0.47405,0.36884,0.34055,0.15835,0.23542,0.15909,0.10839,0.03027,1.9815,1.51255,1.87241,2.54539,0,0.00080606,0.00080606,0.00080606
605,7521.08,1.35554,1.78527,1.13336,1.54861,0,0.41916,0.45455,0.31134,0.1393,0.42004,0.11364,0.10205,0.02661,2.02253,1.50024,1.93894,2.58671,0,0.00080408,0.00080408,0.00080408
606,7533.21,1.30735,1.77455,1.13516,1.427,0,0.41725,0.45455,0.30946,0.13635,0.15888,0.1374,0.10151,0.02703,2.07238,1.50531,1.9358,2.63174,0,0.0008021,0.0008021,0.0008021
607,7545.26,1.17836,1.60506,1.13642,1.42222,0,0.45887,0.4434,0.34603,0.15507,0.17537,0.18182,0.098,0.02662,2.05121,1.53816,1.84403,2.64284,0,0.00080012,0.00080012,0.00080012
608,7557.31,1.33185,1.86229,1.1961,1.52408,0,0.45147,0.43182,0.37503,0.16641,0.17852,0.18276,0.10467,0.03,1.98749,1.55103,1.87957,2.56721,0,0.00079814,0.00079814,0.00079814
609,7569.41,1.30692,1.66638,1.1098,1.47258,0,0.45696,0.52273,0.39672,0.19233,0.18397,0.13636,0.11883,0.0362,1.95205,1.56849,1.89449,2.53185,0,0.00079616,0.00079616,0.00079616
610,7581.36,1.32967,1.69482,1.11294,1.56075,0,0.36895,0.5,0.37995,0.18785,0.33203,0.13636,0.12471,0.0364,1.97108,1.58958,1.94482,2.58677,0,0.00079418,0.00079418,0.00079418
611,7593.34,1.16046,1.61355,1.08896,1.34761,0,0.4034,0.47727,0.36748,0.17215,0.17472,0.20455,0.11994,0.03631,1.96076,1.61229,1.94986,2.5808,0,0.0007922,0.0007922,0.0007922
612,7605.41,1.28505,1.70758,1.04628,1.52869,0,0.43094,0.38636,0.37682,0.17341,0.32547,0.11364,0.09995,0.03172,1.97754,1.60936,1.84749,2.54246,0,0.00079022,0.00079022,0.00079022
613,7617.41,1.26025,1.6326,1.09089,1.53673,0,0.36847,0.40909,0.35351,0.17016,0.13633,0.18182,0.0935,0.02977,2.02679,1.62124,1.88581,2.60497,0,0.00078824,0.00078824,0.00078824
614,7629.35,1.32534,1.77369,1.16109,1.45652,0,0.35276,0.39649,0.3476,0.16762,0.12817,0.20455,0.09255,0.02955,2.05169,1.63292,1.94885,2.6694,0,0.00078626,0.00078626,0.00078626
615,7641.29,1.35887,1.69975,1.15228,1.56065,0,0.33927,0.43182,0.33074,0.16673,0.13163,0.18182,0.07916,0.02566,2.02661,1.61072,1.98701,2.60602,0,0.00078428,0.00078428,0.00078428
616,7653.5,1.30755,1.7394,1.09844,1.54717,0,0.29378,0.56818,0.33628,0.16688,0.10602,0.22727,0.07794,0.02277,1.97374,1.59101,2.04218,2.54036,0,0.0007823,0.0007823,0.0007823
617,7665.5,1.33873,1.73311,1.13,1.55344,0,0.30213,0.45455,0.31628,0.15248,0.1837,0.09091,0.06881,0.01919,1.97911,1.60567,2.10536,2.54883,0,0.00078032,0.00078032,0.00078032
618,7677.43,1.21894,1.64973,1.04576,1.36985,0,0.29801,0.47727,0.3023,0.14135,0.35237,0.06818,0.05644,0.01809,1.99441,1.62346,2.0631,2.56914,0,0.00077834,0.00077834,0.00077834
619,7689.62,1.19365,1.63309,1.0299,1.37492,0,0.36694,0.45455,0.33416,0.15593,0.32624,0.06818,0.05944,0.01921,2.02527,1.59827,1.97687,2.61093,0,0.00077636,0.00077636,0.00077636
620,7701.96,1.22965,1.69729,1.06104,1.42095,0,0.46215,0.45455,0.3597,0.16134,0.15788,0.13636,0.07297,0.02064,2.02254,1.57677,1.85358,2.61792,0,0.00077438,0.00077438,0.00077438
621,7713.73,1.22057,1.73521,1.05091,1.42073,0,0.41066,0.45455,0.35708,0.1738,0.17395,0.13636,0.07051,0.02725,2.02307,1.53079,1.82508,2.57281,0,0.0007724,0.0007724,0.0007724
622,7725.68,1.2604,1.83538,1.06822,1.40895,0,0.35549,0.52273,0.34543,0.17396,0.13949,0.20455,0.07875,0.0301,2.00806,1.52084,1.86411,2.57452,0,0.00077042,0.00077042,0.00077042
623,7737.63,1.3103,1.79081,1.10841,1.51613,0,0.54256,0.31818,0.33832,0.17433,0.25355,0.09091,0.07351,0.03316,1.93735,1.54756,1.91632,2.5362,0,0.00076844,0.00076844,0.00076844
624,7749.93,1.23244,1.56064,1.05376,1.44261,0,0.57061,0.29545,0.36068,0.18651,0.53889,0.09091,0.09873,0.03469,1.90199,1.58364,1.89182,2.4983,0,0.00076646,0.00076646,0.00076646
625,7761.8,1.18678,1.56251,1.04362,1.38825,0,0.57639,0.27852,0.35216,0.16855,0.53497,0.09091,0.10461,0.03362,1.97777,1.62308,1.96676,2.60956,0,0.00076448,0.00076448,0.00076448
626,7773.95,1.33777,1.73221,1.26034,1.54049,0,0.46357,0.25,0.28019,0.13203,0.54646,0.06818,0.07989,0.02491,1.99567,1.59147,2.05538,2.60935,0,0.0007625,0.0007625,0.0007625
627,7785.93,1.28686,1.68294,1.11702,1.47675,0,0.42105,0.29545,0.30435,0.14533,0.15915,0.13636,0.08763,0.02336,1.98404,1.57888,1.97577,2.57593,0,0.00076052,0.00076052,0.00076052
628,7797.79,1.23109,1.64044,1.11274,1.42014,0,0.50163,0.40909,0.37409,0.17805,0.22903,0.11364,0.08638,0.02818,1.93001,1.58669,1.96687,2.50954,0,0.00075854,0.00075854,0.00075854
629,7809.97,1.18081,1.56623,1.09147,1.4116,0,0.4599,0.40909,0.37723,0.18715,0.17886,0.13636,0.09462,0.0287,1.89297,1.58129,1.94984,2.47657,0,0.00075656,0.00075656,0.00075656
630,7821.88,1.14916,1.5577,1.03335,1.35825,0,0.51285,0.40909,0.42379,0.19805,0.22922,0.18182,0.12124,0.03295,1.86559,1.55198,1.81772,2.43246,0,0.00075458,0.00075458,0.00075458
631,7833.74,1.16147,1.61182,1.12272,1.46715,0,0.50814,0.43182,0.42805,0.20683,0.3221,0.15909,0.14339,0.03429,1.88073,1.54718,1.7177,2.45416,0,0.0007526,0.0007526,0.0007526
632,7845.68,1.34188,1.69041,1.14042,1.49824,0,0.48469,0.43182,0.37831,0.17642,0.3381,0.15909,0.12696,0.0308,1.93124,1.54855,1.73413,2.54622,0,0.00075062,0.00075062,0.00075062
633,7857.67,1.22964,1.68265,1.02309,1.40551,0,0.47774,0.47727,0.40944,0.18685,0.2845,0.13636,0.08619,0.02642,1.9654,1.57353,1.82142,2.60582,0,0.00074864,0.00074864,0.00074864
634,7869.66,1.2052,1.69898,0.99786,1.38115,0,0.55665,0.38636,0.41287,0.18008,0.11725,0.18182,0.07095,0.02236,1.97324,1.56111,1.82237,2.59176,0,0.00074666,0.00074666,0.00074666
635,7881.62,1.32906,1.77045,1.12382,1.52264,0,0.40356,0.43182,0.39321,0.1738,0.13604,0.18182,0.08641,0.02376,1.97075,1.54288,1.83565,2.56799,0,0.00074468,0.00074468,0.00074468
636,7893.79,1.31865,1.72919,1.09937,1.52116,0,0.33561,0.40909,0.33752,0.15936,0.14884,0.18182,0.08304,0.0215,1.91787,1.54563,1.94029,2.51739,0,0.0007427,0.0007427,0.0007427
637,7905.73,1.29517,1.74165,1.12565,1.45678,0,0.29776,0.46264,0.29515,0.13419,0.11724,0.18182,0.07591,0.01399,1.89662,1.53139,1.9487,2.50435,0,0.00074072,0.00074072,0.00074072
638,7917.6,1.18462,1.55379,0.96062,1.37773,0,0.28902,0.52273,0.2985,0.14731,0.11654,0.18182,0.08163,0.01686,1.88773,1.51942,1.85499,2.49205,0,0.00073874,0.00073874,0.00073874
639,7929.82,1.23494,1.59987,1.05714,1.44659,0,0.35632,0.38636,0.30744,0.15528,0.13762,0.20455,0.0984,0.02576,1.93119,1.5236,1.83468,2.51436,0,0.00073676,0.00073676,0.00073676
640,7941.88,1.16341,1.56872,1.04967,1.34905,0,0.35539,0.43182,0.31929,0.16487,0.15747,0.18182,0.09957,0.02842,1.94559,1.57022,1.84274,2.52574,0,0.00073478,0.00073478,0.00073478
641,7953.76,1.19229,1.56881,1.07245,1.44519,0,0.44403,0.40909,0.35449,0.17946,0.23232,0.18182,0.10551,0.02879,1.93103,1.597,1.82647,2.52753,0,0.0007328,0.0007328,0.0007328
642,7965.79,1.17959,1.59479,0.99877,1.42068,0,0.3924,0.45455,0.38047,0.18431,0.28501,0.20455,0.13447,0.03214,1.95056,1.59758,1.81879,2.5475,0,0.00073082,0.00073082,0.00073082
643,7977.87,1.26081,1.63702,1.05353,1.46664,0,0.35519,0.47576,0.34516,0.15942,0.26776,0.18182,0.10792,0.02608,1.94423,1.60256,1.87948,2.54844,0,0.00072884,0.00072884,0.00072884
644,7989.91,1.28763,1.71864,1.09334,1.50415,0,0.34308,0.45455,0.3507,0.15468,0.27322,0.11364,0.09221,0.02585,2.01942,1.6171,1.90018,2.63386,0,0.00072686,0.00072686,0.00072686
645,8002.03,1.36251,1.67402,1.17433,1.53266,0,0.41104,0.38636,0.3771,0.15427,0.24995,0.09091,0.06259,0.02274,2.00384,1.59381,1.84476,2.59949,0,0.00072488,0.00072488,0.00072488
646,8013.98,1.30199,1.85616,1.1502,1.52719,0,0.36702,0.52273,0.44277,0.19691,0.15134,0.22727,0.11637,0.0293,1.9482,1.5415,1.7276,2.53802,0,0.0007229,0.0007229,0.0007229
647,8025.98,1.24919,1.63363,1.0675,1.53402,0,0.52744,0.48206,0.49756,0.21903,0.15911,0.22727,0.1231,0.03071,1.90944,1.53837,1.71762,2.46993,0,0.00072092,0.00072092,0.00072092
648,8037.95,1.19426,1.51925,1.0121,1.42535,0,0.54167,0.38636,0.46747,0.20827,0.17377,0.20455,0.12078,0.03321,1.8542,1.52438,1.71933,2.4078,0,0.00071894,0.00071894,0.00071894
649,8049.88,1.09299,1.53936,0.93931,1.29805,0,0.47881,0.36364,0.42348,0.20589,0.16419,0.20455,0.13092,0.03621,1.8303,1.50782,1.75456,2.38403,0,0.00071696,0.00071696,0.00071696
650,8061.79,1.23795,1.72289,1.10063,1.42474,0,0.61545,0.31818,0.42503,0.2095,0.20904,0.15909,0.13553,0.03479,1.78795,1.51996,1.74987,2.3659,0,0.00071498,0.00071498,0.00071498
651,8074.01,1.19053,1.59405,1.04817,1.41315,0,0.44565,0.43182,0.40409,0.20441,0.21545,0.20455,0.1477,0.03862,1.76668,1.52714,1.74033,2.36068,0,0.000713,0.000713,0.000713
652,8086.03,1.28587,1.78489,1.10947,1.50238,0,0.41919,0.40909,0.39963,0.19564,0.20054,0.22727,0.13749,0.03399,1.81336,1.55055,1.78954,2.43106,0,0.00071102,0.00071102,0.00071102
653,8098.01,1.2316,1.67704,1.01836,1.42022,0,0.44871,0.36364,0.39808,0.18309,0.29436,0.18182,0.12995,0.03178,1.88862,1.53507,1.7051,2.5105,0,0.00070904,0.00070904,0.00070904
654,8110,1.23246,1.61607,0.99483,1.4473,0,0.32927,0.59091,0.39059,0.18451,0.3721,0.20455,0.14324,0.03657,1.91679,1.54461,1.73821,2.53694,0,0.00070706,0.00070706,0.00070706
655,8121.76,1.2289,1.65305,0.92768,1.38122,0,0.31025,0.70455,0.38876,0.17786,0.28527,0.18182,0.13661,0.03484,1.91823,1.53699,1.81107,2.52976,0,0.00070508,0.00070508,0.00070508
656,8133.77,1.18083,1.55626,1.00551,1.39981,0,0.36413,0.43182,0.38031,0.18432,0.15558,0.38636,0.12515,0.03418,1.9048,1.5631,1.85104,2.53459,0,0.0007031,0.0007031,0.0007031
657,8146.01,1.23712,1.72974,1.01592,1.43993,0,0.31728,0.5,0.40708,0.19361,0.23938,0.15909,0.12373,0.03704,1.88344,1.58931,1.76243,2.46932,0,0.00070112,0.00070112,0.00070112
658,8157.84,1.19055,1.55318,0.95793,1.34484,0,0.33124,0.47727,0.40522,0.19734,0.25077,0.15909,0.11777,0.03921,1.86023,1.61435,1.73383,2.45014,0,0.00069914,0.00069914,0.00069914
659,8169.6,1.24659,1.61518,0.9993,1.45038,0,0.28485,0.59091,0.36559,0.18268,0.24172,0.15909,0.12146,0.03656,1.8504,1.65514,1.75711,2.46655,0,0.00069716,0.00069716,0.00069716
660,8182.17,1.25294,1.66335,1.07999,1.46514,0,0.27887,0.56818,0.33486,0.14958,0.27813,0.13636,0.07438,0.02247,1.93038,1.65906,1.89619,2.54516,0,0.00069518,0.00069518,0.00069518
661,8194.22,1.26882,1.71153,1.0543,1.494,0,0.29277,0.54545,0.30512,0.13996,0.18894,0.11364,0.06515,0.0178,1.99002,1.68181,1.92231,2.60878,0,0.0006932,0.0006932,0.0006932
662,8206.2,1.28367,1.70595,1.10498,1.44861,0,0.37047,0.45455,0.33149,0.14717,0.18198,0.11364,0.06921,0.01957,1.96159,1.6322,1.86164,2.55144,0,0.00069122,0.00069122,0.00069122
663,8217.94,1.20788,1.63758,1.08735,1.3584,0,0.3968,0.5,0.33334,0.15276,0.22958,0.13636,0.08959,0.02108,1.93518,1.60775,1.87117,2.50773,0,0.00068924,0.00068924,0.00068924
664,8229.85,1.26439,1.66615,1.14571,1.39891,0,0.39732,0.52273,0.35135,0.16628,0.15697,0.18182,0.08377,0.02659,1.88574,1.59224,1.78908,2.46219,0,0.00068726,0.00068726,0.00068726
665,8241.64,1.08441,1.52361,0.93233,1.34525,0,0.49649,0.52273,0.37253,0.182,0.19273,0.20455,0.09418,0.02946,1.87459,1.57988,1.79863,2.45077,0,0.00068528,0.00068528,0.00068528
666,8253.45,1.19774,1.56322,1.10156,1.4127,0,0.41441,0.54545,0.35655,0.17717,0.18112,0.20455,0.09591,0.02753,1.90308,1.58813,1.79644,2.47308,0,0.0006833,0.0006833,0.0006833
667,8265.18,1.25651,1.60061,1.08678,1.42836,0,0.3235,0.52273,0.35248,0.15755,0.20337,0.18182,0.08417,0.02336,1.93726,1.63907,1.86371,2.54284,0,0.00068132,0.00068132,0.00068132
668,8277.2,1.3165,1.61387,1.04631,1.45555,0,0.30758,0.56818,0.37161,0.16681,0.19932,0.18182,0.08198,0.02093,1.95502,1.65629,1.81882,2.59491,0,0.00067934,0.00067934,0.00067934
669,8289.27,1.23989,1.5732,1.1428,1.49041,0,0.30428,0.52273,0.35949,0.17619,0.15841,0.18182,0.09762,0.02808,1.93768,1.59795,1.74282,2.55627,0,0.00067736,0.00067736,0.00067736
670,8301.06,1.12435,1.53153,0.99359,1.35324,0,0.36741,0.54545,0.34101,0.17335,0.15077,0.20455,0.10153,0.02639,1.9477,1.57361,1.759,2.60559,0,0.00067538,0.00067538,0.00067538
671,8313.12,1.19625,1.68396,0.99279,1.44062,0,0.40569,0.41901,0.33349,0.16628,0.12875,0.27273,0.06277,0.0199,1.97125,1.59731,1.81793,2.63529,0,0.0006734,0.0006734,0.0006734
672,8324.95,1.24274,1.62078,1.13386,1.41061,0,0.4099,0.52273,0.34817,0.16655,0.17965,0.22727,0.06114,0.01891,1.98233,1.60066,1.9051,2.66624,0,0.00067142,0.00067142,0.00067142
673,8336.75,1.22505,1.53628,1.05245,1.42525,0,0.39944,0.47727,0.38762,0.17636,0.20923,0.25,0.09431,0.02115,1.96473,1.58913,1.93308,2.63095,0,0.00066944,0.00066944,0.00066944
674,8348.61,1.11677,1.49544,0.93183,1.35866,0,0.40258,0.5,0.4098,0.18508,0.22655,0.27273,0.14322,0.02541,1.91046,1.56885,1.85437,2.5258,0,0.00066746,0.00066746,0.00066746
675,8360.44,1.27292,1.5867,1.03137,1.49097,0,0.35863,0.52273,0.37803,0.18055,0.18569,0.27273,0.12227,0.02057,1.90612,1.54393,1.80435,2.50898,0,0.00066548,0.00066548,0.00066548
676,8372.48,1.24494,1.72574,1.01529,1.42197,0,0.31496,0.5,0.34735,0.17026,0.13101,0.20455,0.10004,0.02357,1.85887,1.53148,1.81047,2.47336,0,0.0006635,0.0006635,0.0006635
677,8384.5,1.24294,1.6491,1.08192,1.47901,0,0.35002,0.52273,0.36194,0.18567,0.10718,0.29545,0.06719,0.02046,1.84589,1.52594,1.80968,2.47429,0,0.00066152,0.00066152,0.00066152
678,8396.65,1.20724,1.67751,1.09704,1.45716,0,0.36088,0.45455,0.35462,0.17897,0.16284,0.20455,0.09999,0.02847,1.92665,1.55085,1.90371,2.5365,0,0.00065954,0.00065954,0.00065954
679,8408.49,1.18564,1.67723,0.9788,1.30063,0,0.31934,0.39461,0.33266,0.16848,0.2335,0.13636,0.10317,0.03014,1.98841,1.58754,1.94102,2.60768,0,0.00065756,0.00065756,0.00065756
680,8420.43,1.20907,1.62135,0.99653,1.44358,0,0.43885,0.40909,0.34243,0.15752,0.29479,0.15222,0.11965,0.03228,2.03745,1.61499,1.98474,2.63704,0,0.00065558,0.00065558,0.00065558
681,8432.24,1.34063,1.89785,1.148,1.47041,0,0.46364,0.40909,0.35108,0.16019,0.30419,0.13636,0.11591,0.0301,2.04384,1.60653,1.9954,2.64709,0,0.0006536,0.0006536,0.0006536
682,8444.19,1.12068,1.49799,1.01701,1.38665,0,0.45961,0.40909,0.35016,0.15958,0.27538,0.13827,0.11638,0.03061,2.02216,1.59093,1.96267,2.6282,0,0.00065162,0.00065162,0.00065162
683,8456.11,1.28582,1.6681,1.04517,1.45483,0,0.44884,0.5,0.39843,0.17385,0.25382,0.22727,0.14721,0.03583,1.9634,1.57,1.88577,2.53464,0,0.00064964,0.00064964,0.00064964
684,8468.03,1.16729,1.67366,0.99423,1.39204,0,0.4199,0.5,0.36588,0.16612,0.26127,0.18496,0.10976,0.02692,1.97936,1.56913,1.8877,2.56296,0,0.00064766,0.00064766,0.00064766
685,8479.99,1.1709,1.48756,0.97315,1.398,0,0.41151,0.47727,0.32954,0.15074,0.20069,0.20455,0.09473,0.02506,1.98556,1.54109,1.9461,2.58296,0,0.00064568,0.00064568,0.00064568
686,8491.92,1.1648,1.56487,0.97894,1.35257,0,0.44086,0.45455,0.37063,0.17149,0.21533,0.22727,0.1027,0.03236,1.96085,1.52842,1.86995,2.5831,0,0.0006437,0.0006437,0.0006437
687,8503.87,1.23752,1.67075,0.9957,1.41383,0,0.44016,0.47727,0.40649,0.19979,0.25308,0.20455,0.13306,0.03687,1.90562,1.51714,1.75937,2.52709,0,0.00064172,0.00064172,0.00064172
688,8515.89,1.24615,1.67255,0.99265,1.47832,0,0.47107,0.45455,0.43242,0.2103,0.26719,0.13636,0.10738,0.03139,1.94434,1.51646,1.74167,2.54812,0,0.00063974,0.00063974,0.00063974
689,8527.78,1.14154,1.52411,0.93004,1.39469,0,0.40197,0.56818,0.41071,0.18967,0.46228,0.20455,0.17714,0.03497,1.934,1.51121,1.77611,2.55636,0,0.00063776,0.00063776,0.00063776
690,8539.79,1.28665,1.67635,1.06416,1.46331,0,0.38771,0.54545,0.41109,0.19398,0.3195,0.13636,0.11781,0.03259,1.94864,1.53012,1.79164,2.57775,0,0.00063578,0.00063578,0.00063578
691,8551.58,1.1036,1.5221,0.97822,1.24263,0,0.39717,0.52273,0.39806,0.18366,0.23863,0.14979,0.11715,0.03335,1.91838,1.55157,1.78574,2.50061,0,0.0006338,0.0006338,0.0006338
692,8563.52,1.18248,1.62197,0.9986,1.38001,0,0.40581,0.52781,0.39661,0.189,0.16063,0.22727,0.11125,0.03069,1.88245,1.53046,1.7896,2.43443,0,0.00063182,0.00063182,0.00063182
693,8575.53,1.2512,1.65797,1.13581,1.41768,0,0.4191,0.52273,0.4156,0.18645,0.4847,0.15909,0.18559,0.0355,1.83746,1.52678,1.76914,2.38069,0,0.00062984,0.00062984,0.00062984
694,8587.72,1.24897,1.77956,1.09411,1.48854,0,0.42089,0.54545,0.42272,0.19051,0.60673,0.18182,0.21579,0.03843,1.87457,1.54237,1.77191,2.43042,0,0.00062786,0.00062786,0.00062786
695,8599.75,1.17949,1.52602,0.96794,1.43468,0,0.41962,0.54545,0.42084,0.18723,0.40784,0.18182,0.17678,0.03522,1.92243,1.53578,1.79184,2.4716,0,0.00062588,0.00062588,0.00062588
696,8611.73,1.24437,1.61216,1.00126,1.53643,0,0.38459,0.54545,0.4025,0.1813,0.41089,0.13636,0.13196,0.02882,1.93662,1.52922,1.77907,2.47885,0,0.0006239,0.0006239,0.0006239
697,8623.67,1.19588,1.57665,0.98322,1.47099,0,0.41032,0.58519,0.3698,0.17041,0.18326,0.18182,0.10479,0.02631,1.94782,1.56267,1.81096,2.5142,0,0.00062192,0.00062192,0.00062192
698,8635.69,1.15374,1.59315,0.96321,1.33797,0,0.34267,0.54545,0.32397,0.15701,0.17283,0.20455,0.10446,0.02686,1.93875,1.57036,1.82527,2.51713,0,0.00061994,0.00061994,0.00061994
699,8647.85,1.19119,1.58323,0.97735,1.40324,0,0.30501,0.5,0.36931,0.16343,0.29408,0.13636,0.11298,0.0256,1.85743,1.59763,1.76395,2.51018,0,0.00061796,0.00061796,0.00061796
700,8659.91,1.30437,1.80122,1.17014,1.49261,0,0.5469,0.30195,0.35264,0.16934,0.29055,0.15909,0.10818,0.0253,1.89869,1.59993,1.78829,2.53158,0,0.00061598,0.00061598,0.00061598
701,8671.95,1.21225,1.59999,1.11528,1.44243,0,0.43013,0.31818,0.30396,0.13703,0.16364,0.20455,0.0579,0.01795,1.91114,1.57731,1.85001,2.53707,0,0.000614,0.000614,0.000614
702,8683.84,1.20489,1.56605,0.96166,1.43061,0,0.37395,0.45455,0.33304,0.14335,0.14733,0.18182,0.06079,0.01858,1.9232,1.56856,1.84696,2.53675,0,0.00061202,0.00061202,0.00061202
703,8695.78,1.19333,1.6611,0.95403,1.39844,0,0.44945,0.45455,0.40039,0.18121,0.16851,0.22727,0.0903,0.02425,1.90578,1.51879,1.86724,2.51087,0,0.00061004,0.00061004,0.00061004
704,8707.63,1.22798,1.60775,1.02765,1.4862,0,0.4548,0.49304,0.42063,0.20268,0.21947,0.25,0.13208,0.02921,1.91382,1.51812,1.80912,2.5125,0,0.00060806,0.00060806,0.00060806
705,8719.69,1.2809,1.64966,1.07157,1.48297,0,0.47021,0.47727,0.41653,0.207,0.36315,0.15909,0.13422,0.0408,1.93446,1.54977,1.77888,2.53153,0,0.00060608,0.00060608,0.00060608
706,8731.68,1.2882,1.70831,1.02814,1.4782,0,0.49428,0.47727,0.40426,0.20219,0.31444,0.13636,0.10117,0.03877,1.94917,1.53964,1.85293,2.57198,0,0.0006041,0.0006041,0.0006041
707,8743.7,1.18686,1.65826,1.02465,1.40662,0,0.53328,0.47727,0.38927,0.19612,0.32748,0.13636,0.09178,0.03449,1.96886,1.56969,1.82743,2.60174,0,0.00060212,0.00060212,0.00060212
708,8755.56,1.20463,1.61849,1.11592,1.39889,0,0.4905,0.39398,0.39546,0.19272,0.45381,0.18182,0.13883,0.03759,1.97202,1.54819,1.83354,2.569,0,0.00060014,0.00060014,0.00060014
709,8767.58,1.18481,1.5544,1.00243,1.34712,0,0.46795,0.38636,0.39728,0.20673,0.44657,0.18182,0.15281,0.03891,1.94436,1.53352,1.85363,2.5752,0,0.00059816,0.00059816,0.00059816
710,8779.63,1.26944,1.63949,1.071,1.51901,0,0.55512,0.38636,0.38805,0.19747,0.32444,0.20455,0.15575,0.04076,1.9683,1.52477,1.85668,2.62715,0,0.00059618,0.00059618,0.00059618
711,8791.62,1.19726,1.67075,1.1118,1.45343,0,0.44892,0.38636,0.38289,0.19487,0.28446,0.18182,0.1442,0.04095,1.93499,1.53131,1.86207,2.60321,0,0.0005942,0.0005942,0.0005942
712,8803.61,1.27994,1.56943,1.01553,1.5166,0,0.41658,0.43182,0.3802,0.17713,0.22255,0.18182,0.13091,0.03637,1.96192,1.5317,1.81777,2.60334,0,0.00059222,0.00059222,0.00059222
713,8815.5,1.1956,1.60819,1.07961,1.3535,0,0.40709,0.40909,0.36952,0.18172,0.19413,0.20455,0.13143,0.03953,1.87686,1.52258,1.79644,2.52014,0,0.00059024,0.00059024,0.00059024
714,8827.4,1.22892,1.67145,1.02614,1.47033,0,0.4453,0.40909,0.37199,0.18274,0.20147,0.18182,0.11796,0.03838,1.8659,1.54319,1.76984,2.48586,0,0.00058826,0.00058826,0.00058826
715,8839.49,1.24073,1.62376,1.06804,1.43444,0,0.44714,0.47727,0.39092,0.19094,0.17616,0.18182,0.1093,0.03237,1.86914,1.57223,1.79067,2.48748,0,0.00058628,0.00058628,0.00058628
716,8851.48,1.17249,1.53999,0.9772,1.40149,0,0.43566,0.5,0.38229,0.179,0.216,0.20455,0.12885,0.03446,1.94372,1.62582,1.90051,2.58793,0,0.0005843,0.0005843,0.0005843
717,8863.57,1.20597,1.49146,1.06904,1.40923,0,0.39683,0.47727,0.39842,0.18774,0.34325,0.15909,0.13042,0.03036,2.01596,1.63403,1.8873,2.64188,0,0.00058232,0.00058232,0.00058232
718,8875.79,1.20428,1.71224,1.05029,1.39896,0,0.39383,0.5,0.40401,0.18024,0.33829,0.15909,0.12198,0.02816,2.02155,1.62557,1.85623,2.61069,0,0.00058034,0.00058034,0.00058034
719,8887.71,1.17101,1.61799,0.98537,1.35957,0,0.44896,0.40909,0.37397,0.17641,0.4181,0.18182,0.14044,0.03495,1.94185,1.60657,1.86729,2.50186,0,0.00057836,0.00057836,0.00057836
720,8899.56,1.27658,1.62714,1.11679,1.47821,0,0.45217,0.43182,0.35963,0.17438,0.37982,0.18182,0.13367,0.03318,1.90781,1.56976,1.8409,2.51351,0,0.00057638,0.00057638,0.00057638
721,8911.51,1.26781,1.63956,1.03001,1.44968,0,0.39468,0.45455,0.3507,0.16801,0.28046,0.15909,0.10504,0.0298,1.93743,1.54154,1.84857,2.54168,0,0.0005744,0.0005744,0.0005744
722,8923.42,1.20882,1.6198,1.00083,1.41068,0,0.30826,0.56818,0.32535,0.16242,0.30578,0.15909,0.10119,0.02511,1.94224,1.53597,1.86391,2.55375,0,0.00057242,0.00057242,0.00057242
723,8935.45,1.13219,1.48514,0.94511,1.35724,0,0.2957,0.5,0.33278,0.16813,0.25786,0.15909,0.10485,0.02517,1.96559,1.54192,1.84834,2.52301,0,0.00057044,0.00057044,0.00057044
724,8947.38,1.15698,1.58894,0.96628,1.39153,0,0.32466,0.51359,0.3165,0.15814,0.3138,0.15909,0.10738,0.02745,1.98531,1.59019,1.90937,2.58029,0,0.00056846,0.00056846,0.00056846
725,8959.4,1.2223,1.66938,1.02088,1.50666,0,0.34935,0.52273,0.33031,0.1619,0.36407,0.15909,0.10574,0.02712,1.98126,1.60007,1.89054,2.58405,0,0.00056648,0.00056648,0.00056648
726,8971.19,1.13243,1.53988,1.00733,1.31891,0,0.36141,0.47727,0.32454,0.16187,0.2943,0.15909,0.11364,0.02605,1.93611,1.5937,1.8292,2.52448,0,0.0005645,0.0005645,0.0005645
727,8983.45,1.25296,1.66187,1.11871,1.45759,0,0.34653,0.43182,0.29599,0.14383,0.30246,0.16775,0.10589,0.02508,1.92342,1.57572,1.83629,2.49248,0,0.00056252,0.00056252,0.00056252
728,8995.26,1.07542,1.45246,0.93894,1.3174,0,0.25217,0.47727,0.27101,0.13272,0.2053,0.15909,0.08215,0.01981,1.91072,1.55548,1.92217,2.48511,0,0.00056054,0.00056054,0.00056054
729,9007.25,1.2653,1.67549,1.0393,1.44968,0,0.27214,0.54545,0.30234,0.13827,0.15627,0.15909,0.07749,0.01803,1.92436,1.55601,1.92728,2.49333,0,0.00055856,0.00055856,0.00055856
730,9019.25,1.2029,1.62293,0.98428,1.39111,0,0.31868,0.38636,0.30884,0.1483,0.31454,0.11364,0.10174,0.02601,1.95039,1.54951,1.87799,2.51912,0,0.00055658,0.00055658,0.00055658
