epoch,time,train/box_loss,train/seg_loss,train/cls_loss,train/dfl_loss,train/sem_loss,metrics/precision(B),metrics/recall(B),metrics/mAP50(B),metrics/mAP50-95(B),metrics/precision(M),metrics/recall(M),metrics/mAP50(M),metrics/mAP50-95(M),val/box_loss,val/seg_loss,val/cls_loss,val/dfl_loss,val/sem_loss,lr/pg0,lr/pg1,lr/pg2
1,26.7647,2.66359,4.99603,3.31152,2.4823,0,0.01323,0.40909,0.01107,0.00226,0,0,0,0,3.23171,3.40659,3.37089,3.10279,0,0.000615385,0.000615385,0.000615385
2,30.6688,2.67029,5.16728,3.25999,2.48578,0,0.01358,0.47727,0.01055,0.00234,0.0003,0.02273,3e-05,0,3.20587,3.12975,3.53716,3.02018,0,0.00128078,0.00128078,0.00128078
3,34.5511,2.78923,5.03647,3.46589,2.51081,0,0.01266,0.54545,0.008,0.00185,0,0,0,0,3.13505,2.8274,3.65137,2.92181,0,0.00194486,0.00194486,0.00194486
4,38.46,2.62267,5.17772,3.35917,2.49,0,0.01241,0.02273,0.00734,0.00191,0,0,0,0,3.22478,2.72162,3.72046,2.86903,0,0.00199406,0.00199406,0.00199406
5,42.3667,2.65653,5.11929,3.4434,2.52003,0,0.05252,0.02273,0.01074,0.00278,0,0,0,0,3.21196,2.78648,3.83261,2.86574,0,0.00199208,0.00199208,0.00199208
6,46.2812,2.6491,5.076,3.25819,2.486,0,0.05252,0.02273,0.01074,0.00278,0,0,0,0,3.21196,2.78648,3.83261,2.86574,0,0.0019901,0.0019901,0.0019901
7,50.2465,3.23724,4.86648,16.3023,2.92073,0,0.00276,0.04545,0.00019,6e-05,0,0,0,0,4.82175,65.6007,117.907,44.4689,0,0.00198812,0.00198812,0.00198812
8,54.4352,3.48166,4.9683,20.6475,2.9708,0,0.0012,0.06818,0.00012,2e-05,0,0,0,0,4.43075,10.2066,260.626,6.78972,0,0.00198614,0.00198614,0.00198614
9,58.9087,3.28963,4.5321,14.6819,2.90017,0,0,0,0,0,0,0,0,0,nan,nan,nan,nan,0,0.00198416,0.00198416,0.00198416
10,63.1252,3.28878,4.11669,11.8329,2.90107,0,0,0,0,0,0,0,0,0,nan,nan,nan,nan,0,0.00198218,0.00198218,0.00198218
11,67.6418,3.24445,4.06953,3.55117,2.99357,0,0,0,0,0,0,0,0,0,nan,nan,nan,nan,0,0.0019802,0.0019802,0.0019802
12,71.8821,3.26955,5.53216,3.49781,3.02934,0,0,0,0,0,0,0,0,0,nan,nan,nan,nan,0,0.00197822,0.00197822,0.00197822
13,76.197,3.32565,4.21982,3.44727,3.03444,0,0,0,0,0,0,0,0,0,nan,nan,nan,nan,0,0.00197624,0.00197624,0.00197624
14,80.5406,3.23702,3.59221,3.36306,3.01696,0,0,0,0,0,0,0,0,0,nan,nan,nan,nan,0,0.00197426,0.00197426,0.00197426
15,84.7555,3.18236,3.8166,3.13179,3.0101,0,0.0042,0.02273,0.00013,3e-05,0,0,0,0,nan,nan,nan,nan,0,0.00197228,0.00197228,0.00197228
16,89.1657,3.11991,3.29887,2.93244,2.97605,0,0.0042,0.02273,0.00013,3e-05,0,0,0,0,nan,nan,nan,nan,0,0.0019703,0.0019703,0.0019703
17,93.5587,2.94407,3.24583,2.81234,2.92274,0,0.00888,0.06818,0.00102,0.00014,0,0,0,0,5.00322,13.154,240.709,30.4793,0,0.00196832,0.00196832,0.00196832
18,98.0924,2.93251,3.01611,2.82532,2.91356,0,0.00091,0.06818,0.00016,2e-05,0,0,0,0,4.93574,9.60713,10.035,6.31919,0,0.00196634,0.00196634,0.00196634
19,102.521,2.99821,2.94445,2.70315,2.96529,0,0.00274,0.13636,0.00128,0.00039,0,0,0,0,4.33263,3.35039,3.81195,5.84939,0,0.00196436,0.00196436,0.00196436
20,107.087,2.89743,2.89109,2.70354,2.98807,0,0.00331,0.11364,0.00292,0.00099,0,0,0,0,4.2217,3.39459,5.12748,4.74602,0,0.00196238,0.00196238,0.00196238
21,111.449,2.93232,2.96055,2.67772,2.92739,0,0.00552,0.04545,0.00078,0.00012,0,0,0,0,4.26105,2.74204,10.5035,4.75359,0,0.0019604,0.0019604,0.0019604
22,115.708,2.70733,2.82474,2.65318,2.7886,0,0.00552,0.04545,0.00078,0.00012,0,0,0,0,4.26105,2.74204,10.5035,4.75359,0,0.00195842,0.00195842,0.00195842
23,120.225,2.76049,2.96958,2.66949,2.80808,0,0.00273,0.20455,0.00063,0.0001,0,0,0,0,3.8545,2.72585,4.85747,4.21168,0,0.00195644,0.00195644,0.00195644
24,124.621,2.70753,2.90991,2.60993,2.72724,0,0.00382,0.27273,0.00109,0.00024,0,0,0,0,3.68905,9.06528,10.164,4.2666,0,0.00195446,0.00195446,0.00195446
25,129.217,2.6923,2.81558,2.74834,2.76733,0,0.00457,0.27273,0.0015,0.00037,0,0,0,0,3.72939,8.99771,10.2897,4.127,0,0.00195248,0.00195248,0.00195248
26,133.6,2.67186,2.88932,2.63873,2.74793,0,0.00128,0.09091,0.00019,3e-05,0,0,0,0,4.11127,43.0861,10.2487,4.7534,0,0.0019505,0.0019505,0.0019505
27,138.102,2.73567,2.87998,2.60151,2.75264,0,0.00128,0.09091,0.00019,3e-05,0,0,0,0,4.11127,43.0861,10.2487,4.7534,0,0.00194852,0.00194852,0.00194852
28,142.452,2.68002,2.86511,2.62013,2.77016,0,0.03954,0.04545,0.00405,0.00098,0,0,0,0,3.97184,3.11351,4.29738,4.54138,0,0.00194654,0.00194654,0.00194654
29,146.868,2.58245,2.67606,2.48387,2.68076,0,0.02531,0.25,0.01766,0.00447,0,0,0,0,3.59372,2.3866,3.825,3.9258,0,0.00194456,0.00194456,0.00194456
30,151.513,2.60509,2.76907,2.55927,2.70486,0,0.03207,0.04545,0.00845,0.00137,0.0003,0.02273,4e-05,1e-05,3.25942,2.31271,3.82587,3.53867,0,0.00194258,0.00194258,0.00194258
31,155.977,2.65257,2.80198,2.63868,2.76934,0,0.13052,0.02273,0.01885,0.00394,0.0003,0.02273,0.00024,5e-05,3.29416,2.42657,3.70081,3.56676,0,0.0019406,0.0019406,0.0019406
32,160.506,2.59454,2.77277,2.57645,2.69554,0,0.13052,0.02273,0.01885,0.00394,0.0003,0.02273,0.00024,5e-05,3.29416,2.42657,3.70081,3.56676,0,0.00193862,0.00193862,0.00193862
33,165.078,2.52239,2.69535,2.59299,2.63427,0,0.06914,0.02273,0.01882,0.00431,0,0,0,0,3.42261,2.80698,3.549,3.69376,0,0.00193664,0.00193664,0.00193664
34,169.482,2.63137,2.7768,2.64379,2.66104,0,0.02296,0.02273,0.00896,0.00142,0,0,0,0,3.59737,2.32421,3.81409,3.80799,0,0.00193466,0.00193466,0.00193466
35,173.94,2.48876,2.69573,2.59455,2.69222,0,0.01626,0.15909,0.00889,0.00164,0.0003,0.02273,3e-05,0,3.26561,12.0401,3.41769,3.70786,0,0.00193268,0.00193268,0.00193268
36,178.383,2.53351,2.69277,2.52529,2.63622,0,0.0517,0.02273,0.0125,0.00251,0.00068,0.04545,0.00013,2e-05,3.7345,13.6354,3.4706,4.08558,0,0.0019307,0.0019307,0.0019307
37,182.745,2.49833,2.66492,2.5801,2.60323,0,0.01451,0.04545,0.00834,0.00178,0.00071,0.04545,0.00014,3e-05,3.58247,3.37283,3.30646,3.64984,0,0.00192872,0.00192872,0.00192872
38,187.176,2.5053,2.69296,2.52111,2.62615,0,0.01451,0.04545,0.00834,0.00178,0.00071,0.04545,0.00014,3e-05,3.58247,3.37283,3.30646,3.64984,0,0.00192674,0.00192674,0.00192674
39,191.681,2.45253,2.54893,2.51374,2.56202,0,0.01414,0.13636,0.00479,0.00106,0.00077,0.04545,4e-05,1e-05,3.51781,2.30103,3.32088,3.49313,0,0.00192476,0.00192476,0.00192476
40,196.109,2.46208,2.73259,2.57776,2.61698,0,0.00516,0.29545,0.00532,0.00145,0,0,0,0,3.64724,2.37419,3.13471,3.561,0,0.00192278,0.00192278,0.00192278
41,200.534,2.44227,2.57527,2.5493,2.58993,0,0.01384,0.25,0.0142,0.00375,0.00041,0.02273,1e-05,0,3.69196,2.35294,2.95054,3.64752,0,0.0019208,0.0019208,0.0019208
42,204.944,2.53363,2.65423,2.55574,2.61269,0,0.05493,0.04545,0.03236,0.01241,0,0,0,0,3.3107,2.20051,2.80769,3.46507,0,0.00191882,0.00191882,0.00191882
43,209.387,2.46172,2.54257,2.52407,2.5655,0,0.05493,0.04545,0.03236,0.01241,0,0,0,0,3.3107,2.20051,2.80769,3.46507,0,0.00191684,0.00191684,0.00191684
44,213.799,2.36334,2.39211,2.41102,2.52813,0,0.08376,0.15909,0.07354,0.01815,0,0,0,0,2.90875,2.16567,3.10565,3.09065,0,0.00191486,0.00191486,0.00191486
45,218.437,2.45551,2.46146,2.45077,2.57977,0,0.05395,0.15909,0.03965,0.00995,0,0,0,0,2.81652,2.14109,3.64232,2.95044,0,0.00191288,0.00191288,0.00191288
46,222.778,2.45849,2.51752,2.53077,2.53447,0,0.05055,0.40909,0.06144,0.01876,0,0,0,0,2.80202,2.07147,3.48739,3.00466,0,0.0019109,0.0019109,0.0019109
47,227.315,2.44323,2.5707,2.40431,2.54249,0,0.1062,0.36364,0.12227,0.0419,0,0,0,0,2.95728,2.03494,3.12015,3.17959,0,0.00190892,0.00190892,0.00190892
48,231.747,2.41918,2.51295,2.48248,2.5515,0,0.1062,0.36364,0.12227,0.0419,0,0,0,0,2.95728,2.03494,3.12015,3.17959,0,0.00190694,0.00190694,0.00190694
49,236.304,2.35376,2.52293,2.47975,2.53465,0,0.08572,0.27273,0.08087,0.02817,0.0003,0.02273,2e-05,0,2.87103,2.00844,2.93416,3.045,0,0.00190496,0.00190496,0.00190496
50,240.815,2.40616,2.59463,2.48989,2.53495,0,0.10712,0.22727,0.07913,0.02364,0.00062,0.04545,5e-05,1e-05,2.81341,1.90994,2.8706,2.96959,0,0.00190298,0.00190298,0.00190298
51,245.214,2.38954,2.55568,2.47948,2.49855,0,0.0711,0.09091,0.0651,0.01815,0.00096,0.06818,7e-05,1e-05,2.86943,1.90504,2.86507,2.98058,0,0.001901,0.001901,0.001901
52,249.756,2.30503,2.30094,2.40029,2.51793,0,0.10339,0.0814,0.0526,0.01529,0.00097,0.06818,0.00011,1e-05,2.81633,1.96823,2.98415,2.92714,0,0.00189902,0.00189902,0.00189902
53,254.223,2.33469,2.39803,2.43767,2.55572,0,0.01319,0.11364,0.00784,0.0023,0.0003,0.02273,1e-05,0,2.6582,2.07837,3.46866,2.83352,0,0.00189704,0.00189704,0.00189704
54,258.574,2.29202,2.52685,2.42456,2.49743,0,0.01319,0.11364,0.00784,0.0023,0.0003,0.02273,1e-05,0,2.6582,2.07837,3.46866,2.83352,0,0.00189506,0.00189506,0.00189506
55,263.036,2.24139,2.44866,2.44594,2.47919,0,0.0105,0.13636,0.00558,0.00168,0,0,0,0,2.62875,2.1399,3.85622,2.80892,0,0.00189308,0.00189308,0.00189308
56,267.605,2.24769,2.3333,2.35005,2.4464,0,0.0402,0.22727,0.03344,0.01183,0.00061,0.04545,3e-05,0,2.58236,1.98433,3.15741,2.75953,0,0.0018911,0.0018911,0.0018911
57,272.035,2.2469,2.47052,2.41455,2.40752,0,0.17434,0.22727,0.10778,0.02942,0.00182,0.13636,0.00028,3e-05,2.5414,1.91178,2.88465,2.75095,0,0.00188912,0.00188912,0.00188912
58,276.316,2.33644,2.45925,2.48574,2.44456,0,0.15394,0.22727,0.09841,0.0269,0.00091,0.06818,0.0001,1e-05,2.59319,1.92994,2.79169,2.79523,0,0.00188714,0.00188714,0.00188714
59,280.753,2.27307,2.38638,2.41931,2.44416,0,0.15394,0.22727,0.09841,0.0269,0.00091,0.06818,0.0001,1e-05,2.59319,1.92994,2.79169,2.79523,0,0.00188516,0.00188516,0.00188516
60,285.325,2.27982,2.49278,2.46576,2.47373,0,0.23661,0.25,0.14361,0.04434,0.00091,0.06818,0.00015,1e-05,2.48498,1.94599,2.7878,2.73266,0,0.00188318,0.00188318,0.00188318
61,289.769,2.29793,2.49771,2.36857,2.41174,0,0.10601,0.18182,0.06408,0.02304,0.0005,0.02273,0.00017,2e-05,2.51664,2.05074,2.84612,2.69766,0,0.0018812,0.0018812,0.0018812
62,294.195,2.21247,2.47874,2.39599,2.40928,0,0.08038,0.18182,0.04734,0.01653,0.00514,0.02273,0.00048,5e-05,2.61055,2.21821,3.02307,2.75052,0,0.00187922,0.00187922,0.00187922
63,298.566,2.2652,2.44217,2.33055,2.39755,0,0.06575,0.27273,0.03977,0.01136,0,0,0,0,2.58519,2.18106,3.14378,2.7342,0,0.00187724,0.00187724,0.00187724
64,302.952,2.28419,2.33029,2.34019,2.41132,0,0.06575,0.27273,0.03977,0.01136,0,0,0,0,2.58519,2.18106,3.14378,2.7342,0,0.00187526,0.00187526,0.00187526
65,307.534,2.25689,2.50716,2.4166,2.42272,0,0.09771,0.22727,0.05521,0.01374,0,0,0,0,2.53915,2.08992,3.28203,2.73739,0,0.00187328,0.00187328,0.00187328
66,311.889,2.28459,2.53684,2.32955,2.36588,0,0.15861,0.18182,0.10909,0.02768,0,0,0,0,2.61688,2.18747,3.41835,2.79834,0,0.0018713,0.0018713,0.0018713
67,316.349,2.15561,2.39238,2.26902,2.26236,0,0.20418,0.20455,0.14831,0.04661,0.0003,0.02273,1e-05,0,2.63321,2.15493,3.21008,2.74171,0,0.00186932,0.00186932,0.00186932
68,320.871,2.17395,2.44301,2.30433,2.33486,0,0.28801,0.25,0.16652,0.04211,0.00121,0.09091,0.00014,1e-05,2.45397,2.06215,2.92879,2.61903,0,0.00186734,0.00186734,0.00186734
69,325.258,2.17934,2.33668,2.30018,2.31549,0,0.34671,0.18182,0.21883,0.0603,0.00091,0.06818,9e-05,1e-05,2.44761,1.90636,2.76513,2.60442,0,0.00186536,0.00186536,0.00186536
70,329.722,2.18311,2.32508,2.31023,2.29437,0,0.34671,0.18182,0.21883,0.0603,0.00091,0.06818,9e-05,1e-05,2.44761,1.90636,2.76513,2.60442,0,0.00186338,0.00186338,0.00186338
71,334.188,2.22964,2.40713,2.37945,2.33049,0,0.23869,0.25,0.21077,0.07678,0.00214,0.15909,0.00043,7e-05,2.52031,1.86249,2.6836,2.6137,0,0.0018614,0.0018614,0.0018614
72,338.893,2.19524,2.40691,2.37239,2.31257,0,0.11865,0.15909,0.14657,0.03092,0.00138,0.04545,0.0003,5e-05,2.68246,2.01574,2.75547,2.67894,0,0.00185942,0.00185942,0.00185942
73,343.285,2.19605,2.48503,2.23338,2.2626,0,0.12332,0.06818,0.08417,0.0136,0.00238,0.11364,0.00083,0.00011,2.82518,2.00153,2.92623,2.75346,0,0.00185744,0.00185744,0.00185744
74,347.703,2.16872,2.36075,2.35845,2.27637,0,0.16473,0.11364,0.06305,0.01418,0.00061,0.04545,5e-05,1e-05,2.83987,1.93281,3.00888,2.71509,0,0.00185546,0.00185546,0.00185546
75,352.031,2.17581,2.33761,2.3351,2.28985,0,0.16473,0.11364,0.06305,0.01418,0.00061,0.04545,5e-05,1e-05,2.83987,1.93281,3.00888,2.71509,0,0.00185348,0.00185348,0.00185348
76,356.363,2.20028,2.49655,2.29743,2.22043,0,0.11233,0.25,0.06269,0.01667,0.00061,0.04545,0.00013,2e-05,2.78181,1.97488,2.95775,2.70523,0,0.0018515,0.0018515,0.0018515
77,360.689,2.19773,2.40251,2.29407,2.23913,0,0.19903,0.18182,0.14777,0.04329,0.00208,0.09091,0.00069,0.00018,2.52531,1.92011,2.65919,2.62704,0,0.00184952,0.00184952,0.00184952
78,365.114,2.15681,2.33344,2.23785,2.25406,0,0.2019,0.13636,0.11962,0.03984,0.00226,0.06818,0.00073,0.00023,2.51062,1.89552,2.59851,2.6353,0,0.00184754,0.00184754,0.00184754
79,369.621,2.13247,2.31687,2.19947,2.24422,0,0.1979,0.18182,0.12666,0.04348,0.00227,0.09091,0.00081,0.00022,2.57888,1.89109,2.69733,2.6493,0,0.00184556,0.00184556,0.00184556
80,374.049,2.16227,2.32349,2.23107,2.27374,0,0.1979,0.18182,0.12666,0.04348,0.00227,0.09091,0.00081,0.00022,2.57888,1.89109,2.69733,2.6493,0,0.00184358,0.00184358,0.00184358
81,378.423,2.21582,2.46412,2.24921,2.25963,0,0.15694,0.22727,0.14413,0.0505,0.00266,0.04545,0.00047,6e-05,2.50409,1.85307,2.89899,2.56154,0,0.0018416,0.0018416,0.0018416
82,382.97,2.17077,2.46868,2.22579,2.245,0,0.11022,0.31818,0.07942,0.02781,0.00155,0.11364,0.00019,5e-05,2.37399,1.86832,3.03541,2.50934,0,0.00183962,0.00183962,0.00183962
83,387.409,2.25162,2.4573,2.26397,2.27592,0,0.12847,0.25,0.10814,0.03253,0.00182,0.09091,0.00037,8e-05,2.46026,1.87063,2.78833,2.58881,0,0.00183764,0.00183764,0.00183764
84,391.721,2.08703,2.27085,2.25359,2.21735,0,0.28097,0.22727,0.19889,0.05955,0.00121,0.09091,0.00022,7e-05,2.43848,1.85813,2.70082,2.57174,0,0.00183566,0.00183566,0.00183566
85,396.129,2.08778,2.32926,2.18211,2.17972,0,0.18696,0.29545,0.15922,0.05625,0.00683,0.04545,0.00099,0.00021,2.43788,1.80958,2.64203,2.58208,0,0.00183368,0.00183368,0.00183368
86,400.615,2.15326,2.43568,2.2818,2.21504,0,0.18696,0.29545,0.15922,0.05625,0.00683,0.04545,0.00099,0.00021,2.43788,1.80958,2.64203,2.58208,0,0.0018317,0.0018317,0.0018317
87,405.197,2.07977,2.2479,2.25875,2.21486,0,0.14596,0.31818,0.11416,0.0412,0.00412,0.04545,0.00094,0.0002,2.46004,1.79989,2.73389,2.57927,0,0.00182972,0.00182972,0.00182972
88,409.702,2.0672,2.35111,2.09002,2.12461,0,0.15914,0.28397,0.14385,0.04501,0.00779,0.06818,0.00184,0.00036,2.37407,1.80539,2.66259,2.54142,0,0.00182774,0.00182774,0.00182774
89,414.152,2.03401,2.3165,2.16505,2.14325,0,0.21323,0.38636,0.20105,0.07374,0.00438,0.11364,0.00118,0.00018,2.38075,1.7996,2.72253,2.53407,0,0.00182576,0.00182576,0.00182576
90,418.553,2.02969,2.24923,2.14103,2.1514,0,0.16337,0.25,0.14748,0.04978,0.00122,0.09091,0.0002,2e-05,2.50173,1.87871,2.85888,2.64176,0,0.00182378,0.00182378,0.00182378
91,422.931,2.20356,2.28009,2.1321,2.23481,0,0.16337,0.25,0.14748,0.04978,0.00122,0.09091,0.0002,2e-05,2.50173,1.87871,2.85888,2.64176,0,0.0018218,0.0018218,0.0018218
92,427.471,2.08482,2.24271,2.09602,2.16878,0,0.06388,0.09091,0.07156,0.02454,0.0003,0.02273,2e-05,0,2.64066,1.99659,3.02858,2.75657,0,0.00181982,0.00181982,0.00181982
93,431.952,2.12359,2.31929,2.15438,2.19406,0,0.02519,0.27273,0.0158,0.00526,0.00061,0.04545,3e-05,1e-05,2.67802,1.90948,3.26832,2.82845,0,0.00181784,0.00181784,0.00181784
94,436.545,2.08209,2.26397,2.13291,2.14974,0,0.06025,0.13636,0.0374,0.01236,0.00736,0.02273,0.00263,0.00051,2.58913,1.781,3.0546,2.70949,0,0.00181586,0.00181586,0.00181586
95,441.014,2.12326,2.35737,2.18344,2.23292,0,0.17393,0.25,0.14806,0.05394,0.01118,0.04545,0.0011,0.00019,2.36562,1.76525,2.82057,2.52293,0,0.00181388,0.00181388,0.00181388
96,445.49,2.13145,2.39525,2.15355,2.20898,0,0.17393,0.25,0.14806,0.05394,0.01118,0.04545,0.0011,0.00019,2.36562,1.76525,2.82057,2.52293,0,0.0018119,0.0018119,0.0018119
97,449.966,2.14337,2.25177,2.17273,2.22789,0,0.13632,0.31818,0.15546,0.06337,0.00413,0.04545,0.0006,0.00011,2.27403,1.77105,2.78773,2.46136,0,0.00180992,0.00180992,0.00180992
98,454.522,2.00128,2.27652,2.06278,2.10727,0,0.17945,0.22727,0.20802,0.07331,0.00378,0.04545,0.00092,0.00016,2.23257,1.77435,2.57175,2.42422,0,0.00180794,0.00180794,0.00180794
99,459.078,2.00013,2.2615,2.07051,2.1075,0,0.15356,0.18182,0.17183,0.06526,0.00426,0.06818,0.00073,0.00014,2.30902,1.81086,2.51225,2.44654,0,0.00180596,0.00180596,0.00180596
100,463.709,2.01545,2.2378,2.08963,2.11444,0,0.33831,0.09091,0.13102,0.0515,0.00267,0.06818,0.00056,0.0001,2.37595,1.79759,2.5676,2.49629,0,0.00180398,0.00180398,0.00180398
101,468.037,2.02366,2.35507,2.10404,2.14695,0,0.35041,0.09091,0.11606,0.04506,0.00344,0.13636,0.00123,0.00023,2.34678,1.76532,2.61565,2.50648,0,0.001802,0.001802,0.001802
102,472.522,2.07749,2.3881,2.09976,2.1156,0,0.35041,0.09091,0.11606,0.04506,0.00344,0.13636,0.00123,0.00023,2.34678,1.76532,2.61565,2.50648,0,0.00180002,0.00180002,0.00180002
103,476.9,2.00948,2.28026,2.11986,2.10257,0,0.1666,0.18182,0.13576,0.04469,0.0067,0.06818,0.00156,0.00027,2.39577,1.73288,2.57061,2.53369,0,0.00179804,0.00179804,0.00179804
104,481.301,1.96763,2.25966,2.1498,2.06239,0,0.17089,0.24366,0.11421,0.04041,0.01124,0.06818,0.00259,0.00038,2.57865,1.747,2.61355,2.63474,0,0.00179606,0.00179606,0.00179606
105,485.66,2.04364,2.40244,2.09988,2.0936,0,0.12179,0.22727,0.07075,0.01895,0.00427,0.02273,0.00086,0.00013,2.82346,1.98178,2.75453,2.7827,0,0.00179408,0.00179408,0.00179408
106,490.243,1.98604,2.31217,2.08486,2.09028,0,0.15009,0.29545,0.12072,0.03534,0.01162,0.02273,0.00144,0.00016,2.60243,1.95116,2.71326,2.65311,0,0.0017921,0.0017921,0.0017921
107,494.531,2.00705,2.24509,2.01032,2.04956,0,0.15009,0.29545,0.12072,0.03534,0.01162,0.02273,0.00144,0.00016,2.60243,1.95116,2.71326,2.65311,0,0.00179012,0.00179012,0.00179012
108,498.893,2.0725,2.41118,2.11637,2.10764,0,0.16157,0.29545,0.15676,0.06699,0.00401,0.02273,0.00093,0.00017,2.42245,1.77069,2.61912,2.53973,0,0.00178814,0.00178814,0.00178814
109,503.299,1.96947,2.30455,2.06396,2.07325,0,0.19195,0.27273,0.16715,0.06421,0.00408,0.04545,0.00077,0.00016,2.48373,1.73987,2.73669,2.54984,0,0.00178616,0.00178616,0.00178616
110,507.841,2.04268,2.24775,2.04567,2.08143,0,0.26096,0.22727,0.16814,0.04769,0.00272,0.04545,0.0005,0.00012,2.53368,1.74386,2.62966,2.55746,0,0.00178418,0.00178418,0.00178418
111,512.347,2.01814,2.34301,2.065,2.06578,0,0.22795,0.29545,0.14581,0.04855,0.00474,0.04545,0.0005,9e-05,2.51289,1.77947,2.6485,2.52793,0,0.0017822,0.0017822,0.0017822
112,516.798,1.94258,2.27693,2.03169,2.04465,0,0.22795,0.29545,0.14581,0.04855,0.00474,0.04545,0.0005,9e-05,2.51289,1.77947,2.6485,2.52793,0,0.00178022,0.00178022,0.00178022
113,521.405,1.92056,2.32705,1.99002,2.00223,0,0.27074,0.31818,0.13885,0.05126,0.00656,0.02273,0.00068,9e-05,2.54383,1.87499,2.71462,2.5589,0,0.00177824,0.00177824,0.00177824
114,526.014,1.95254,2.18941,1.97413,2.02027,0,0.26363,0.27273,0.12348,0.03729,0.02132,0.02273,0.00173,0.00028,2.56338,1.92761,2.82059,2.57108,0,0.00177626,0.00177626,0.00177626
115,530.374,1.98418,2.24293,1.98454,2.0351,0,0.11503,0.27273,0.06704,0.01927,0.04767,0.04545,0.00544,0.00065,2.62416,1.96976,3.07668,2.63388,0,0.00177428,0.00177428,0.00177428
116,534.759,1.98335,2.25012,1.96084,1.9985,0,0.11543,0.22727,0.08378,0.02238,0.13597,0.02273,0.01321,0.00134,2.61874,2.03721,3.15665,2.65652,0,0.0017723,0.0017723,0.0017723
117,539.129,2.06028,2.21591,1.97531,2.06786,0,0.18296,0.21894,0.11341,0.03188,0.03063,0.02273,0.00229,0.00025,2.57502,1.92211,2.95494,2.5705,0,0.00177032,0.00177032,0.00177032
118,543.514,2.02049,2.25676,2.00482,2.0627,0,0.18296,0.21894,0.11341,0.03188,0.03063,0.02273,0.00229,0.00025,2.57502,1.92211,2.95494,2.5705,0,0.00176834,0.00176834,0.00176834
119,548.161,2.00075,2.28447,1.98677,2.06257,0,0.10473,0.29512,0.10238,0.03151,0.00133,0.02273,0.0005,9e-05,2.37506,1.80332,2.80297,2.48462,0,0.00176636,0.00176636,0.00176636
120,552.557,2.03075,2.38327,2.05339,2.06899,0,0.13395,0.34091,0.10888,0.03236,0.00244,0.18182,0.00061,9e-05,2.38507,1.77377,2.78523,2.48129,0,0.00176438,0.00176438,0.00176438
121,556.951,2.02378,2.21453,2.03009,2.06403,0,0.1216,0.36364,0.15938,0.04721,0.00213,0.15909,0.00045,8e-05,2.39781,1.77565,2.78376,2.5068,0,0.0017624,0.0017624,0.0017624
122,561.434,1.86924,2.15404,1.88968,1.94492,0,0.19807,0.31818,0.1897,0.06055,0.00225,0.15909,0.00078,0.00015,2.34958,1.72415,2.58148,2.42385,0,0.00176042,0.00176042,0.00176042
123,565.847,1.94979,2.28188,1.98323,1.99194,0,0.19807,0.31818,0.1897,0.06055,0.00225,0.15909,0.00078,0.00015,2.34958,1.72415,2.58148,2.42385,0,0.00175844,0.00175844,0.00175844
124,570.244,2.01922,2.31254,1.97765,2.06363,0,0.20405,0.29545,0.16646,0.05337,0.00462,0.09091,0.00096,0.00015,2.46032,1.7978,2.64287,2.46787,0,0.00175646,0.00175646,0.00175646
125,574.654,1.95127,2.31436,1.94782,1.99365,0,0.19843,0.30952,0.17103,0.0503,0.00449,0.04545,0.00107,0.00017,2.49449,1.82463,2.62979,2.50354,0,0.00175448,0.00175448,0.00175448
126,579.176,1.95474,2.2725,1.96997,1.99253,0,0.22277,0.27273,0.19446,0.05063,0.01022,0.02273,0.00086,0.00015,2.3915,1.79869,2.66178,2.41983,0,0.0017525,0.0017525,0.0017525
127,583.519,1.99451,2.32314,1.98456,2.09184,0,0.20499,0.36364,0.20473,0.05306,0.00678,0.02273,0.0005,8e-05,2.34817,1.82563,2.6477,2.42887,0,0.00175052,0.00175052,0.00175052
128,587.744,2.01895,2.31135,1.98048,2.04368,0,0.20499,0.36364,0.20473,0.05306,0.00678,0.02273,0.0005,8e-05,2.34817,1.82563,2.6477,2.42887,0,0.00174854,0.00174854,0.00174854
129,592.057,1.93592,2.15904,1.93914,2.00761,0,0.24414,0.36364,0.18759,0.06098,0.01197,0.06818,0.00118,0.00014,2.36709,1.78806,2.55264,2.4307,0,0.00174656,0.00174656,0.00174656
130,596.567,1.98781,2.30325,1.98217,2.04475,0,0.24177,0.29545,0.17107,0.05873,0.00909,0.02273,0.00134,0.00023,2.37889,1.74825,2.47127,2.43705,0,0.00174458,0.00174458,0.00174458
131,601.027,1.87074,2.27675,1.92209,1.98411,0,0.2151,0.34091,0.17684,0.06185,0.00741,0.02273,0.00113,0.00024,2.4066,1.73765,2.47205,2.45474,0,0.0017426,0.0017426,0.0017426
132,605.484,1.96356,2.33547,1.95795,2.00833,0,0.24387,0.38636,0.19556,0.06919,0.01138,0.02273,0.00145,0.00025,2.43847,1.75448,2.49551,2.45426,0,0.00174062,0.00174062,0.00174062
133,609.994,1.89352,2.27258,1.9493,1.96012,0,0.33508,0.37807,0.20943,0.08057,0.12979,0.02273,0.00428,0.00047,2.45788,1.80608,2.46393,2.4593,0,0.00173864,0.00173864,0.00173864
134,614.445,1.97765,2.28887,1.92603,2.06214,0,0.33508,0.37807,0.20943,0.08057,0.12979,0.02273,0.00428,0.00047,2.45788,1.80608,2.46393,2.4593,0,0.00173666,0.00173666,0.00173666
135,619.019,1.94753,2.17862,1.90741,2.01203,0,0.34691,0.36364,0.2667,0.09424,0.02813,0.02273,0.00216,0.00034,2.37914,1.77985,2.41389,2.42084,0,0.00173468,0.00173468,0.00173468
136,623.506,1.95593,2.11848,1.91489,2.02961,0,0.29502,0.20455,0.20555,0.07406,0.0164,0.04545,0.00255,0.00045,2.44895,1.74526,2.35932,2.47795,0,0.0017327,0.0017327,0.0017327
137,627.916,1.80945,2.02364,1.77188,1.90432,0,0.32417,0.25,0.1879,0.05844,0.02662,0.06818,0.00515,0.00095,2.58471,1.76758,2.43568,2.54081,0,0.00173072,0.00173072,0.00173072
138,632.367,1.93503,2.21166,1.92527,2.02754,0,0.22188,0.31818,0.20054,0.05757,0.03578,0.11364,0.00676,0.00129,2.53622,1.81533,2.50827,2.53812,0,0.00172874,0.00172874,0.00172874
139,636.745,1.94002,2.26139,1.9497,2.03576,0,0.22188,0.31818,0.20054,0.05757,0.03578,0.11364,0.00676,0.00129,2.53622,1.81533,2.50827,2.53812,0,0.00172676,0.00172676,0.00172676
140,641.193,1.96983,2.42831,1.91577,2.00083,0,0.21592,0.34091,0.1684,0.05503,0.02989,0.11364,0.00475,0.00083,2.60512,1.8137,2.49601,2.58294,0,0.00172478,0.00172478,0.00172478
141,645.693,1.92728,2.18731,1.85291,1.99692,0,0.31245,0.27273,0.14851,0.04445,0.05444,0.02273,0.00354,0.00077,2.79018,1.80267,2.74233,2.71058,0,0.0017228,0.0017228,0.0017228
142,650.249,1.88672,2.15386,1.84383,1.93956,0,0.2271,0.27273,0.0964,0.03598,0.06382,0.02273,0.0025,0.00052,2.83231,1.94123,2.98737,2.73197,0,0.00172082,0.00172082,0.00172082
143,654.65,1.94677,2.22646,1.83054,1.97166,0,0.30345,0.29545,0.16396,0.05846,0.04017,0.02273,0.00154,0.00031,2.66851,1.94266,2.80238,2.70196,0,0.00171884,0.00171884,0.00171884
144,659.017,1.96814,2.15626,1.96911,2.01228,0,0.30345,0.29545,0.16396,0.05846,0.04017,0.02273,0.00154,0.00031,2.66851,1.94266,2.80238,2.70196,0,0.00171686,0.00171686,0.00171686
145,663.473,1.90343,2.18771,1.84797,1.9701,0,0.27194,0.25476,0.19162,0.0672,0.02845,0.02273,0.002,0.00037,2.55238,1.84092,2.69137,2.56209,0,0.00171488,0.00171488,0.00171488
146,668.038,1.9416,2.29484,1.95488,2.02782,0,0.23489,0.36364,0.18811,0.0596,0.02586,0.04545,0.00171,0.00029,2.2282,1.75596,2.67915,2.34506,0,0.0017129,0.0017129,0.0017129
147,672.439,1.91849,2.21732,1.83855,1.95153,0,0.17847,0.36364,0.14701,0.05353,0.00956,0.02273,0.00158,0.00031,2.16395,1.74226,2.52861,2.35485,0,0.00171092,0.00171092,0.00171092
148,676.855,1.93177,2.2376,1.85685,1.98679,0,0.23017,0.45455,0.20647,0.0613,0.01382,0.02273,0.00183,0.00042,2.19564,1.75442,2.45103,2.40831,0,0.00170894,0.00170894,0.00170894
149,681.239,1.85497,2.23177,1.82048,1.94013,0,0.23207,0.34091,0.21517,0.06816,0.01093,0.02273,0.00095,0.00017,2.17928,1.80663,2.43714,2.41341,0,0.00170696,0.00170696,0.00170696
150,685.668,1.79453,2.13956,1.76423,1.90943,0,0.23207,0.34091,0.21517,0.06816,0.01093,0.02273,0.00095,0.00017,2.17928,1.80663,2.43714,2.41341,0,0.00170498,0.00170498,0.00170498
151,690.073,1.91622,2.21719,1.83257,1.96867,0,0.25431,0.29545,0.21287,0.07534,0.00676,0.02273,0.00062,0.00014,2.39142,1.77999,2.47511,2.51927,0,0.001703,0.001703,0.001703
152,694.517,1.9747,2.30234,1.87521,2.06733,0,0.36545,0.18182,0.19565,0.06341,0.00853,0.04545,0.00042,0.00011,2.70346,1.81988,2.67371,2.81263,0,0.00170102,0.00170102,0.00170102
153,699.176,1.86273,2.1836,1.77858,1.93225,0,0.23036,0.20455,0.11717,0.03755,0.00731,0.04545,0.00062,0.00013,2.70789,1.84222,2.70411,2.80606,0,0.00169904,0.00169904,0.00169904
154,703.921,1.87841,2.20218,1.82461,1.93322,0,0.22504,0.22444,0.14355,0.04181,0.0076,0.06818,0.00143,0.00022,2.53013,1.88556,2.75655,2.59366,0,0.00169706,0.00169706,0.00169706
155,708.342,1.94146,2.16507,1.84131,1.97662,0,0.22504,0.22444,0.14355,0.04181,0.0076,0.06818,0.00143,0.00022,2.53013,1.88556,2.75655,2.59366,0,0.00169508,0.00169508,0.00169508
156,712.789,1.89119,2.26646,1.80917,1.94083,0,0.20583,0.27273,0.14595,0.0424,0.00404,0.06818,0.00056,0.00014,2.47421,1.89008,2.6828,2.52205,0,0.0016931,0.0016931,0.0016931
157,717.155,1.91029,2.26924,1.85086,1.95745,0,0.21642,0.31818,0.17922,0.05922,0.00243,0.02273,0.00069,0.00012,2.30744,1.83574,2.60196,2.46242,0,0.00169112,0.00169112,0.00169112
158,721.544,1.90888,2.26941,1.79061,1.93414,0,0.23145,0.34091,0.17225,0.06297,0.0061,0.02273,0.00099,0.00016,2.27242,1.8381,2.60496,2.50732,0,0.00168914,0.00168914,0.00168914
159,725.863,1.87154,2.21187,1.85275,1.94617,0,0.23462,0.36364,0.20697,0.07359,0.01072,0.04545,0.00209,0.00036,2.2248,1.79286,2.51815,2.46415,0,0.00168716,0.00168716,0.00168716
160,730.463,1.91469,2.20794,1.8172,1.93663,0,0.23462,0.36364,0.20697,0.07359,0.01072,0.04545,0.00209,0.00036,2.2248,1.79286,2.51815,2.46415,0,0.00168518,0.00168518,0.00168518
161,734.91,1.88897,2.26793,1.81581,1.95056,0,0.20848,0.31818,0.19119,0.06154,0.00876,0.02273,0.00135,0.00023,2.32628,1.78026,2.4544,2.44493,0,0.0016832,0.0016832,0.0016832
162,739.437,1.82457,2.17061,1.81272,1.92235,0,0.23021,0.29545,0.17874,0.06926,0.03428,0.04545,0.00371,0.00059,2.32541,1.71611,2.46341,2.36903,0,0.00168122,0.00168122,0.00168122
163,743.956,1.78263,2.08939,1.74113,1.88713,0,0.27631,0.31818,0.18947,0.06628,0.01198,0.02273,0.0018,0.00048,2.4315,1.7314,2.40298,2.47214,0,0.00167924,0.00167924,0.00167924
164,748.346,1.78433,2.1174,1.71973,1.85652,0,0.18753,0.52273,0.17566,0.06343,0.00664,0.04545,0.00131,0.00032,2.4854,1.75787,2.35008,2.57545,0,0.00167726,0.00167726,0.00167726
165,752.694,1.84839,2.2301,1.77788,1.93577,0,0.16941,0.43182,0.15064,0.04185,0.00979,0.06818,0.00144,0.00035,2.49844,1.80979,2.45627,2.64881,0,0.00167528,0.00167528,0.00167528
166,757.035,1.86135,2.10903,1.74817,1.87465,0,0.16941,0.43182,0.15064,0.04185,0.00979,0.06818,0.00144,0.00035,2.49844,1.80979,2.45627,2.64881,0,0.0016733,0.0016733,0.0016733
167,761.657,1.88037,2.16869,1.81449,1.9546,0,0.13357,0.36364,0.11889,0.03611,0.01368,0.04545,0.00132,0.0003,2.494,1.82022,2.56968,2.62971,0,0.00167132,0.00167132,0.00167132
168,766.06,1.84017,2.18944,1.74791,1.90928,0,0.18998,0.45455,0.13613,0.04245,0.01505,0.04545,0.00224,0.00038,2.3533,1.79984,2.55112,2.47104,0,0.00166934,0.00166934,0.00166934
169,770.529,1.80712,2.27267,1.71538,1.87538,0,0.27604,0.25,0.15351,0.05352,0.0166,0.06818,0.0028,0.00041,2.37837,1.81044,2.51725,2.4487,0,0.00166736,0.00166736,0.00166736
170,774.909,1.88508,2.24518,1.77587,1.93709,0,0.24381,0.29545,0.19754,0.06758,0.01204,0.04545,0.00143,0.00025,2.46592,1.84134,2.51501,2.52866,0,0.00166538,0.00166538,0.00166538
171,779.371,1.83674,2.19795,1.72609,1.90503,0,0.24381,0.29545,0.19754,0.06758,0.01204,0.04545,0.00143,0.00025,2.46592,1.84134,2.51501,2.52866,0,0.0016634,0.0016634,0.0016634
172,783.997,1.83646,2.1656,1.71639,1.90384,0,0.23852,0.36364,0.18715,0.06621,0.00693,0.04545,0.0013,0.00023,2.38025,1.80675,2.43317,2.46527,0,0.00166142,0.00166142,0.00166142
173,788.571,1.82351,2.24538,1.71794,1.90093,0,0.25591,0.31818,0.20855,0.07456,0.01287,0.04545,0.00218,0.00043,2.10091,1.7424,2.48068,2.32513,0,0.00165944,0.00165944,0.00165944
174,793.074,1.87598,2.20363,1.72982,1.91018,0,0.23334,0.31818,0.1906,0.06657,0.03265,0.06818,0.00498,0.00082,2.13367,1.72403,2.46314,2.36217,0,0.00165746,0.00165746,0.00165746
175,797.519,1.76266,2.06099,1.66795,1.86936,0,0.31657,0.29545,0.26038,0.07799,0.04059,0.06818,0.00944,0.00106,2.25064,1.74469,2.37437,2.43335,0,0.00165548,0.00165548,0.00165548
176,801.944,1.84014,2.18084,1.65702,1.88644,0,0.31657,0.29545,0.26038,0.07799,0.04059,0.06818,0.00944,0.00106,2.25064,1.74469,2.37437,2.43335,0,0.0016535,0.0016535,0.0016535
177,806.344,1.85811,2.14568,1.76129,1.91014,0,0.31879,0.34091,0.2495,0.07379,0.01299,0.04545,0.00246,0.00039,2.22034,1.72694,2.36119,2.41158,0,0.00165152,0.00165152,0.00165152
178,810.697,1.86925,2.17851,1.71818,1.92126,0,0.28049,0.31818,0.19349,0.06483,0.03908,0.02273,0.00381,0.0005,2.28573,1.71775,2.51551,2.40952,0,0.00164954,0.00164954,0.00164954
179,815.11,1.78581,2.07898,1.67628,1.91747,0,0.17708,0.36364,0.16644,0.06707,0.52497,0.02273,0.02534,0.00771,2.36294,1.8219,2.63614,2.47822,0,0.00164756,0.00164756,0.00164756
180,819.689,1.80917,2.14154,1.66624,1.85012,0,0.2089,0.34091,0.15338,0.05935,0.25424,0.02273,0.00855,0.0034,2.39349,1.88305,2.74111,2.47105,0,0.00164558,0.00164558,0.00164558
181,824.234,1.8565,2.21763,1.77946,1.90244,0,0.18717,0.31818,0.12695,0.05187,0.14831,0.02273,0.00534,0.0021,2.30417,1.79902,2.72398,2.43677,0,0.0016436,0.0016436,0.0016436
182,828.613,1.77632,2.04846,1.64313,1.82479,0,0.18717,0.31818,0.12695,0.05187,0.14831,0.02273,0.00534,0.0021,2.30417,1.79902,2.72398,2.43677,0,0.00164162,0.00164162,0.00164162
183,833.077,1.80998,2.13947,1.73114,1.84332,0,0.16544,0.22727,0.13151,0.05099,0.04842,0.02273,0.00366,0.0013,2.27641,1.82064,2.50927,2.40602,0,0.00163964,0.00163964,0.00163964
184,837.481,1.80369,2.13417,1.74128,1.85827,0,0.16614,0.2717,0.12159,0.05018,0.04057,0.06818,0.00549,0.00085,2.21415,1.80386,2.60328,2.41329,0,0.00163766,0.00163766,0.00163766
185,841.848,1.83346,2.11457,1.67339,1.90236,0,0.18434,0.22727,0.13749,0.04843,0.02654,0.06818,0.00325,0.00049,2.25151,1.78034,2.71449,2.41928,0,0.00163568,0.00163568,0.00163568
186,846.353,1.77243,2.12795,1.67353,1.81527,0,0.33051,0.22727,0.18768,0.06058,0.01424,0.02273,0.00128,0.00022,2.23807,1.7637,2.57217,2.41268,0,0.0016337,0.0016337,0.0016337
187,850.793,1.74628,2.05621,1.66129,1.87552,0,0.33051,0.22727,0.18768,0.06058,0.01424,0.02273,0.00128,0.00022,2.23807,1.7637,2.57217,2.41268,0,0.00163172,0.00163172,0.00163172
188,855.265,1.87932,2.15566,1.7241,1.93452,0,0.27349,0.25,0.20367,0.0658,0.00749,0.02273,0.00078,0.00022,2.20213,1.72197,2.51312,2.39603,0,0.00162974,0.00162974,0.00162974
189,859.76,1.72919,2.02194,1.65398,1.82865,0,0.24199,0.29545,0.17075,0.05812,0.02309,0.02273,0.00133,0.00046,2.17198,1.73663,2.63937,2.34862,0,0.00162776,0.00162776,0.00162776
190,864.211,1.78001,2.19896,1.65317,1.85192,0,0.14975,0.31818,0.12465,0.04478,0.04407,0.02273,0.00276,0.001,2.33588,1.82017,2.78711,2.49817,0,0.00162578,0.00162578,0.00162578
191,868.552,1.82977,2.25448,1.72098,1.85379,0,0.24119,0.22727,0.13437,0.04554,0.03664,0.02273,0.00258,0.00096,2.37654,1.83299,2.68854,2.49817,0,0.0016238,0.0016238,0.0016238
192,872.958,1.78098,2.10378,1.70498,1.81523,0,0.24119,0.22727,0.13437,0.04554,0.03664,0.02273,0.00258,0.00096,2.37654,1.83299,2.68854,2.49817,0,0.00162182,0.00162182,0.00162182
193,877.607,1.7358,2.11517,1.65611,1.80616,0,0.12845,0.22727,0.08781,0.02979,0.02269,0.04545,0.0016,0.00027,2.45738,1.87014,2.79931,2.50811,0,0.00161984,0.00161984,0.00161984
194,882.023,1.78365,2.04512,1.63908,1.819,0,0.21525,0.20455,0.11007,0.04126,0.02392,0.02273,0.00111,0.00039,2.24638,1.87975,2.84988,2.38782,0,0.00161786,0.00161786,0.00161786
195,886.398,1.75255,2.04957,1.62313,1.81616,0,0.23294,0.25,0.13328,0.04899,0.04496,0.04545,0.00545,0.00086,2.16488,1.76037,2.75708,2.36418,0,0.00161588,0.00161588,0.00161588
196,890.793,1.69227,2.16522,1.64543,1.82854,0,0.21365,0.25,0.1397,0.05223,0.11945,0.09091,0.01908,0.0023,2.22949,1.7733,2.64455,2.39544,0,0.0016139,0.0016139,0.0016139
197,895.194,1.77031,2.12337,1.69336,1.85625,0,0.3521,0.19782,0.16212,0.06336,0.09395,0.04545,0.01037,0.00118,2.2236,1.78419,2.53917,2.4055,0,0.00161192,0.00161192,0.00161192
198,899.642,1.79121,2.0863,1.69712,1.87014,0,0.3521,0.19782,0.16212,0.06336,0.09395,0.04545,0.01037,0.00118,2.2236,1.78419,2.53917,2.4055,0,0.00160994,0.00160994,0.00160994
199,904.063,1.75414,2.09068,1.60772,1.82255,0,0.35196,0.20455,0.20449,0.07821,0.03724,0.02273,0.0017,0.00032,2.20358,1.77208,2.59347,2.34153,0,0.00160796,0.00160796,0.00160796
200,908.646,1.72878,2.16423,1.57135,1.76631,0,0.19853,0.31818,0.17659,0.07426,0.0094,0.02273,0.0006,0.00018,2.28058,1.7392,2.46568,2.3809,0,0.00160598,0.00160598,0.00160598
201,913.045,1.7754,2.09368,1.63099,1.80011,0,0.20206,0.43182,0.21485,0.082,0.01159,0.02273,0.00054,0.00018,2.3178,1.79321,2.3832,2.37986,0,0.001604,0.001604,0.001604
202,917.593,1.7599,2.10911,1.60281,1.82265,0,0.22847,0.38636,0.30541,0.10159,0.01344,0.02273,0.00076,0.0002,2.29488,1.76019,2.32461,2.36536,0,0.00160202,0.00160202,0.00160202
203,922.058,1.65809,2.04623,1.53093,1.76082,0,0.22847,0.38636,0.30541,0.10159,0.01344,0.02273,0.00076,0.0002,2.29488,1.76019,2.32461,2.36536,0,0.00160004,0.00160004,0.00160004
204,926.441,1.78613,2.22386,1.65304,1.83297,0,0.40525,0.31818,0.29634,0.10548,0.04776,0.04545,0.0041,0.00069,2.16477,1.69209,2.19638,2.29062,0,0.00159806,0.00159806,0.00159806
205,931.083,1.71265,2.12506,1.54439,1.78429,0,0.37701,0.29545,0.30036,0.11494,0.02418,0.06818,0.005,0.00103,2.1385,1.67889,2.11088,2.35664,0,0.00159608,0.00159608,0.00159608
206,935.605,1.72539,2.17702,1.58526,1.799,0,0.41222,0.27102,0.29041,0.10862,0.02212,0.09091,0.00407,0.001,2.18818,1.70177,2.13831,2.39004,0,0.0015941,0.0015941,0.0015941
207,940.174,1.73466,2.12723,1.53921,1.77819,0,0.38443,0.25562,0.31822,0.11911,0.027,0.04545,0.0029,0.00053,2.18135,1.74141,2.19245,2.43416,0,0.00159212,0.00159212,0.00159212
208,944.652,1.70436,2.06274,1.54945,1.76357,0,0.38443,0.25562,0.31822,0.11911,0.027,0.04545,0.0029,0.00053,2.18135,1.74141,2.19245,2.43416,0,0.00159014,0.00159014,0.00159014
209,949.139,1.68799,2.11841,1.60037,1.79297,0,0.29363,0.38636,0.3008,0.11456,0.01074,0.02273,0.0009,0.00017,2.29761,1.80218,2.43801,2.45194,0,0.00158816,0.00158816,0.00158816
210,953.551,1.6516,2.2479,1.55079,1.73525,0,0.20338,0.38636,0.22805,0.08506,0.00986,0.02273,0.00074,0.00017,2.25957,1.76975,2.56195,2.36993,0,0.00158618,0.00158618,0.00158618
211,958.104,1.74379,2.16055,1.57834,1.77986,0,0.24778,0.43182,0.27054,0.0931,0.03116,0.06818,0.00393,0.00053,2.19335,1.75513,2.3809,2.31034,0,0.0015842,0.0015842,0.0015842
212,962.447,1.67207,2.12927,1.5279,1.71848,0,0.30297,0.34091,0.29308,0.1016,0.02852,0.06818,0.00466,0.00068,2.13668,1.70605,2.32954,2.27807,0,0.00158222,0.00158222,0.00158222
213,966.892,1.71993,2.14636,1.58798,1.76879,0,0.36507,0.31818,0.28782,0.10151,0.02512,0.02273,0.00165,0.00039,2.14186,1.70558,2.30339,2.32115,0,0.00158024,0.00158024,0.00158024
214,971.475,1.76004,2.11993,1.59276,1.85137,0,0.36507,0.31818,0.28782,0.10151,0.02512,0.02273,0.00165,0.00039,2.14186,1.70558,2.30339,2.32115,0,0.00157826,0.00157826,0.00157826
215,975.786,1.79651,2.18252,1.61356,1.82421,0,0.3542,0.20455,0.2654,0.09467,0.05746,0.02273,0.00351,0.00067,2.13268,1.71397,2.31837,2.2904,0,0.00157628,0.00157628,0.00157628
216,980.242,1.73396,2.16642,1.54351,1.80412,0,0.23916,0.34091,0.23307,0.08809,0.03909,0.11364,0.00886,0.00158,2.19517,1.7371,2.26936,2.2887,0,0.0015743,0.0015743,0.0015743
217,984.694,1.6842,2.03578,1.51262,1.7621,0,0.1711,0.35191,0.24598,0.09886,0.05268,0.11364,0.01619,0.00276,2.2391,1.73605,2.22167,2.31856,0,0.00157232,0.00157232,0.00157232
218,989.092,1.64304,2.08785,1.47416,1.71774,0,0.1874,0.25,0.18144,0.06252,0.05954,0.11364,0.02018,0.00359,2.21867,1.73579,2.31204,2.38684,0,0.00157034,0.00157034,0.00157034
219,993.479,1.77143,2.07195,1.56344,1.80938,0,0.1874,0.25,0.18144,0.06252,0.05954,0.11364,0.02018,0.00359,2.21867,1.73579,2.31204,2.38684,0,0.00156836,0.00156836,0.00156836
220,998.19,1.72715,2.20079,1.52767,1.80767,0,0.24658,0.29545,0.17933,0.0647,0.06301,0.06818,0.01498,0.00218,2.31159,1.76255,2.41725,2.45552,0,0.00156638,0.00156638,0.00156638
221,1002.62,1.66454,2.01284,1.48114,1.75238,0,0.30762,0.45439,0.25783,0.09913,0.01495,0.04545,0.00169,0.00027,2.26719,1.77431,2.38354,2.37122,0,0.0015644,0.0015644,0.0015644
222,1007.05,1.75096,2.10033,1.59828,1.81189,0,0.34101,0.40909,0.26077,0.09701,0.02189,0.04545,0.00333,0.0004,2.1901,1.77417,2.31816,2.34927,0,0.00156242,0.00156242,0.00156242
223,1011.42,1.72182,2.2428,1.59006,1.80647,0,0.35755,0.35429,0.26425,0.08838,0.07616,0.06818,0.01215,0.00213,2.1469,1.72208,2.25039,2.32721,0,0.00156044,0.00156044,0.00156044
224,1015.79,1.65989,2.10638,1.51454,1.73994,0,0.35755,0.35429,0.26425,0.08838,0.07616,0.06818,0.01215,0.00213,2.1469,1.72208,2.25039,2.32721,0,0.00155846,0.00155846,0.00155846
225,1020.22,1.63569,2.10358,1.50926,1.69763,0,0.30544,0.36988,0.26013,0.09495,0.06753,0.09091,0.03624,0.00696,2.11969,1.73004,2.21138,2.38828,0,0.00155648,0.00155648,0.00155648
226,1024.7,1.76435,2.2002,1.56031,1.82536,0,0.35858,0.34309,0.29038,0.09677,0.09503,0.09091,0.03859,0.00722,2.17245,1.74683,2.35454,2.44025,0,0.0015545,0.0015545,0.0015545
227,1029.34,1.62502,2.03131,1.45691,1.68027,0,0.27876,0.31818,0.25148,0.08913,0.04085,0.04545,0.01787,0.00474,2.14911,1.76779,2.45797,2.42186,0,0.00155252,0.00155252,0.00155252
228,1033.83,1.6436,2.10563,1.46202,1.69668,0,0.26787,0.22727,0.15088,0.06006,0.06133,0.04545,0.0081,0.00141,2.3355,1.77895,2.70876,2.4968,0,0.00155054,0.00155054,0.00155054
229,1038.15,1.71144,2.20706,1.5538,1.77596,0,0.29157,0.20455,0.17638,0.06191,0.06559,0.04545,0.01188,0.00173,2.24653,1.72911,2.59906,2.41913,0,0.00154856,0.00154856,0.00154856
230,1042.67,1.69394,2.03587,1.51777,1.78037,0,0.29157,0.20455,0.17638,0.06191,0.06559,0.04545,0.01188,0.00173,2.24653,1.72911,2.59906,2.41913,0,0.00154658,0.00154658,0.00154658
231,1047.08,1.64846,2.05346,1.45326,1.73435,0,0.27516,0.45455,0.27531,0.09418,0.06348,0.13636,0.01492,0.00179,2.23612,1.68954,2.38616,2.43171,0,0.0015446,0.0015446,0.0015446
232,1051.47,1.69462,2.17751,1.47663,1.73747,0,0.25116,0.47727,0.27319,0.08874,0.07028,0.06818,0.00888,0.0012,2.24645,1.68109,2.37925,2.42552,0,0.00154262,0.00154262,0.00154262
233,1055.9,1.6673,2.10478,1.54798,1.78603,0,0.26846,0.40909,0.27045,0.09801,0.02956,0.04545,0.00544,0.00093,2.21722,1.7377,2.3792,2.39245,0,0.00154064,0.00154064,0.00154064
234,1060.42,1.63984,2.11436,1.46177,1.75056,0,0.28428,0.40909,0.26883,0.10243,0.04546,0.06818,0.00839,0.00123,2.18222,1.76639,2.34708,2.35706,0,0.00153866,0.00153866,0.00153866
235,1064.9,1.60632,2.07657,1.42644,1.67331,0,0.28428,0.40909,0.26883,0.10243,0.04546,0.06818,0.00839,0.00123,2.18222,1.76639,2.34708,2.35706,0,0.00153668,0.00153668,0.00153668
236,1069.35,1.66617,2.21235,1.47326,1.70932,0,0.27303,0.43182,0.25043,0.09871,0.0612,0.09091,0.01187,0.00176,2.10018,1.7656,2.408,2.31759,0,0.0015347,0.0015347,0.0015347
237,1073.81,1.64954,2.07295,1.482,1.69078,0,0.37559,0.27273,0.25516,0.09719,0.06152,0.04545,0.00774,0.00196,2.0838,1.75685,2.39613,2.328,0,0.00153272,0.00153272,0.00153272
238,1078.29,1.61786,2.07344,1.50623,1.69641,0,0.34279,0.27273,0.22056,0.08014,0.05257,0.02273,0.00443,0.0011,2.14129,1.74099,2.71447,2.37272,0,0.00153074,0.00153074,0.00153074
239,1082.72,1.67382,2.03063,1.47635,1.71933,0,0.41362,0.25,0.23618,0.08688,0.02154,0.09091,0.0048,0.00093,2.12037,1.70712,2.61171,2.36413,0,0.00152876,0.00152876,0.00152876
240,1087.2,1.62145,2.09654,1.43246,1.6853,0,0.41362,0.25,0.23618,0.08688,0.02154,0.09091,0.0048,0.00093,2.12037,1.70712,2.61171,2.36413,0,0.00152678,0.00152678,0.00152678
241,1091.87,1.66285,2.09017,1.45841,1.7283,0,0.22005,0.44249,0.2539,0.08503,0.03546,0.04545,0.00427,0.00114,2.11262,1.70663,2.44416,2.35318,0,0.0015248,0.0015248,0.0015248
242,1096.24,1.70059,2.0824,1.46231,1.72666,0,0.26204,0.46815,0.2125,0.07647,0.02942,0.04545,0.0055,0.0015,2.17759,1.68907,2.39974,2.36169,0,0.00152282,0.00152282,0.00152282
243,1100.67,1.63609,2.1202,1.45239,1.72953,0,0.26977,0.45455,0.19068,0.06724,0.04614,0.02273,0.00387,0.00111,2.18074,1.66467,2.51784,2.35136,0,0.00152084,0.00152084,0.00152084
244,1105.11,1.70854,2.02032,1.39842,1.77385,0,0.3152,0.40909,0.22706,0.08516,0.03185,0.04545,0.00259,0.0006,2.17137,1.69432,2.3534,2.28559,0,0.00151886,0.00151886,0.00151886
245,1109.53,1.7049,2.0166,1.44498,1.76572,0,0.29862,0.40909,0.21754,0.0725,0.01726,0.02273,0.00148,0.00028,2.30694,1.73904,2.47296,2.34591,0,0.00151688,0.00151688,0.00151688
246,1113.84,1.61821,2.03738,1.39791,1.67457,0,0.29862,0.40909,0.21754,0.0725,0.01726,0.02273,0.00148,0.00028,2.30694,1.73904,2.47296,2.34591,0,0.0015149,0.0015149,0.0015149
247,1118.44,1.66583,2.11175,1.46981,1.68668,0,0.24546,0.31818,0.15002,0.04469,0.02225,0.04545,0.00246,0.0004,2.51471,1.78044,2.77592,2.5339,0,0.00151292,0.00151292,0.00151292
248,1122.83,1.65922,2.1035,1.42204,1.71047,0,0.25255,0.30727,0.152,0.05773,0.04185,0.09091,0.00445,0.00094,2.36475,1.71437,2.5836,2.36222,0,0.00151094,0.00151094,0.00151094
249,1127.32,1.68673,2.14729,1.43954,1.74095,0,0.27344,0.40909,0.17635,0.06819,0.03051,0.04545,0.00442,0.00054,2.28178,1.68072,2.50977,2.34459,0,0.00150896,0.00150896,0.00150896
250,1131.68,1.68667,2.27658,1.52237,1.76402,0,0.25203,0.34091,0.17011,0.06103,0.04572,0.04545,0.00572,0.00075,2.37289,1.7392,2.60258,2.54034,0,0.00150698,0.00150698,0.00150698
251,1136.13,1.6191,2.02804,1.41378,1.6693,0,0.25203,0.34091,0.17011,0.06103,0.04572,0.04545,0.00572,0.00075,2.37289,1.7392,2.60258,2.54034,0,0.001505,0.001505,0.001505
252,1140.43,1.65029,2.15504,1.54177,1.76456,0,0.21143,0.22727,0.09135,0.03136,0.07397,0.02273,0.00383,0.00094,2.56196,1.91766,2.89563,2.72895,0,0.00150302,0.00150302,0.00150302
253,1144.83,1.65122,2.14773,1.46299,1.72105,0,0.27871,0.20455,0.14672,0.04667,0.03462,0.04545,0.00543,0.00161,2.5038,1.92171,3.00059,2.59239,0,0.00150104,0.00150104,0.00150104
254,1149.34,1.61164,1.95815,1.41369,1.69252,0,0.37565,0.27273,0.22522,0.08477,0.07355,0.04545,0.01047,0.00393,2.37684,1.77218,2.60068,2.41644,0,0.00149906,0.00149906,0.00149906
255,1153.74,1.59984,2.04705,1.44948,1.68539,0,0.36162,0.45455,0.29581,0.11151,0.07076,0.09091,0.01426,0.00297,2.28942,1.69445,2.35764,2.45548,0,0.00149708,0.00149708,0.00149708
256,1158.14,1.5576,2.00824,1.37926,1.64223,0,0.36162,0.45455,0.29581,0.11151,0.07076,0.09091,0.01426,0.00297,2.28942,1.69445,2.35764,2.45548,0,0.0014951,0.0014951,0.0014951
257,1162.52,1.5742,2.02574,1.37428,1.6462,0,0.38917,0.40909,0.30281,0.10324,0.04849,0.09091,0.00914,0.00221,2.15428,1.68097,2.23936,2.39798,0,0.00149312,0.00149312,0.00149312
258,1166.91,1.55433,1.91008,1.39484,1.64446,0,0.212,0.47727,0.26372,0.09191,0.05887,0.04545,0.00637,0.00157,2.11887,1.6775,2.27939,2.33372,0,0.00149114,0.00149114,0.00149114
259,1171.33,1.62245,2.15374,1.41596,1.68296,0,0.21694,0.5,0.23867,0.08774,0.04327,0.04545,0.00493,0.00151,2.07583,1.65588,2.3486,2.27925,0,0.00148916,0.00148916,0.00148916
260,1175.9,1.55359,1.97159,1.39082,1.65913,0,0.20554,0.47727,0.19889,0.07709,0.02753,0.04545,0.00233,0.00073,2.07305,1.65043,2.32862,2.23756,0,0.00148718,0.00148718,0.00148718
261,1180.52,1.63122,2.11348,1.3753,1.71351,0,0.24671,0.38636,0.2179,0.0821,0.04354,0.06818,0.00842,0.00153,2.14512,1.66695,2.26891,2.31598,0,0.0014852,0.0014852,0.0014852
262,1184.88,1.61566,2.0065,1.41546,1.68271,0,0.24671,0.38636,0.2179,0.0821,0.04354,0.06818,0.00842,0.00153,2.14512,1.66695,2.26891,2.31598,0,0.00148322,0.00148322,0.00148322
263,1189.34,1.60143,2.03291,1.41574,1.68609,0,0.23044,0.37438,0.19164,0.07971,0.04756,0.04545,0.00559,0.00135,2.09209,1.71354,2.43352,2.3284,0,0.00148124,0.00148124,0.00148124
264,1193.82,1.65618,1.98106,1.45616,1.71384,0,0.25617,0.34091,0.22098,0.08119,0.08672,0.04545,0.00746,0.00143,2.02317,1.72292,2.42596,2.25706,0,0.00147926,0.00147926,0.00147926
265,1198.3,1.64412,2.09359,1.40325,1.70814,0,0.24048,0.37427,0.29923,0.10325,0.04701,0.02273,0.0042,0.00111,2.10129,1.70296,2.25503,2.29099,0,0.00147728,0.00147728,0.00147728
266,1202.72,1.64499,2.05401,1.47952,1.70166,0,0.24491,0.35392,0.28215,0.09644,0.04205,0.02273,0.00319,0.00087,2.16254,1.71579,2.29518,2.32759,0,0.0014753,0.0014753,0.0014753
267,1207.25,1.56608,2.06999,1.41322,1.6343,0,0.24491,0.35392,0.28215,0.09644,0.04205,0.02273,0.00319,0.00087,2.16254,1.71579,2.29518,2.32759,0,0.00147332,0.00147332,0.00147332
268,1211.71,1.69949,2.12228,1.48971,1.74678,0,0.26867,0.36364,0.25027,0.08747,0.04173,0.02273,0.00292,0.00079,2.14827,1.77422,2.4078,2.32836,0,0.00147134,0.00147134,0.00147134
269,1216.17,1.58681,1.98662,1.39818,1.63201,0,0.236,0.36364,0.25858,0.09002,0.05794,0.02273,0.00421,0.00098,2.14899,1.73715,2.30533,2.33203,0,0.00146936,0.00146936,0.00146936
270,1220.64,1.58556,2.03393,1.36809,1.65349,0,0.35476,0.29545,0.32302,0.09838,0.02661,0.06818,0.00511,0.00097,2.18397,1.70223,2.10654,2.38649,0,0.00146738,0.00146738,0.00146738
271,1225.06,1.54975,2.09084,1.35284,1.63516,0,0.25092,0.45455,0.27416,0.10176,0.0506,0.13636,0.00973,0.00137,2.1698,1.69641,2.15883,2.39429,0,0.0014654,0.0014654,0.0014654
272,1229.5,1.64985,2.05904,1.4371,1.70283,0,0.25092,0.45455,0.27416,0.10176,0.0506,0.13636,0.00973,0.00137,2.1698,1.69641,2.15883,2.39429,0,0.00146342,0.00146342,0.00146342
273,1233.83,1.55105,1.98019,1.40665,1.66766,0,0.26208,0.34091,0.19374,0.08038,0.02732,0.09091,0.00384,0.00083,2.17717,1.69408,2.3861,2.34196,0,0.00146144,0.00146144,0.00146144
274,1238.44,1.62316,2.10895,1.42206,1.68768,0,0.24512,0.38636,0.21558,0.09417,0.03158,0.09091,0.00394,0.00072,2.20862,1.71198,2.36864,2.32133,0,0.00145946,0.00145946,0.00145946
275,1242.85,1.64602,2.12174,1.38822,1.71894,0,0.29912,0.34091,0.25993,0.09814,0.03942,0.06818,0.00387,0.00084,2.17288,1.69866,2.3516,2.34601,0,0.00145748,0.00145748,0.00145748
276,1247.3,1.54878,2.01336,1.35103,1.63381,0,0.37593,0.36364,0.26992,0.10025,0.05761,0.13636,0.01075,0.00197,2.18783,1.70259,2.28209,2.37131,0,0.0014555,0.0014555,0.0014555
277,1251.76,1.5804,2.05068,1.366,1.69647,0,0.30082,0.31818,0.21961,0.07996,0.04212,0.15909,0.01147,0.00173,2.2487,1.74256,2.41398,2.36463,0,0.00145352,0.00145352,0.00145352
278,1256.1,1.54551,1.98383,1.3635,1.65984,0,0.30082,0.31818,0.21961,0.07996,0.04212,0.15909,0.01147,0.00173,2.2487,1.74256,2.41398,2.36463,0,0.00145154,0.00145154,0.00145154
279,1260.62,1.54791,2.0658,1.39457,1.65156,0,0.21805,0.31818,0.17588,0.07504,0.04642,0.06818,0.00622,0.0008,2.16309,1.76603,2.57125,2.32506,0,0.00144956,0.00144956,0.00144956
280,1265.12,1.52003,2.07362,1.35153,1.60131,0,0.30188,0.22727,0.18535,0.08309,0.05984,0.06818,0.00595,0.001,2.17666,1.73453,2.46173,2.45056,0,0.00144758,0.00144758,0.00144758
281,1269.58,1.57675,2.02023,1.39459,1.65781,0,0.33879,0.34091,0.26385,0.11278,0.0516,0.06818,0.00614,0.00098,2.161,1.70518,2.36841,2.38388,0,0.0014456,0.0014456,0.0014456
282,1273.99,1.56652,2.066,1.36099,1.67218,0,0.35388,0.47727,0.33472,0.13652,0.04814,0.06818,0.0048,0.00087,2.1656,1.69478,2.22363,2.37605,0,0.00144362,0.00144362,0.00144362
283,1278.38,1.59264,2.03303,1.34624,1.6811,0,0.35388,0.47727,0.33472,0.13652,0.04814,0.06818,0.0048,0.00087,2.1656,1.69478,2.22363,2.37605,0,0.00144164,0.00144164,0.00144164
284,1282.81,1.57218,1.99228,1.3991,1.64641,0,0.39632,0.41789,0.33643,0.12895,0.05575,0.06818,0.00701,0.0012,2.16359,1.67575,2.25079,2.3228,0,0.00143966,0.00143966,0.00143966
285,1287.19,1.57549,2.02424,1.35804,1.68814,0,0.43423,0.36364,0.22598,0.08991,0.02123,0.04545,0.00257,0.00047,2.26398,1.69315,2.43536,2.37146,0,0.00143768,0.00143768,0.00143768
286,1291.57,1.63499,2.11386,1.41092,1.6669,0,0.38942,0.34091,0.25092,0.09799,0.03257,0.04545,0.00326,0.00054,2.3213,1.74566,2.38614,2.44858,0,0.0014357,0.0014357,0.0014357
287,1295.96,1.58404,2.11063,1.41866,1.64546,0,0.40497,0.31818,0.30979,0.1201,0.0728,0.06818,0.00842,0.00114,2.25195,1.71934,2.2196,2.41943,0,0.00143372,0.00143372,0.00143372
288,1300.4,1.564,2.0078,1.36229,1.61696,0,0.40497,0.31818,0.30979,0.1201,0.0728,0.06818,0.00842,0.00114,2.25195,1.71934,2.2196,2.41943,0,0.00143174,0.00143174,0.00143174
289,1304.89,1.56141,1.99842,1.33952,1.63756,0,0.30901,0.34091,0.29856,0.1291,0.05267,0.06818,0.00793,0.00148,2.26996,1.68258,2.1385,2.49075,0,0.00142976,0.00142976,0.00142976
290,1309.5,1.57133,2.05076,1.38736,1.66317,0,0.37489,0.42265,0.32381,0.12545,0.06545,0.09091,0.01111,0.00163,2.27042,1.72955,2.16796,2.51459,0,0.00142778,0.00142778,0.00142778
291,1313.97,1.57209,2.05064,1.38729,1.64775,0,0.34617,0.36364,0.29647,0.13965,0.12306,0.06818,0.01954,0.00289,2.21166,1.66313,2.13066,2.47412,0,0.0014258,0.0014258,0.0014258
292,1318.46,1.59133,1.922,1.37519,1.66201,0,0.38182,0.34091,0.33278,0.15052,0.15686,0.06818,0.02955,0.00509,2.10575,1.62346,2.11442,2.34564,0,0.00142382,0.00142382,0.00142382
293,1322.88,1.58999,2.01228,1.38086,1.63924,0,0.46237,0.36364,0.33849,0.14549,0.07379,0.15909,0.02375,0.00423,2.11903,1.62668,2.18266,2.29308,0,0.00142184,0.00142184,0.00142184
294,1327.34,1.57363,2.02292,1.41977,1.64809,0,0.46237,0.36364,0.33849,0.14549,0.07379,0.15909,0.02375,0.00423,2.11903,1.62668,2.18266,2.29308,0,0.00141986,0.00141986,0.00141986
295,1331.85,1.50432,2.02267,1.34226,1.65788,0,0.49815,0.34091,0.38157,0.16119,0.04763,0.09091,0.01625,0.00377,2.12032,1.62658,2.09343,2.2984,0,0.00141788,0.00141788,0.00141788
296,1336.36,1.51702,2.0132,1.3217,1.59266,0,0.66251,0.31251,0.38025,0.15072,0.02487,0.09091,0.00672,0.00174,2.18443,1.64456,2.17519,2.34822,0,0.0014159,0.0014159,0.0014159
297,1340.81,1.52896,1.97374,1.30365,1.63176,0,0.38823,0.29545,0.32791,0.1173,0.02257,0.13636,0.00498,0.00099,2.18153,1.65773,2.37675,2.34537,0,0.00141392,0.00141392,0.00141392
298,1345.23,1.50565,1.94475,1.29138,1.59695,0,0.53498,0.22727,0.31357,0.11738,0.02447,0.11364,0.0057,0.00141,2.22062,1.67448,2.33025,2.42916,0,0.00141194,0.00141194,0.00141194
299,1349.79,1.48733,1.96283,1.3058,1.58997,0,0.53498,0.22727,0.31357,0.11738,0.02447,0.11364,0.0057,0.00141,2.22062,1.67448,2.33025,2.42916,0,0.00140996,0.00140996,0.00140996
300,1354.3,1.5334,2.03078,1.29835,1.59747,0,0.27914,0.38636,0.3038,0.12136,0.07397,0.04545,0.01228,0.00179,2.19765,1.71102,2.31027,2.45223,0,0.00140798,0.00140798,0.00140798
301,1358.94,1.51825,1.98757,1.34995,1.61116,0,0.34434,0.43182,0.31412,0.12086,0.04724,0.06818,0.01071,0.00152,2.15092,1.77778,2.19272,2.36149,0,0.001406,0.001406,0.001406
302,1363.3,1.56018,1.92605,1.31957,1.62035,0,0.4587,0.45455,0.38093,0.1378,0.0568,0.09091,0.01226,0.00194,2.15351,1.73666,2.09675,2.30891,0,0.00140402,0.00140402,0.00140402
303,1367.68,1.4895,2.06399,1.2735,1.56974,0,0.45791,0.45455,0.40489,0.15543,0.09834,0.04545,0.01502,0.00183,2.17235,1.68697,2.11121,2.29449,0,0.00140204,0.00140204,0.00140204
304,1372.04,1.55051,1.94001,1.30437,1.61779,0,0.45791,0.45455,0.40489,0.15543,0.09834,0.04545,0.01502,0.00183,2.17235,1.68697,2.11121,2.29449,0,0.00140006,0.00140006,0.00140006
305,1376.49,1.6463,2.14382,1.43271,1.71087,0,0.34792,0.47727,0.39088,0.15028,0.01672,0.02273,0.00163,0.00036,2.13076,1.71891,2.31465,2.25249,0,0.00139808,0.00139808,0.00139808
306,1380.87,1.51598,1.97656,1.3063,1.60562,0,0.31114,0.45455,0.3821,0.14266,0.04004,0.06818,0.01178,0.00137,2.04956,1.70099,2.38636,2.25826,0,0.0013961,0.0013961,0.0013961
307,1385.33,1.61822,1.98522,1.33926,1.67366,0,0.34156,0.45455,0.34608,0.13234,0.52732,0.04545,0.03684,0.00403,2.0944,1.65348,2.30085,2.29251,0,0.00139412,0.00139412,0.00139412
308,1389.99,1.50979,1.95121,1.27534,1.58658,0,0.31022,0.45455,0.27329,0.12131,0.089,0.06818,0.02186,0.00298,2.11715,1.66426,2.11141,2.34382,0,0.00139214,0.00139214,0.00139214
309,1394.44,1.48946,1.97792,1.24141,1.59999,0,0.24353,0.5,0.26419,0.11776,0.09506,0.11364,0.01864,0.00286,2.05024,1.63668,2.10105,2.32075,0,0.00139016,0.00139016,0.00139016
310,1398.9,1.56537,1.98615,1.30272,1.62243,0,0.24353,0.5,0.26419,0.11776,0.09506,0.11364,0.01864,0.00286,2.05024,1.63668,2.10105,2.32075,0,0.00138818,0.00138818,0.00138818
311,1403.28,1.63304,2.0131,1.36417,1.67581,0,0.25325,0.5,0.2387,0.1107,0.07605,0.06818,0.01041,0.00203,2.0433,1.64377,2.10206,2.30092,0,0.0013862,0.0013862,0.0013862
312,1407.7,1.54291,1.97911,1.32752,1.63388,0,0.29609,0.47727,0.26829,0.11797,0.08046,0.06818,0.0116,0.00198,2.0334,1.66841,2.12413,2.28773,0,0.00138422,0.00138422,0.00138422
313,1412.13,1.43742,2.00389,1.20752,1.52114,0,0.27342,0.47727,0.27063,0.12238,0.07349,0.06818,0.0111,0.00178,2.03392,1.67955,2.1964,2.29187,0,0.00138224,0.00138224,0.00138224
314,1416.56,1.54147,2.08768,1.26923,1.60598,0,0.29244,0.54545,0.30738,0.12971,0.10683,0.09091,0.0178,0.00283,2.05533,1.66031,2.11755,2.33682,0,0.00138026,0.00138026,0.00138026
315,1420.96,1.53208,2.00668,1.32994,1.6178,0,0.29244,0.54545,0.30738,0.12971,0.10683,0.09091,0.0178,0.00283,2.05533,1.66031,2.11755,2.33682,0,0.00137828,0.00137828,0.00137828
316,1425.34,1.49819,1.95558,1.26547,1.61911,0,0.21062,0.43182,0.27408,0.12093,0.12178,0.09091,0.02877,0.00373,2.04051,1.67216,2.13873,2.30505,0,0.0013763,0.0013763,0.0013763
317,1429.82,1.53467,2.01348,1.27102,1.61588,0,0.39717,0.31454,0.28192,0.12059,0.11712,0.06818,0.03644,0.00436,2.00481,1.66513,2.13131,2.28175,0,0.00137432,0.00137432,0.00137432
318,1434.29,1.46222,1.99161,1.25139,1.58661,0,0.34577,0.40909,0.27564,0.13038,0.13503,0.04545,0.04064,0.01125,2.01448,1.65282,2.18783,2.30718,0,0.00137234,0.00137234,0.00137234
319,1438.61,1.55552,1.97595,1.35194,1.6608,0,0.25702,0.46392,0.30466,0.15443,0.15555,0.06818,0.04657,0.00661,1.99801,1.68562,2.1351,2.25488,0,0.00137036,0.00137036,0.00137036
320,1443.08,1.54581,1.96042,1.31719,1.65705,0,0.25702,0.46392,0.30466,0.15443,0.15555,0.06818,0.04657,0.00661,1.99801,1.68562,2.1351,2.25488,0,0.00136838,0.00136838,0.00136838
321,1447.56,1.46683,1.96788,1.23474,1.5739,0,0.30396,0.47727,0.31211,0.15459,0.1682,0.04545,0.02063,0.00394,1.95154,1.68796,2.07773,2.19839,0,0.0013664,0.0013664,0.0013664
322,1452.05,1.51474,1.97645,1.28713,1.62164,0,0.2577,0.47727,0.31778,0.14921,0.1196,0.04545,0.01235,0.00237,1.91629,1.66114,2.14891,2.19103,0,0.00136442,0.00136442,0.00136442
323,1456.46,1.45454,1.90007,1.24092,1.55499,0,0.29573,0.34091,0.28602,0.13148,0.10554,0.06818,0.02443,0.00589,2.09428,1.64369,2.12233,2.35379,0,0.00136244,0.00136244,0.00136244
324,1460.87,1.52293,1.98511,1.31235,1.58949,0,0.36525,0.22727,0.24662,0.10613,0.05154,0.06818,0.0195,0.00385,2.2384,1.68591,2.27473,2.41749,0,0.00136046,0.00136046,0.00136046
325,1465.4,1.45315,1.93866,1.25246,1.55841,0,0.35453,0.25,0.22147,0.10296,0.03941,0.09091,0.03359,0.0064,2.25488,1.70886,2.38195,2.42105,0,0.00135848,0.00135848,0.00135848
326,1469.73,1.48552,2.00218,1.2726,1.57519,0,0.35453,0.25,0.22147,0.10296,0.03941,0.09091,0.03359,0.0064,2.25488,1.70886,2.38195,2.42105,0,0.0013565,0.0013565,0.0013565
327,1474.16,1.47475,2.02506,1.24735,1.60105,0,0.23602,0.29545,0.21498,0.08922,0.09587,0.11364,0.01756,0.00357,2.20034,1.69448,2.40198,2.42205,0,0.00135452,0.00135452,0.00135452
328,1478.87,1.51665,1.93355,1.24524,1.61752,0,0.25303,0.34091,0.22738,0.0915,0.08266,0.09091,0.02066,0.00462,2.04044,1.6622,2.35245,2.27234,0,0.00135254,0.00135254,0.00135254
329,1483.27,1.49164,1.98184,1.28951,1.58203,0,0.3513,0.36364,0.2396,0.09959,0.03687,0.09091,0.01838,0.00367,1.99273,1.67564,2.33217,2.21783,0,0.00135056,0.00135056,0.00135056
330,1487.59,1.5021,1.98189,1.28586,1.60252,0,0.37899,0.43,0.30571,0.13852,0.06049,0.06818,0.03507,0.00929,1.98393,1.69176,2.19567,2.22505,0,0.00134858,0.00134858,0.00134858
331,1491.98,1.49069,1.96645,1.27468,1.58969,0,0.37899,0.43,0.30571,0.13852,0.06049,0.06818,0.03507,0.00929,1.98393,1.69176,2.19567,2.22505,0,0.0013466,0.0013466,0.0013466
332,1496.4,1.52756,1.95126,1.30913,1.62556,0,0.31312,0.5,0.37954,0.15862,0.1119,0.06818,0.04043,0.0077,1.99026,1.69977,2.02712,2.24829,0,0.00134462,0.00134462,0.00134462
333,1500.85,1.50828,1.93154,1.27993,1.59837,0,0.44996,0.31818,0.34681,0.14436,0.12146,0.06818,0.03969,0.00828,2.00148,1.72411,1.99812,2.26871,0,0.00134264,0.00134264,0.00134264
334,1505.28,1.49605,2.0197,1.30335,1.57033,0,0.33204,0.40909,0.34253,0.1525,0.07951,0.09091,0.03665,0.00772,2.03495,1.69515,2.0548,2.27428,0,0.00134066,0.00134066,0.00134066
335,1509.89,1.50654,1.9709,1.2515,1.60185,0,0.36347,0.29545,0.2756,0.12446,0.12728,0.04545,0.03326,0.00985,2.07459,1.68536,2.27348,2.29682,0,0.00133868,0.00133868,0.00133868
336,1514.22,1.50461,1.99202,1.26697,1.57266,0,0.36347,0.29545,0.2756,0.12446,0.12728,0.04545,0.03326,0.00985,2.07459,1.68536,2.27348,2.29682,0,0.0013367,0.0013367,0.0013367
337,1518.64,1.46901,2.06968,1.24972,1.58561,0,0.33839,0.34091,0.26627,0.10927,0.08945,0.09091,0.0358,0.00674,2.12063,1.71405,2.31507,2.30859,0,0.00133472,0.00133472,0.00133472
338,1523.14,1.44567,1.94197,1.25363,1.57984,0,0.27219,0.29545,0.20508,0.09055,0.10539,0.11364,0.03951,0.00703,2.15881,1.67063,2.22622,2.36851,0,0.00133274,0.00133274,0.00133274
339,1527.63,1.50463,1.92955,1.24739,1.60661,0,0.30429,0.22727,0.19742,0.07895,0.10273,0.04545,0.02169,0.00247,2.14379,1.6202,2.298,2.40072,0,0.00133076,0.00133076,0.00133076
340,1532.04,1.48961,1.9905,1.26466,1.57992,0,0.35784,0.31818,0.24121,0.09028,0.3077,0.02273,0.01622,0.00192,2.12884,1.60596,2.36714,2.38083,0,0.00132878,0.00132878,0.00132878
341,1536.45,1.47264,1.91476,1.2523,1.57822,0,0.35062,0.29545,0.23804,0.08863,0.1881,0.02273,0.01099,0.00134,2.14928,1.64518,2.3965,2.39447,0,0.0013268,0.0013268,0.0013268
342,1541.02,1.50249,1.90631,1.24114,1.59467,0,0.35062,0.29545,0.23804,0.08863,0.1881,0.02273,0.01099,0.00134,2.14928,1.64518,2.3965,2.39447,0,0.00132482,0.00132482,0.00132482
343,1545.48,1.46833,1.96813,1.25789,1.56837,0,0.2811,0.27273,0.21192,0.09215,0.22647,0.02273,0.0294,0.00574,2.09601,1.6849,2.36641,2.38744,0,0.00132284,0.00132284,0.00132284
344,1549.82,1.51963,2.00999,1.31523,1.63439,0,0.2753,0.25,0.20469,0.09318,0.03051,0.11364,0.03395,0.00665,2.01725,1.64717,2.38843,2.29478,0,0.00132086,0.00132086,0.00132086
345,1554.26,1.50008,1.95192,1.22431,1.61074,0,0.32097,0.29545,0.24793,0.09728,0.13416,0.04545,0.02584,0.00513,2.02371,1.63896,2.27022,2.29333,0,0.00131888,0.00131888,0.00131888
346,1558.67,1.42647,1.99095,1.25826,1.56624,0,0.31888,0.31818,0.27204,0.11285,0.13481,0.11364,0.03531,0.00858,2.04897,1.64697,2.2934,2.2978,0,0.0013169,0.0013169,0.0013169
347,1563.05,1.41597,1.87812,1.23129,1.54643,0,0.31888,0.31818,0.27204,0.11285,0.13481,0.11364,0.03531,0.00858,2.04897,1.64697,2.2934,2.2978,0,0.00131492,0.00131492,0.00131492
348,1567.73,1.5672,2.0577,1.31193,1.62393,0,0.33916,0.38636,0.29144,0.13043,0.11383,0.04545,0.03461,0.0102,2.06005,1.646,2.20893,2.2859,0,0.00131294,0.00131294,0.00131294
349,1572.2,1.57017,2.1333,1.32247,1.64763,0,0.33944,0.36364,0.25654,0.11084,0.05,0.06818,0.02973,0.00838,2.12301,1.67291,2.37703,2.37161,0,0.00131096,0.00131096,0.00131096
350,1576.54,1.48128,1.98216,1.28706,1.56689,0,0.38723,0.29545,0.25924,0.09219,0.08206,0.04545,0.01804,0.0072,2.26769,1.67982,2.39234,2.5266,0,0.00130898,0.00130898,0.00130898
351,1580.93,1.49328,2.00355,1.27849,1.61486,0,0.28333,0.34144,0.26064,0.09046,0.05391,0.09091,0.02508,0.00938,2.24491,1.6506,2.23587,2.51866,0,0.001307,0.001307,0.001307
352,1585.33,1.51133,2.0011,1.24167,1.61215,0,0.28333,0.34144,0.26064,0.09046,0.05391,0.09091,0.02508,0.00938,2.24491,1.6506,2.23587,2.51866,0,0.00130502,0.00130502,0.00130502
353,1589.7,1.53259,2.08341,1.31119,1.63519,0,0.30343,0.40909,0.27307,0.08938,0.08795,0.13636,0.04118,0.01386,2.2915,1.66688,2.26433,2.59937,0,0.00130304,0.00130304,0.00130304
354,1594.07,1.51654,2.00404,1.34409,1.60217,0,0.26722,0.40909,0.19524,0.07909,0.08244,0.11364,0.03555,0.0101,2.36287,1.72214,2.36504,2.61512,0,0.00130106,0.00130106,0.00130106
355,1598.77,1.41874,1.90585,1.20704,1.5838,0,0.26184,0.38636,0.1985,0.08007,0.10185,0.13636,0.04066,0.01298,2.28381,1.73382,2.35782,2.5651,0,0.00129908,0.00129908,0.00129908
356,1603.26,1.42821,1.89764,1.2489,1.57041,0,0.28944,0.43182,0.28269,0.10374,0.14519,0.09091,0.051,0.01046,2.19124,1.7491,2.41999,2.4441,0,0.0012971,0.0012971,0.0012971
357,1607.9,1.46162,2.02777,1.24716,1.54797,0,0.39407,0.36364,0.28964,0.11664,0.11421,0.09091,0.04753,0.00976,2.11463,1.73583,2.28218,2.41098,0,0.00129512,0.00129512,0.00129512
358,1612.4,1.46348,1.94184,1.26333,1.55048,0,0.39407,0.36364,0.28964,0.11664,0.11421,0.09091,0.04753,0.00976,2.11463,1.73583,2.28218,2.41098,0,0.00129314,0.00129314,0.00129314
359,1616.88,1.44578,1.92088,1.19738,1.54334,0,0.50299,0.29545,0.26789,0.10326,0.08934,0.13636,0.0269,0.00396,2.11559,1.71996,2.38543,2.37448,0,0.00129116,0.00129116,0.00129116
360,1621.37,1.49204,1.93853,1.27051,1.58796,0,0.36918,0.38636,0.25289,0.09875,0.11197,0.11364,0.03283,0.00773,2.10837,1.6747,2.34468,2.36883,0,0.00128918,0.00128918,0.00128918
361,1625.82,1.42399,1.89457,1.20035,1.54986,0,0.37503,0.43182,0.2852,0.12395,0.0813,0.11364,0.02531,0.00778,2.01115,1.63926,2.20473,2.31227,0,0.0012872,0.0012872,0.0012872
362,1630.39,1.40258,1.94165,1.18265,1.54142,0,0.4741,0.43182,0.31784,0.15131,0.0925,0.06818,0.03664,0.01275,2.04686,1.64551,2.09945,2.33221,0,0.00128522,0.00128522,0.00128522
363,1634.75,1.41674,1.85104,1.16005,1.52306,0,0.4741,0.43182,0.31784,0.15131,0.0925,0.06818,0.03664,0.01275,2.04686,1.64551,2.09945,2.33221,0,0.00128324,0.00128324,0.00128324
364,1639.1,1.40078,1.90316,1.18388,1.51758,0,0.43952,0.38636,0.35101,0.15715,0.13825,0.06818,0.03908,0.0132,2.07129,1.63619,2.05555,2.29841,0,0.00128126,0.00128126,0.00128126
365,1643.59,1.42576,1.92802,1.17493,1.52741,0,0.45463,0.38636,0.37997,0.16163,0.11256,0.09091,0.04633,0.01418,2.09706,1.66889,2.03005,2.281,0,0.00127928,0.00127928,0.00127928
366,1647.99,1.40661,1.94253,1.16059,1.49594,0,0.43299,0.40909,0.38029,0.16412,0.06027,0.11364,0.03831,0.01548,2.05812,1.68291,2.02974,2.26748,0,0.0012773,0.0012773,0.0012773
367,1652.64,1.44561,1.88187,1.16306,1.52743,0,0.4263,0.4392,0.35442,0.14791,0.07448,0.09091,0.03885,0.01326,1.99171,1.65897,2.05743,2.22775,0,0.00127532,0.00127532,0.00127532
368,1657.15,1.46941,1.95349,1.1507,1.55309,0,0.4263,0.4392,0.35442,0.14791,0.07448,0.09091,0.03885,0.01326,1.99171,1.65897,2.05743,2.22775,0,0.00127334,0.00127334,0.00127334
369,1661.6,1.43056,1.82841,1.20279,1.50509,0,0.31931,0.45455,0.33777,0.1387,0.09273,0.06818,0.01948,0.00462,2.0387,1.63607,2.14035,2.23845,0,0.00127136,0.00127136,0.00127136
370,1666.14,1.47075,2.0031,1.23947,1.60238,0,0.34882,0.34089,0.29659,0.13092,0.09453,0.06818,0.01635,0.00463,2.11523,1.64176,2.25563,2.2887,0,0.00126938,0.00126938,0.00126938
371,1670.62,1.51318,1.91164,1.27095,1.62021,0,0.4361,0.29545,0.32783,0.13724,0.0663,0.09091,0.01799,0.0034,2.11591,1.6579,2.24241,2.34056,0,0.0012674,0.0012674,0.0012674
372,1675,1.48413,2.04569,1.25776,1.55683,0,0.44335,0.36207,0.33376,0.12862,0.08991,0.11364,0.02159,0.00357,2.10244,1.67544,2.25619,2.33939,0,0.00126542,0.00126542,0.00126542
373,1679.39,1.48816,1.94717,1.20792,1.58084,0,0.38171,0.35092,0.32256,0.12377,0.05683,0.11364,0.01617,0.00257,2.07996,1.69762,2.29019,2.33576,0,0.00126344,0.00126344,0.00126344
374,1683.8,1.41423,1.9778,1.18556,1.55,0,0.38171,0.35092,0.32256,0.12377,0.05683,0.11364,0.01617,0.00257,2.07996,1.69762,2.29019,2.33576,0,0.00126146,0.00126146,0.00126146
375,1688.39,1.51891,2.02741,1.2895,1.57918,0,0.29776,0.43182,0.2969,0.12251,0.16729,0.11364,0.03905,0.00813,2.05216,1.70645,2.25929,2.29942,0,0.00125948,0.00125948,0.00125948
376,1692.79,1.41989,1.94781,1.19425,1.52001,0,0.49347,0.22727,0.26801,0.12458,0.15444,0.11364,0.04132,0.00753,2.04974,1.68751,2.16964,2.2494,0,0.0012575,0.0012575,0.0012575
377,1697.24,1.39811,1.90704,1.18716,1.54271,0,0.31033,0.43182,0.30497,0.14046,0.0926,0.15909,0.05197,0.01293,2.01117,1.64585,2.02961,2.30024,0,0.00125552,0.00125552,0.00125552
378,1701.74,1.4884,1.95445,1.26044,1.60823,0,0.31746,0.40909,0.27097,0.12365,0.10342,0.06818,0.02997,0.00925,1.99048,1.62115,2.04107,2.28015,0,0.00125354,0.00125354,0.00125354
379,1706.14,1.46381,1.9036,1.21186,1.54669,0,0.31746,0.40909,0.27097,0.12365,0.10342,0.06818,0.02997,0.00925,1.99048,1.62115,2.04107,2.28015,0,0.00125156,0.00125156,0.00125156
380,1710.56,1.45723,1.91698,1.20159,1.54173,0,0.28681,0.45455,0.26194,0.11487,0.06998,0.13636,0.03977,0.01589,2.10861,1.70975,2.1725,2.30122,0,0.00124958,0.00124958,0.00124958
381,1714.96,1.42318,1.93467,1.20662,1.53585,0,0.23772,0.51037,0.23423,0.10168,0.08028,0.09091,0.03631,0.01208,2.15059,1.7691,2.17996,2.3095,0,0.0012476,0.0012476,0.0012476
382,1719.58,1.4675,2.01339,1.22698,1.58192,0,0.29587,0.41067,0.26746,0.10952,0.0663,0.11364,0.03718,0.0129,2.13068,1.69576,2.17669,2.30238,0,0.00124562,0.00124562,0.00124562
383,1723.89,1.43499,1.94277,1.20402,1.5378,0,0.30152,0.49062,0.30589,0.11864,0.07808,0.09091,0.0408,0.01481,2.10673,1.65145,2.15824,2.32983,0,0.00124364,0.00124364,0.00124364
384,1728.35,1.48293,2.02585,1.17517,1.51634,0,0.30152,0.49062,0.30589,0.11864,0.07808,0.09091,0.0408,0.01481,2.10673,1.65145,2.15824,2.32983,0,0.00124166,0.00124166,0.00124166
385,1732.82,1.47818,1.98836,1.24141,1.56738,0,0.56876,0.31818,0.3759,0.13682,0.16197,0.09091,0.0534,0.01871,2.10421,1.66241,2.12041,2.34047,0,0.00123968,0.00123968,0.00123968
386,1737.29,1.42005,1.90831,1.16365,1.54686,0,0.54212,0.29545,0.34912,0.12814,0.13296,0.11364,0.05433,0.01947,2.15519,1.65581,2.07424,2.39567,0,0.0012377,0.0012377,0.0012377
387,1741.61,1.44286,1.8745,1.18449,1.50192,0,0.45015,0.31818,0.35105,0.13878,0.16967,0.06818,0.04257,0.01571,2.07978,1.62768,2.08735,2.37684,0,0.00123572,0.00123572,0.00123572
388,1746.14,1.4278,1.95628,1.20203,1.51624,0,0.32981,0.45455,0.34122,0.14176,0.1921,0.09091,0.04865,0.01743,2.0737,1.63102,1.97733,2.40514,0,0.00123374,0.00123374,0.00123374
389,1750.71,1.44962,1.89272,1.15484,1.55076,0,0.41586,0.45306,0.33814,0.15007,0.15502,0.09091,0.05046,0.01361,2.0538,1.6373,1.98153,2.36767,0,0.00123176,0.00123176,0.00123176
390,1755.08,1.41323,1.86434,1.17926,1.51949,0,0.41586,0.45306,0.33814,0.15007,0.15502,0.09091,0.05046,0.01361,2.0538,1.6373,1.98153,2.36767,0,0.00122978,0.00122978,0.00122978
391,1759.5,1.4114,1.96847,1.1547,1.49536,0,0.36291,0.43182,0.35172,0.15265,0.15252,0.09091,0.0603,0.01912,2.07574,1.65141,2.02957,2.37297,0,0.0012278,0.0012278,0.0012278
392,1763.85,1.40044,1.9966,1.1559,1.45851,0,0.39698,0.27273,0.30191,0.14352,0.16514,0.11364,0.06551,0.01993,2.10123,1.66331,1.94816,2.38318,0,0.00122582,0.00122582,0.00122582
393,1768.26,1.40644,1.89228,1.19812,1.50634,0,0.50599,0.22727,0.29552,0.13206,0.2452,0.09091,0.07157,0.01875,2.09687,1.67607,2.0619,2.3789,0,0.00122384,0.00122384,0.00122384
394,1772.57,1.39634,1.8613,1.15894,1.50128,0,0.40913,0.18182,0.2667,0.12968,0.18608,0.06818,0.04231,0.01458,2.06125,1.70174,2.24181,2.31716,0,0.00122186,0.00122186,0.00122186
395,1777.07,1.38019,1.87021,1.11957,1.51608,0,0.40913,0.18182,0.2667,0.12968,0.18608,0.06818,0.04231,0.01458,2.06125,1.70174,2.24181,2.31716,0,0.00121988,0.00121988,0.00121988
396,1781.55,1.49076,1.87886,1.21442,1.58037,0,0.48905,0.20455,0.27694,0.13797,0.15658,0.06818,0.04385,0.01477,1.97406,1.70226,2.17429,2.21986,0,0.0012179,0.0012179,0.0012179
397,1785.99,1.46616,1.97547,1.18291,1.54734,0,0.62037,0.20455,0.32872,0.14661,0.20956,0.06818,0.05206,0.01803,2.06459,1.70153,2.19656,2.31602,0,0.00121592,0.00121592,0.00121592
398,1790.41,1.44301,1.89448,1.14622,1.52904,0,0.27594,0.34091,0.30714,0.15406,0.21235,0.06818,0.05503,0.01528,2.09994,1.70561,2.18106,2.34208,0,0.00121394,0.00121394,0.00121394
399,1794.86,1.43747,1.90136,1.17747,1.52854,0,0.24404,0.56818,0.2986,0.14745,0.2518,0.06818,0.05205,0.01704,2.00995,1.67875,2.1988,2.33308,0,0.00121196,0.00121196,0.00121196
400,1799.24,1.35228,1.86131,1.16311,1.55504,0,0.24404,0.56818,0.2986,0.14745,0.2518,0.06818,0.05205,0.01704,2.00995,1.67875,2.1988,2.33308,0,0.00120998,0.00120998,0.00120998
401,1803.59,1.4989,1.91851,1.22174,1.59851,0,0.37299,0.31818,0.29719,0.14009,0.13937,0.06818,0.03968,0.01319,2.02111,1.64818,2.18605,2.31979,0,0.001208,0.001208,0.001208
402,1808.07,1.39709,1.84659,1.15467,1.48419,0,0.46688,0.29545,0.3508,0.14881,0.29535,0.09091,0.06533,0.01719,2.03124,1.63192,2.11642,2.31257,0,0.00120602,0.00120602,0.00120602
403,1812.59,1.3977,1.81067,1.10257,1.50261,0,0.48164,0.31818,0.36406,0.15189,0.23649,0.09091,0.08359,0.02344,1.99811,1.6378,2.08903,2.29238,0,0.00120404,0.00120404,0.00120404
404,1817.07,1.5155,1.94404,1.25186,1.60671,0,0.32093,0.40909,0.32227,0.13764,0.20866,0.09091,0.07542,0.02403,2.00894,1.62113,2.09605,2.27444,0,0.00120206,0.00120206,0.00120206
405,1821.42,1.4068,1.91795,1.14703,1.51374,0,0.38017,0.27273,0.26262,0.12451,0.16397,0.11364,0.06129,0.01869,2.0841,1.65159,2.16028,2.26191,0,0.00120008,0.00120008,0.00120008
406,1825.9,1.44612,1.90723,1.20067,1.53873,0,0.38017,0.27273,0.26262,0.12451,0.16397,0.11364,0.06129,0.01869,2.0841,1.65159,2.16028,2.26191,0,0.0011981,0.0011981,0.0011981
407,1830.32,1.3921,1.86194,1.18375,1.5122,0,0.31512,0.43182,0.28364,0.12793,0.16125,0.09091,0.06093,0.02003,2.03305,1.666,2.12777,2.30628,0,0.00119612,0.00119612,0.00119612
408,1834.83,1.43137,1.94029,1.18114,1.54834,0,0.32726,0.36364,0.32299,0.1365,0.15352,0.13636,0.07003,0.01788,2.15914,1.66216,2.08654,2.42573,0,0.00119414,0.00119414,0.00119414
409,1839.41,1.43145,1.96969,1.14229,1.511,0,0.37476,0.31818,0.32229,0.13176,0.16583,0.09091,0.06751,0.01917,2.20777,1.68867,2.08081,2.45416,0,0.00119216,0.00119216,0.00119216
410,1843.95,1.48623,2.0308,1.21212,1.54412,0,0.36972,0.27273,0.26612,0.09438,0.54431,0.04545,0.05132,0.0172,2.30579,1.79868,2.33951,2.52842,0,0.00119018,0.00119018,0.00119018
411,1848.35,1.49513,1.96248,1.22471,1.5785,0,0.36972,0.27273,0.26612,0.09438,0.54431,0.04545,0.05132,0.0172,2.30579,1.79868,2.33951,2.52842,0,0.0011882,0.0011882,0.0011882
412,1852.77,1.3773,1.88422,1.12541,1.47976,0,0.23554,0.34091,0.22916,0.09878,0.12054,0.06818,0.05193,0.01548,2.29013,1.78431,2.34785,2.52629,0,0.00118622,0.00118622,0.00118622
413,1857.23,1.3808,1.86236,1.14967,1.48863,0,0.23524,0.29365,0.18389,0.07776,0.14512,0.06818,0.03427,0.00977,2.30961,1.77949,2.42667,2.5108,0,0.00118424,0.00118424,0.00118424
414,1861.62,1.55144,1.94561,1.26529,1.60666,0,0.20896,0.40826,0.21503,0.09896,0.17786,0.06818,0.04112,0.01194,2.19754,1.68099,2.27079,2.40377,0,0.00118226,0.00118226,0.00118226
415,1866.02,1.45059,1.90887,1.21897,1.553,0,0.23634,0.36364,0.27038,0.12468,0.23108,0.06818,0.04983,0.01528,2.04698,1.61094,2.1515,2.29498,0,0.00118028,0.00118028,0.00118028
416,1870.66,1.4169,1.92636,1.16621,1.54894,0,0.23634,0.36364,0.27038,0.12468,0.23108,0.06818,0.04983,0.01528,2.04698,1.61094,2.1515,2.29498,0,0.0011783,0.0011783,0.0011783
417,1875.11,1.45909,1.91819,1.18267,1.53761,0,0.28685,0.34091,0.29488,0.13039,0.14549,0.09091,0.0629,0.01666,2.01317,1.60148,2.10592,2.29468,0,0.00117632,0.00117632,0.00117632
418,1879.5,1.36489,1.82769,1.09525,1.46994,0,0.36216,0.36364,0.28227,0.12627,0.13662,0.13636,0.05871,0.01237,2.00677,1.58887,2.02372,2.32421,0,0.00117434,0.00117434,0.00117434
419,1883.96,1.3462,1.84347,1.1137,1.44725,0,0.45707,0.36364,0.35398,0.14715,0.19879,0.11364,0.05466,0.01359,2.02023,1.60753,1.94564,2.32226,0,0.00117236,0.00117236,0.00117236
420,1888.55,1.40334,1.83225,1.13742,1.51564,0,0.40191,0.40909,0.37674,0.1643,0.16275,0.11364,0.0562,0.01534,2.02742,1.6183,1.92176,2.3152,0,0.00117038,0.00117038,0.00117038
421,1893.05,1.37751,1.90616,1.0863,1.46217,0,0.34104,0.47056,0.35306,0.15629,0.07846,0.11364,0.04954,0.01341,2.01531,1.64763,1.91803,2.25389,0,0.0011684,0.0011684,0.0011684
422,1897.54,1.44377,1.95214,1.12351,1.51058,0,0.34104,0.47056,0.35306,0.15629,0.07846,0.11364,0.04954,0.01341,2.01531,1.64763,1.91803,2.25389,0,0.00116642,0.00116642,0.00116642
423,1901.98,1.47008,1.97551,1.21242,1.54754,0,0.31557,0.40909,0.33558,0.15624,0.07736,0.15909,0.05141,0.01728,1.99717,1.64155,1.95586,2.18496,0,0.00116444,0.00116444,0.00116444
424,1906.27,1.33749,1.83792,1.11515,1.45682,0,0.31329,0.59091,0.38887,0.17726,0.1221,0.13636,0.06344,0.0209,1.93047,1.59358,1.96671,2.15779,0,0.00116246,0.00116246,0.00116246
425,1910.73,1.38002,1.92043,1.16479,1.47262,0,0.30575,0.52273,0.37627,0.18048,0.10489,0.11364,0.06205,0.02018,1.89172,1.60748,1.91846,2.13796,0,0.00116048,0.00116048,0.00116048
426,1915.25,1.32837,1.77896,1.05178,1.44351,0,0.26457,0.52273,0.36263,0.17039,0.20269,0.09091,0.06872,0.02044,1.92305,1.63488,1.91973,2.14885,0,0.0011585,0.0011585,0.0011585
427,1919.67,1.41387,1.92292,1.11636,1.50641,0,0.26457,0.52273,0.36263,0.17039,0.20269,0.09091,0.06872,0.02044,1.92305,1.63488,1.91973,2.14885,0,0.00115652,0.00115652,0.00115652
428,1924.25,1.35567,1.81461,1.08932,1.48845,0,0.31564,0.40909,0.37016,0.16851,0.29065,0.09091,0.06591,0.01739,1.93964,1.63419,1.95594,2.14675,0,0.00115454,0.00115454,0.00115454
429,1928.81,1.37297,1.88291,1.09068,1.49861,0,0.32181,0.56818,0.39503,0.17232,0.26868,0.09091,0.07227,0.0214,1.94792,1.60443,1.95792,2.15625,0,0.00115256,0.00115256,0.00115256
430,1933.22,1.34554,1.82396,1.06066,1.442,0,0.38921,0.50696,0.4118,0.17946,0.20461,0.11364,0.07741,0.01855,1.98506,1.59381,1.94033,2.17885,0,0.00115058,0.00115058,0.00115058
431,1937.64,1.29291,1.79668,1.05095,1.41432,0,0.37967,0.2504,0.31677,0.15063,0.08082,0.13636,0.06209,0.01542,2.01292,1.60673,2.03026,2.17537,0,0.0011486,0.0011486,0.0011486
432,1942.06,1.38275,1.88278,1.05376,1.48786,0,0.37967,0.2504,0.31677,0.15063,0.08082,0.13636,0.06209,0.01542,2.01292,1.60673,2.03026,2.17537,0,0.00114662,0.00114662,0.00114662
433,1946.49,1.34574,1.90325,1.05922,1.48874,0,0.2919,0.31818,0.28165,0.13934,0.24519,0.06818,0.06758,0.01642,2.05263,1.59715,2.15666,2.25112,0,0.00114464,0.00114464,0.00114464
434,1950.97,1.44731,1.85306,1.10523,1.48651,0,0.3502,0.26955,0.27234,0.14124,0.08305,0.11364,0.05725,0.01808,2.12887,1.60828,2.2428,2.32825,0,0.00114266,0.00114266,0.00114266
435,1955.38,1.35468,1.91653,1.11927,1.48276,0,0.47716,0.25,0.25486,0.1219,0.17139,0.09091,0.0631,0.02009,2.12356,1.66729,2.28311,2.34067,0,0.00114068,0.00114068,0.00114068
436,1959.9,1.43273,1.95358,1.15771,1.5083,0,0.3539,0.27391,0.28357,0.13302,0.25189,0.09091,0.0696,0.02085,2.11486,1.69488,2.22542,2.32419,0,0.0011387,0.0011387,0.0011387
437,1964.26,1.40237,1.94048,1.15351,1.51536,0,0.49855,0.25,0.31073,0.14281,0.26462,0.06818,0.06588,0.01549,2.04054,1.71117,2.19411,2.28419,0,0.00113672,0.00113672,0.00113672
438,1968.59,1.36225,1.85555,1.05492,1.43037,0,0.49855,0.25,0.31073,0.14281,0.26462,0.06818,0.06588,0.01549,2.04054,1.71117,2.19411,2.28419,0,0.00113474,0.00113474,0.00113474
439,1973.03,1.33165,1.78735,1.10466,1.46671,0,0.3164,0.3262,0.28441,0.14336,0.26939,0.06818,0.07342,0.01958,2.07062,1.68276,2.23071,2.31337,0,0.00113276,0.00113276,0.00113276
440,1977.39,1.41768,1.97589,1.15463,1.47224,0,0.33733,0.40909,0.28152,0.13703,0.25251,0.06818,0.05459,0.01491,2.06311,1.64504,2.30447,2.3475,0,0.00113078,0.00113078,0.00113078
441,1981.82,1.36592,1.87475,1.07608,1.48131,0,0.27662,0.38636,0.25139,0.1168,0.15069,0.06818,0.04686,0.01534,2.10852,1.64763,2.34294,2.39117,0,0.0011288,0.0011288,0.0011288
442,1986.11,1.46337,1.96113,1.17415,1.54396,0,0.30552,0.38636,0.29475,0.14423,0.25218,0.06818,0.05831,0.01959,2.07965,1.63754,2.15228,2.36657,0,0.00112682,0.00112682,0.00112682
443,1990.67,1.45496,1.99215,1.19411,1.54701,0,0.30552,0.38636,0.29475,0.14423,0.25218,0.06818,0.05831,0.01959,2.07965,1.63754,2.15228,2.36657,0,0.00112484,0.00112484,0.00112484
444,1994.95,1.35891,1.86481,1.08699,1.46407,0,0.36432,0.36364,0.32673,0.15062,0.2237,0.06818,0.05185,0.01999,2.09812,1.61424,2.05831,2.38035,0,0.00112286,0.00112286,0.00112286
445,1999.39,1.36533,1.81584,1.09253,1.49889,0,0.43385,0.34847,0.36289,0.15904,0.13982,0.06818,0.04913,0.01549,2.09603,1.60516,1.99892,2.41815,0,0.00112088,0.00112088,0.00112088
446,2003.78,1.32976,1.81379,1.05278,1.47908,0,0.44247,0.38636,0.37207,0.16891,0.1004,0.09091,0.05014,0.01539,2.08576,1.61232,1.99372,2.38014,0,0.0011189,0.0011189,0.0011189
447,2008.23,1.3356,1.83672,1.0386,1.45903,0,0.51113,0.35659,0.34135,0.16085,0.16944,0.09091,0.05097,0.01687,2.11576,1.60854,1.96872,2.36694,0,0.00111692,0.00111692,0.00111692
448,2012.56,1.41438,1.81709,1.03934,1.46456,0,0.51113,0.35659,0.34135,0.16085,0.16944,0.09091,0.05097,0.01687,2.11576,1.60854,1.96872,2.36694,0,0.00111494,0.00111494,0.00111494
449,2017.14,1.35307,1.86608,1.06049,1.43012,0,0.34963,0.38636,0.32122,0.14714,0.17164,0.09091,0.04909,0.01516,2.19269,1.62853,1.96745,2.4477,0,0.00111296,0.00111296,0.00111296
450,2021.65,1.35954,1.89224,1.0737,1.45853,0,0.30423,0.40909,0.31774,0.15977,0.1551,0.11364,0.05692,0.01995,2.12578,1.63676,2.08511,2.33312,0,0.00111098,0.00111098,0.00111098
451,2026.04,1.40245,1.91519,1.12652,1.48985,0,0.28948,0.38636,0.31229,0.1561,0.13818,0.09091,0.05345,0.0188,2.05218,1.62896,2.16715,2.29478,0,0.001109,0.001109,0.001109
452,2030.45,1.38366,1.89443,1.11478,1.46545,0,0.5252,0.38636,0.39613,0.18446,0.18569,0.09091,0.064,0.01932,1.99382,1.61851,1.94164,2.20232,0,0.00110702,0.00110702,0.00110702
453,2034.87,1.38105,1.92335,1.10434,1.4373,0,0.46335,0.36364,0.41987,0.20233,0.20234,0.15909,0.08039,0.02028,1.99529,1.63845,1.86585,2.19506,0,0.00110504,0.00110504,0.00110504
454,2039.32,1.32791,1.90679,1.07271,1.42651,0,0.46335,0.36364,0.41987,0.20233,0.20234,0.15909,0.08039,0.02028,1.99529,1.63845,1.86585,2.19506,0,0.00110306,0.00110306,0.00110306
455,2043.77,1.35165,1.80666,1.08083,1.48101,0,0.41551,0.40909,0.37766,0.17971,0.17735,0.13636,0.06197,0.01632,1.95785,1.65097,2.01054,2.1764,0,0.00110108,0.00110108,0.00110108
456,2048.34,1.39621,1.93565,1.14284,1.5188,0,0.31691,0.43182,0.32507,0.15126,0.12253,0.15909,0.05423,0.01775,1.9191,1.67588,2.11786,2.11596,0,0.0010991,0.0010991,0.0010991
457,2052.68,1.31835,1.92462,1.07831,1.43251,0,0.32799,0.40909,0.34519,0.1516,0.13042,0.15909,0.05723,0.01787,1.91154,1.66169,2.04022,2.11963,0,0.00109712,0.00109712,0.00109712
458,2057.03,1.28698,1.87533,1.053,1.45839,0,0.31419,0.48946,0.367,0.15917,0.13626,0.18182,0.04838,0.0145,1.92452,1.62136,2.00288,2.1462,0,0.00109514,0.00109514,0.00109514
459,2061.45,1.3136,1.78395,1.04673,1.42537,0,0.31419,0.48946,0.367,0.15917,0.13626,0.18182,0.04838,0.0145,1.92452,1.62136,2.00288,2.1462,0,0.00109316,0.00109316,0.00109316
460,2066,1.34108,1.74858,1.11395,1.47801,0,0.34642,0.56818,0.39483,0.17841,0.14825,0.11364,0.05137,0.01658,1.9668,1.61642,2.00926,2.16356,0,0.00109118,0.00109118,0.00109118
461,2070.4,1.31542,1.76655,1.0478,1.43165,0,0.29857,0.43182,0.35613,0.16913,0.3247,0.09091,0.05854,0.0158,1.98775,1.59573,2.1182,2.17645,0,0.0010892,0.0010892,0.0010892
462,2074.8,1.32286,1.756,1.06882,1.4392,0,0.41508,0.34091,0.36492,0.17156,0.32258,0.09091,0.05641,0.01313,2.0019,1.62658,2.23422,2.19079,0,0.00108722,0.00108722,0.00108722
463,2079.44,1.32947,1.77895,1.05106,1.45209,0,0.40402,0.38636,0.36701,0.17654,0.23197,0.09091,0.06727,0.0193,1.99345,1.62756,2.15578,2.21873,0,0.00108524,0.00108524,0.00108524
464,2083.79,1.36299,1.84253,1.17841,1.49023,0,0.40402,0.38636,0.36701,0.17654,0.23197,0.09091,0.06727,0.0193,1.99345,1.62756,2.15578,2.21873,0,0.00108326,0.00108326,0.00108326
465,2088.19,1.24125,1.70244,1.03315,1.42451,0,0.5387,0.39829,0.40059,0.18387,0.25601,0.13636,0.07676,0.02223,2.05727,1.61744,1.9855,2.28727,0,0.00108128,0.00108128,0.00108128
466,2092.67,1.33712,1.84842,1.06191,1.43669,0,0.48656,0.47727,0.41133,0.18449,0.16219,0.15909,0.07517,0.02386,2.09518,1.61848,1.95436,2.36494,0,0.0010793,0.0010793,0.0010793
467,2097.11,1.33904,1.91116,1.05641,1.44627,0,0.38029,0.41852,0.35783,0.17243,0.35486,0.09091,0.07325,0.01773,2.08573,1.64576,1.99647,2.39564,0,0.00107732,0.00107732,0.00107732
468,2101.52,1.35627,1.87344,1.11305,1.46658,0,0.40513,0.43182,0.38117,0.19213,0.26584,0.06818,0.053,0.01527,2.06081,1.62418,2.05025,2.39269,0,0.00107534,0.00107534,0.00107534
469,2106.02,1.322,1.86166,1.05501,1.43256,0,0.37606,0.34091,0.31816,0.16322,0.1417,0.11364,0.05532,0.01723,2.11726,1.58518,2.05332,2.46114,0,0.00107336,0.00107336,0.00107336
470,2110.74,1.36062,1.87706,1.10121,1.47489,0,0.37606,0.34091,0.31816,0.16322,0.1417,0.11364,0.05532,0.01723,2.11726,1.58518,2.05332,2.46114,0,0.00107138,0.00107138,0.00107138
471,2115.13,1.31503,1.89123,1.06996,1.41376,0,0.4681,0.36364,0.36358,0.17114,0.18575,0.12977,0.06833,0.02362,2.142,1.57742,1.98036,2.47032,0,0.0010694,0.0010694,0.0010694
472,2119.49,1.33767,1.80322,0.99577,1.42782,0,0.46484,0.36364,0.34407,0.15934,0.29102,0.09091,0.06773,0.01962,2.16773,1.58736,2.07407,2.42833,0,0.00106742,0.00106742,0.00106742
473,2123.9,1.31789,1.82373,1.08644,1.43552,0,0.38286,0.45455,0.35297,0.16648,0.19534,0.09091,0.0593,0.02015,2.1071,1.59218,2.06276,2.38229,0,0.00106544,0.00106544,0.00106544
474,2128.32,1.34526,1.94107,1.10328,1.46354,0,0.39442,0.56818,0.36207,0.17821,0.1234,0.11364,0.056,0.01578,2.06266,1.60628,2.03346,2.31823,0,0.00106346,0.00106346,0.00106346
475,2132.73,1.35871,1.76669,1.09953,1.47303,0,0.39442,0.56818,0.36207,0.17821,0.1234,0.11364,0.056,0.01578,2.06266,1.60628,2.03346,2.31823,0,0.00106148,0.00106148,0.00106148
476,2137.12,1.39487,1.86354,1.13058,1.50099,0,0.51141,0.45455,0.39636,0.18582,0.16287,0.11364,0.06023,0.00915,2.03416,1.6265,1.97458,2.28258,0,0.0010595,0.0010595,0.0010595
477,2141.62,1.28844,1.76103,1.01326,1.42708,0,0.37204,0.40909,0.34259,0.15733,0.06157,0.18182,0.01997,0.00343,2.06418,1.66034,2.03625,2.32992,0,0.00105752,0.00105752,0.00105752
478,2146.02,1.37145,1.90373,1.08196,1.48998,0,0.56788,0.34091,0.3624,0.15596,0.14576,0.11364,0.05289,0.00742,2.10369,1.65898,2.03721,2.33652,0,0.00105554,0.00105554,0.00105554
479,2150.43,1.3094,1.7507,1.00046,1.40016,0,0.51624,0.41238,0.35011,0.15315,0.1537,0.11364,0.04907,0.01511,2.11322,1.65359,2.09113,2.35543,0,0.00105356,0.00105356,0.00105356
480,2154.85,1.33958,1.7843,1.04885,1.44829,0,0.51624,0.41238,0.35011,0.15315,0.1537,0.11364,0.04907,0.01511,2.11322,1.65359,2.09113,2.35543,0,0.00105158,0.00105158,0.00105158
481,2159.37,1.31647,1.81318,1.03553,1.41403,0,0.55686,0.36364,0.3772,0.17199,0.12701,0.06818,0.03995,0.01152,2.07344,1.6058,2.13621,2.32719,0,0.0010496,0.0010496,0.0010496
482,2163.8,1.28168,1.79409,1.06092,1.39933,0,0.53664,0.44759,0.39562,0.18078,0.16408,0.09091,0.03718,0.01101,2.05272,1.56846,2.19068,2.25913,0,0.00104762,0.00104762,0.00104762
483,2168.33,1.28663,1.7736,1.00832,1.43,0,0.4999,0.43182,0.41593,0.17919,0.26261,0.11364,0.07575,0.02163,2.13351,1.57237,2.16406,2.33693,0,0.00104564,0.00104564,0.00104564
484,2172.72,1.35706,1.82916,1.1253,1.50923,0,0.51076,0.40909,0.42993,0.17566,0.23343,0.11364,0.07234,0.0201,2.15641,1.58438,2.203,2.3738,0,0.00104366,0.00104366,0.00104366
485,2177.21,1.3395,1.92413,1.04589,1.44057,0,0.37122,0.45455,0.37412,0.16166,0.23679,0.09091,0.07006,0.01968,2.18158,1.55241,2.20252,2.42251,0,0.00104168,0.00104168,0.00104168
486,2181.52,1.28573,1.77198,0.98529,1.39479,0,0.37122,0.45455,0.37412,0.16166,0.23679,0.09091,0.07006,0.01968,2.18158,1.55241,2.20252,2.42251,0,0.0010397,0.0010397,0.0010397
487,2185.94,1.30195,1.74389,1.01493,1.42821,0,0.31072,0.38936,0.3313,0.14793,0.26424,0.09091,0.06032,0.0179,2.16582,1.60643,2.36154,2.42831,0,0.00103772,0.00103772,0.00103772
488,2190.44,1.31547,1.8531,1.05719,1.4527,0,0.4621,0.27273,0.29654,0.15456,0.22682,0.06818,0.04569,0.01575,2.15591,1.70259,2.33807,2.3767,0,0.00103574,0.00103574,0.00103574
489,2195.01,1.36346,1.84363,1.07436,1.45884,0,0.43341,0.31818,0.28471,0.14645,0.1573,0.11364,0.05175,0.01971,2.1005,1.6918,2.25898,2.29216,0,0.00103376,0.00103376,0.00103376
490,2199.54,1.2918,1.7169,1.03278,1.41915,0,0.30398,0.36364,0.29383,0.14477,0.15279,0.09091,0.05355,0.02042,2.07144,1.66869,2.16252,2.27819,0,0.00103178,0.00103178,0.00103178
491,2203.87,1.28505,1.73368,1.05506,1.40025,0,0.30398,0.36364,0.29383,0.14477,0.15279,0.09091,0.05355,0.02042,2.07144,1.66869,2.16252,2.27819,0,0.0010298,0.0010298,0.0010298
492,2208.32,1.30572,1.78354,1.02884,1.44847,0,0.45617,0.36364,0.33703,0.15809,0.2082,0.09091,0.05281,0.01893,1.99005,1.64725,2.1456,2.19445,0,0.00102782,0.00102782,0.00102782
493,2212.81,1.3182,1.80957,1.03403,1.42416,0,0.56535,0.36364,0.41913,0.19666,0.28094,0.06818,0.04699,0.01724,1.97736,1.63477,2.17689,2.18618,0,0.00102584,0.00102584,0.00102584
494,2217.24,1.24909,1.73539,0.99717,1.43444,0,0.56631,0.45455,0.46055,0.20319,0.16229,0.09091,0.05663,0.01446,1.98549,1.60257,2.11557,2.17862,0,0.00102386,0.00102386,0.00102386
495,2221.66,1.34596,1.79837,1.07956,1.44734,0,0.39163,0.54545,0.38195,0.17337,0.23859,0.09091,0.07105,0.01656,1.99209,1.57473,2.10052,2.21805,0,0.00102188,0.00102188,0.00102188
496,2226.07,1.30764,1.7173,1.03788,1.42416,0,0.39163,0.54545,0.38195,0.17337,0.23859,0.09091,0.07105,0.01656,1.99209,1.57473,2.10052,2.21805,0,0.0010199,0.0010199,0.0010199
497,2230.62,1.32814,1.8992,1.09965,1.50655,0,0.33693,0.45455,0.3045,0.13925,0.13624,0.18182,0.06123,0.01425,1.94476,1.57962,2.12249,2.21261,0,0.00101792,0.00101792,0.00101792
498,2235.05,1.3136,1.76145,1.01934,1.43111,0,0.38138,0.45455,0.32915,0.14425,0.19577,0.11364,0.05032,0.01181,1.98619,1.59995,1.99734,2.30856,0,0.00101594,0.00101594,0.00101594
499,2239.48,1.28103,1.78948,1.00861,1.45148,0,0.2814,0.52273,0.3165,0.13412,0.17284,0.15909,0.06529,0.01704,2.01179,1.61185,1.98596,2.3055,0,0.00101396,0.00101396,0.00101396
500,2244.01,1.28959,1.80193,1.08712,1.43171,0,0.36496,0.38636,0.30388,0.13534,0.32712,0.13636,0.0888,0.02174,2.08881,1.61804,2.07027,2.35547,0,0.00101198,0.00101198,0.00101198
501,2248.41,1.36113,1.82465,1.08796,1.44951,0,0.36442,0.40909,0.29894,0.13084,0.17311,0.11364,0.04968,0.01426,2.13909,1.63098,2.08505,2.39546,0,0.00101,0.00101,0.00101
502,2252.71,1.28083,1.82958,1.03074,1.3963,0,0.36442,0.40909,0.29894,0.13084,0.17311,0.11364,0.04968,0.01426,2.13909,1.63098,2.08505,2.39546,0,0.00100802,0.00100802,0.00100802
503,2257.22,1.33038,1.75662,1.08078,1.44192,0,0.38905,0.38636,0.30598,0.14587,0.14353,0.13636,0.05379,0.01798,2.12321,1.63528,2.00718,2.41961,0,0.00100604,0.00100604,0.00100604
504,2261.76,1.30566,1.85597,1.07296,1.45213,0,0.48346,0.40909,0.39149,0.17218,0.17594,0.13636,0.05253,0.01476,2.04158,1.65496,1.96494,2.39903,0,0.00100406,0.00100406,0.00100406
505,2266.21,1.40729,1.93168,1.19464,1.52124,0,0.46253,0.52816,0.41818,0.19697,0.12415,0.18182,0.06874,0.02278,1.98329,1.64789,2.01456,2.3498,0,0.00100208,0.00100208,0.00100208
506,2270.68,1.31816,1.73927,1.03542,1.43554,0,0.34135,0.45455,0.37322,0.1769,0.42067,0.06818,0.06323,0.02358,2.04072,1.63654,2.10467,2.32227,0,0.0010001,0.0010001,0.0010001
507,2275.06,1.27899,1.81894,1.04071,1.38926,0,0.34135,0.45455,0.37322,0.1769,0.42067,0.06818,0.06323,0.02358,2.04072,1.63654,2.10467,2.32227,0,0.00099812,0.00099812,0.00099812
508,2279.44,1.29936,1.80462,1.03015,1.438,0,0.52381,0.32517,0.33786,0.15904,0.19517,0.09091,0.06662,0.02402,2.09402,1.63829,2.15125,2.35705,0,0.00099614,0.00099614,0.00099614
509,2284.14,1.31864,1.90963,1.06509,1.44036,0,0.48207,0.25,0.28788,0.136,0.12051,0.22727,0.06799,0.01875,2.09049,1.61881,2.13644,2.34171,0,0.00099416,0.00099416,0.00099416
510,2288.65,1.41157,1.9981,1.08059,1.50198,0,0.46601,0.29545,0.33145,0.14887,0.16411,0.22727,0.09449,0.02665,2.04107,1.60137,2.05275,2.33952,0,0.00099218,0.00099218,0.00099218
511,2293.06,1.25383,1.70821,0.98335,1.42426,0,0.39212,0.52273,0.41753,0.18173,0.21765,0.22727,0.11072,0.03099,1.96078,1.58893,1.88243,2.27555,0,0.0009902,0.0009902,0.0009902
512,2297.51,1.27054,1.83165,1.03643,1.41679,0,0.39212,0.52273,0.41753,0.18173,0.21765,0.22727,0.11072,0.03099,1.96078,1.58893,1.88243,2.27555,0,0.00098822,0.00098822,0.00098822
513,2302.04,1.24103,1.67387,0.97559,1.38017,0,0.34532,0.63636,0.39664,0.17785,0.22942,0.11364,0.09016,0.02785,1.97415,1.59388,1.89732,2.28586,0,0.00098624,0.00098624,0.00098624
514,2306.49,1.33124,1.80422,1.08158,1.49137,0,0.37685,0.43182,0.35621,0.15814,0.33151,0.13636,0.09561,0.02579,1.97531,1.60511,2.02703,2.27228,0,0.00098426,0.00098426,0.00098426
515,2310.92,1.28946,1.88375,1.06351,1.41516,0,0.26958,0.45455,0.26813,0.13667,0.24084,0.15909,0.07063,0.02295,1.98252,1.65135,2.10655,2.25835,0,0.00098228,0.00098228,0.00098228
516,2315.28,1.31541,1.77459,1.07001,1.45238,0,0.24823,0.43182,0.24153,0.12878,0.18461,0.15909,0.06907,0.02158,1.99989,1.67398,2.0798,2.30346,0,0.0009803,0.0009803,0.0009803
517,2319.81,1.3134,1.89025,1.07267,1.43888,0,0.2585,0.36364,0.26044,0.1346,0.23574,0.18182,0.08449,0.02175,2.02847,1.65537,1.96281,2.36599,0,0.00097832,0.00097832,0.00097832
518,2324.21,1.21171,1.7968,0.97782,1.36953,0,0.2585,0.36364,0.26044,0.1346,0.23574,0.18182,0.08449,0.02175,2.02847,1.65537,1.96281,2.36599,0,0.00097634,0.00097634,0.00097634
519,2328.63,1.24377,1.80077,1.00181,1.432,0,0.40969,0.37869,0.36883,0.1745,0.26135,0.15909,0.08295,0.02538,2.01377,1.60412,1.82229,2.3766,0,0.00097436,0.00097436,0.00097436
520,2333.08,1.30675,1.73784,1.02101,1.42867,0,0.37294,0.43182,0.39936,0.20016,0.25196,0.13636,0.07559,0.02341,1.96565,1.59471,1.81249,2.29639,0,0.00097238,0.00097238,0.00097238
521,2337.71,1.33496,1.8603,1.03605,1.44943,0,0.45894,0.31818,0.37663,0.20346,0.37524,0.15909,0.09011,0.02243,1.93947,1.60067,1.89195,2.26807,0,0.0009704,0.0009704,0.0009704
522,2342.19,1.24072,1.73663,0.99629,1.39348,0,0.60433,0.40909,0.43035,0.22388,0.43509,0.15909,0.0919,0.01807,1.90978,1.61219,1.90496,2.2682,0,0.00096842,0.00096842,0.00096842
523,2346.71,1.24025,1.76395,0.95137,1.37311,0,0.60433,0.40909,0.43035,0.22388,0.43509,0.15909,0.0919,0.01807,1.90978,1.61219,1.90496,2.2682,0,0.00096644,0.00096644,0.00096644
524,2351.26,1.28451,1.81023,1.03752,1.39752,0,0.49296,0.40909,0.45109,0.23673,0.41084,0.13636,0.0807,0.02051,1.95132,1.62461,1.89248,2.31333,0,0.00096446,0.00096446,0.00096446
525,2355.84,1.24726,1.86994,0.97977,1.37582,0,0.61814,0.38636,0.42911,0.21224,0.42555,0.13636,0.10699,0.0263,2.00369,1.61687,1.92871,2.38933,0,0.00096248,0.00096248,0.00096248
526,2360.3,1.24518,1.77307,1.01683,1.39751,0,0.56829,0.41902,0.45108,0.20906,0.354,0.13636,0.10835,0.02874,2.05453,1.62297,1.94746,2.43467,0,0.0009605,0.0009605,0.0009605
527,2364.74,1.23312,1.81023,0.9742,1.39455,0,0.48486,0.36365,0.38796,0.1867,0.26813,0.13636,0.08967,0.02749,2.01206,1.62683,1.97605,2.3345,0,0.00095852,0.00095852,0.00095852
528,2369.14,1.2614,1.72063,1.01039,1.39953,0,0.48486,0.36365,0.38796,0.1867,0.26813,0.13636,0.08967,0.02749,2.01206,1.62683,1.97605,2.3345,0,0.00095654,0.00095654,0.00095654
529,2373.53,1.27652,1.70232,1.0558,1.42533,0,0.40256,0.38636,0.34702,0.16591,0.25143,0.13636,0.07493,0.02125,1.98596,1.65193,2.0281,2.27232,0,0.00095456,0.00095456,0.00095456
530,2378.06,1.31387,1.837,0.98685,1.3923,0,0.34506,0.36364,0.34102,0.17597,0.21073,0.11364,0.06809,0.02394,1.96727,1.67406,2.11355,2.26041,0,0.00095258,0.00095258,0.00095258
531,2382.56,1.31076,1.85261,1.02811,1.41482,0,0.43826,0.34091,0.35835,0.17869,0.19512,0.13636,0.06354,0.01861,1.98447,1.66069,2.04914,2.25728,0,0.0009506,0.0009506,0.0009506
532,2387,1.26719,1.67877,0.99297,1.42286,0,0.32213,0.45455,0.33744,0.17664,0.17477,0.18182,0.06857,0.02215,1.91183,1.64445,2.0031,2.18707,0,0.00094862,0.00094862,0.00094862
533,2391.44,1.27246,1.80872,0.99787,1.40718,0,0.3925,0.54545,0.39188,0.19636,0.20082,0.13636,0.069,0.01984,1.93034,1.62141,1.92191,2.18365,0,0.00094664,0.00094664,0.00094664
534,2395.88,1.23691,1.70291,0.97497,1.36026,0,0.3925,0.54545,0.39188,0.19636,0.20082,0.13636,0.069,0.01984,1.93034,1.62141,1.92191,2.18365,0,0.00094466,0.00094466,0.00094466
535,2400.3,1.319,1.80401,1.04502,1.43509,0,0.46759,0.47727,0.42068,0.20314,0.13946,0.15909,0.07486,0.01963,1.92693,1.6128,2.01108,2.18576,0,0.00094268,0.00094268,0.00094268
536,2404.64,1.29419,1.86194,1.0413,1.39184,0,0.38463,0.45455,0.36113,0.17172,0.37316,0.09091,0.06588,0.01629,1.90632,1.62848,1.97947,2.16838,0,0.0009407,0.0009407,0.0009407
537,2409.25,1.25236,1.8522,0.98331,1.37604,0,0.43584,0.47727,0.33284,0.15928,0.14311,0.15909,0.06407,0.01645,1.91836,1.67006,2.00448,2.24298,0,0.00093872,0.00093872,0.00093872
538,2413.62,1.28914,1.80506,1.01605,1.41036,0,0.43883,0.45455,0.34283,0.16399,0.21698,0.13636,0.0656,0.02009,1.99737,1.68974,1.96911,2.3327,0,0.00093674,0.00093674,0.00093674
539,2418,1.23029,1.71427,0.98568,1.39335,0,0.43883,0.45455,0.34283,0.16399,0.21698,0.13636,0.0656,0.02009,1.99737,1.68974,1.96911,2.3327,0,0.00093476,0.00093476,0.00093476
540,2422.43,1.27442,1.77651,0.97626,1.41001,0,0.48599,0.47282,0.37699,0.18744,0.29138,0.13636,0.07358,0.02116,2.00119,1.6802,1.97853,2.28271,0,0.00093278,0.00093278,0.00093278
541,2426.85,1.26919,1.82411,1.00714,1.40952,0,0.44121,0.34091,0.36599,0.18067,0.24104,0.15909,0.08994,0.02228,2.00416,1.63214,1.95343,2.3262,0,0.0009308,0.0009308,0.0009308
542,2431.33,1.30367,1.77764,1.02015,1.43497,0,0.39532,0.40909,0.38508,0.19518,0.17697,0.11364,0.06325,0.02217,1.99128,1.60783,1.86976,2.32662,0,0.00092882,0.00092882,0.00092882
543,2435.73,1.3448,1.84747,1.0485,1.41862,0,0.40551,0.38759,0.38425,0.20453,0.14331,0.13636,0.07727,0.0196,2.00317,1.59556,1.79777,2.33852,0,0.00092684,0.00092684,0.00092684
544,2440.15,1.23754,1.72427,0.95807,1.37481,0,0.40551,0.38759,0.38425,0.20453,0.14331,0.13636,0.07727,0.0196,2.00317,1.59556,1.79777,2.33852,0,0.00092486,0.00092486,0.00092486
545,2444.63,1.27626,1.75162,0.9408,1.37926,0,0.3062,0.47727,0.33164,0.18162,0.10172,0.13636,0.07643,0.0212,2.01087,1.63317,1.96644,2.36509,0,0.00092288,0.00092288,0.00092288
546,2449.01,1.32596,1.83185,1.04186,1.43802,0,0.28573,0.40909,0.30159,0.15775,0.13343,0.15909,0.07095,0.01992,2.06319,1.63745,2.00807,2.39672,0,0.0009209,0.0009209,0.0009209
547,2453.44,1.27269,1.81074,1.05672,1.41743,0,0.2728,0.52273,0.32115,0.16461,0.16738,0.13636,0.07452,0.02165,2.03113,1.61881,2.04792,2.31444,0,0.00091892,0.00091892,0.00091892
548,2457.93,1.1967,1.70552,0.94448,1.36654,0,0.33049,0.56818,0.36157,0.17642,0.17332,0.11364,0.05655,0.01977,2.04413,1.67123,1.90836,2.38343,0,0.00091694,0.00091694,0.00091694
549,2462.38,1.30912,1.78892,0.99944,1.41016,0,0.42468,0.5,0.36694,0.15614,0.12555,0.11364,0.05247,0.01799,2.03811,1.68183,1.97882,2.3924,0,0.00091496,0.00091496,0.00091496
550,2466.72,1.26369,1.69547,0.97086,1.40216,0,0.42468,0.5,0.36694,0.15614,0.12555,0.11364,0.05247,0.01799,2.03811,1.68183,1.97882,2.3924,0,0.00091298,0.00091298,0.00091298
551,2471.42,1.29503,1.78555,1.0083,1.43714,0,0.42414,0.45455,0.36054,0.16646,0.22177,0.11364,0.04618,0.01364,2.05986,1.68106,2.05437,2.3671,0,0.000911,0.000911,0.000911
552,2475.92,1.28275,1.79991,0.99814,1.40531,0,0.32852,0.45455,0.35427,0.17518,0.24583,0.09091,0.05605,0.01705,1.98163,1.68612,2.08716,2.24271,0,0.00090902,0.00090902,0.00090902
553,2480.25,1.26211,1.76777,1.01652,1.37737,0,0.36463,0.45455,0.36004,0.18205,0.19857,0.13636,0.0759,0.02057,1.96751,1.69113,2.02864,2.18079,0,0.00090704,0.00090704,0.00090704
554,2484.64,1.2313,1.70085,0.9752,1.35593,0,0.31607,0.52273,0.37264,0.19052,0.28914,0.13636,0.08099,0.01927,1.93643,1.65644,1.92115,2.1394,0,0.00090506,0.00090506,0.00090506
555,2489.05,1.25679,1.7827,0.97802,1.37932,0,0.31607,0.52273,0.37264,0.19052,0.28914,0.13636,0.08099,0.01927,1.93643,1.65644,1.92115,2.1394,0,0.00090308,0.00090308,0.00090308
556,2493.6,1.23678,1.76625,0.9781,1.37556,0,0.32414,0.43182,0.39034,0.19179,0.29611,0.13636,0.07939,0.02005,1.94563,1.62031,1.94581,2.15289,0,0.0009011,0.0009011,0.0009011
557,2498.14,1.15682,1.68827,0.91964,1.31352,0,0.31411,0.40909,0.34988,0.17283,0.33783,0.13636,0.08448,0.0227,1.99607,1.60586,2.03557,2.22755,0,0.00089912,0.00089912,0.00089912
558,2502.44,1.22092,1.74229,1.00084,1.39569,0,0.54373,0.22727,0.32919,0.15374,0.31982,0.13636,0.08546,0.02364,2.06451,1.62256,2.12846,2.31502,0,0.00089714,0.00089714,0.00089714
559,2507.11,1.32667,1.76559,1.00296,1.42693,0,0.38523,0.31818,0.32181,0.15876,0.2949,0.13321,0.07331,0.02186,2.02289,1.62057,2.19492,2.33614,0,0.00089516,0.00089516,0.00089516
560,2511.57,1.23156,1.75465,0.96479,1.39304,0,0.38523,0.31818,0.32181,0.15876,0.2949,0.13321,0.07331,0.02186,2.02289,1.62057,2.19492,2.33614,0,0.00089318,0.00089318,0.00089318
561,2516.06,1.27102,1.81956,0.98021,1.4299,0,0.25018,0.38636,0.28148,0.1513,0.29869,0.09091,0.06354,0.02255,1.98178,1.62956,2.16887,2.33421,0,0.0008912,0.0008912,0.0008912
562,2520.59,1.30431,1.80983,1.02464,1.38618,0,0.27113,0.47727,0.26424,0.13488,0.23526,0.09091,0.0675,0.02048,1.97989,1.61029,2.10851,2.31486,0,0.00088922,0.00088922,0.00088922
563,2524.88,1.27454,1.68676,1.01188,1.42523,0,0.35268,0.29545,0.25249,0.12825,0.22932,0.09091,0.06382,0.02096,1.997,1.58912,2.16231,2.33028,0,0.00088724,0.00088724,0.00088724
564,2529.48,1.32676,1.80168,1.02736,1.45792,0,0.32924,0.31818,0.23809,0.12871,0.16323,0.09091,0.05744,0.02072,2.00678,1.60452,2.21158,2.33975,0,0.00088526,0.00088526,0.00088526
565,2534,1.28695,1.77482,1.00326,1.4264,0,0.4444,0.34091,0.31367,0.14936,0.26147,0.06818,0.065,0.02398,2.05418,1.56484,2.18173,2.35955,0,0.00088328,0.00088328,0.00088328
566,2538.35,1.32032,1.76454,0.99411,1.42583,0,0.4444,0.34091,0.31367,0.14936,0.26147,0.06818,0.065,0.02398,2.05418,1.56484,2.18173,2.35955,0,0.0008813,0.0008813,0.0008813
567,2542.77,1.2693,1.73836,0.92502,1.39676,0,0.40311,0.34091,0.34951,0.16852,0.24448,0.11364,0.08451,0.0275,2.06264,1.56488,2.02232,2.35165,0,0.00087932,0.00087932,0.00087932
568,2547.12,1.2717,1.69251,1.00011,1.38193,0,0.48737,0.40909,0.40544,0.18082,0.35248,0.11364,0.08713,0.02599,2.0539,1.58457,1.93168,2.35013,0,0.00087734,0.00087734,0.00087734
569,2551.53,1.23346,1.74882,0.96385,1.36415,0,0.46387,0.40909,0.39855,0.19053,0.36066,0.11364,0.08036,0.0223,1.96979,1.59707,1.93929,2.25291,0,0.00087536,0.00087536,0.00087536
570,2556.15,1.28265,1.85256,0.98903,1.41384,0,0.48514,0.47727,0.39063,0.18541,0.29133,0.11364,0.0693,0.02102,1.94351,1.62362,2.05204,2.21462,0,0.00087338,0.00087338,0.00087338
571,2560.73,1.25232,1.80246,0.97455,1.38884,0,0.48514,0.47727,0.39063,0.18541,0.29133,0.11364,0.0693,0.02102,1.94351,1.62362,2.05204,2.21462,0,0.0008714,0.0008714,0.0008714
572,2565.18,1.26614,1.8002,1.03155,1.44848,0,0.51048,0.45455,0.38423,0.19447,0.1882,0.15909,0.07062,0.02187,1.93382,1.64311,2.06455,2.16565,0,0.00086942,0.00086942,0.00086942
573,2569.63,1.2087,1.69786,0.9282,1.36757,0,0.4015,0.43182,0.37434,0.17482,0.23965,0.13636,0.08231,0.02411,1.98091,1.60213,1.97336,2.1622,0,0.00086744,0.00086744,0.00086744
574,2574.09,1.21423,1.71936,0.95712,1.35303,0,0.33172,0.5,0.38359,0.17128,0.19223,0.13636,0.0703,0.02017,1.97502,1.6256,1.86856,2.20784,0,0.00086546,0.00086546,0.00086546
575,2578.49,1.14935,1.68306,0.91183,1.31246,0,0.46716,0.31818,0.38334,0.16326,0.33037,0.11364,0.08128,0.02281,2.01163,1.63397,1.94254,2.24488,0,0.00086348,0.00086348,0.00086348
576,2582.97,1.20125,1.71684,0.91283,1.37384,0,0.46716,0.31818,0.38334,0.16326,0.33037,0.11364,0.08128,0.02281,2.01163,1.63397,1.94254,2.24488,0,0.0008615,0.0008615,0.0008615
577,2587.36,1.15313,1.65036,0.88223,1.33458,0,0.514,0.36364,0.38198,0.16387,0.21196,0.13636,0.0775,0.01936,1.99766,1.61276,1.98408,2.22272,0,0.00085952,0.00085952,0.00085952
578,2591.88,1.21193,1.78375,0.92173,1.35945,0,0.43476,0.45455,0.39398,0.19134,0.28802,0.13636,0.09038,0.02862,2.01357,1.61195,1.88832,2.24247,0,0.00085754,0.00085754,0.00085754
579,2596.29,1.17773,1.6114,0.86383,1.33024,0,0.44156,0.5,0.48733,0.2175,0.39147,0.13636,0.10911,0.03168,2.04448,1.61786,1.72082,2.26347,0,0.00085556,0.00085556,0.00085556
580,2600.81,1.28619,1.65508,0.98045,1.39682,0,0.58701,0.45232,0.52141,0.24641,0.40808,0.13636,0.11866,0.03463,2.03525,1.62581,1.64739,2.26334,0,0.00085358,0.00085358,0.00085358
581,2605.4,1.24451,1.76927,0.95678,1.36038,0,0.47062,0.5,0.46279,0.23737,0.23965,0.11364,0.08739,0.02547,2.01768,1.64896,1.83104,2.23129,0,0.0008516,0.0008516,0.0008516
582,2609.85,1.32519,1.88976,1.04141,1.46227,0,0.47062,0.5,0.46279,0.23737,0.23965,0.11364,0.08739,0.02547,2.01768,1.64896,1.83104,2.23129,0,0.00084962,0.00084962,0.00084962
583,2614.28,1.2642,1.77178,0.95618,1.39632,0,0.37528,0.45455,0.36476,0.21226,0.09302,0.09091,0.05329,0.01781,1.99276,1.68523,1.91913,2.26145,0,0.00084764,0.00084764,0.00084764
584,2618.89,1.17492,1.71041,0.93573,1.36454,0,0.35428,0.45455,0.34395,0.17793,0.13559,0.09091,0.05444,0.01787,1.99762,1.67521,1.95182,2.25408,0,0.00084566,0.00084566,0.00084566
585,2623.33,1.28659,1.78468,0.99523,1.39517,0,0.39036,0.59672,0.43791,0.19503,0.25701,0.09091,0.06341,0.02064,2.03117,1.64699,1.85671,2.32746,0,0.00084368,0.00084368,0.00084368
586,2627.75,1.24777,1.79234,0.99436,1.39921,0,0.50269,0.54545,0.47218,0.20749,0.21012,0.22727,0.09162,0.02319,1.98241,1.64336,1.80885,2.29453,0,0.0008417,0.0008417,0.0008417
587,2632.08,1.22893,1.69178,0.95201,1.37975,0,0.50269,0.54545,0.47218,0.20749,0.21012,0.22727,0.09162,0.02319,1.98241,1.64336,1.80885,2.29453,0,0.00083972,0.00083972,0.00083972
588,2636.46,1.24663,1.66648,0.9269,1.36456,0,0.3539,0.61364,0.42899,0.19568,0.16664,0.31818,0.10895,0.02676,1.95677,1.64756,1.82451,2.25549,0,0.00083774,0.00083774,0.00083774
589,2640.97,1.2531,1.81905,0.99979,1.38478,0,0.29402,0.63636,0.3756,0.17908,0.16113,0.214,0.08059,0.02228,1.93763,1.64634,1.90956,2.21592,0,0.00083576,0.00083576,0.00083576
590,2645.4,1.21841,1.6573,0.96095,1.38968,0,0.51673,0.38636,0.36437,0.16929,0.20505,0.11364,0.0544,0.01672,1.92588,1.66245,1.89785,2.20703,0,0.00083378,0.00083378,0.00083378
591,2650.04,1.28441,1.84104,1.02164,1.43791,0,0.27877,0.38636,0.31152,0.16655,0.19889,0.11364,0.04475,0.01581,1.88251,1.69968,2.03623,2.19774,0,0.0008318,0.0008318,0.0008318
592,2654.35,1.14397,1.56651,0.92771,1.3173,0,0.27877,0.38636,0.31152,0.16655,0.19889,0.11364,0.04475,0.01581,1.88251,1.69968,2.03623,2.19774,0,0.00082982,0.00082982,0.00082982
593,2658.77,1.18417,1.62167,1.00378,1.37735,0,0.29478,0.47727,0.31684,0.16547,0.29455,0.13636,0.07017,0.01909,1.86871,1.6678,2.1416,2.19587,0,0.00082784,0.00082784,0.00082784
594,2663.17,1.1783,1.63196,0.94934,1.3619,0,0.27313,0.43182,0.3286,0.18053,0.54776,0.13636,0.10603,0.02858,1.89109,1.63238,2.02519,2.1826,0,0.00082586,0.00082586,0.00082586
595,2667.64,1.16245,1.63849,0.93258,1.33785,0,0.27575,0.47727,0.33852,0.18207,0.37704,0.13636,0.10978,0.02947,1.91578,1.58348,1.95974,2.17777,0,0.00082388,0.00082388,0.00082388
596,2671.91,1.20933,1.74241,0.97339,1.36833,0,0.28383,0.54545,0.37255,0.18106,0.27579,0.13636,0.09918,0.02695,1.91912,1.5745,1.96132,2.16252,0,0.0008219,0.0008219,0.0008219
597,2676.34,1.1181,1.63556,0.86901,1.34166,0,0.34022,0.36364,0.35976,0.18993,0.346,0.13636,0.10699,0.02952,1.88661,1.55577,1.94377,2.15035,0,0.00081992,0.00081992,0.00081992
598,2680.8,1.21341,1.71351,0.953,1.35996,0,0.34022,0.36364,0.35976,0.18993,0.346,0.13636,0.10699,0.02952,1.88661,1.55577,1.94377,2.15035,0,0.00081794,0.00081794,0.00081794
599,2685.21,1.1638,1.7236,0.92892,1.3399,0,0.2687,0.52273,0.3636,0.20089,0.34275,0.13636,0.11018,0.02939,1.8362,1.58452,1.87876,2.10397,0,0.00081596,0.00081596,0.00081596
600,2689.6,1.24172,1.67409,0.95618,1.34375,0,0.4631,0.45455,0.452,0.23094,0.2444,0.20455,0.11039,0.02353,1.86102,1.60016,1.83437,2.12806,0,0.00081398,0.00081398,0.00081398
601,2693.87,1.22767,1.7533,0.93345,1.35472,0,0.55636,0.5,0.4796,0.25052,0.22918,0.20455,0.10612,0.02169,1.85209,1.61052,1.81174,2.13647,0,0.000812,0.000812,0.000812
602,2698.25,1.21481,1.69819,0.9294,1.40576,0,0.55016,0.54545,0.47382,0.24227,0.22312,0.15909,0.09943,0.01915,1.86045,1.62537,1.80066,2.17726,0,0.00081002,0.00081002,0.00081002
603,2702.64,1.17796,1.66616,0.90765,1.31078,0,0.55016,0.54545,0.47382,0.24227,0.22312,0.15909,0.09943,0.01915,1.86045,1.62537,1.80066,2.17726,0,0.00080804,0.00080804,0.00080804
604,2707.01,1.25452,1.7195,0.95352,1.3754,0,0.57222,0.45455,0.43849,0.22464,0.25664,0.15909,0.09546,0.02319,1.89883,1.62685,1.82128,2.21623,0,0.00080606,0.00080606,0.00080606
605,2711.61,1.27321,1.7444,0.958,1.40573,0,0.47472,0.52273,0.42044,0.21201,0.19081,0.25,0.09713,0.02841,1.90753,1.58602,1.80196,2.18951,0,0.00080408,0.00080408,0.00080408
606,2716.02,1.15727,1.65058,0.87736,1.32872,0,0.38025,0.54545,0.38745,0.19834,0.14616,0.22727,0.08831,0.02627,1.95453,1.57998,1.8659,2.18233,0,0.0008021,0.0008021,0.0008021
607,2720.43,1.17959,1.71517,0.95012,1.33968,0,0.38258,0.54545,0.39719,0.20207,0.13285,0.20455,0.08443,0.01649,1.97414,1.57758,1.89809,2.22012,0,0.00080012,0.00080012,0.00080012
608,2724.73,1.21748,1.75753,0.94335,1.38495,0,0.38258,0.54545,0.39719,0.20207,0.13285,0.20455,0.08443,0.01649,1.97414,1.57758,1.89809,2.22012,0,0.00079814,0.00079814,0.00079814
609,2729.27,1.1876,1.70006,0.92824,1.33608,0,0.31768,0.56818,0.38068,0.19705,0.21682,0.11364,0.07881,0.01545,1.95691,1.59934,1.92985,2.21509,0,0.00079616,0.00079616,0.00079616
610,2733.66,1.22134,1.77566,0.95695,1.3925,0,0.29204,0.54545,0.38408,0.19559,0.22543,0.11364,0.07163,0.01946,1.9492,1.61972,1.89935,2.18725,0,0.00079418,0.00079418,0.00079418
611,2738.2,1.19112,1.64313,0.8852,1.34926,0,0.47078,0.36364,0.41253,0.18826,0.27803,0.11364,0.06686,0.02303,1.9499,1.6047,1.90313,2.1697,0,0.0007922,0.0007922,0.0007922
612,2742.56,1.25106,1.69934,0.98204,1.39747,0,0.34539,0.49174,0.40002,0.1951,0.25589,0.11364,0.05157,0.0173,1.93965,1.58235,1.91491,2.14414,0,0.00079022,0.00079022,0.00079022
613,2746.98,1.19056,1.64647,0.90586,1.34036,0,0.40233,0.38636,0.39245,0.21076,0.28083,0.13636,0.08388,0.01882,1.93381,1.58607,1.94651,2.1459,0,0.00078824,0.00078824,0.00078824
614,2751.41,1.2377,1.75541,0.99278,1.38149,0,0.40233,0.38636,0.39245,0.21076,0.28083,0.13636,0.08388,0.01882,1.93381,1.58607,1.94651,2.1459,0,0.00078626,0.00078626,0.00078626
615,2755.82,1.18693,1.63309,0.919,1.35918,0,0.34305,0.43182,0.35288,0.18844,0.25128,0.15909,0.06041,0.01526,1.89546,1.60494,1.95043,2.1541,0,0.00078428,0.00078428,0.00078428
616,2760.27,1.18479,1.75047,0.94502,1.3748,0,0.3535,0.5,0.32701,0.16065,0.17574,0.13636,0.04648,0.01233,1.93912,1.63592,1.99731,2.21885,0,0.0007823,0.0007823,0.0007823
617,2764.64,1.18161,1.76037,0.92154,1.33555,0,0.3951,0.5,0.35597,0.15601,0.22947,0.13636,0.05699,0.01356,2.03056,1.66897,1.95864,2.33813,0,0.00078032,0.00078032,0.00078032
618,2769.28,1.2271,1.65819,0.9473,1.37381,0,0.49864,0.38636,0.40461,0.16947,0.21131,0.11364,0.05604,0.01509,2.01215,1.66356,2.01941,2.32107,0,0.00077834,0.00077834,0.00077834
619,2773.67,1.24817,1.71907,0.9646,1.37819,0,0.49864,0.38636,0.40461,0.16947,0.21131,0.11364,0.05604,0.01509,2.01215,1.66356,2.01941,2.32107,0,0.00077636,0.00077636,0.00077636
620,2778.03,1.21526,1.6651,0.91016,1.3554,0,0.50529,0.45455,0.40913,0.16649,0.2023,0.11364,0.05213,0.01576,1.99124,1.67849,2.1491,2.28625,0,0.00077438,0.00077438,0.00077438
621,2782.45,1.28757,1.77789,0.98326,1.41465,0,0.47786,0.43182,0.37668,0.14942,0.11326,0.15909,0.0504,0.01677,2.02115,1.70996,2.22355,2.28893,0,0.0007724,0.0007724,0.0007724
622,2786.87,1.16925,1.62059,0.88197,1.31159,0,0.4765,0.43182,0.36728,0.1612,0.15609,0.11364,0.05374,0.01639,2.02019,1.72293,2.23647,2.27446,0,0.00077042,0.00077042,0.00077042
623,2791.22,1.17742,1.71082,0.90313,1.33609,0,0.41056,0.40909,0.36259,0.17147,0.25701,0.11364,0.07621,0.01717,1.99261,1.72971,2.13172,2.24357,0,0.00076844,0.00076844,0.00076844
624,2795.61,1.20129,1.67229,0.89345,1.35883,0,0.41056,0.40909,0.36259,0.17147,0.25701,0.11364,0.07621,0.01717,1.99261,1.72971,2.13172,2.24357,0,0.00076646,0.00076646,0.00076646
625,2800.16,1.15075,1.66756,0.90516,1.33905,0,0.3783,0.56818,0.38407,0.19639,0.21173,0.13636,0.07511,0.02025,1.93584,1.69905,2.07065,2.23647,0,0.00076448,0.00076448,0.00076448
626,2804.51,1.15656,1.70368,0.89865,1.32499,0,0.3814,0.56059,0.39931,0.20041,0.23557,0.13636,0.07943,0.02458,1.93662,1.66393,2.03996,2.26568,0,0.0007625,0.0007625,0.0007625
627,2808.98,1.14682,1.70621,0.90474,1.31823,0,0.39089,0.56818,0.41262,0.21541,0.23173,0.13636,0.09473,0.02566,1.96195,1.63501,1.97694,2.31267,0,0.00076052,0.00076052,0.00076052
628,2813.43,1.19965,1.70192,0.93184,1.33487,0,0.40264,0.56818,0.41175,0.21663,0.13817,0.15909,0.0725,0.02222,1.94954,1.61151,1.93231,2.28939,0,0.00075854,0.00075854,0.00075854
629,2817.82,1.14425,1.67577,0.90018,1.33429,0,0.49132,0.54545,0.46194,0.21733,0.14901,0.15909,0.07167,0.02671,1.95219,1.59581,1.87302,2.2841,0,0.00075656,0.00075656,0.00075656
630,2822.22,1.21326,1.60758,0.8983,1.37346,0,0.49132,0.54545,0.46194,0.21733,0.14901,0.15909,0.07167,0.02671,1.95219,1.59581,1.87302,2.2841,0,0.00075458,0.00075458,0.00075458
631,2826.65,1.18249,1.67042,0.90092,1.35094,0,0.41334,0.54545,0.39402,0.1911,0.19547,0.18182,0.07507,0.02356,1.88023,1.60289,1.87867,2.19192,0,0.0007526,0.0007526,0.0007526
632,2831.22,1.179,1.64044,0.91809,1.35975,0,0.38776,0.47506,0.35521,0.17006,0.17943,0.18182,0.06598,0.01784,1.85554,1.62118,1.94703,2.19231,0,0.00075062,0.00075062,0.00075062
633,2835.63,1.15784,1.6704,0.90571,1.35295,0,0.46295,0.38636,0.34907,0.16793,0.13379,0.18182,0.05546,0.01594,1.87195,1.60513,2.05954,2.17284,0,0.00074864,0.00074864,0.00074864
634,2839.98,1.20054,1.67812,0.92844,1.35146,0,0.40533,0.43182,0.34618,0.17611,0.23972,0.11364,0.05848,0.0184,1.88449,1.58578,1.97643,2.19693,0,0.00074666,0.00074666,0.00074666
635,2844.36,1.14797,1.55528,0.86737,1.30138,0,0.40533,0.43182,0.34618,0.17611,0.23972,0.11364,0.05848,0.0184,1.88449,1.58578,1.97643,2.19693,0,0.00074468,0.00074468,0.00074468
636,2848.89,1.18322,1.65631,0.90031,1.33204,0,0.32985,0.38636,0.31221,0.169,0.11615,0.13636,0.06535,0.02411,1.89233,1.58796,2.02238,2.22448,0,0.0007427,0.0007427,0.0007427
637,2853.23,1.2191,1.64079,0.91951,1.32399,0,0.27929,0.40909,0.30463,0.16833,0.20027,0.09091,0.0721,0.02248,1.91361,1.6254,2.10979,2.23267,0,0.00074072,0.00074072,0.00074072
638,2857.69,1.18241,1.64747,0.90126,1.34855,0,0.37709,0.36364,0.34087,0.18718,0.19899,0.09091,0.07483,0.02057,1.88304,1.6432,2.06099,2.25414,0,0.00073874,0.00073874,0.00073874
639,2862.14,1.18149,1.7377,0.93263,1.35739,0,0.42519,0.43182,0.39349,0.2059,0.24787,0.09091,0.0838,0.01774,1.8731,1.6344,2.01979,2.23377,0,0.00073676,0.00073676,0.00073676
640,2866.63,1.17536,1.60686,0.89446,1.35252,0,0.42519,0.43182,0.39349,0.2059,0.24787,0.09091,0.0838,0.01774,1.8731,1.6344,2.01979,2.23377,0,0.00073478,0.00073478,0.00073478
641,2871.05,1.21772,1.68424,0.94092,1.36611,0,0.47471,0.40909,0.40303,0.20567,0.09568,0.27273,0.06594,0.02147,1.87832,1.59775,1.93744,2.20761,0,0.0007328,0.0007328,0.0007328
642,2875.5,1.20731,1.64827,0.91179,1.33352,0,0.52821,0.40909,0.42454,0.2018,0.15381,0.13636,0.10153,0.02729,1.94212,1.55747,1.96636,2.23342,0,0.00073082,0.00073082,0.00073082
643,2879.92,1.18989,1.61145,0.90293,1.33492,0,0.4222,0.44847,0.41368,0.21009,0.35349,0.09091,0.10206,0.02506,1.94566,1.53618,1.86563,2.19425,0,0.00072884,0.00072884,0.00072884
644,2884.33,1.20169,1.68856,0.90812,1.35575,0,0.46418,0.36364,0.37052,0.20013,0.18199,0.13636,0.10128,0.03067,1.9941,1.57235,1.89454,2.30706,0,0.00072686,0.00072686,0.00072686
645,2888.91,1.15029,1.61902,0.87224,1.30198,0,0.41015,0.36364,0.34992,0.18849,0.10726,0.22727,0.09582,0.0287,1.96193,1.58261,1.89091,2.29064,0,0.00072488,0.00072488,0.00072488
646,2893.24,1.17178,1.67864,0.92125,1.35218,0,0.41015,0.36364,0.34992,0.18849,0.10726,0.22727,0.09582,0.0287,1.96193,1.58261,1.89091,2.29064,0,0.0007229,0.0007229,0.0007229
647,2897.76,1.17676,1.67491,0.88793,1.32647,0,0.36481,0.45455,0.35328,0.18217,0.16952,0.27273,0.12547,0.02765,1.95891,1.59401,1.8894,2.3269,0,0.00072092,0.00072092,0.00072092
648,2902.16,1.09152,1.63018,0.86075,1.28592,0,0.36151,0.46335,0.37333,0.19439,0.17077,0.27273,0.13001,0.02973,2.01503,1.60712,1.8643,2.41213,0,0.00071894,0.00071894,0.00071894
649,2906.54,1.14463,1.69117,0.88964,1.31181,0,0.44764,0.49735,0.39923,0.2018,0.21065,0.25,0.12727,0.03089,2.0021,1.61592,1.90154,2.37631,0,0.00071696,0.00071696,0.00071696
650,2910.98,1.1889,1.69309,0.89911,1.33042,0,0.42903,0.45455,0.40764,0.19869,0.17617,0.25,0.12569,0.03333,1.97918,1.62752,1.98573,2.35167,0,0.00071498,0.00071498,0.00071498
651,2915.37,1.08861,1.6067,0.82136,1.28795,0,0.42903,0.45455,0.40764,0.19869,0.17617,0.25,0.12569,0.03333,1.97918,1.62752,1.98573,2.35167,0,0.000713,0.000713,0.000713
652,2919.91,1.205,1.62058,0.8838,1.35258,0,0.49496,0.40107,0.37222,0.1918,0.25274,0.13636,0.09284,0.02481,1.91677,1.63842,2.00954,2.23645,0,0.00071102,0.00071102,0.00071102
653,2924.34,1.13914,1.695,0.8863,1.30079,0,0.37842,0.47727,0.39189,0.19944,0.23239,0.15909,0.09518,0.02981,1.95398,1.63469,1.89965,2.29388,0,0.00070904,0.00070904,0.00070904
654,2928.77,1.10407,1.54941,0.84502,1.26696,0,0.33079,0.54545,0.41343,0.21796,0.27252,0.14496,0.10195,0.02822,1.96576,1.60382,1.84161,2.26434,0,0.00070706,0.00070706,0.00070706
655,2933.13,1.17161,1.65324,0.89552,1.33523,0,0.35709,0.59091,0.40846,0.21478,0.16277,0.15909,0.10413,0.03145,1.97289,1.5984,1.82686,2.25049,0,0.00070508,0.00070508,0.00070508
656,2937.53,1.20624,1.70827,0.92593,1.34766,0,0.35709,0.59091,0.40846,0.21478,0.16277,0.15909,0.10413,0.03145,1.97289,1.5984,1.82686,2.25049,0,0.0007031,0.0007031,0.0007031
657,2942,1.12886,1.64709,0.88219,1.32771,0,0.35297,0.47727,0.37852,0.19271,0.13536,0.18182,0.06969,0.02545,1.98179,1.59905,1.8817,2.27843,0,0.00070112,0.00070112,0.00070112
658,2946.51,1.11138,1.63767,0.85409,1.27955,0,0.46826,0.56818,0.42584,0.22054,0.13247,0.18182,0.07153,0.02673,1.97769,1.59822,1.85291,2.29305,0,0.00069914,0.00069914,0.00069914
659,2950.98,1.14764,1.67721,0.88812,1.29888,0,0.48495,0.51369,0.4672,0.24197,0.21281,0.09091,0.06449,0.0233,1.89151,1.59569,1.85706,2.17159,0,0.00069716,0.00069716,0.00069716
660,2955.36,1.13688,1.70159,0.86567,1.29524,0,0.48683,0.54545,0.44452,0.23098,0.2907,0.11364,0.08327,0.01948,1.86865,1.61643,1.95348,2.17362,0,0.00069518,0.00069518,0.00069518
661,2959.81,1.10808,1.53914,0.83881,1.31186,0,0.52659,0.47727,0.46137,0.23327,0.12561,0.11364,0.04545,0.01456,1.90288,1.63656,1.85506,2.19348,0,0.0006932,0.0006932,0.0006932
662,2964.26,1.15536,1.65002,0.90565,1.31421,0,0.52659,0.47727,0.46137,0.23327,0.12561,0.11364,0.04545,0.01456,1.90288,1.63656,1.85506,2.19348,0,0.00069122,0.00069122,0.00069122
663,2968.73,1.18117,1.67974,0.905,1.31717,0,0.48406,0.5,0.45357,0.23204,0.20365,0.15909,0.07143,0.02166,1.90023,1.61608,1.91616,2.20507,0,0.00068924,0.00068924,0.00068924
664,2973.26,1.16458,1.62877,0.86789,1.33406,0,0.47115,0.52273,0.41989,0.22068,0.22234,0.20455,0.08832,0.02646,1.91369,1.60479,1.93739,2.20715,0,0.00068726,0.00068726,0.00068726
665,2977.7,1.07938,1.57616,0.84863,1.27572,0,0.4791,0.52273,0.41109,0.22489,0.20926,0.20455,0.10784,0.03085,1.93497,1.59577,1.91275,2.22701,0,0.00068528,0.00068528,0.00068528
666,2982.2,1.14115,1.58818,0.83767,1.29964,0,0.45959,0.56818,0.38614,0.19702,0.17717,0.20455,0.10221,0.0272,1.98751,1.60439,1.97531,2.29132,0,0.0006833,0.0006833,0.0006833
667,2986.67,1.13426,1.68772,0.91187,1.31247,0,0.45959,0.56818,0.38614,0.19702,0.17717,0.20455,0.10221,0.0272,1.98751,1.60439,1.97531,2.29132,0,0.00068132,0.00068132,0.00068132
668,2991.08,1.20369,1.78303,0.98097,1.40449,0,0.43227,0.57109,0.39836,0.19758,0.17899,0.18182,0.08452,0.02019,2.03324,1.60955,1.91333,2.39478,0,0.00067934,0.00067934,0.00067934
669,2995.51,1.14883,1.68276,0.88828,1.32395,0,0.4387,0.59091,0.41972,0.20734,0.15967,0.15909,0.09071,0.0243,2.08663,1.59549,1.91434,2.4841,0,0.00067736,0.00067736,0.00067736
670,2999.86,1.16962,1.68346,0.88871,1.33494,0,0.44492,0.56818,0.45242,0.21674,0.14582,0.18182,0.09725,0.02484,2.12623,1.61056,1.85811,2.58867,0,0.00067538,0.00067538,0.00067538
671,3004.33,1.14853,1.57929,0.87326,1.289,0,0.44285,0.52273,0.46421,0.21938,0.15404,0.18182,0.08272,0.01866,2.09708,1.64051,1.89743,2.5428,0,0.0006734,0.0006734,0.0006734
672,3008.81,1.11968,1.60018,0.85839,1.35023,0,0.44285,0.52273,0.46421,0.21938,0.15404,0.18182,0.08272,0.01866,2.09708,1.64051,1.89743,2.5428,0,0.00067142,0.00067142,0.00067142
673,3013.25,1.1387,1.5538,0.84743,1.28559,0,0.39162,0.59091,0.44714,0.22081,0.28377,0.11364,0.07748,0.01828,2.08819,1.65938,1.89796,2.53522,0,0.00066944,0.00066944,0.00066944
674,3017.68,1.17431,1.62849,0.88031,1.30803,0,0.5004,0.47727,0.46862,0.23503,0.16077,0.15909,0.07323,0.02104,1.97639,1.66407,1.87591,2.32919,0,0.00066746,0.00066746,0.00066746
675,3022.08,1.13973,1.70045,0.87633,1.2921,0,0.41387,0.59091,0.44127,0.24259,0.22969,0.13636,0.07416,0.02102,1.90024,1.65983,1.91398,2.18236,0,0.00066548,0.00066548,0.00066548
676,3026.51,1.16046,1.65595,0.90137,1.33374,0,0.41267,0.54545,0.42985,0.24798,0.35071,0.11364,0.09003,0.02192,1.84705,1.63429,1.89592,2.15249,0,0.0006635,0.0006635,0.0006635
677,3030.95,1.10096,1.61196,0.86159,1.30307,0,0.41938,0.52535,0.41842,0.24382,0.30059,0.11364,0.09691,0.02693,1.86687,1.60206,1.81551,2.20573,0,0.00066152,0.00066152,0.00066152
678,3035.34,1.09636,1.53837,0.81893,1.28233,0,0.41938,0.52535,0.41842,0.24382,0.30059,0.11364,0.09691,0.02693,1.86687,1.60206,1.81551,2.20573,0,0.00065954,0.00065954,0.00065954
679,3039.93,1.22878,1.71963,0.96904,1.37317,0,0.45569,0.52273,0.43165,0.23363,0.33981,0.18182,0.13674,0.02698,1.97264,1.61113,1.81636,2.36036,0,0.00065756,0.00065756,0.00065756
680,3044.28,1.12062,1.62074,0.87384,1.29468,0,0.41058,0.50668,0.39755,0.21449,0.34523,0.15909,0.12507,0.02573,1.94077,1.65531,1.87506,2.35878,0,0.00065558,0.00065558,0.00065558
681,3048.77,1.14891,1.59629,0.85069,1.33021,0,0.39595,0.5,0.37812,0.20734,0.39281,0.15909,0.11736,0.02953,1.93411,1.71578,1.93309,2.34468,0,0.0006536,0.0006536,0.0006536
682,3053.19,1.16921,1.59301,0.85749,1.34105,0,0.55261,0.39316,0.4206,0.22912,0.36974,0.13636,0.11239,0.02849,1.94875,1.72125,1.91429,2.36505,0,0.00065162,0.00065162,0.00065162
683,3057.57,1.20012,1.67044,0.90198,1.36456,0,0.55261,0.39316,0.4206,0.22912,0.36974,0.13636,0.11239,0.02849,1.94875,1.72125,1.91429,2.36505,0,0.00064964,0.00064964,0.00064964
684,3062,1.16426,1.66382,0.86443,1.2862,0,0.43967,0.5,0.44152,0.24306,0.2519,0.20455,0.11817,0.02214,1.97545,1.67694,1.86601,2.36247,0,0.00064766,0.00064766,0.00064766
685,3066.36,1.11002,1.63496,0.83872,1.30358,0,0.50705,0.51442,0.46135,0.24514,0.20934,0.15909,0.09971,0.02417,2.02172,1.65027,1.81612,2.40943,0,0.00064568,0.00064568,0.00064568
686,3071.01,1.12705,1.72503,0.90212,1.30329,0,0.43513,0.47727,0.4196,0.23264,0.22138,0.15909,0.09428,0.02066,2.02506,1.65787,1.85007,2.38861,0,0.0006437,0.0006437,0.0006437
687,3075.54,1.1166,1.63611,0.85015,1.28487,0,0.41301,0.45455,0.37571,0.19748,0.34074,0.18182,0.09447,0.02312,2.05795,1.62378,1.85781,2.41485,0,0.00064172,0.00064172,0.00064172
688,3079.84,1.13953,1.60122,0.85686,1.29339,0,0.41301,0.45455,0.37571,0.19748,0.34074,0.18182,0.09447,0.02312,2.05795,1.62378,1.85781,2.41485,0,0.00063974,0.00063974,0.00063974
689,3084.36,1.14587,1.60706,0.8599,1.30397,0,0.4246,0.45455,0.36776,0.18948,0.30551,0.13636,0.07621,0.02312,2.11153,1.61215,1.82932,2.50312,0,0.00063776,0.00063776,0.00063776
690,3088.78,1.06894,1.54215,0.81927,1.26985,0,0.43344,0.41742,0.36753,0.18801,0.30474,0.13636,0.07557,0.02091,2.15316,1.60408,1.85453,2.52514,0,0.00063578,0.00063578,0.00063578
691,3093.29,1.16588,1.64009,0.85861,1.35064,0,0.50428,0.43182,0.41078,0.20058,0.28548,0.13636,0.08118,0.02036,2.11686,1.62989,1.91743,2.48425,0,0.0006338,0.0006338,0.0006338
692,3097.78,1.12149,1.67481,0.85715,1.35976,0,0.55039,0.45455,0.45692,0.229,0.26213,0.13636,0.1009,0.02326,2.09297,1.62964,1.94982,2.4448,0,0.00063182,0.00063182,0.00063182
693,3102.27,1.13845,1.68954,0.85463,1.29696,0,0.52944,0.53712,0.46757,0.24071,0.29983,0.14625,0.10632,0.02383,2.04177,1.60852,1.86272,2.37692,0,0.00062984,0.00062984,0.00062984
694,3106.71,1.13329,1.67707,0.86571,1.28507,0,0.52944,0.53712,0.46757,0.24071,0.29983,0.14625,0.10632,0.02383,2.04177,1.60852,1.86272,2.37692,0,0.00062786,0.00062786,0.00062786
695,3111.11,1.10893,1.54034,0.83167,1.30109,0,0.52393,0.55035,0.48623,0.23448,0.32555,0.15909,0.10349,0.02895,2.01522,1.5767,1.84611,2.36429,0,0.00062588,0.00062588,0.00062588
696,3115.62,1.15286,1.6716,0.86754,1.29996,0,0.46005,0.52273,0.4374,0.22165,0.3271,0.18182,0.11448,0.03172,2.03632,1.55971,1.94024,2.40409,0,0.0006239,0.0006239,0.0006239
697,3120.01,1.14931,1.65951,0.84286,1.30799,0,0.42147,0.49676,0.43177,0.2188,0.32126,0.15909,0.09883,0.02985,2.03979,1.55403,2.04296,2.35601,0,0.00062192,0.00062192,0.00062192
698,3124.42,1.10442,1.60803,0.84402,1.28185,0,0.40391,0.50829,0.4212,0.22231,0.41256,0.15909,0.09724,0.03075,2.07031,1.54693,1.99732,2.36907,0,0.00061994,0.00061994,0.00061994
699,3128.84,1.08528,1.55375,0.82935,1.28294,0,0.40391,0.50829,0.4212,0.22231,0.41256,0.15909,0.09724,0.03075,2.07031,1.54693,1.99732,2.36907,0,0.00061796,0.00061796,0.00061796
700,3133.35,1.10532,1.59593,0.84024,1.27885,0,0.45321,0.47727,0.46535,0.23727,0.49997,0.15909,0.1089,0.03364,2.0696,1.54997,1.86482,2.35286,0,0.00061598,0.00061598,0.00061598
701,3137.76,1.09318,1.60034,0.84529,1.27408,0,0.52614,0.5,0.5015,0.2492,0.45031,0.15909,0.11966,0.03086,2.07587,1.54959,1.88737,2.34892,0,0.000614,0.000614,0.000614
702,3142.14,1.13177,1.60784,0.84349,1.30485,0,0.50697,0.54545,0.48564,0.23966,0.36565,0.15909,0.11897,0.02903,2.00173,1.57103,1.89588,2.28746,0,0.00061202,0.00061202,0.00061202
703,3146.59,1.21192,1.69183,0.91856,1.33767,0,0.49025,0.59017,0.48676,0.23964,0.48014,0.20455,0.15783,0.03298,1.99743,1.58589,1.84306,2.30204,0,0.00061004,0.00061004,0.00061004
704,3150.93,1.1237,1.59947,0.84492,1.29585,0,0.49025,0.59017,0.48676,0.23964,0.48014,0.20455,0.15783,0.03298,1.99743,1.58589,1.84306,2.30204,0,0.00060806,0.00060806,0.00060806
705,3155.32,1.1321,1.61721,0.87783,1.29353,0,0.40835,0.53342,0.45172,0.23348,0.47443,0.20455,0.1553,0.03134,1.97641,1.57193,1.79443,2.28762,0,0.00060608,0.00060608,0.00060608
706,3159.96,1.06007,1.51772,0.79961,1.26925,0,0.3766,0.5,0.4463,0.23979,0.39898,0.20455,0.15733,0.03731,1.97837,1.56139,1.75108,2.29664,0,0.0006041,0.0006041,0.0006041
707,3164.33,1.118,1.56782,0.83547,1.28159,0,0.41821,0.5,0.42855,0.23511,0.35481,0.24996,0.16269,0.04088,1.90602,1.55893,1.77549,2.22063,0,0.00060212,0.00060212,0.00060212
708,3168.76,1.14768,1.61108,0.88219,1.28925,0,0.47693,0.43182,0.42429,0.23433,0.30652,0.25,0.15282,0.033,1.90144,1.57122,1.78999,2.21594,0,0.00060014,0.00060014,0.00060014
709,3173.2,1.17947,1.66112,0.92519,1.35211,0,0.48841,0.43182,0.4152,0.22951,0.41704,0.15909,0.11978,0.02956,1.88609,1.5725,1.80833,2.18937,0,0.00059816,0.00059816,0.00059816
710,3177.6,1.11675,1.58276,0.85423,1.3272,0,0.48841,0.43182,0.4152,0.22951,0.41704,0.15909,0.11978,0.02956,1.88609,1.5725,1.80833,2.18937,0,0.00059618,0.00059618,0.00059618
711,3181.98,1.14046,1.54549,0.85393,1.32187,0,0.44032,0.51861,0.44014,0.23889,0.40292,0.13636,0.10498,0.02645,1.91524,1.57963,1.84553,2.21852,0,0.0005942,0.0005942,0.0005942
712,3186.4,1.12337,1.61501,0.85838,1.28329,0,0.48673,0.52273,0.45806,0.2235,0.44802,0.13636,0.10224,0.02355,1.95938,1.59378,1.93496,2.24282,0,0.00059222,0.00059222,0.00059222
713,3190.89,1.09031,1.5451,0.84657,1.29818,0,0.4701,0.484,0.44644,0.2179,0.45656,0.13636,0.12497,0.02493,1.96788,1.62758,2.02552,2.28356,0,0.00059024,0.00059024,0.00059024
714,3195.31,1.12342,1.64063,0.84351,1.28844,0,0.45653,0.42015,0.42557,0.21049,0.38774,0.13636,0.1295,0.0296,2.00133,1.65761,2.04279,2.3269,0,0.00058826,0.00058826,0.00058826
715,3199.7,1.15344,1.613,0.88656,1.35727,0,0.45653,0.42015,0.42557,0.21049,0.38774,0.13636,0.1295,0.0296,2.00133,1.65761,2.04279,2.3269,0,0.00058628,0.00058628,0.00058628
716,3204.29,1.06105,1.59524,0.84165,1.26889,0,0.32989,0.5,0.39328,0.19957,0.18715,0.28266,0.13489,0.02965,2.08283,1.68139,1.96821,2.44965,0,0.0005843,0.0005843,0.0005843
717,3208.72,1.15168,1.65204,0.89764,1.33504,0,0.33043,0.45991,0.38235,0.1945,0.19492,0.27273,0.11886,0.03344,2.14819,1.68794,1.90675,2.53998,0,0.00058232,0.00058232,0.00058232
718,3213.1,1.14555,1.6628,0.88591,1.31167,0,0.44106,0.34091,0.37243,0.19335,0.14657,0.25,0.11836,0.03062,2.15339,1.68827,1.92591,2.53285,0,0.00058034,0.00058034,0.00058034
719,3217.62,1.06671,1.54357,0.83399,1.26965,0,0.50009,0.36364,0.39637,0.20818,0.24539,0.18182,0.12547,0.03298,2.10179,1.70235,1.92258,2.47952,0,0.00057836,0.00057836,0.00057836
720,3222.06,1.14572,1.61394,0.86562,1.29048,0,0.50009,0.36364,0.39637,0.20818,0.24539,0.18182,0.12547,0.03298,2.10179,1.70235,1.92258,2.47952,0,0.00057638,0.00057638,0.00057638
721,3226.48,1.0678,1.51092,0.78829,1.23817,0,0.45186,0.43182,0.40103,0.212,0.23393,0.15909,0.11496,0.03121,2.03989,1.70458,1.90989,2.41622,0,0.0005744,0.0005744,0.0005744
722,3230.9,1.08597,1.65686,0.8426,1.25018,0,0.47833,0.45455,0.41456,0.21458,0.24077,0.18182,0.12468,0.02848,1.97719,1.7204,1.96936,2.31283,0,0.00057242,0.00057242,0.00057242
723,3235.3,1.10885,1.62569,0.8406,1.29589,0,0.44465,0.47727,0.41663,0.21591,0.35892,0.13636,0.11117,0.02962,1.88281,1.71506,2.05562,2.13284,0,0.00057044,0.00057044,0.00057044
724,3239.72,1.13589,1.64332,0.85662,1.3345,0,0.41461,0.52273,0.4366,0.22557,0.38138,0.15909,0.12274,0.03137,1.91755,1.68279,2.01209,2.13033,0,0.00056846,0.00056846,0.00056846
725,3244.07,1.08079,1.50487,0.79066,1.30525,0,0.3843,0.54545,0.44579,0.2363,0.27607,0.20455,0.13638,0.03463,1.91865,1.6326,1.95309,2.14753,0,0.00056648,0.00056648,0.00056648
726,3248.73,1.16734,1.62693,0.83345,1.30175,0,0.3843,0.54545,0.44579,0.2363,0.27607,0.20455,0.13638,0.03463,1.91865,1.6326,1.95309,2.14753,0,0.0005645,0.0005645,0.0005645
727,3253.1,1.11142,1.57366,0.81925,1.3165,0,0.59709,0.31818,0.42424,0.22939,0.27023,0.20455,0.14269,0.03705,1.93497,1.59985,1.95114,2.16511,0,0.00056252,0.00056252,0.00056252
728,3257.56,1.14328,1.63685,0.93694,1.3121,0,0.47699,0.31818,0.37846,0.21521,0.18556,0.20455,0.11286,0.03014,1.99235,1.59444,1.96631,2.26148,0,0.00056054,0.00056054,0.00056054
729,3262.04,1.12756,1.64976,0.88966,1.29369,0,0.53441,0.31319,0.38034,0.23035,0.26771,0.18182,0.12814,0.0347,1.9529,1.59985,1.94335,2.25252,0,0.00055856,0.00055856,0.00055856
730,3266.36,1.1313,1.58723,0.8756,1.3341,0,0.56197,0.40824,0.44106,0.24905,0.38142,0.18182,0.15099,0.03763,1.94599,1.57458,1.83057,2.2776,0,0.00055658,0.00055658,0.00055658
731,3270.78,1.08335,1.61067,0.83161,1.26206,0,0.56197,0.40824,0.44106,0.24905,0.38142,0.18182,0.15099,0.03763,1.94599,1.57458,1.83057,2.2776,0,0.0005546,0.0005546,0.0005546
732,3275.24,1.05363,1.56074,0.77578,1.26974,0,0.45563,0.5,0.46546,0.26147,0.42142,0.18182,0.16739,0.03971,1.9773,1.55602,1.79389,2.31209,0,0.00055262,0.00055262,0.00055262
733,3279.89,1.0874,1.60182,0.8338,1.30532,0,0.50493,0.5,0.48028,0.27247,0.34996,0.20455,0.17183,0.04588,1.94863,1.55205,1.7684,2.2655,0,0.00055064,0.00055064,0.00055064
734,3284.29,1.14254,1.50341,0.83552,1.31109,0,0.49109,0.56818,0.46567,0.2484,0.33769,0.20455,0.14568,0.0377,1.91597,1.57154,1.80595,2.19817,0,0.00054866,0.00054866,0.00054866
735,3288.63,1.12811,1.56683,0.85378,1.30978,0,0.47627,0.54545,0.44068,0.24979,0.45101,0.18182,0.12599,0.03228,1.90098,1.60139,1.93497,2.14793,0,0.00054668,0.00054668,0.00054668
736,3293.07,1.08096,1.59426,0.80447,1.28411,0,0.47627,0.54545,0.44068,0.24979,0.45101,0.18182,0.12599,0.03228,1.90098,1.60139,1.93497,2.14793,0,0.0005447,0.0005447,0.0005447
737,3297.49,1.14925,1.6208,0.86203,1.35822,0,0.43461,0.54545,0.4074,0.22321,0.34982,0.17145,0.10125,0.02286,1.95976,1.63121,2.06229,2.18515,0,0.00054272,0.00054272,0.00054272
738,3302.04,1.0938,1.59658,0.8423,1.27155,0,0.43425,0.47727,0.39672,0.20544,0.28618,0.18182,0.08824,0.02238,1.97853,1.63443,2.04465,2.21054,0,0.00054074,0.00054074,0.00054074
739,3306.42,1.14652,1.69781,0.96559,1.31281,0,0.34324,0.59091,0.40833,0.20587,0.30399,0.20455,0.10104,0.02466,2.00741,1.59583,1.96777,2.30374,0,0.00053876,0.00053876,0.00053876
740,3310.94,1.02693,1.51636,0.78217,1.24447,0,0.38743,0.40909,0.37536,0.19104,0.23591,0.25,0.09535,0.02307,2.04373,1.60633,1.99112,2.33795,0,0.00053678,0.00053678,0.00053678
741,3315.31,1.14143,1.68836,0.86671,1.32367,0,0.43139,0.40909,0.38549,0.18908,0.26556,0.18182,0.09579,0.02282,2.09263,1.62648,2.04738,2.37143,0,0.0005348,0.0005348,0.0005348
742,3319.81,1.10718,1.55189,0.80068,1.27532,0,0.43139,0.40909,0.38549,0.18908,0.26556,0.18182,0.09579,0.02282,2.09263,1.62648,2.04738,2.37143,0,0.00053282,0.00053282,0.00053282
743,3324.33,1.14756,1.63259,0.86384,1.31455,0,0.40612,0.40909,0.351,0.17654,0.27795,0.13636,0.0666,0.01951,2.11347,1.65305,2.06757,2.36054,0,0.00053084,0.00053084,0.00053084
744,3328.82,1.11941,1.56678,0.82253,1.26659,0,0.37564,0.40909,0.33055,0.16801,0.22185,0.13636,0.05682,0.01957,2.10777,1.64839,2.07855,2.32888,0,0.00052886,0.00052886,0.00052886
745,3333.22,1.08513,1.57813,0.82144,1.24203,0,0.36896,0.52273,0.36019,0.18615,0.2164,0.13636,0.06513,0.01857,2.12099,1.64801,2.0257,2.37671,0,0.00052688,0.00052688,0.00052688
746,3337.76,1.09257,1.50491,0.83492,1.27257,0,0.43996,0.40909,0.37211,0.198,0.34328,0.11364,0.08238,0.02761,2.1158,1.61217,1.91567,2.4301,0,0.0005249,0.0005249,0.0005249
747,3342.29,1.07052,1.55584,0.82153,1.26647,0,0.43996,0.40909,0.37211,0.198,0.34328,0.11364,0.08238,0.02761,2.1158,1.61217,1.91567,2.4301,0,0.00052292,0.00052292,0.00052292
748,3346.74,1.07487,1.49073,0.81637,1.26569,0,0.46033,0.47727,0.41709,0.217,0.22227,0.18182,0.09116,0.02168,2.10778,1.58206,1.86078,2.44127,0,0.00052094,0.00052094,0.00052094
749,3351.25,1.12563,1.61359,0.83259,1.30727,0,0.37503,0.54545,0.39825,0.21883,0.15135,0.27273,0.08246,0.02138,2.08195,1.56563,1.85916,2.458,0,0.00051896,0.00051896,0.00051896
750,3355.67,1.10208,1.54535,0.81537,1.28404,0,0.41567,0.5,0.40929,0.22213,0.39296,0.18182,0.1362,0.0293,2.06941,1.57523,1.88453,2.46195,0,0.00051698,0.00051698,0.00051698
751,3360.01,1.10163,1.58211,0.83406,1.31139,0,0.50391,0.43182,0.43171,0.23709,0.50012,0.18182,0.15423,0.03379,2.06906,1.57821,1.87656,2.44216,0,0.000515,0.000515,0.000515
752,3364.38,1.08629,1.52531,0.80444,1.26469,0,0.50391,0.43182,0.43171,0.23709,0.50012,0.18182,0.15423,0.03379,2.06906,1.57821,1.87656,2.44216,0,0.00051302,0.00051302,0.00051302
753,3368.93,1.08457,1.58784,0.81909,1.26425,0,0.56749,0.47727,0.47037,0.25961,0.3161,0.27273,0.1615,0.02987,2.0151,1.59074,1.91267,2.34441,0,0.00051104,0.00051104,0.00051104
754,3373.33,1.13229,1.60526,0.87788,1.31777,0,0.66515,0.49669,0.49933,0.25957,0.36311,0.27213,0.17091,0.02939,2.07938,1.60197,1.80958,2.45174,0,0.00050906,0.00050906,0.00050906
755,3377.63,1.09297,1.61113,0.81747,1.30676,0,0.59046,0.40909,0.46584,0.25572,0.4889,0.18182,0.14396,0.02484,2.06172,1.61328,1.72475,2.3755,0,0.00050708,0.00050708,0.00050708
756,3382.18,1.09832,1.61116,0.82427,1.27373,0,0.6269,0.38636,0.46865,0.25939,0.40798,0.1412,0.12362,0.02382,2.01928,1.63752,1.77862,2.21354,0,0.0005051,0.0005051,0.0005051
757,3386.59,1.07822,1.57618,0.83025,1.27755,0,0.46133,0.45455,0.46378,0.25987,0.41217,0.13636,0.11606,0.02621,2.03768,1.65838,1.80909,2.24156,0,0.00050312,0.00050312,0.00050312
758,3390.96,1.12754,1.69095,0.84231,1.31029,0,0.46133,0.45455,0.46378,0.25987,0.41217,0.13636,0.11606,0.02621,2.03768,1.65838,1.80909,2.24156,0,0.00050114,0.00050114,0.00050114
759,3395.39,1.08968,1.66731,0.8204,1.265,0,0.43565,0.52273,0.45571,0.24591,0.36896,0.13636,0.1082,0.02153,2.09414,1.66002,1.72925,2.39684,0,0.00049916,0.00049916,0.00049916
760,3399.95,1.07343,1.52429,0.78729,1.24834,0,0.54891,0.40909,0.46969,0.25124,0.32444,0.13636,0.07666,0.01947,2.0495,1.6619,1.73106,2.38712,0,0.00049718,0.00049718,0.00049718
761,3404.27,1.11582,1.55263,0.84642,1.3134,0,0.4885,0.54545,0.49183,0.2623,0.31835,0.13636,0.07952,0.02017,1.99756,1.6736,1.78639,2.29792,0,0.0004952,0.0004952,0.0004952
762,3408.88,1.04194,1.56151,0.77932,1.24282,0,0.55119,0.54545,0.48811,0.25071,0.28831,0.13636,0.07421,0.0184,2.04,1.67956,1.82406,2.35161,0,0.00049322,0.00049322,0.00049322
763,3413.38,1.03031,1.52243,0.7907,1.23943,0,0.55119,0.54545,0.48811,0.25071,0.28831,0.13636,0.07421,0.0184,2.04,1.67956,1.82406,2.35161,0,0.00049124,0.00049124,0.00049124
764,3417.76,1.15628,1.56284,0.86298,1.35093,0,0.41225,0.61364,0.47279,0.24044,0.30287,0.15909,0.10116,0.02362,2.07967,1.68601,1.82093,2.41505,0,0.00048926,0.00048926,0.00048926
765,3422.26,1.08703,1.66623,0.83451,1.28654,0,0.44542,0.54545,0.46498,0.24626,0.29348,0.15909,0.10052,0.02317,2.09614,1.68652,1.80482,2.46929,0,0.00048728,0.00048728,0.00048728
766,3426.7,1.08894,1.62019,0.82969,1.28215,0,0.51463,0.52273,0.47778,0.24573,0.4447,0.18182,0.14768,0.03026,2.06946,1.63542,1.78893,2.39366,0,0.0004853,0.0004853,0.0004853
767,3431.24,1.03271,1.55587,0.78877,1.26434,0,0.44592,0.60368,0.47267,0.25071,0.25433,0.25591,0.17382,0.03733,2.04861,1.60165,1.76251,2.36556,0,0.00048332,0.00048332,0.00048332
768,3435.74,1.13832,1.65467,0.83674,1.31332,0,0.44592,0.60368,0.47267,0.25071,0.25433,0.25591,0.17382,0.03733,2.04861,1.60165,1.76251,2.36556,0,0.00048134,0.00048134,0.00048134
769,3440.09,1.05014,1.54519,0.7994,1.23917,0,0.42233,0.63144,0.44809,0.24933,0.20948,0.29545,0.16941,0.03712,2.03716,1.59112,1.80998,2.33815,0,0.00047936,0.00047936,0.00047936
770,3444.56,1.06849,1.53034,0.79047,1.26521,0,0.37805,0.63548,0.43656,0.25325,0.40049,0.20455,0.17426,0.03738,1.99076,1.6028,1.86422,2.32494,0,0.00047738,0.00047738,0.00047738
771,3448.97,0.98337,1.47925,0.76441,1.20108,0,0.51897,0.41697,0.40617,0.2414,0.35487,0.22727,0.1662,0.03706,1.93547,1.63565,1.90073,2.26611,0,0.0004754,0.0004754,0.0004754
772,3453.37,1.06977,1.55057,0.80571,1.2313,0,0.47439,0.47727,0.41144,0.23242,0.28348,0.20455,0.1421,0.03248,1.92517,1.67858,1.8903,2.254,0,0.00047342,0.00047342,0.00047342
773,3457.91,1.00907,1.53191,0.76927,1.23308,0,0.50672,0.45455,0.41836,0.23658,0.42945,0.15909,0.14261,0.02755,1.92633,1.68692,1.89294,2.27225,0,0.00047144,0.00047144,0.00047144
774,3462.41,1.07515,1.5598,0.79253,1.26744,0,0.50672,0.45455,0.41836,0.23658,0.42945,0.15909,0.14261,0.02755,1.92633,1.68692,1.89294,2.27225,0,0.00046946,0.00046946,0.00046946
775,3466.84,1.04636,1.56453,0.79293,1.2531,0,0.47485,0.40909,0.39761,0.23877,0.37577,0.13636,0.11613,0.02248,1.95459,1.6734,1.87221,2.3345,0,0.00046748,0.00046748,0.00046748
776,3471.42,1.07399,1.58045,0.81898,1.24806,0,0.49029,0.40909,0.4263,0.25319,0.17489,0.15909,0.10008,0.02738,2.02667,1.6463,1.89882,2.44687,0,0.0004655,0.0004655,0.0004655
777,3475.85,1.07295,1.58854,0.83735,1.24792,0,0.6087,0.35376,0.45301,0.26631,0.21129,0.18182,0.13802,0.03491,2.01532,1.62123,1.85425,2.44227,0,0.00046352,0.00046352,0.00046352
778,3480.17,1.10689,1.58294,0.83016,1.29232,0,0.55528,0.38636,0.46719,0.27546,0.23011,0.15909,0.14398,0.03263,2.01271,1.57755,1.79096,2.41928,0,0.00046154,0.00046154,0.00046154
779,3484.53,1.06367,1.60155,0.8427,1.27581,0,0.55528,0.38636,0.46719,0.27546,0.23011,0.15909,0.14398,0.03263,2.01271,1.57755,1.79096,2.41928,0,0.00045956,0.00045956,0.00045956
780,3489.12,1.06911,1.54111,0.83067,1.25937,0,0.41506,0.56818,0.49097,0.27898,0.29844,0.20455,0.17887,0.03552,1.98009,1.54825,1.66295,2.36349,0,0.00045758,0.00045758,0.00045758
781,3493.58,1.05574,1.54511,0.79918,1.25808,0,0.4322,0.61364,0.52595,0.28979,0.48774,0.15185,0.16156,0.03455,2.00571,1.54599,1.62252,2.36119,0,0.0004556,0.0004556,0.0004556
782,3498.01,1.12568,1.68672,0.86814,1.32112,0,0.45587,0.59091,0.49656,0.27823,0.2118,0.27273,0.17016,0.0355,2.01052,1.55686,1.62556,2.34368,0,0.00045362,0.00045362,0.00045362
783,3502.48,1.12471,1.6277,0.88824,1.28825,0,0.41264,0.56818,0.47676,0.26849,0.18376,0.25,0.13365,0.02964,1.92047,1.55554,1.69202,2.18335,0,0.00045164,0.00045164,0.00045164
784,3506.72,1.14922,1.69507,0.90555,1.33439,0,0.41264,0.56818,0.47676,0.26849,0.18376,0.25,0.13365,0.02964,1.92047,1.55554,1.69202,2.18335,0,0.00044966,0.00044966,0.00044966
785,3511.22,1.07963,1.60623,0.82989,1.29002,0,0.40545,0.56818,0.45301,0.26082,0.19461,0.27273,0.14643,0.03279,2.00616,1.56843,1.7002,2.39481,0,0.00044768,0.00044768,0.00044768
786,3515.75,1.07833,1.51364,0.81061,1.28585,0,0.44151,0.54545,0.43595,0.24804,0.19956,0.25,0.1391,0.03151,2.04909,1.58764,1.7692,2.44996,0,0.0004457,0.0004457,0.0004457
787,3520.3,1.12841,1.55694,0.83963,1.25479,0,0.45623,0.56818,0.44844,0.24076,0.18537,0.25346,0.14295,0.03169,2.04072,1.59525,1.74629,2.42304,0,0.00044372,0.00044372,0.00044372
788,3524.72,1.07157,1.54927,0.80957,1.26184,0,0.42588,0.55644,0.4828,0.25731,0.18183,0.25,0.09402,0.02935,2.02285,1.59891,1.69618,2.37545,0,0.00044174,0.00044174,0.00044174
789,3529.17,1.01338,1.47597,0.7855,1.25683,0,0.42827,0.56188,0.48705,0.26662,0.1924,0.18182,0.09317,0.02677,1.98516,1.58796,1.71164,2.31573,0,0.00043976,0.00043976,0.00043976
790,3533.56,1.0691,1.53028,0.79499,1.26551,0,0.42827,0.56188,0.48705,0.26662,0.1924,0.18182,0.09317,0.02677,1.98516,1.58796,1.71164,2.31573,0,0.00043778,0.00043778,0.00043778
791,3537.93,1.01246,1.53772,0.78486,1.2363,0,0.42201,0.54545,0.49508,0.28148,0.22064,0.20455,0.12485,0.02948,1.93276,1.58685,1.79845,2.21988,0,0.0004358,0.0004358,0.0004358
792,3542.41,1.04194,1.48324,0.80172,1.23484,0,0.41244,0.52273,0.47085,0.26064,0.13849,0.22727,0.09166,0.02736,1.85229,1.59272,1.81342,2.12891,0,0.00043382,0.00043382,0.00043382
793,3546.86,1.04178,1.52241,0.79855,1.26184,0,0.40292,0.5,0.43341,0.24429,0.10104,0.22228,0.08419,0.02241,1.89089,1.61592,1.87863,2.13334,0,0.00043184,0.00043184,0.00043184
794,3551.31,1.05043,1.59075,0.79867,1.26064,0,0.39928,0.49852,0.42449,0.23531,0.30397,0.09091,0.09106,0.02548,1.93717,1.63889,1.86595,2.18337,0,0.00042986,0.00042986,0.00042986
795,3555.69,1.07798,1.61496,0.79363,1.27047,0,0.39928,0.49852,0.42449,0.23531,0.30397,0.09091,0.09106,0.02548,1.93717,1.63889,1.86595,2.18337,0,0.00042788,0.00042788,0.00042788
796,3560.34,1.14568,1.67104,0.83299,1.31215,0,0.38098,0.5,0.41175,0.2364,0.14206,0.20455,0.09981,0.02983,1.97617,1.61245,1.79343,2.25991,0,0.0004259,0.0004259,0.0004259
797,3564.83,1.06367,1.59799,0.8009,1.2851,0,0.40082,0.47727,0.42543,0.23534,0.31486,0.18182,0.15687,0.03662,1.95038,1.56711,1.7379,2.26063,0,0.00042392,0.00042392,0.00042392
798,3569.23,1.06861,1.6133,0.8099,1.25255,0,0.45846,0.54545,0.46689,0.24577,0.48688,0.19441,0.19764,0.04565,2.00929,1.53297,1.68254,2.33839,0,0.00042194,0.00042194,0.00042194
799,3573.59,1.02386,1.57995,0.78758,1.25264,0,0.48275,0.54545,0.49016,0.24854,0.38295,0.18343,0.18987,0.04445,2.05565,1.53632,1.65341,2.35311,0,0.00041996,0.00041996,0.00041996
800,3578.11,1.09843,1.59826,0.7925,1.27792,0,0.48275,0.54545,0.49016,0.24854,0.38295,0.18343,0.18987,0.04445,2.05565,1.53632,1.65341,2.35311,0,0.00041798,0.00041798,0.00041798
801,3582.57,1.10379,1.61604,0.83228,1.29485,0,0.46842,0.48071,0.48741,0.23894,0.38151,0.18182,0.18183,0.04267,2.05273,1.55106,1.67721,2.36717,0,0.000416,0.000416,0.000416
802,3587.01,1.05596,1.50177,0.78827,1.23588,0,0.45302,0.47727,0.45567,0.22988,0.37558,0.18182,0.18242,0.04177,2.06942,1.57524,1.78398,2.41585,0,0.00041402,0.00041402,0.00041402
803,3591.43,1.03174,1.48795,0.7716,1.25346,0,0.47296,0.40909,0.41121,0.21501,0.28521,0.20455,0.15231,0.03877,2.0449,1.62619,1.91543,2.38748,0,0.00041204,0.00041204,0.00041204
804,3595.97,1.02568,1.56708,0.77394,1.21717,0,0.36434,0.58624,0.39152,0.20391,0.28009,0.20455,0.12824,0.0324,2.04273,1.6822,2.02414,2.42071,0,0.00041006,0.00041006,0.00041006
805,3600.38,1.056,1.54408,0.81176,1.26376,0,0.36516,0.52273,0.40646,0.20626,0.30214,0.20455,0.12862,0.03431,2.00895,1.70204,1.93361,2.41939,0,0.00040808,0.00040808,0.00040808
806,3604.82,1.03477,1.53268,0.80132,1.2404,0,0.36516,0.52273,0.40646,0.20626,0.30214,0.20455,0.12862,0.03431,2.00895,1.70204,1.93361,2.41939,0,0.0004061,0.0004061,0.0004061
807,3609.43,1.06622,1.62256,0.8542,1.27776,0,0.39063,0.52273,0.42509,0.21914,0.30949,0.20455,0.15523,0.03609,2.00797,1.68715,1.83096,2.44156,0,0.00040412,0.00040412,0.00040412
808,3613.83,0.98314,1.47001,0.74934,1.23353,0,0.42723,0.52273,0.46925,0.23896,0.2819,0.22727,0.16347,0.03203,2.00026,1.62462,1.75943,2.42624,0,0.00040214,0.00040214,0.00040214
809,3618.15,0.99939,1.45764,0.75255,1.21498,0,0.42974,0.61364,0.48047,0.2442,0.36101,0.18182,0.16644,0.04046,2.00433,1.58512,1.7606,2.40338,0,0.00040016,0.00040016,0.00040016
810,3622.53,1.09647,1.55,0.81383,1.28906,0,0.42967,0.59091,0.4733,0.24002,0.38964,0.18182,0.16331,0.03585,1.98785,1.56726,1.78517,2.33357,0,0.00039818,0.00039818,0.00039818
811,3626.82,1.03548,1.55297,0.78207,1.24184,0,0.42967,0.59091,0.4733,0.24002,0.38964,0.18182,0.16331,0.03585,1.98785,1.56726,1.78517,2.33357,0,0.0003962,0.0003962,0.0003962
812,3631.21,1.10197,1.55728,0.83568,1.28255,0,0.40789,0.61063,0.46934,0.2416,0.43779,0.20455,0.17152,0.03669,1.97357,1.57201,1.77689,2.32507,0,0.00039422,0.00039422,0.00039422
813,3635.66,1.04263,1.4936,0.76701,1.24831,0,0.39439,0.50326,0.43465,0.23515,0.34823,0.18182,0.169,0.03571,2.0013,1.60571,1.78575,2.38765,0,0.00039224,0.00039224,0.00039224
814,3640.3,1.03334,1.5969,0.77161,1.25514,0,0.40645,0.54545,0.4373,0.2283,0.24334,0.27273,0.15051,0.03199,2.00863,1.60843,1.82741,2.38267,0,0.00039026,0.00039026,0.00039026
815,3644.82,0.99876,1.45066,0.75742,1.21922,0,0.41047,0.50646,0.42998,0.22817,0.35968,0.20455,0.16145,0.03899,2.01906,1.59046,1.81124,2.37202,0,0.00038828,0.00038828,0.00038828
816,3649.3,1.09059,1.5827,0.82115,1.29083,0,0.41047,0.50646,0.42998,0.22817,0.35968,0.20455,0.16145,0.03899,2.01906,1.59046,1.81124,2.37202,0,0.0003863,0.0003863,0.0003863
817,3653.76,1.06167,1.56866,0.78898,1.24844,0,0.41956,0.47727,0.42687,0.22723,0.21728,0.25,0.13981,0.03735,1.98033,1.58044,1.8195,2.28989,0,0.00038432,0.00038432,0.00038432
818,3658.19,1.0541,1.49884,0.77254,1.27114,0,0.43765,0.5,0.43658,0.22648,0.36002,0.15909,0.13933,0.03459,1.97162,1.57226,1.80232,2.24177,0,0.00038234,0.00038234,0.00038234
819,3662.56,1.0009,1.52654,0.77824,1.23869,0,0.44878,0.43182,0.4261,0.22361,0.3496,0.15909,0.13154,0.03174,1.94745,1.56336,1.8078,2.22064,0,0.00038036,0.00038036,0.00038036
820,3666.92,0.95853,1.41004,0.74788,1.19821,0,0.39795,0.5,0.41554,0.22401,0.46212,0.20455,0.13999,0.02732,1.92505,1.56158,1.86954,2.20273,0,0.00037838,0.00037838,0.00037838
821,3671.58,1.06336,1.48141,0.80521,1.26589,0,0.41235,0.45455,0.41884,0.22022,0.41736,0.18182,0.14371,0.0282,1.89555,1.55326,1.86065,2.16977,0,0.0003764,0.0003764,0.0003764
822,3675.95,1.01137,1.46176,0.7567,1.20969,0,0.41235,0.45455,0.41884,0.22022,0.41736,0.18182,0.14371,0.0282,1.89555,1.55326,1.86065,2.16977,0,0.00037442,0.00037442,0.00037442
823,3680.31,1.07906,1.55265,0.82505,1.28794,0,0.4178,0.53831,0.42673,0.23098,0.4673,0.18182,0.1494,0.0279,1.88925,1.57389,1.87364,2.16815,0,0.00037244,0.00037244,0.00037244
824,3684.75,1.04252,1.49558,0.78977,1.25955,0,0.49968,0.54477,0.45445,0.23976,0.47873,0.18182,0.14083,0.02557,1.88315,1.58042,1.79425,2.1869,0,0.00037046,0.00037046,0.00037046
825,3689.26,1.02456,1.45669,0.76722,1.23115,0,0.50944,0.54545,0.4601,0.2459,0.47593,0.18182,0.1445,0.02361,1.88201,1.60629,1.70814,2.20003,0,0.00036848,0.00036848,0.00036848
826,3693.66,1.08245,1.5764,0.80465,1.24649,0,0.49095,0.54545,0.46635,0.24779,0.47725,0.18182,0.14244,0.02269,1.88249,1.6209,1.70563,2.22233,0,0.0003665,0.0003665,0.0003665
827,3698.1,1.02507,1.52476,0.76966,1.22157,0,0.49095,0.54545,0.46635,0.24779,0.47725,0.18182,0.14244,0.02269,1.88249,1.6209,1.70563,2.22233,0,0.00036452,0.00036452,0.00036452
828,3702.54,1.01195,1.59305,0.77047,1.23254,0,0.45003,0.56818,0.46019,0.24888,0.36802,0.15909,0.10438,0.0217,1.90503,1.64092,1.68712,2.27648,0,0.00036254,0.00036254,0.00036254
829,3707.01,1.00557,1.53318,0.76361,1.24733,0,0.5099,0.5,0.45854,0.24258,0.42403,0.18182,0.15243,0.02709,1.93274,1.63064,1.671,2.30347,0,0.00036056,0.00036056,0.00036056
830,3711.49,1.00483,1.4465,0.75097,1.24407,0,0.51133,0.5,0.46718,0.23955,0.24944,0.20455,0.12056,0.02354,1.99937,1.62503,1.67926,2.40103,0,0.00035858,0.00035858,0.00035858
831,3715.92,0.99143,1.47447,0.72863,1.21232,0,0.45636,0.43892,0.4424,0.23479,0.23643,0.20455,0.10805,0.02263,1.99874,1.62731,1.71523,2.37053,0,0.0003566,0.0003566,0.0003566
832,3720.42,1.01293,1.47436,0.76732,1.25356,0,0.45636,0.43892,0.4424,0.23479,0.23643,0.20455,0.10805,0.02263,1.99874,1.62731,1.71523,2.37053,0,0.00035462,0.00035462,0.00035462
833,3724.94,1.05842,1.61135,0.81273,1.24324,0,0.49209,0.44052,0.43213,0.22871,0.23036,0.20455,0.10676,0.02056,2.01045,1.64278,1.73223,2.39841,0,0.00035264,0.00035264,0.00035264
834,3729.45,1.04555,1.50607,0.82971,1.26574,0,0.37892,0.5963,0.4443,0.23545,0.23243,0.20455,0.1048,0.01977,2.01246,1.67845,1.77032,2.39614,0,0.00035066,0.00035066,0.00035066
835,3733.79,0.97092,1.49036,0.74706,1.21198,0,0.46112,0.44741,0.42512,0.22579,0.24949,0.18182,0.10537,0.01971,2.04698,1.68639,1.80371,2.43115,0,0.00034868,0.00034868,0.00034868
836,3738.37,1.05605,1.55024,0.77833,1.23197,0,0.4318,0.45455,0.42359,0.22743,0.26223,0.18182,0.11055,0.02395,1.96455,1.67686,1.84019,2.26589,0,0.0003467,0.0003467,0.0003467
837,3742.8,1.03433,1.54147,0.74975,1.2555,0,0.43062,0.47727,0.40129,0.21266,0.25478,0.18182,0.1088,0.02308,1.99987,1.65285,1.85533,2.31166,0,0.00034472,0.00034472,0.00034472
838,3747.19,1.05161,1.50167,0.78665,1.27869,0,0.43062,0.47727,0.40129,0.21266,0.25478,0.18182,0.1088,0.02308,1.99987,1.65285,1.85533,2.31166,0,0.00034274,0.00034274,0.00034274
839,3751.57,1.06527,1.51743,0.781,1.26821,0,0.47237,0.48844,0.43179,0.22545,0.24631,0.15909,0.10911,0.02422,2.08083,1.62984,1.81562,2.46398,0,0.00034076,0.00034076,0.00034076
840,3755.99,1.02025,1.53635,0.75728,1.24059,0,0.45341,0.47727,0.44248,0.22541,0.30968,0.15314,0.10796,0.02386,2.05728,1.62122,1.74488,2.41027,0,0.00033878,0.00033878,0.00033878
841,3760.52,0.99705,1.50693,0.74082,1.23337,0,0.34131,0.5653,0.41615,0.21637,0.31941,0.15909,0.11334,0.02451,2.02573,1.62604,1.69381,2.34894,0,0.0003368,0.0003368,0.0003368
842,3764.92,1.0336,1.56356,0.78295,1.25073,0,0.32494,0.56888,0.40262,0.21709,0.32245,0.18182,0.12548,0.02367,1.94227,1.634,1.72934,2.23362,0,0.00033482,0.00033482,0.00033482
843,3769.42,1.01671,1.51462,0.76851,1.24911,0,0.32494,0.56888,0.40262,0.21709,0.32245,0.18182,0.12548,0.02367,1.94227,1.634,1.72934,2.23362,0,0.00033284,0.00033284,0.00033284
844,3773.79,1.106,1.58017,0.86119,1.31656,0,0.35545,0.59091,0.41744,0.23268,0.26804,0.18182,0.12313,0.02427,1.93922,1.64662,1.78494,2.22435,0,0.00033086,0.00033086,0.00033086
845,3778.17,1.03895,1.49354,0.76286,1.22442,0,0.40611,0.54545,0.41668,0.23585,0.19168,0.20455,0.11138,0.02313,1.94714,1.64543,1.79786,2.25152,0,0.00032888,0.00032888,0.00032888
846,3782.72,1.04756,1.57808,0.81345,1.25802,0,0.40558,0.52273,0.44173,0.24396,0.17422,0.20455,0.11882,0.02491,1.95751,1.62559,1.79379,2.28344,0,0.0003269,0.0003269,0.0003269
847,3787.09,0.98086,1.4582,0.75086,1.20298,0,0.40503,0.59091,0.45492,0.24797,0.31978,0.18182,0.12439,0.02933,1.91221,1.59181,1.75253,2.24551,0,0.00032492,0.00032492,0.00032492
848,3791.76,1.07349,1.49711,0.80187,1.2693,0,0.40503,0.59091,0.45492,0.24797,0.31978,0.18182,0.12439,0.02933,1.91221,1.59181,1.75253,2.24551,0,0.00032294,0.00032294,0.00032294
849,3796.17,1.03479,1.51845,0.76802,1.22808,0,0.40815,0.59091,0.44819,0.24865,0.17686,0.25,0.12514,0.03007,1.88786,1.57009,1.75265,2.20578,0,0.00032096,0.00032096,0.00032096
850,3800.58,1.05888,1.53074,0.7779,1.24195,0,0.39903,0.59091,0.44525,0.24823,0.2898,0.15909,0.12252,0.02942,1.88737,1.55403,1.7299,2.18075,0,0.00031898,0.00031898,0.00031898
851,3804.97,1.00127,1.46565,0.75707,1.20357,0,0.42932,0.61364,0.46745,0.25385,0.18625,0.27273,0.12388,0.02795,1.89853,1.55743,1.68819,2.19764,0,0.000317,0.000317,0.000317
852,3809.34,1.06401,1.47247,0.75571,1.24497,0,0.5136,0.54545,0.48092,0.26469,0.32195,0.20455,0.15991,0.0315,1.98836,1.56263,1.65829,2.31322,0,0.00031502,0.00031502,0.00031502
853,3813.63,1.06644,1.55334,0.82511,1.26606,0,0.52671,0.54545,0.47223,0.25216,0.33619,0.22727,0.19831,0.03436,2.03007,1.57372,1.67996,2.37998,0,0.00031304,0.00031304,0.00031304
854,3818.17,1.0569,1.53233,0.81352,1.26332,0,0.52671,0.54545,0.47223,0.25216,0.33619,0.22727,0.19831,0.03436,2.03007,1.57372,1.67996,2.37998,0,0.00031106,0.00031106,0.00031106
855,3822.67,1.00077,1.43816,0.75628,1.20856,0,0.46302,0.60758,0.46933,0.24426,0.29392,0.22727,0.17953,0.03176,2.05549,1.57738,1.6559,2.41335,0,0.00030908,0.00030908,0.00030908
856,3827.12,1.05972,1.4721,0.78496,1.25925,0,0.447,0.68182,0.47676,0.24473,0.32584,0.22727,0.17494,0.03203,2.08057,1.5747,1.62095,2.44936,0,0.0003071,0.0003071,0.0003071
857,3831.47,0.97678,1.41148,0.72053,1.21463,0,0.41971,0.59091,0.44865,0.23068,0.33247,0.22727,0.16338,0.03143,2.0852,1.58926,1.61739,2.47073,0,0.00030512,0.00030512,0.00030512
858,3835.87,1.03772,1.53392,0.75535,1.23289,0,0.38312,0.59091,0.42558,0.22621,0.3034,0.20455,0.12101,0.02846,2.06189,1.59401,1.63832,2.43562,0,0.00030314,0.00030314,0.00030314
859,3840.28,0.9965,1.45858,0.73822,1.19993,0,0.38312,0.59091,0.42558,0.22621,0.3034,0.20455,0.12101,0.02846,2.06189,1.59401,1.63832,2.43562,0,0.00030116,0.00030116,0.00030116
860,3844.64,0.93349,1.38179,0.69215,1.19072,0,0.4104,0.61364,0.43919,0.22806,0.32131,0.22727,0.11895,0.02488,2.05011,1.60655,1.66767,2.42564,0,0.00029918,0.00029918,0.00029918
861,3849.14,0.98904,1.43403,0.75401,1.23235,0,0.39762,0.56818,0.42532,0.22326,0.30188,0.22727,0.10658,0.02172,2.0453,1.63215,1.65084,2.43922,0,0.0002972,0.0002972,0.0002972
862,3853.54,1.02483,1.50313,0.7703,1.25306,0,0.54119,0.43182,0.44027,0.23192,0.19862,0.25,0.08858,0.02129,2.02512,1.63971,1.63179,2.43854,0,0.00029522,0.00029522,0.00029522
863,3857.95,0.97655,1.43702,0.74361,1.2058,0,0.49797,0.43182,0.43581,0.23764,0.22898,0.29545,0.1314,0.02643,2.0062,1.63539,1.59411,2.41769,0,0.00029324,0.00029324,0.00029324
864,3862.44,1.04295,1.6328,0.78625,1.24859,0,0.49797,0.43182,0.43581,0.23764,0.22898,0.29545,0.1314,0.02643,2.0062,1.63539,1.59411,2.41769,0,0.00029126,0.00029126,0.00029126
865,3866.9,1.09365,1.55091,0.81886,1.27559,0,0.38361,0.56818,0.43867,0.24032,0.21573,0.29545,0.12744,0.02584,2.02894,1.63178,1.61164,2.47396,0,0.00028928,0.00028928,0.00028928
866,3871.47,1.01045,1.50644,0.75251,1.23323,0,0.5022,0.43573,0.45029,0.23688,0.19628,0.27273,0.13089,0.02659,2.03637,1.62753,1.65221,2.45189,0,0.0002873,0.0002873,0.0002873
867,3875.9,1.03166,1.50544,0.78168,1.23299,0,0.50251,0.43626,0.44321,0.24644,0.20532,0.25,0.13503,0.02804,1.98301,1.60189,1.70533,2.38722,0,0.00028532,0.00028532,0.00028532
868,3880.4,1.05128,1.47835,0.78716,1.25664,0,0.47811,0.47727,0.44103,0.2456,0.1767,0.27273,0.13559,0.02937,1.95405,1.60445,1.70562,2.32033,0,0.00028334,0.00028334,0.00028334
869,3884.78,1.02644,1.54609,0.77813,1.24215,0,0.49325,0.47727,0.40731,0.22105,0.18629,0.27273,0.13489,0.02733,1.90191,1.59384,1.7693,2.19757,0,0.00028136,0.00028136,0.00028136
870,3889.19,1.0464,1.56088,0.78022,1.23554,0,0.49325,0.47727,0.40731,0.22105,0.18629,0.27273,0.13489,0.02733,1.90191,1.59384,1.7693,2.19757,0,0.00027938,0.00027938,0.00027938
871,3893.66,1.02562,1.45923,0.75315,1.2447,0,0.4841,0.47727,0.41208,0.22351,0.3321,0.18182,0.14349,0.02711,1.94224,1.58711,1.70995,2.26675,0,0.0002774,0.0002774,0.0002774
872,3898.09,0.96722,1.50256,0.72327,1.19154,0,0.54408,0.54545,0.42393,0.22928,0.35625,0.18182,0.14727,0.02744,1.95334,1.59593,1.69348,2.25332,0,0.00027542,0.00027542,0.00027542
873,3902.5,0.98333,1.47854,0.73771,1.19537,0,0.51678,0.48624,0.42894,0.23069,0.23476,0.29545,0.15065,0.02761,1.95569,1.60555,1.63895,2.23522,0,0.00027344,0.00027344,0.00027344
874,3907,0.97946,1.47989,0.71642,1.22081,0,0.54199,0.47727,0.45492,0.22874,0.23599,0.27273,0.14612,0.02807,1.98014,1.63446,1.60737,2.26881,0,0.00027146,0.00027146,0.00027146
875,3911.54,1.00559,1.54905,0.76706,1.25155,0,0.54199,0.47727,0.45492,0.22874,0.23599,0.27273,0.14612,0.02807,1.98014,1.63446,1.60737,2.26881,0,0.00026948,0.00026948,0.00026948
876,3916.02,1.0319,1.57863,0.76656,1.24309,0,0.53145,0.47727,0.45355,0.23284,0.2483,0.27273,0.119,0.02467,2.00453,1.64294,1.63954,2.28734,0,0.0002675,0.0002675,0.0002675
877,3920.52,1.02937,1.47463,0.75485,1.20993,0,0.45761,0.57533,0.4542,0.22648,0.21225,0.22727,0.09978,0.02128,2.01009,1.67786,1.69031,2.30972,0,0.00026552,0.00026552,0.00026552
878,3924.87,1.03131,1.54355,0.77674,1.22186,0,0.42334,0.53401,0.43318,0.21647,0.18892,0.22727,0.08631,0.02135,1.99468,1.68712,1.75567,2.33015,0,0.00026354,0.00026354,0.00026354
879,3929.18,1.07712,1.55529,0.79789,1.26763,0,0.53567,0.40909,0.41749,0.21395,0.17787,0.25,0.07799,0.01936,1.99288,1.69767,1.76528,2.3289,0,0.00026156,0.00026156,0.00026156
880,3933.5,1.00832,1.46502,0.76172,1.22745,0,0.53567,0.40909,0.41749,0.21395,0.17787,0.25,0.07799,0.01936,1.99288,1.69767,1.76528,2.3289,0,0.00025958,0.00025958,0.00025958
881,3938.03,1.00865,1.5825,0.74701,1.22722,0,0.52718,0.47727,0.42856,0.21739,0.15137,0.20455,0.06806,0.01876,2.00308,1.70331,1.7763,2.31705,0,0.0002576,0.0002576,0.0002576
882,3942.47,1.02356,1.47842,0.76727,1.25656,0,0.49432,0.47727,0.43682,0.21948,0.18849,0.25,0.08437,0.0217,2.0091,1.70517,1.75721,2.31802,0,0.00025562,0.00025562,0.00025562
883,3946.89,1.02895,1.47972,0.75042,1.22441,0,0.59984,0.47727,0.45724,0.22575,0.14857,0.20455,0.07248,0.02015,2.02126,1.69357,1.72729,2.35426,0,0.00025364,0.00025364,0.00025364
884,3951.26,0.97534,1.46635,0.72921,1.22089,0,0.62967,0.5,0.48213,0.23176,0.20296,0.25,0.09973,0.02355,2.00371,1.68146,1.72553,2.35901,0,0.00025166,0.00025166,0.00025166
885,3955.72,0.98791,1.46888,0.72108,1.21428,0,0.59578,0.52273,0.47773,0.23756,0.17952,0.22727,0.0842,0.02122,1.9815,1.68285,1.71863,2.35858,0,0.00024968,0.00024968,0.00024968
886,3960.29,1.01909,1.49287,0.74239,1.19934,0,0.59578,0.52273,0.47773,0.23756,0.17952,0.22727,0.0842,0.02122,1.9815,1.68285,1.71863,2.35858,0,0.0002477,0.0002477,0.0002477
887,3964.62,0.95017,1.42281,0.72306,1.19032,0,0.5647,0.5,0.47633,0.23765,0.1884,0.25,0.09045,0.02037,1.97424,1.67212,1.74775,2.35286,0,0.00024572,0.00024572,0.00024572
888,3969.18,1.07952,1.55982,0.79339,1.30268,0,0.54488,0.47727,0.43156,0.22908,0.23197,0.17855,0.08218,0.01927,1.97685,1.67148,1.77039,2.36991,0,0.00024374,0.00024374,0.00024374
889,3973.58,1.03708,1.47699,0.76126,1.2479,0,0.54168,0.45455,0.42126,0.22361,0.16778,0.25,0.08484,0.0201,1.92302,1.67138,1.84446,2.26136,0,0.00024176,0.00024176,0.00024176
890,3977.94,1.08469,1.51521,0.80576,1.26462,0,0.47363,0.47727,0.39953,0.20875,0.25465,0.13636,0.07322,0.01744,1.92733,1.65493,1.86391,2.25434,0,0.00023978,0.00023978,0.00023978
891,3982.33,0.99844,1.53799,0.73647,1.21134,0,0.47363,0.47727,0.39953,0.20875,0.25465,0.13636,0.07322,0.01744,1.92733,1.65493,1.86391,2.25434,0,0.0002378,0.0002378,0.0002378
892,3986.73,1.02432,1.46322,0.77043,1.24356,0,0.50198,0.45824,0.39623,0.21033,0.25278,0.13636,0.07914,0.02176,1.9407,1.64187,1.86453,2.26347,0,0.00023582,0.00023582,0.00023582
893,3991.23,0.98876,1.52136,0.748,1.21521,0,0.4732,0.47727,0.40334,0.21403,0.20348,0.29545,0.10917,0.02643,1.93811,1.63982,1.83113,2.28778,0,0.00023384,0.00023384,0.00023384
894,3995.56,0.99967,1.46679,0.76814,1.22413,0,0.41223,0.45455,0.3886,0.21318,0.34144,0.20455,0.1554,0.03137,1.89909,1.63672,1.76585,2.25296,0,0.00023186,0.00023186,0.00023186
895,4000.13,0.98417,1.49783,0.75738,1.22305,0,0.45928,0.50195,0.40226,0.21876,0.29527,0.18182,0.14736,0.02972,1.89887,1.64123,1.75004,2.24163,0,0.00022988,0.00022988,0.00022988
896,4004.62,1.05188,1.5754,0.77896,1.26092,0,0.45928,0.50195,0.40226,0.21876,0.29527,0.18182,0.14736,0.02972,1.89887,1.64123,1.75004,2.24163,0,0.0002279,0.0002279,0.0002279
897,4008.98,0.98556,1.46443,0.74191,1.20101,0,0.47867,0.54545,0.41942,0.22415,0.32426,0.20455,0.1506,0.02678,1.94938,1.65024,1.70681,2.30996,0,0.00022592,0.00022592,0.00022592
898,4013.35,1.00992,1.52214,0.74544,1.1926,0,0.47193,0.54545,0.43495,0.23434,0.33951,0.20455,0.1483,0.02713,1.97635,1.67312,1.7538,2.32781,0,0.00022394,0.00022394,0.00022394
899,4017.72,1.01552,1.52793,0.74122,1.22876,0,0.59024,0.5,0.44648,0.23315,0.28884,0.15909,0.10667,0.02182,1.95749,1.6753,1.7503,2.28156,0,0.00022196,0.00022196,0.00022196
900,4022.12,0.96874,1.42079,0.70552,1.18013,0,0.53546,0.52396,0.45125,0.23882,0.35537,0.18182,0.12322,0.02435,1.93547,1.67474,1.74821,2.25192,0,0.00021998,0.00021998,0.00021998
901,4026.66,0.98314,1.47095,0.75015,1.25477,0,0.59206,0.56086,0.46653,0.24474,0.3485,0.18182,0.12761,0.02432,1.9716,1.66835,1.71959,2.31552,0,0.000218,0.000218,0.000218
902,4031.2,1.013,1.52678,0.76984,1.24404,0,0.59206,0.56086,0.46653,0.24474,0.3485,0.18182,0.12761,0.02432,1.9716,1.66835,1.71959,2.31552,0,0.00021602,0.00021602,0.00021602
903,4035.66,1.06042,1.47801,0.76924,1.25005,0,0.55198,0.5,0.42783,0.23028,0.37769,0.20455,0.15885,0.03026,1.9612,1.65014,1.70973,2.33108,0,0.00021404,0.00021404,0.00021404
904,4040.03,0.92762,1.40345,0.6876,1.1683,0,0.5205,0.46888,0.42613,0.21996,0.22053,0.21231,0.12237,0.02799,1.99901,1.65579,1.70521,2.3907,0,0.00021206,0.00021206,0.00021206
905,4044.39,1.07193,1.59932,0.8054,1.2708,0,0.43178,0.52273,0.42612,0.21868,0.39341,0.18182,0.15181,0.02851,1.9671,1.64456,1.78583,2.30292,0,0.00021008,0.00021008,0.00021008
906,4048.81,1.02813,1.54469,0.7619,1.2186,0,0.45223,0.52273,0.41289,0.21508,0.3894,0.18182,0.14985,0.02704,1.9503,1.6523,1.83997,2.29431,0,0.0002081,0.0002081,0.0002081
907,4053.22,1.03677,1.5073,0.74358,1.2269,0,0.45223,0.52273,0.41289,0.21508,0.3894,0.18182,0.14985,0.02704,1.9503,1.6523,1.83997,2.29431,0,0.00020612,0.00020612,0.00020612
908,4057.65,0.9839,1.45748,0.72634,1.2017,0,0.4022,0.52273,0.40789,0.20933,0.30326,0.25,0.13181,0.0255,1.95794,1.67172,1.85545,2.29779,0,0.00020414,0.00020414,0.00020414
909,4062.24,0.99778,1.39689,0.72008,1.21111,0,0.40648,0.5,0.4054,0.21029,0.27058,0.21935,0.11882,0.02472,1.96761,1.688,1.81443,2.31507,0,0.00020216,0.00020216,0.00020216
910,4066.62,0.98821,1.39003,0.73301,1.21499,0,0.43215,0.53629,0.43677,0.21872,0.26541,0.18182,0.11381,0.02327,1.96919,1.69974,1.71662,2.36721,0,0.00020018,0.00020018,0.00020018
911,4071.01,1.01547,1.50412,0.71712,1.21037,0,0.46497,0.52273,0.44352,0.22897,0.3904,0.18182,0.14036,0.02536,2.05876,1.68884,1.62243,2.5309,0,0.0001982,0.0001982,0.0001982
912,4075.37,0.9772,1.4492,0.735,1.21263,0,0.46497,0.52273,0.44352,0.22897,0.3904,0.18182,0.14036,0.02536,2.05876,1.68884,1.62243,2.5309,0,0.00019622,0.00019622,0.00019622
913,4079.82,1.00128,1.48913,0.78567,1.23934,0,0.48045,0.52547,0.46628,0.23637,0.31026,0.20455,0.1404,0.02547,2.08676,1.67702,1.5663,2.60663,0,0.00019424,0.00019424,0.00019424
914,4084.21,0.9849,1.45167,0.74131,1.21963,0,0.5186,0.56818,0.481,0.24003,0.38044,0.25,0.16249,0.02847,2.08257,1.65733,1.62405,2.52498,0,0.00019226,0.00019226,0.00019226
915,4088.83,1.02438,1.43672,0.74271,1.26589,0,0.4744,0.54545,0.47377,0.23322,0.39992,0.22727,0.16305,0.02964,2.08642,1.64564,1.68984,2.48455,0,0.00019028,0.00019028,0.00019028
916,4093.12,0.97354,1.48635,0.74509,1.2155,0,0.43563,0.54545,0.44989,0.22622,0.39924,0.22727,0.16757,0.02935,2.06612,1.62454,1.75073,2.43311,0,0.0001883,0.0001883,0.0001883
917,4097.62,1.00372,1.53336,0.73664,1.21144,0,0.41948,0.52273,0.44181,0.22533,0.37605,0.22727,0.17116,0.03231,2.01751,1.62534,1.78869,2.33472,0,0.00018632,0.00018632,0.00018632
918,4101.97,1.06551,1.54569,0.79656,1.28454,0,0.41948,0.52273,0.44181,0.22533,0.37605,0.22727,0.17116,0.03231,2.01751,1.62534,1.78869,2.33472,0,0.00018434,0.00018434,0.00018434
919,4106.44,0.9495,1.47388,0.716,1.19051,0,0.45657,0.47727,0.424,0.22134,0.38951,0.20455,0.16317,0.03025,1.98191,1.63955,1.78582,2.29965,0,0.00018236,0.00018236,0.00018236
920,4110.89,1.09592,1.65094,0.81212,1.26656,0,0.415,0.48376,0.40805,0.21458,0.34451,0.18182,0.11885,0.02491,1.98316,1.65757,1.7571,2.30984,0,0.00018038,0.00018038,0.00018038
921,4115.26,0.95198,1.45803,0.73553,1.21897,0,0.382,0.47764,0.38632,0.20717,0.3257,0.18182,0.1128,0.02383,2.00246,1.65961,1.74882,2.34593,0,0.0001784,0.0001784,0.0001784
922,4119.76,0.9847,1.45553,0.71847,1.19951,0,0.38417,0.52273,0.39386,0.21251,0.29018,0.18182,0.11762,0.02354,2.02149,1.65536,1.715,2.35849,0,0.00017642,0.00017642,0.00017642
923,4124.19,0.96587,1.52053,0.7401,1.22793,0,0.38417,0.52273,0.39386,0.21251,0.29018,0.18182,0.11762,0.02354,2.02149,1.65536,1.715,2.35849,0,0.00017444,0.00017444,0.00017444
924,4128.48,0.98524,1.50097,0.72424,1.19913,0,0.50323,0.45455,0.39263,0.21135,0.19762,0.25758,0.12179,0.02406,2.06607,1.6524,1.72458,2.40684,0,0.00017246,0.00017246,0.00017246
925,4132.79,1.01587,1.40964,0.73742,1.21931,0,0.38526,0.5,0.38715,0.20966,0.20921,0.27273,0.12876,0.02599,2.05236,1.64346,1.72411,2.39383,0,0.00017048,0.00017048,0.00017048
926,4137.2,0.96081,1.49413,0.74359,1.18747,0,0.50669,0.44369,0.41553,0.22423,0.20285,0.27273,0.12398,0.02594,2.09998,1.64435,1.68118,2.49039,0,0.0001685,0.0001685,0.0001685
927,4141.69,0.92915,1.39258,0.71904,1.18766,0,0.52463,0.43182,0.40797,0.22335,0.30064,0.18182,0.11479,0.02727,2.0633,1.6471,1.65439,2.43693,0,0.00016652,0.00016652,0.00016652
928,4146.18,0.95245,1.41491,0.7098,1.17704,0,0.52463,0.43182,0.40797,0.22335,0.30064,0.18182,0.11479,0.02727,2.0633,1.6471,1.65439,2.43693,0,0.00016454,0.00016454,0.00016454
929,4150.67,0.97777,1.47133,0.73113,1.21455,0,0.47264,0.43182,0.40472,0.22193,0.26748,0.15909,0.08936,0.02402,2.04336,1.66604,1.70634,2.41005,0,0.00016256,0.00016256,0.00016256
930,4155,0.99949,1.38783,0.74596,1.22702,0,0.57626,0.43182,0.41296,0.2257,0.20069,0.18182,0.08966,0.02205,2.01295,1.68336,1.72849,2.39301,0,0.00016058,0.00016058,0.00016058
931,4159.32,1.02025,1.52894,0.74429,1.21208,0,0.55011,0.43182,0.41784,0.2341,0.2088,0.18182,0.09156,0.02317,1.98621,1.6859,1.68735,2.38983,0,0.0001586,0.0001586,0.0001586
932,4163.79,0.93459,1.38094,0.70361,1.16241,0,0.52571,0.45455,0.42286,0.23697,0.20871,0.18182,0.09321,0.0236,1.97052,1.68419,1.67632,2.36912,0,0.00015662,0.00015662,0.00015662
933,4168.23,1.03622,1.5145,0.74804,1.21292,0,0.46817,0.52273,0.42513,0.23914,0.17407,0.22727,0.08526,0.02196,2.01033,1.66979,1.68712,2.40363,0,0.00015464,0.00015464,0.00015464
934,4172.64,1.00126,1.51988,0.75556,1.2387,0,0.46817,0.52273,0.42513,0.23914,0.17407,0.22727,0.08526,0.02196,2.01033,1.66979,1.68712,2.40363,0,0.00015266,0.00015266,0.00015266
935,4177.14,0.95881,1.37425,0.72028,1.19489,0,0.58834,0.45455,0.44874,0.24628,0.38511,0.15909,0.11425,0.02404,2.00769,1.66568,1.65555,2.3911,0,0.00015068,0.00015068,0.00015068
936,4181.65,0.94665,1.37908,0.69054,1.18148,0,0.61711,0.47622,0.47867,0.25488,0.21125,0.25,0.09698,0.02512,2.0118,1.65154,1.61637,2.37241,0,0.0001487,0.0001487,0.0001487
937,4186.12,0.96037,1.42601,0.69406,1.18708,0,0.49847,0.56818,0.47341,0.2516,0.38053,0.15909,0.12439,0.02723,2.02327,1.63136,1.5945,2.36623,0,0.00014672,0.00014672,0.00014672
938,4190.59,1.01222,1.51207,0.74705,1.23939,0,0.48919,0.56818,0.46586,0.24542,0.40238,0.15909,0.12493,0.02587,2.03761,1.62726,1.59436,2.37845,0,0.00014474,0.00014474,0.00014474
939,4194.95,0.98395,1.5266,0.75611,1.22202,0,0.48919,0.56818,0.46586,0.24542,0.40238,0.15909,0.12493,0.02587,2.03761,1.62726,1.59436,2.37845,0,0.00014276,0.00014276,0.00014276
940,4199.34,0.96184,1.45672,0.71465,1.20434,0,0.50517,0.56818,0.45924,0.24147,0.38325,0.15909,0.12882,0.02572,2.06252,1.6337,1.59832,2.40702,0,0.00014078,0.00014078,0.00014078
941,4203.67,1.04147,1.48112,0.78674,1.2649,0,0.46889,0.54545,0.44716,0.23698,0.42221,0.18182,0.1568,0.03051,1.99528,1.64856,1.66741,2.29801,0,0.0001388,0.0001388,0.0001388
942,4208.21,1.00661,1.50944,0.75123,1.20968,0,0.51966,0.47727,0.44047,0.23547,0.26796,0.20455,0.12186,0.02737,1.99439,1.65134,1.66614,2.29984,0,0.00013682,0.00013682,0.00013682
943,4212.65,0.95605,1.41261,0.69593,1.19375,0,0.45595,0.45718,0.42401,0.23447,0.2668,0.19862,0.12143,0.02782,1.98594,1.65549,1.64672,2.28652,0,0.00013484,0.00013484,0.00013484
944,4217.12,0.93593,1.45954,0.70173,1.19548,0,0.45595,0.45718,0.42401,0.23447,0.2668,0.19862,0.12143,0.02782,1.98594,1.65549,1.64672,2.28652,0,0.00013286,0.00013286,0.00013286
945,4221.61,0.97757,1.50078,0.73035,1.21164,0,0.38888,0.54545,0.42774,0.23593,0.33861,0.15909,0.11333,0.02689,1.98304,1.6638,1.65164,2.29372,0,0.00013088,0.00013088,0.00013088
946,4226.01,0.97709,1.50633,0.74126,1.20497,0,0.36517,0.59091,0.41703,0.23006,0.34902,0.20455,0.15364,0.02945,1.99199,1.67649,1.61783,2.32816,0,0.0001289,0.0001289,0.0001289
947,4230.38,0.99449,1.49971,0.75047,1.20547,0,0.40177,0.52273,0.4116,0.22455,0.37175,0.18182,0.14465,0.0282,2.00194,1.68221,1.61883,2.34013,0,0.00012692,0.00012692,0.00012692
948,4234.82,0.97657,1.44317,0.71037,1.22935,0,0.3551,0.61364,0.41738,0.22663,0.34773,0.18182,0.13649,0.02948,2.00623,1.68802,1.60933,2.3505,0,0.00012494,0.00012494,0.00012494
949,4239.36,0.98724,1.4058,0.72245,1.22859,0,0.40864,0.5026,0.42086,0.23069,0.34145,0.18182,0.13943,0.02667,2.00035,1.68264,1.60598,2.34146,0,0.00012296,0.00012296,0.00012296
950,4243.8,0.93838,1.43649,0.72269,1.18186,0,0.40864,0.5026,0.42086,0.23069,0.34145,0.18182,0.13943,0.02667,2.00035,1.68264,1.60598,2.34146,0,0.00012098,0.00012098,0.00012098
951,4247.81,0.86754,1.24504,0.71484,1.20222,0,0.43748,0.52273,0.42781,0.23256,0.37701,0.20455,0.14372,0.02856,1.99622,1.67923,1.60645,2.33525,0,0.000119,0.000119,0.000119
952,4251.6,0.93494,1.27188,0.7287,1.23968,0,0.4001,0.59091,0.42916,0.23651,0.37533,0.20455,0.14795,0.02745,1.99704,1.68475,1.61731,2.33883,0,0.00011702,0.00011702,0.00011702
953,4255.43,0.89269,1.21228,0.69952,1.2059,0,0.43644,0.58093,0.44483,0.24148,0.4809,0.15909,0.13438,0.02614,1.97687,1.68161,1.66231,2.29981,0,0.00011504,0.00011504,0.00011504
954,4259.24,0.93073,1.22186,0.73679,1.23356,0,0.49091,0.5,0.45329,0.25235,0.53491,0.18182,0.15206,0.02759,1.99961,1.68761,1.66178,2.34544,0,0.00011306,0.00011306,0.00011306
955,4263,0.8829,1.15175,0.70618,1.21173,0,0.49091,0.5,0.45329,0.25235,0.53491,0.18182,0.15206,0.02759,1.99961,1.68761,1.66178,2.34544,0,0.00011108,0.00011108,0.00011108
956,4266.82,0.86463,1.14076,0.64971,1.17509,0,0.51133,0.52273,0.47374,0.2497,0.53488,0.18182,0.15694,0.02733,2.05001,1.68385,1.62121,2.42878,0,0.0001091,0.0001091,0.0001091
957,4270.66,0.87462,1.22614,0.68773,1.17501,0,0.51657,0.56818,0.49399,0.25649,0.30345,0.22727,0.15348,0.02691,2.04231,1.68149,1.59061,2.3985,0,0.00010712,0.00010712,0.00010712
958,4274.6,0.85751,1.19418,0.66636,1.17559,0,0.56189,0.52471,0.48709,0.25475,0.31177,0.22727,0.15195,0.02659,2.07078,1.6905,1.60816,2.42384,0,0.00010514,0.00010514,0.00010514
959,4278.33,0.88626,1.21602,0.69546,1.22734,0,0.49652,0.58283,0.4859,0.25347,0.31657,0.22727,0.14902,0.02619,2.06771,1.70451,1.61591,2.42358,0,0.00010316,0.00010316,0.00010316
960,4282.15,0.89919,1.20637,0.68839,1.21388,0,0.49652,0.58283,0.4859,0.25347,0.31657,0.22727,0.14902,0.02619,2.06771,1.70451,1.61591,2.42358,0,0.00010118,0.00010118,0.00010118
961,4285.97,0.88238,1.20961,0.69947,1.21365,0,0.60333,0.5,0.50593,0.24862,0.31027,0.25,0.15998,0.02745,2.0639,1.72459,1.70422,2.40251,0,9.92e-05,9.92e-05,9.92e-05
962,4289.74,0.87454,1.16369,0.68189,1.1991,0,0.54897,0.5,0.48637,0.24128,0.27865,0.20455,0.13393,0.02479,2.02096,1.72775,1.74571,2.32404,0,9.722e-05,9.722e-05,9.722e-05
963,4293.53,0.88828,1.24267,0.68933,1.20103,0,0.53504,0.54545,0.49154,0.25513,0.37361,0.20455,0.15423,0.02892,1.99039,1.72775,1.77094,2.28037,0,9.524e-05,9.524e-05,9.524e-05
964,4297.39,0.86767,1.1736,0.67256,1.20809,0,0.49515,0.56818,0.4802,0.25438,0.33352,0.18182,0.13858,0.02734,1.94173,1.72847,1.77938,2.21946,0,9.326e-05,9.326e-05,9.326e-05
965,4301.35,0.92242,1.26449,0.7213,1.24997,0,0.46673,0.54545,0.4435,0.25242,0.40822,0.15909,0.11706,0.02794,1.94726,1.71339,1.79197,2.22327,0,9.128e-05,9.128e-05,9.128e-05
966,4305.15,0.84269,1.22981,0.65835,1.17239,0,0.46673,0.54545,0.4435,0.25242,0.40822,0.15909,0.11706,0.02794,1.94726,1.71339,1.79197,2.22327,0,8.93e-05,8.93e-05,8.93e-05
967,4309,0.90151,1.17317,0.71036,1.23437,0,0.46021,0.54545,0.4519,0.25476,0.44233,0.15909,0.11908,0.02784,1.95857,1.70962,1.78199,2.246,0,8.732e-05,8.732e-05,8.732e-05
968,4313.03,0.89046,1.19129,0.66092,1.2206,0,0.45096,0.54545,0.45788,0.249,0.44379,0.18182,0.1378,0.02705,1.95281,1.6961,1.77045,2.24235,0,8.534e-05,8.534e-05,8.534e-05
969,4316.82,0.86999,1.1726,0.69027,1.19082,0,0.49504,0.52273,0.46368,0.25571,0.44298,0.18182,0.14598,0.02876,1.99734,1.68615,1.73302,2.33588,0,8.336e-05,8.336e-05,8.336e-05
970,4320.66,0.88398,1.2182,0.67169,1.22511,0,0.48515,0.54545,0.4687,0.26294,0.49126,0.20455,0.1732,0.03119,2.00553,1.67425,1.72542,2.36201,0,8.138e-05,8.138e-05,8.138e-05
971,4324.37,0.88755,1.20975,0.6743,1.22758,0,0.48515,0.54545,0.4687,0.26294,0.49126,0.20455,0.1732,0.03119,2.00553,1.67425,1.72542,2.36201,0,7.94e-05,7.94e-05,7.94e-05
972,4328.31,0.91403,1.2614,0.70067,1.23461,0,0.50459,0.54545,0.46915,0.26402,0.51115,0.20455,0.17124,0.0325,2.01628,1.66634,1.72725,2.37407,0,7.742e-05,7.742e-05,7.742e-05
973,4332.21,0.86151,1.20351,0.66584,1.20306,0,0.49264,0.52974,0.45379,0.25393,0.5581,0.20455,0.17791,0.03196,1.99481,1.65902,1.73821,2.34453,0,7.544e-05,7.544e-05,7.544e-05
974,4336.09,0.86672,1.22984,0.66824,1.19143,0,0.45353,0.5,0.43678,0.24336,0.50422,0.20455,0.16767,0.03288,2.00057,1.65526,1.73087,2.33394,0,7.346e-05,7.346e-05,7.346e-05
975,4339.8,0.85106,1.1962,0.66331,1.17817,0,0.40759,0.59091,0.44535,0.24993,0.48453,0.20455,0.17273,0.03401,1.99421,1.65651,1.74465,2.32413,0,7.148e-05,7.148e-05,7.148e-05
976,4343.76,0.86181,1.22104,0.68859,1.20355,0,0.40759,0.59091,0.44535,0.24993,0.48453,0.20455,0.17273,0.03401,1.99421,1.65651,1.74465,2.32413,0,6.95e-05,6.95e-05,6.95e-05
977,4347.7,0.8439,1.1965,0.6529,1.19304,0,0.40375,0.56818,0.43169,0.24908,0.47706,0.20455,0.17179,0.0339,1.99524,1.66249,1.75902,2.31737,0,6.752e-05,6.752e-05,6.752e-05
978,4351.56,0.82171,1.20563,0.65462,1.17755,0,0.49952,0.47727,0.44212,0.25076,0.44409,0.20455,0.16049,0.034,1.99616,1.65994,1.77897,2.3047,0,6.554e-05,6.554e-05,6.554e-05
979,4355.45,0.85488,1.1577,0.65382,1.18057,0,0.49229,0.45455,0.4192,0.24728,0.39141,0.18182,0.11452,0.03012,1.97044,1.66466,1.79679,2.27323,0,6.356e-05,6.356e-05,6.356e-05
980,4359.37,0.81976,1.14664,0.6287,1.16241,0,0.49177,0.43182,0.42474,0.24312,0.40698,0.18182,0.12043,0.03207,1.9658,1.67928,1.82477,2.24059,0,6.158e-05,6.158e-05,6.158e-05
981,4363.2,0.91564,1.24237,0.70301,1.26613,0,0.47933,0.47727,0.44198,0.24593,0.41254,0.18182,0.12008,0.03081,1.96605,1.67545,1.80724,2.24284,0,5.96e-05,5.96e-05,5.96e-05
982,4367.11,0.85229,1.20497,0.63567,1.20076,0,0.47933,0.47727,0.44198,0.24593,0.41254,0.18182,0.12008,0.03081,1.96605,1.67545,1.80724,2.24284,0,5.762e-05,5.762e-05,5.762e-05
983,4370.93,0.88402,1.19218,0.67926,1.2317,0,0.44733,0.45455,0.42194,0.2356,0.35355,0.18182,0.12409,0.03029,1.96484,1.67493,1.80007,2.24105,0,5.564e-05,5.564e-05,5.564e-05
984,4374.7,0.87302,1.18678,0.65823,1.16592,0,0.46731,0.47727,0.43366,0.23947,0.41993,0.18182,0.12626,0.03093,1.96164,1.66661,1.79773,2.24201,0,5.366e-05,5.366e-05,5.366e-05
985,4378.67,0.80112,1.08992,0.61772,1.16957,0,0.41534,0.52273,0.42906,0.23585,0.39912,0.18182,0.12565,0.03095,1.9541,1.65828,1.8438,2.21163,0,5.168e-05,5.168e-05,5.168e-05
986,4382.58,0.84834,1.18611,0.65248,1.20704,0,0.42455,0.54545,0.42606,0.23516,0.28485,0.22727,0.13552,0.03124,1.94166,1.66571,1.80032,2.19837,0,4.97e-05,4.97e-05,4.97e-05
987,4386.3,0.9013,1.23793,0.68855,1.21467,0,0.42455,0.54545,0.42606,0.23516,0.28485,0.22727,0.13552,0.03124,1.94166,1.66571,1.80032,2.19837,0,4.772e-05,4.772e-05,4.772e-05
988,4390.19,0.84619,1.23863,0.64438,1.16955,0,0.40661,0.51403,0.42046,0.23075,0.28552,0.22727,0.13307,0.03086,1.92507,1.65305,1.78284,2.18643,0,4.574e-05,4.574e-05,4.574e-05
989,4394.09,0.83563,1.20745,0.65989,1.18867,0,0.4371,0.52273,0.42103,0.23071,0.21955,0.25,0.13006,0.02981,1.91895,1.65576,1.74972,2.21187,0,4.376e-05,4.376e-05,4.376e-05
990,4397.95,0.8178,1.17947,0.65272,1.16131,0,0.43917,0.53401,0.42813,0.23566,0.21159,0.25,0.12068,0.02857,1.91451,1.65528,1.73303,2.20414,0,4.178e-05,4.178e-05,4.178e-05
991,4401.7,0.82597,1.19209,0.64254,1.19715,0,0.45732,0.5,0.43308,0.24194,0.32186,0.25,0.18203,0.03208,1.90491,1.65282,1.74598,2.19241,0,3.98e-05,3.98e-05,3.98e-05
992,4405.45,0.88865,1.1851,0.66586,1.18635,0,0.45732,0.5,0.43308,0.24194,0.32186,0.25,0.18203,0.03208,1.90491,1.65282,1.74598,2.19241,0,3.782e-05,3.782e-05,3.782e-05
993,4409.25,0.86814,1.17858,0.65135,1.1785,0,0.48225,0.5,0.43723,0.23955,0.32954,0.25,0.18264,0.03359,1.90347,1.6575,1.71882,2.19691,0,3.584e-05,3.584e-05,3.584e-05
994,4412.98,0.85986,1.19119,0.6646,1.18038,0,0.5031,0.52273,0.44573,0.24752,0.32924,0.25,0.18285,0.03356,1.91615,1.65783,1.70413,2.2156,0,3.386e-05,3.386e-05,3.386e-05
995,4416.79,0.82654,1.16595,0.63954,1.17855,0,0.50241,0.52273,0.44061,0.24291,0.33777,0.25,0.18251,0.03365,1.92131,1.66518,1.71608,2.20509,0,3.188e-05,3.188e-05,3.188e-05
996,4420.88,0.87037,1.27378,0.68864,1.2,0,0.49757,0.5,0.4359,0.24629,0.29343,0.29545,0.18355,0.03373,1.91605,1.65993,1.69045,2.20607,0,2.99e-05,2.99e-05,2.99e-05
997,4424.69,0.88614,1.22265,0.65576,1.19101,0,0.4958,0.5,0.43941,0.24804,0.38562,0.20455,0.17441,0.03288,1.92108,1.65526,1.72916,2.21303,0,2.792e-05,2.792e-05,2.792e-05
998,4428.4,0.83224,1.209,0.63671,1.17279,0,0.4958,0.5,0.43941,0.24804,0.38562,0.20455,0.17441,0.03288,1.92108,1.65526,1.72916,2.21303,0,2.594e-05,2.594e-05,2.594e-05
999,4432.24,0.828,1.22216,0.64844,1.21579,0,0.49109,0.5,0.44277,0.24752,0.28081,0.29545,0.18503,0.03275,1.90909,1.64894,1.7494,2.20601,0,2.396e-05,2.396e-05,2.396e-05
1000,4436.06,0.81899,1.113,0.61169,1.17187,0,0.48509,0.49256,0.43513,0.24311,0.34394,0.22727,0.1737,0.03105,1.90812,1.65181,1.74359,2.20458,0,2.198e-05,2.198e-05,2.198e-05
