epoch,time,train/box_loss,train/seg_loss,train/cls_loss,train/dfl_loss,train/sem_loss,metrics/precision(B),metrics/recall(B),metrics/mAP50(B),metrics/mAP50-95(B),metrics/precision(M),metrics/recall(M),metrics/mAP50(M),metrics/mAP50-95(M),val/box_loss,val/seg_loss,val/cls_loss,val/dfl_loss,val/sem_loss,lr/pg0,lr/pg1,lr/pg2
1,25.3973,2.73614,5.01941,4.60476,2.61957,0,0.00303,0.22727,0.00073,0.00018,0,0,0,0,3.36588,3.06646,7.43996,3.23377,0,0.000615385,0.000615385,0.000615385
2,28.7487,2.6352,5.22165,4.45761,2.58794,0,0.00424,0.31818,0.00138,0.00035,0,0,0,0,3.4844,2.91602,7.97918,3.19439,0,0.00128078,0.00128078,0.00128078
3,32.1066,2.62256,4.75284,4.44998,2.5871,0,0.00626,0.09091,0.0019,0.00047,0,0,0,0,3.37245,2.80962,9.1687,3.00252,0,0.00194486,0.00194486,0.00194486
4,35.4085,2.66435,5.4038,4.48522,2.62324,0,0.00978,0.04545,0.002,0.0006,0,0,0,0,3.29557,2.85326,8.74243,2.96798,0,0.00199406,0.00199406,0.00199406
5,38.7842,2.68865,5.07054,4.52387,2.65469,0,0.01182,0.15909,0.00503,0.00108,0,0,0,0,3.31468,2.95667,8.21878,2.93077,0,0.00199208,0.00199208,0.00199208
6,42.0556,2.82036,5.13229,4.40832,2.73634,0,0.01182,0.15909,0.00503,0.00108,0,0,0,0,3.31468,2.95667,8.21878,2.93077,0,0.0019901,0.0019901,0.0019901
7,45.3523,2.76206,5.30979,4.64213,2.64142,0,0.01624,0.15909,0.00733,0.00164,0,0,0,0,3.25404,3.17421,7.586,3.10133,0,0.00198812,0.00198812,0.00198812
8,48.8705,3.13599,5.20715,16.7158,2.93047,0,0.00385,0.27273,0.00135,0.00021,0,0,0,0,3.64628,27.6223,583.404,6.98131,0,0.00198614,0.00198614,0.00198614
9,52.524,3.5327,4.75632,20.2771,3.28129,0,0.00446,0.15909,0.00085,0.00018,0,0,0,0,nan,673.762,nan,nan,0,0.00198416,0.00198416,0.00198416
10,56.081,3.54354,5.19798,8.6571,3.53136,0,0,0,0,0,0,0,0,0,nan,nan,nan,nan,0,0.00198218,0.00198218,0.00198218
11,59.8872,3.55605,4.69727,4.91892,3.41837,0,0,0,0,0,0,0,0,0,nan,nan,nan,nan,0,0.0019802,0.0019802,0.0019802
12,63.5102,3.46246,3.7081,3.8411,3.34669,0,0,0,0,0,0,0,0,0,nan,nan,nan,nan,0,0.00197822,0.00197822,0.00197822
13,67.1822,3.32009,3.56609,3.6667,3.42459,0,0,0,0,0,0,0,0,0,nan,nan,nan,nan,0,0.00197624,0.00197624,0.00197624
14,70.8072,3.27259,3.68142,3.53808,3.38834,0,0,0,0,0,0,0,0,0,nan,nan,nan,nan,0,0.00197426,0.00197426,0.00197426
15,74.3235,3.32494,3.58821,3.24302,3.42986,0,0,0,0,0,0,0,0,0,nan,nan,nan,nan,0,0.00197228,0.00197228,0.00197228
16,77.7675,3.20737,3.26115,3.07194,3.33528,0,0,0,0,0,0,0,0,0,nan,nan,nan,nan,0,0.0019703,0.0019703,0.0019703
17,81.481,3.24159,2.864,4.26955,3.3799,0,0,0,0,0,0,0,0,0,nan,nan,nan,nan,0,0.00196832,0.00196832,0.00196832
18,85.0785,3.19272,3.00564,3.69808,3.41835,0,0,0,0,0,0,0,0,0,nan,nan,nan,nan,0,0.00196634,0.00196634,0.00196634
19,88.7497,3.23395,3.04921,3.08317,3.41518,0,0,0,0,0,0,0,0,0,nan,nan,nan,nan,0,0.00196436,0.00196436,0.00196436
20,92.3689,3.12822,2.89761,2.94066,3.27097,0,0,0,0,0,0,0,0,0,nan,nan,nan,nan,0,0.00196238,0.00196238,0.00196238
21,96.0307,3.26308,2.87372,2.99336,3.37715,0,0.0034,0.20455,0.00119,0.0002,0,0,0,0,4.22394,64.8857,33.853,4.69192,0,0.0019604,0.0019604,0.0019604
22,99.6648,2.99993,2.80732,2.80955,3.2753,0,0.0034,0.20455,0.00119,0.0002,0,0,0,0,4.22394,64.8857,33.853,4.69192,0,0.00195842,0.00195842,0.00195842
23,103.34,3.06046,2.70188,2.87547,3.32126,0,0.01321,0.34091,0.01856,0.00335,0,0,0,0,3.55533,2.78393,3.32615,3.66081,0,0.00195644,0.00195644,0.00195644
24,107.073,3.1006,2.71477,2.88211,3.34517,0,0.01403,0.34091,0.01721,0.0038,0,0,0,0,3.44777,2.88675,3.34228,3.63297,0,0.00195446,0.00195446,0.00195446
25,110.847,2.95226,2.73211,2.83595,3.27111,0,0.0063,0.40909,0.00649,0.00135,0.0003,0.02273,2e-05,0,3.41356,2.74727,3.2111,3.59678,0,0.00195248,0.00195248,0.00195248
26,114.48,2.89782,2.65795,2.80171,3.22818,0,0.02616,0.13636,0.0117,0.00273,0.0003,0.02273,3e-05,0,3.30725,2.54704,3.3518,3.509,0,0.0019505,0.0019505,0.0019505
27,118.28,2.88862,2.56178,2.7626,3.22337,0,0.02616,0.13636,0.0117,0.00273,0.0003,0.02273,3e-05,0,3.30725,2.54704,3.3518,3.509,0,0.00194852,0.00194852,0.00194852
28,122.063,2.96981,2.68222,2.75147,3.30785,0,0.00857,0.27273,0.00543,0.00134,0.00031,0.02273,4e-05,0,3.53449,2.98632,3.26797,3.71864,0,0.00194654,0.00194654,0.00194654
29,125.861,2.86408,2.61798,2.74148,3.20276,0,0.01247,0.20455,0.00625,0.00124,0,0,0,0,3.51282,6.59571,3.43291,4.75152,0,0.00194456,0.00194456,0.00194456
30,129.445,2.79189,2.60716,2.75383,3.18191,0,0.00569,0.40909,0.00308,0.00068,0,0,0,0,3.64422,248.287,63.0075,14.1328,0,0.00194258,0.00194258,0.00194258
31,133.243,2.9243,2.57729,2.75254,3.18843,0,0.00394,0.29545,0.00153,0.00041,0.00089,0.04545,4e-05,0,3.4942,48.8654,131.611,6.53542,0,0.0019406,0.0019406,0.0019406
32,137.002,2.80059,2.50582,2.77071,3.16932,0,0.00394,0.29545,0.00153,0.00041,0.00089,0.04545,4e-05,0,3.4942,48.8654,131.611,6.53542,0,0.00193862,0.00193862,0.00193862
33,140.67,2.86532,2.49814,2.73426,3.16717,0,0.00697,0.52273,0.00504,0.00108,0,0,0,0,3.21156,7.3382,17.8112,3.9933,0,0.00193664,0.00193664,0.00193664
34,144.452,2.84134,2.49768,2.81719,3.21837,0,0.00931,0.68182,0.00914,0.00171,0,0,0,0,3.19074,4.0944,5.85737,4.29951,0,0.00193466,0.00193466,0.00193466
35,148.36,2.84642,2.54959,2.73937,3.21774,0,0.01569,0.52273,0.02294,0.00484,0,0,0,0,3.01665,2.43451,3.20887,3.68946,0,0.00193268,0.00193268,0.00193268
36,152.217,2.72257,2.34245,2.70929,3.16241,0,0.01124,0.59091,0.02533,0.00438,0,0,0,0,3.09579,2.3863,3.2096,3.50582,0,0.0019307,0.0019307,0.0019307
37,155.997,2.72394,2.44254,2.61249,3.15892,0,0.00918,0.61364,0.00889,0.00199,0,0,0,0,3.1609,2.40674,3.1106,3.42777,0,0.00192872,0.00192872,0.00192872
38,159.741,2.70345,2.31782,2.56066,3.12738,0,0.00918,0.61364,0.00889,0.00199,0,0,0,0,3.1609,2.40674,3.1106,3.42777,0,0.00192674,0.00192674,0.00192674
39,163.619,2.6793,2.41329,2.62494,3.12065,0,0.0181,0.40909,0.01317,0.00326,0,0,0,0,3.02133,2.6825,3.02529,3.3895,0,0.00192476,0.00192476,0.00192476
40,167.389,2.72046,2.38065,2.62965,3.1562,0,0.0132,0.81818,0.02834,0.00621,0,0,0,0,3.00112,2.74581,2.83226,3.41014,0,0.00192278,0.00192278,0.00192278
41,171.281,2.67085,2.46024,2.65027,3.1035,0,0.15113,0.06818,0.07491,0.02025,0,0,0,0,3.06327,2.25595,2.7328,3.32739,0,0.0019208,0.0019208,0.0019208
42,175.138,2.7765,2.42588,2.63584,3.17716,0,0.11886,0.06818,0.07489,0.02082,0,0,0,0,3.11703,2.19929,2.82768,3.34324,0,0.00191882,0.00191882,0.00191882
43,179.153,2.75031,2.43009,2.56923,3.17587,0,0.11886,0.06818,0.07489,0.02082,0,0,0,0,3.11703,2.19929,2.82768,3.34324,0,0.00191684,0.00191684,0.00191684
44,183.062,2.73046,2.45305,2.64818,3.14383,0,0.01195,0.65909,0.03664,0.0093,0.00031,0.02273,1e-05,0,2.92269,2.27129,2.95923,3.29909,0,0.00191486,0.00191486,0.00191486
45,186.959,2.68463,2.37943,2.59722,3.14522,0,0.00745,0.5,0.00944,0.00244,0,0,0,0,2.96091,2.3363,3.41512,3.25337,0,0.00191288,0.00191288,0.00191288
46,190.833,2.61911,2.27371,2.64262,3.05879,0,0.01544,0.15909,0.06132,0.01907,0.0003,0.02273,1e-05,0,2.76385,2.16435,3.22444,3.13429,0,0.0019109,0.0019109,0.0019109
47,194.715,2.67102,2.37121,2.5786,3.05659,0,0.19611,0.09091,0.08329,0.0224,0,0,0,0,2.81674,2.08302,2.92648,3.12776,0,0.00190892,0.00190892,0.00190892
48,198.585,2.62378,2.34352,2.62511,3.0712,0,0.19611,0.09091,0.08329,0.0224,0,0,0,0,2.81674,2.08302,2.92648,3.12776,0,0.00190694,0.00190694,0.00190694
49,202.48,2.6112,2.33814,2.59904,3.06093,0,0.30105,0.09091,0.08472,0.02858,0.00031,0.02273,2e-05,0,2.7577,2.0521,2.89625,3.08101,0,0.00190496,0.00190496,0.00190496
50,206.491,2.54553,2.30008,2.59971,3.01114,0,0.44134,0.06818,0.07678,0.02467,0.00031,0.02273,3e-05,0,2.69688,1.97939,3.17245,3.02032,0,0.00190298,0.00190298,0.00190298
51,210.679,2.52324,2.24582,2.62449,3.02716,0,0.18794,0.11364,0.08103,0.02139,0.0003,0.02273,4e-05,0,2.64997,2.01965,3.54733,3.02063,0,0.001901,0.001901,0.001901
52,214.674,2.5166,2.24824,2.6649,3.01504,0,0.31045,0.09091,0.08363,0.02098,0,0,0,0,2.69406,2.03284,3.27296,3.05803,0,0.00189902,0.00189902,0.00189902
53,218.556,2.55945,2.31191,2.5432,3.021,0,0.29063,0.04545,0.07561,0.01348,0.0003,0.02273,1e-05,0,2.6983,2.08559,3.06136,3.09017,0,0.00189704,0.00189704,0.00189704
54,222.525,2.54697,2.23112,2.61821,3.01728,0,0.29063,0.04545,0.07561,0.01348,0.0003,0.02273,1e-05,0,2.6983,2.08559,3.06136,3.09017,0,0.00189506,0.00189506,0.00189506
55,226.472,2.55586,2.20144,2.60497,3.03173,0,0.19592,0.22727,0.13238,0.02637,0,0,0,0,2.62981,2.01899,3.04833,3.07868,0,0.00189308,0.00189308,0.00189308
56,230.343,2.54622,2.36208,2.53375,2.98033,0,0.24378,0.25,0.13552,0.03122,0.0003,0.02273,1e-05,0,2.7532,1.99905,3.05146,3.1464,0,0.0018911,0.0018911,0.0018911
57,234.607,2.60587,2.38767,2.49902,2.99266,0,0.21583,0.15909,0.11876,0.02792,0.00091,0.06818,8e-05,1e-05,2.87277,1.96635,3.02413,3.23586,0,0.00188912,0.00188912,0.00188912
58,238.675,2.60895,2.25258,2.59669,3.03776,0,0.12318,0.18182,0.06681,0.01475,0.00153,0.04545,0.00048,6e-05,2.85418,1.98831,2.88397,3.09212,0,0.00188714,0.00188714,0.00188714
59,242.588,2.54939,2.29945,2.49753,2.9803,0,0.12318,0.18182,0.06681,0.01475,0.00153,0.04545,0.00048,6e-05,2.85418,1.98831,2.88397,3.09212,0,0.00188516,0.00188516,0.00188516
60,246.561,2.55691,2.32826,2.53161,3.02647,0,0.11883,0.09091,0.07104,0.01938,0.00121,0.09091,0.00018,2e-05,2.65951,1.99077,2.92832,2.98878,0,0.00188318,0.00188318,0.00188318
61,250.716,2.55515,2.28207,2.53474,2.97336,0,0.15159,0.11364,0.07942,0.02848,0.00282,0.09091,0.00079,9e-05,2.70974,1.99961,2.95145,3.03739,0,0.0018812,0.0018812,0.0018812
62,254.701,2.58092,2.28309,2.55577,3.02988,0,0.17746,0.06818,0.0802,0.03519,0.00339,0.09091,0.00169,0.00022,2.78967,2.09677,2.86079,3.08931,0,0.00187922,0.00187922,0.00187922
63,258.584,2.61763,2.34869,2.61647,3.03382,0,0.10854,0.09091,0.07159,0.02851,0.00121,0.09091,0.0005,8e-05,2.86101,2.25157,2.89328,3.11664,0,0.00187724,0.00187724,0.00187724
64,262.563,2.56406,2.25905,2.55382,3.01322,0,0.10854,0.09091,0.07159,0.02851,0.00121,0.09091,0.0005,8e-05,2.86101,2.25157,2.89328,3.11664,0,0.00187526,0.00187526,0.00187526
65,266.825,2.496,2.25607,2.60396,3.01573,0,0.17039,0.11364,0.08033,0.02403,0.00092,0.06818,0.00015,2e-05,2.88735,2.21447,2.99951,3.13337,0,0.00187328,0.00187328,0.00187328
66,270.83,2.57701,2.29601,2.50969,3.02777,0,0.06149,0.25,0.07521,0.01316,0.00064,0.04545,4e-05,1e-05,2.85938,2.08601,2.98679,3.1333,0,0.0018713,0.0018713,0.0018713
67,274.818,2.62784,2.23004,2.60655,3.08368,0,0.01508,0.02273,0.03604,0.00599,0.00093,0.06818,7e-05,1e-05,2.93783,1.98544,2.98437,3.16251,0,0.00186932,0.00186932,0.00186932
68,278.697,2.498,2.17839,2.57354,3.02439,0,0.05034,0.04545,0.05706,0.01662,0.00093,0.06818,0.00018,2e-05,2.88232,1.98915,2.84911,3.13407,0,0.00186734,0.00186734,0.00186734
69,282.676,2.4969,2.15267,2.48922,3.01324,0,0.22707,0.06818,0.07999,0.01973,0,0,0,0,2.76348,2.07003,2.88229,3.07191,0,0.00186536,0.00186536,0.00186536
70,286.507,2.55192,2.32419,2.51981,2.95079,0,0.22707,0.06818,0.07999,0.01973,0,0,0,0,2.76348,2.07003,2.88229,3.07191,0,0.00186338,0.00186338,0.00186338
71,290.275,2.47505,2.20611,2.56911,2.98869,0,0.40788,0.06818,0.07546,0.02145,0,0,0,0,2.57502,2.05254,2.96519,2.97232,0,0.0018614,0.0018614,0.0018614
72,294.131,2.52572,2.2545,2.62543,2.9469,0,0.19168,0.11364,0.09137,0.02847,0.00062,0.04545,4e-05,0,2.53717,1.93261,3.05072,2.91721,0,0.00185942,0.00185942,0.00185942
73,298.072,2.53525,2.22368,2.55985,3.00391,0,0.19033,0.09091,0.07545,0.02142,0.00125,0.09091,0.00016,2e-05,2.58542,1.92425,3.01528,2.92144,0,0.00185744,0.00185744,0.00185744
74,302.23,2.44879,2.17141,2.50947,2.96501,0,0.08871,0.09091,0.0426,0.01228,0.00176,0.11364,0.0005,7e-05,2.55951,1.90542,3.03765,2.93048,0,0.00185546,0.00185546,0.00185546
75,306.057,2.45852,2.17099,2.48863,2.9319,0,0.08871,0.09091,0.0426,0.01228,0.00176,0.11364,0.0005,7e-05,2.55951,1.90542,3.03765,2.93048,0,0.00185348,0.00185348,0.00185348
76,309.925,2.44464,2.1813,2.60663,2.96454,0,0.01937,0.13636,0.0205,0.00442,0.00122,0.09091,0.00025,3e-05,2.59671,1.98549,3.06742,2.97399,0,0.0018515,0.0018515,0.0018515
77,313.834,2.39749,2.12309,2.50643,2.93232,0,0.0165,0.5,0.01793,0.00401,0.00091,0.06818,0.0001,2e-05,2.67015,1.99831,3.13131,3.00994,0,0.00184952,0.00184952,0.00184952
78,317.827,2.47907,2.35024,2.52925,2.88182,0,0.48149,0.06818,0.08306,0.02123,0.00122,0.09091,0.00031,6e-05,2.78535,1.95612,3.07847,3.06944,0,0.00184754,0.00184754,0.00184754
79,321.741,2.44267,2.09104,2.55171,2.96887,0,0.51377,0.06818,0.08326,0.01548,0.00123,0.09091,0.00015,3e-05,2.79129,1.96482,3.13511,3.06946,0,0.00184556,0.00184556,0.00184556
80,325.466,2.46699,2.17258,2.50048,2.95203,0,0.51377,0.06818,0.08326,0.01548,0.00123,0.09091,0.00015,3e-05,2.79129,1.96482,3.13511,3.06946,0,0.00184358,0.00184358,0.00184358
81,329.525,2.45368,2.18373,2.53151,2.94626,0,0.39237,0.04545,0.07571,0.01296,0.00094,0.06818,7e-05,1e-05,2.77175,2.02963,3.21338,3.04397,0,0.0018416,0.0018416,0.0018416
82,333.548,2.48053,2.19802,2.54172,2.9052,0,0.04493,0.13636,0.0676,0.0179,0.00095,0.06818,9e-05,2e-05,2.68459,1.96971,3.01694,2.97896,0,0.00183962,0.00183962,0.00183962
83,338.078,2.39956,2.17269,2.4903,2.89194,0,0.20394,0.27273,0.12196,0.03659,0.0016,0.11364,0.00053,9e-05,2.6438,1.90495,2.94774,2.95404,0,0.00183764,0.00183764,0.00183764
84,342.897,2.44428,2.18982,2.48778,2.93636,0,0.24613,0.18182,0.13519,0.0386,0.00129,0.09091,0.00086,0.00018,2.70676,1.93392,2.79053,3.01765,0,0.00183566,0.00183566,0.00183566
85,349.2,2.39446,2.10887,2.41782,2.84308,0,0.19725,0.13636,0.11229,0.03131,0.00227,0.11364,0.00107,0.00018,2.78964,2.08166,3.00612,3.05053,0,0.00183368,0.00183368,0.00183368
86,355.363,2.45417,2.1883,2.51984,2.81616,0,0.19725,0.13636,0.11229,0.03131,0.00227,0.11364,0.00107,0.00018,2.78964,2.08166,3.00612,3.05053,0,0.0018317,0.0018317,0.0018317
87,361.674,2.39986,2.18675,2.48189,2.8936,0,0.02511,0.36364,0.01958,0.0036,0.0007,0.04545,0.00013,2e-05,2.8982,2.25543,3.22212,3.16683,0,0.00182972,0.00182972,0.00182972
88,367.723,2.40409,2.20533,2.46689,2.90022,0,0.04711,0.20455,0.02658,0.00608,0.00066,0.04545,0.00041,5e-05,2.75717,2.25783,3.10767,3.1357,0,0.00182774,0.00182774,0.00182774
89,373.768,2.37119,2.16092,2.43009,2.85911,0,0.10865,0.09091,0.06706,0.01933,0.00094,0.06818,0.00063,7e-05,2.62109,2.0372,2.84692,2.95117,0,0.00182576,0.00182576,0.00182576
90,379.905,2.4,2.14575,2.40509,2.88348,0,0.15459,0.15909,0.10192,0.02435,0.00192,0.13636,0.00058,6e-05,2.6464,1.88208,2.85026,2.89788,0,0.00182378,0.00182378,0.00182378
91,385.903,2.45193,2.34866,2.45184,2.82548,0,0.15459,0.15909,0.10192,0.02435,0.00192,0.13636,0.00058,6e-05,2.6464,1.88208,2.85026,2.89788,0,0.0018218,0.0018218,0.0018218
92,392.346,2.4316,2.21518,2.50133,2.89766,0,0.08941,0.04545,0.05819,0.011,0.00133,0.09091,0.00027,8e-05,2.74525,1.847,3.10662,2.97469,0,0.00181982,0.00181982,0.00181982
93,398.47,2.33356,2.13487,2.49013,2.85466,0,0.02062,0.40909,0.03014,0.00681,0.00099,0.06818,0.00011,3e-05,2.80906,1.89149,3.15505,2.95392,0,0.00181784,0.00181784,0.00181784
94,404.362,2.47212,2.22016,2.38597,2.88185,0,0.44206,0.07247,0.10272,0.02743,0.00063,0.04545,6e-05,1e-05,2.66232,1.89984,2.99856,2.80238,0,0.00181586,0.00181586,0.00181586
95,410.518,2.37918,2.22141,2.40808,2.84023,0,0.31015,0.11364,0.10407,0.03056,0.00094,0.06818,9e-05,1e-05,2.58653,1.88077,2.93896,2.82063,0,0.00181388,0.00181388,0.00181388
96,416.494,2.32317,2.17954,2.4529,2.77184,0,0.31015,0.11364,0.10407,0.03056,0.00094,0.06818,9e-05,1e-05,2.58653,1.88077,2.93896,2.82063,0,0.0018119,0.0018119,0.0018119
97,422.851,2.36676,2.20349,2.41981,2.81376,0,0.10051,0.13636,0.10727,0.02987,0.00758,0.02273,0.0006,6e-05,2.66154,1.92443,2.97085,2.97676,0,0.00180992,0.00180992,0.00180992
98,429.12,2.30527,2.1533,2.42491,2.8058,0,0.25013,0.25,0.17856,0.03806,0.00032,0.02273,5e-05,0,2.51009,1.92494,2.95186,2.97131,0,0.00180794,0.00180794,0.00180794
99,435.326,2.34402,2.15723,2.31023,2.76226,0,0.16062,0.25,0.16565,0.03456,0.00033,0.02273,3e-05,0,2.49805,1.97284,2.77258,2.8969,0,0.00180596,0.00180596,0.00180596
100,441.016,2.30096,2.03901,2.40861,2.82805,0,0.1426,0.25709,0.13796,0.0301,0.00127,0.02273,0.0002,2e-05,2.53352,2.01322,2.69034,2.93494,0,0.00180398,0.00180398,0.00180398
101,445.405,2.2746,2.10647,2.42891,2.75845,0,0.13398,0.22727,0.12029,0.02568,0.00033,0.02273,0.00012,3e-05,2.50373,1.94427,2.72398,2.92006,0,0.001802,0.001802,0.001802
102,450.003,2.30609,2.05287,2.36477,2.77874,0,0.13398,0.22727,0.12029,0.02568,0.00033,0.02273,0.00012,3e-05,2.50373,1.94427,2.72398,2.92006,0,0.00180002,0.00180002,0.00180002
103,454.174,2.39756,2.14562,2.38124,2.80704,0,0.12005,0.20455,0.1229,0.03343,0.00098,0.06818,0.00029,4e-05,2.49243,1.94204,2.68354,2.87214,0,0.00179804,0.00179804,0.00179804
104,458.627,2.29087,2.03988,2.32023,2.73975,0,0.35393,0.11364,0.14119,0.03515,0.00534,0.04545,0.00087,0.00011,2.48833,1.92405,2.68312,2.92644,0,0.00179606,0.00179606,0.00179606
105,462.811,2.34201,2.15968,2.38132,2.72025,0,0.53058,0.11364,0.14886,0.03862,0.00775,0.04545,0.00085,0.00015,2.4697,1.95818,2.74225,2.91138,0,0.00179408,0.00179408,0.00179408
106,466.817,2.32145,2.10461,2.35105,2.75739,0,0.18712,0.20455,0.17713,0.04391,0.01486,0.04545,0.00195,0.00034,2.51963,1.91858,2.72702,2.89398,0,0.0017921,0.0017921,0.0017921
107,470.959,2.30875,2.07136,2.32348,2.71288,0,0.18712,0.20455,0.17713,0.04391,0.01486,0.04545,0.00195,0.00034,2.51963,1.91858,2.72702,2.89398,0,0.00179012,0.00179012,0.00179012
108,475.206,2.3266,2.15079,2.32985,2.71941,0,0.28702,0.18182,0.13331,0.03228,0.00288,0.04545,0.00057,0.0001,2.73842,1.96521,2.81813,3.00255,0,0.00178814,0.00178814,0.00178814
109,479.393,2.31496,2.0617,2.36772,2.7779,0,0.17157,0.20455,0.11633,0.02656,0.00066,0.04545,9e-05,2e-05,2.81102,1.96861,2.88262,3.02693,0,0.00178616,0.00178616,0.00178616
110,483.35,2.29008,2.07855,2.3516,2.69128,0,0.24666,0.31818,0.18723,0.04557,0.00034,0.02273,8e-05,1e-05,2.74859,2.06069,2.7553,2.96672,0,0.00178418,0.00178418,0.00178418
111,487.392,2.27309,2.03287,2.40412,2.73986,0,0.18704,0.31818,0.12262,0.026,0.00066,0.04545,8e-05,1e-05,2.69859,2.0187,2.81415,2.95284,0,0.0017822,0.0017822,0.0017822
112,491.617,2.26253,2.0069,2.3473,2.74661,0,0.18704,0.31818,0.12262,0.026,0.00066,0.04545,8e-05,1e-05,2.69859,2.0187,2.81415,2.95284,0,0.00178022,0.00178022,0.00178022
113,495.674,2.25705,2.15084,2.37418,2.68668,0,0.10327,0.25,0.06594,0.01739,0.00066,0.04545,4e-05,1e-05,2.65055,1.95367,2.88097,2.90433,0,0.00177824,0.00177824,0.00177824
114,499.75,2.1922,2.0463,2.40663,2.64585,0,0.13111,0.21613,0.10758,0.02479,0.00113,0.06818,0.00033,8e-05,2.54447,1.88068,2.83919,2.88956,0,0.00177626,0.00177626,0.00177626
115,503.962,2.2967,2.11233,2.28635,2.74241,0,0.23102,0.09091,0.09424,0.0254,0.00174,0.11364,0.00055,9e-05,2.48086,1.86867,2.91944,2.82436,0,0.00177428,0.00177428,0.00177428
116,508.752,2.28235,2.11677,2.31739,2.72158,0,0.10136,0.15909,0.08788,0.02313,0.00154,0.11364,0.00032,6e-05,2.55029,1.85986,2.91771,2.85003,0,0.0017723,0.0017723,0.0017723
117,513.617,2.2922,2.09295,2.35975,2.65472,0,0.15536,0.18182,0.09724,0.03072,0.00177,0.06818,0.00038,6e-05,2.52815,1.88441,2.9719,2.86808,0,0.00177032,0.00177032,0.00177032
118,519.891,2.30267,2.10895,2.3441,2.71914,0,0.15536,0.18182,0.09724,0.03072,0.00177,0.06818,0.00038,6e-05,2.52815,1.88441,2.9719,2.86808,0,0.00176834,0.00176834,0.00176834
119,526.249,2.21863,2.06743,2.3493,2.64624,0,0.22276,0.20455,0.12228,0.02732,0.00129,0.09091,0.00026,3e-05,2.56515,1.92433,2.9376,2.8768,0,0.00176636,0.00176636,0.00176636
120,532.533,2.2783,2.06612,2.2767,2.70461,0,0.31261,0.11364,0.13986,0.03435,0.00134,0.09091,0.00029,3e-05,2.49597,1.92556,2.86719,2.87124,0,0.00176438,0.00176438,0.00176438
121,538.909,2.27069,1.99058,2.29607,2.73709,0,0.3145,0.09091,0.1398,0.03076,0.00492,0.04545,0.00048,6e-05,2.46936,1.91652,2.82991,2.82956,0,0.0017624,0.0017624,0.0017624
122,545.487,2.22168,2.04527,2.30093,2.64159,0,0.20215,0.11364,0.12707,0.03538,0.00656,0.02273,0.00079,9e-05,2.45732,1.88286,2.82327,2.84621,0,0.00176042,0.00176042,0.00176042
123,551.888,2.32809,2.09633,2.28059,2.72188,0,0.20215,0.11364,0.12707,0.03538,0.00656,0.02273,0.00079,9e-05,2.45732,1.88286,2.82327,2.84621,0,0.00175844,0.00175844,0.00175844
124,558.075,2.3175,2.07897,2.29323,2.72858,0,0.10424,0.27273,0.12252,0.03883,0.00472,0.06818,0.00042,6e-05,2.47,1.8456,2.86479,2.83451,0,0.00175646,0.00175646,0.00175646
125,564.458,2.2236,2.05027,2.27613,2.73112,0,0.1572,0.18182,0.16485,0.04424,0.00326,0.09091,0.00058,9e-05,2.45063,1.82872,2.73723,2.78575,0,0.00175448,0.00175448,0.00175448
126,571.113,2.22852,2.06915,2.27095,2.72699,0,0.25176,0.13636,0.18717,0.04344,0.00458,0.04545,0.00079,0.00013,2.43498,1.81355,2.64102,2.81614,0,0.0017525,0.0017525,0.0017525
127,577.292,2.21118,1.95035,2.2526,2.71013,0,0.14531,0.20455,0.17035,0.03717,0.02505,0.04545,0.00446,0.00065,2.47015,1.81135,2.63586,2.78733,0,0.00175052,0.00175052,0.00175052
128,583.412,2.26278,2.02343,2.29252,2.74875,0,0.14531,0.20455,0.17035,0.03717,0.02505,0.04545,0.00446,0.00065,2.47015,1.81135,2.63586,2.78733,0,0.00174854,0.00174854,0.00174854
129,589.48,2.22591,2.0125,2.23671,2.70609,0,0.13866,0.22727,0.13511,0.0333,0.02773,0.04545,0.00415,0.00048,2.52478,1.8128,2.62336,2.80654,0,0.00174656,0.00174656,0.00174656
130,595.762,2.26823,2.04796,2.27826,2.76986,0,0.12994,0.18182,0.14259,0.03936,0.00128,0.09091,0.00056,7e-05,2.59451,1.84885,2.57058,2.88361,0,0.00174458,0.00174458,0.00174458
131,602.509,2.23496,2.17111,2.24032,2.69912,0,0.23931,0.21464,0.13073,0.03844,0.00423,0.09091,0.00068,9e-05,2.58679,1.86554,2.62843,2.90494,0,0.0017426,0.0017426,0.0017426
132,609.118,2.20086,2.10268,2.23164,2.66914,0,0.17847,0.25,0.1438,0.03943,0.02157,0.02273,0.0019,0.00025,2.58831,1.86752,2.59758,2.91341,0,0.00174062,0.00174062,0.00174062
133,615.226,2.13318,2.01766,2.21544,2.62875,0,0.12878,0.3158,0.09347,0.02422,0.0509,0.02273,0.00341,0.00073,2.55201,1.92672,2.61854,2.87484,0,0.00173864,0.00173864,0.00173864
134,619.819,2.26665,2.09835,2.2623,2.72742,0,0.12878,0.3158,0.09347,0.02422,0.0509,0.02273,0.00341,0.00073,2.55201,1.92672,2.61854,2.87484,0,0.00173666,0.00173666,0.00173666
135,624.374,2.18163,2.07019,2.30529,2.69587,0,0.16117,0.40909,0.09766,0.02515,0.07379,0.02273,0.00686,0.00092,2.5793,2.03108,2.72912,2.85909,0,0.00173468,0.00173468,0.00173468
136,629.091,2.2422,2.02135,2.24337,2.66735,0,0.10017,0.22727,0.07558,0.02376,0.00125,0.09091,0.00047,7e-05,2.48151,2.08497,2.81513,2.8277,0,0.0017327,0.0017327,0.0017327
137,633.67,2.17479,2.03067,2.31734,2.65019,0,0.14265,0.20455,0.08812,0.02212,0.01967,0.02273,0.00151,0.00017,2.54549,2.03897,2.8532,2.91301,0,0.00173072,0.00173072,0.00173072
138,638.05,2.21175,2.11742,2.28331,2.61018,0,0.12034,0.20455,0.08579,0.02608,0.00148,0.09091,0.0003,6e-05,2.62603,1.9612,2.76924,2.99065,0,0.00172874,0.00172874,0.00172874
139,642.433,2.19691,2.0209,2.31885,2.64365,0,0.12034,0.20455,0.08579,0.02608,0.00148,0.09091,0.0003,6e-05,2.62603,1.9612,2.76924,2.99065,0,0.00172676,0.00172676,0.00172676
140,646.951,2.17095,2.0658,2.28732,2.64805,0,0.12552,0.29545,0.10711,0.03302,0.02282,0.02273,0.00106,0.00013,2.56397,1.9762,2.7359,2.95081,0,0.00172478,0.00172478,0.00172478
141,651.406,2.16094,2.00399,2.21763,2.62755,0,0.14005,0.21104,0.12683,0.0409,0.00093,0.06818,0.00015,2e-05,2.61875,2.02342,2.8263,2.92902,0,0.0017228,0.0017228,0.0017228
142,655.908,2.17759,2.0363,2.25634,2.64016,0,0.25064,0.18182,0.15094,0.04633,0.00092,0.06818,0.00015,2e-05,2.53111,1.94076,2.93991,2.79514,0,0.00172082,0.00172082,0.00172082
143,660.61,2.15633,1.99011,2.30571,2.65251,0,0.19114,0.29545,0.15153,0.04604,0.00122,0.09091,0.0002,6e-05,2.49393,1.88588,2.78548,2.74947,0,0.00171884,0.00171884,0.00171884
144,665.22,2.22217,2.10822,2.25803,2.63154,0,0.19114,0.29545,0.15153,0.04604,0.00122,0.09091,0.0002,6e-05,2.49393,1.88588,2.78548,2.74947,0,0.00171686,0.00171686,0.00171686
145,669.615,2.25792,2.02387,2.28825,2.70311,0,0.13312,0.29545,0.09985,0.02209,0.01214,0.02273,0.00189,0.00056,2.62201,1.86084,2.7851,2.96286,0,0.00171488,0.00171488,0.00171488
146,673.956,2.15574,2.04363,2.22986,2.66446,0,0.08741,0.27273,0.09056,0.01815,0.06783,0.04545,0.01171,0.00327,2.77518,1.95911,2.79167,3.18146,0,0.0017129,0.0017129,0.0017129
147,678.448,2.22868,2.0899,2.21526,2.60666,0,0.11723,0.22727,0.07797,0.02068,0.14201,0.02273,0.00969,0.00251,2.69375,2.02184,2.71745,3.12939,0,0.00171092,0.00171092,0.00171092
148,682.867,2.15487,2.02881,2.24424,2.62765,0,0.12135,0.27273,0.08957,0.02599,0.12957,0.02273,0.0066,0.00188,2.5416,1.94225,2.63031,2.92185,0,0.00170894,0.00170894,0.00170894
149,687.255,2.13021,2.02735,2.26904,2.59372,0,0.15445,0.22727,0.0991,0.03218,0.02137,0.02273,0.00579,0.00129,2.54377,1.79359,2.67448,2.80601,0,0.00170696,0.00170696,0.00170696
150,691.591,2.14635,1.97524,2.23283,2.60658,0,0.15445,0.22727,0.0991,0.03218,0.02137,0.02273,0.00579,0.00129,2.54377,1.79359,2.67448,2.80601,0,0.00170498,0.00170498,0.00170498
151,695.941,2.09188,2.01902,2.18574,2.56231,0,0.17477,0.15909,0.12923,0.04109,0.02704,0.06818,0.00277,0.00065,2.60888,1.76926,2.67864,2.85409,0,0.001703,0.001703,0.001703
152,700.396,2.09835,1.91946,2.24023,2.61583,0,0.19303,0.20455,0.11946,0.03615,0.02063,0.09091,0.00348,0.00059,2.67225,1.79018,2.70123,2.86637,0,0.00170102,0.00170102,0.00170102
153,704.747,2.14261,1.99582,2.16733,2.64352,0,0.13553,0.13636,0.0989,0.02829,0.00598,0.09091,0.00187,0.0004,2.64817,1.7904,2.85467,2.83772,0,0.00169904,0.00169904,0.00169904
154,709.194,2.19066,2.05346,2.11917,2.60105,0,0.14889,0.18182,0.08116,0.02327,0.0091,0.04545,0.00171,0.00039,2.6369,1.80866,2.84572,2.87515,0,0.00169706,0.00169706,0.00169706
155,713.516,2.13453,2.01679,2.19345,2.60314,0,0.14889,0.18182,0.08116,0.02327,0.0091,0.04545,0.00171,0.00039,2.6369,1.80866,2.84572,2.87515,0,0.00169508,0.00169508,0.00169508
156,717.891,2.11395,2.02299,2.15757,2.6356,0,0.12401,0.25,0.08228,0.02765,0.0454,0.06818,0.00472,0.00084,2.56887,1.81913,2.70035,2.88404,0,0.0016931,0.0016931,0.0016931
157,722.314,2.12456,2.02459,2.23045,2.62772,0,0.13254,0.20455,0.08727,0.02807,0.03158,0.04545,0.00472,0.00066,2.4907,1.81245,2.6927,2.80002,0,0.00169112,0.00169112,0.00169112
158,726.691,2.13543,2.01309,2.19395,2.59277,0,0.23055,0.15909,0.12614,0.04038,0.03669,0.02273,0.00258,0.00032,2.51348,1.82184,2.57337,2.80663,0,0.00168914,0.00168914,0.00168914
159,731.197,2.1082,2.02173,2.11159,2.54888,0,0.18059,0.22727,0.15118,0.05113,0.00128,0.09091,0.00042,5e-05,2.52033,1.87207,2.55257,2.75701,0,0.00168716,0.00168716,0.00168716
160,735.482,2.10098,1.95933,2.15237,2.60104,0,0.18059,0.22727,0.15118,0.05113,0.00128,0.09091,0.00042,5e-05,2.52033,1.87207,2.55257,2.75701,0,0.00168518,0.00168518,0.00168518
161,740.058,2.16431,2.04527,2.23223,2.58031,0,0.2217,0.34091,0.17796,0.0556,0.00095,0.06818,0.00016,2e-05,2.53547,1.87892,2.52893,2.75872,0,0.0016832,0.0016832,0.0016832
162,744.54,2.13133,2.05081,2.2084,2.62933,0,0.27453,0.36364,0.23042,0.06457,0.00129,0.09091,0.00028,4e-05,2.5315,1.88037,2.46785,2.78956,0,0.00168122,0.00168122,0.00168122
163,749.096,2.11228,1.99511,2.17751,2.55704,0,0.22295,0.27273,0.20667,0.06354,0.00369,0.13636,0.00143,0.00025,2.55058,1.84842,2.456,2.83749,0,0.00167924,0.00167924,0.00167924
164,753.547,2.14283,2.08134,2.10394,2.60657,0,0.17585,0.31523,0.17519,0.06039,0.00201,0.13636,0.00113,0.00022,2.45288,1.78728,2.50676,2.78957,0,0.00167726,0.00167726,0.00167726
165,757.929,2.10011,2.0325,2.09857,2.5296,0,0.21147,0.15909,0.16081,0.06281,0.00248,0.13636,0.00102,0.00018,2.42569,1.78051,2.63297,2.72719,0,0.00167528,0.00167528,0.00167528
166,762.411,2.08014,2.07983,2.14469,2.52322,0,0.21147,0.15909,0.16081,0.06281,0.00248,0.13636,0.00102,0.00018,2.42569,1.78051,2.63297,2.72719,0,0.0016733,0.0016733,0.0016733
167,766.828,2.07681,1.98193,2.12257,2.57617,0,0.23021,0.15909,0.15927,0.04988,0.00197,0.13636,0.00089,0.0002,2.50244,1.80879,2.64881,2.78195,0,0.00167132,0.00167132,0.00167132
168,771.246,2.10985,2.06571,2.10243,2.56124,0,0.25517,0.22727,0.11863,0.03332,0.0192,0.09091,0.00334,0.0006,2.60915,1.87412,2.79533,2.85239,0,0.00166934,0.00166934,0.00166934
169,775.694,2.17273,2.08988,2.15636,2.60851,0,0.16228,0.15909,0.08648,0.02214,0.03429,0.09091,0.00722,0.00126,2.62799,1.88469,2.81361,2.89113,0,0.00166736,0.00166736,0.00166736
170,780.585,2.16352,2.07108,2.247,2.57594,0,0.13977,0.25857,0.09592,0.02724,0.02136,0.06818,0.00277,0.00078,2.46081,1.78326,2.66862,2.77573,0,0.00166538,0.00166538,0.00166538
171,785.062,2.12636,2.03714,2.10973,2.56482,0,0.13977,0.25857,0.09592,0.02724,0.02136,0.06818,0.00277,0.00078,2.46081,1.78326,2.66862,2.77573,0,0.0016634,0.0016634,0.0016634
172,789.474,2.05665,2.00009,2.11577,2.60932,0,0.14763,0.27273,0.10734,0.03537,0.01376,0.02273,0.00216,0.00037,2.44601,1.7687,2.61246,2.78534,0,0.00166142,0.00166142,0.00166142
173,793.815,2.03317,1.91163,2.15937,2.52668,0,0.13615,0.27273,0.11925,0.04902,0.01811,0.02273,0.00167,0.00027,2.46774,1.79709,2.60872,2.80669,0,0.00165944,0.00165944,0.00165944
174,798.267,2.11313,1.98949,2.11684,2.54848,0,0.14722,0.22727,0.10845,0.03672,0.03733,0.04545,0.00264,0.00061,2.47641,1.83461,2.70224,2.77696,0,0.00165746,0.00165746,0.00165746
175,802.743,2.15356,2.06302,2.16021,2.54082,0,0.14274,0.24602,0.11904,0.03192,0.02708,0.04545,0.00298,0.00047,2.50723,1.92383,2.74856,2.82122,0,0.00165548,0.00165548,0.00165548
176,807.094,2.10734,1.92193,2.13588,2.53582,0,0.14274,0.24602,0.11904,0.03192,0.02708,0.04545,0.00298,0.00047,2.50723,1.92383,2.74856,2.82122,0,0.0016535,0.0016535,0.0016535
177,811.536,2.04349,1.9316,2.1091,2.49709,0,0.1421,0.34091,0.11255,0.03781,0.06308,0.02273,0.00374,0.00052,2.45505,1.93871,2.58228,2.79143,0,0.00165152,0.00165152,0.00165152
178,816.028,2.07823,1.91823,2.13039,2.53245,0,0.19355,0.31818,0.17337,0.05507,0.02366,0.02273,0.00236,0.00034,2.46304,1.95303,2.5249,2.79417,0,0.00164954,0.00164954,0.00164954
179,820.481,2.09885,1.98778,2.11097,2.51285,0,0.18964,0.31818,0.20319,0.0621,0.00928,0.02273,0.0015,0.00025,2.4184,1.90055,2.47956,2.77013,0,0.00164756,0.00164756,0.00164756
180,825.033,2.07589,1.99216,2.08229,2.54855,0,0.18553,0.40909,0.16892,0.04772,0.01332,0.04545,0.00218,0.0005,2.50924,1.89059,2.51487,2.85395,0,0.00164558,0.00164558,0.00164558
181,829.533,2.12327,2.01411,2.19325,2.61739,0,0.13713,0.20455,0.15554,0.04352,0.02262,0.04545,0.00313,0.00057,2.51368,1.89854,2.55422,2.86482,0,0.0016436,0.0016436,0.0016436
182,833.937,2.06662,2.03486,2.09721,2.52921,0,0.13713,0.20455,0.15554,0.04352,0.02262,0.04545,0.00313,0.00057,2.51368,1.89854,2.55422,2.86482,0,0.00164162,0.00164162,0.00164162
183,838.425,2.07508,2.10643,2.10262,2.49906,0,0.16061,0.27273,0.15606,0.04233,0.00899,0.04545,0.00115,0.00021,2.61305,2.00515,2.59072,2.94736,0,0.00163964,0.00163964,0.00163964
184,842.876,2.12159,1.99516,2.12389,2.54695,0,0.18283,0.22727,0.15947,0.04711,0.00093,0.06818,0.00014,2e-05,2.67074,2.13329,2.61922,2.99148,0,0.00163766,0.00163766,0.00163766
185,847.288,2.08495,2.10043,2.22017,2.5642,0,0.22601,0.38636,0.19634,0.05635,0.00093,0.06818,0.00016,2e-05,2.66321,2.09572,2.56551,2.95163,0,0.00163568,0.00163568,0.00163568
186,851.71,2.06415,2.03746,2.0942,2.56493,0,0.26321,0.31818,0.20769,0.05802,0.00755,0.02273,0.0008,0.00016,2.48202,1.95641,2.5908,2.84495,0,0.0016337,0.0016337,0.0016337
187,856.009,2.0377,1.97776,2.07847,2.51403,0,0.26321,0.31818,0.20769,0.05802,0.00755,0.02273,0.0008,0.00016,2.48202,1.95641,2.5908,2.84495,0,0.00163172,0.00163172,0.00163172
188,860.381,2.02568,2.01277,2.10934,2.48647,0,0.19151,0.29545,0.14333,0.0385,0.02337,0.02273,0.00283,0.00035,2.46194,1.84126,2.5889,2.81846,0,0.00162974,0.00162974,0.00162974
189,864.833,1.96277,1.96439,2.10401,2.49323,0,0.13356,0.25,0.08581,0.02767,0.00123,0.09091,0.00039,6e-05,2.47764,1.80558,2.70926,2.83514,0,0.00162776,0.00162776,0.00162776
190,869.52,1.96789,1.96176,2.14328,2.47346,0,0.12914,0.27273,0.09411,0.02902,0.00138,0.04545,0.00027,6e-05,2.4526,1.81055,2.71027,2.83811,0,0.00162578,0.00162578,0.00162578
191,873.92,1.97823,1.94813,2.12948,2.49595,0,0.25842,0.27273,0.14577,0.05435,0.00092,0.06818,0.0001,4e-05,2.45791,1.80974,2.80892,2.8664,0,0.0016238,0.0016238,0.0016238
192,878.359,1.96724,2.01089,2.06823,2.44185,0,0.25842,0.27273,0.14577,0.05435,0.00092,0.06818,0.0001,4e-05,2.45791,1.80974,2.80892,2.8664,0,0.00162182,0.00162182,0.00162182
193,882.772,2.04464,2.00143,2.08241,2.49016,0,0.26714,0.27273,0.19454,0.0659,0.03254,0.02273,0.00169,0.00021,2.39129,1.77776,2.61087,2.77603,0,0.00161984,0.00161984,0.00161984
194,887.256,1.9707,2.04603,2.08216,2.43729,0,0.214,0.22727,0.17458,0.0505,0.02347,0.04545,0.00252,0.00057,2.41744,1.72186,2.59609,2.75193,0,0.00161786,0.00161786,0.00161786
195,891.657,2.04225,2.07391,2.05025,2.48427,0,0.19264,0.18182,0.13804,0.0459,0.02249,0.02273,0.00209,0.00055,2.44542,1.74415,2.6642,2.74589,0,0.00161588,0.00161588,0.00161588
196,896.09,2.05222,1.99628,1.99203,2.46392,0,0.1871,0.16223,0.15184,0.04408,0.04101,0.02273,0.00326,0.00084,2.46725,1.79778,2.71622,2.75251,0,0.0016139,0.0016139,0.0016139
197,900.535,2.00699,1.99997,2.0405,2.4706,0,0.19137,0.36364,0.15377,0.0475,0.03706,0.04545,0.0031,0.00065,2.4595,1.86512,2.57962,2.85243,0,0.00161192,0.00161192,0.00161192
198,904.888,2.015,2.01019,2.07564,2.49728,0,0.19137,0.36364,0.15377,0.0475,0.03706,0.04545,0.0031,0.00065,2.4595,1.86512,2.57962,2.85243,0,0.00160994,0.00160994,0.00160994
199,909.481,2.09037,2.00118,2.08937,2.54428,0,0.1596,0.36364,0.114,0.04075,0.18146,0.02273,0.01327,0.00138,2.48265,1.97256,2.53089,2.84675,0,0.00160796,0.00160796,0.00160796
200,913.937,2.06643,2.02406,2.0676,2.47559,0,0.16855,0.38636,0.12204,0.0402,0.19882,0.02273,0.00817,0.00092,2.3987,1.90183,2.58492,2.80426,0,0.00160598,0.00160598,0.00160598
201,918.35,2.01967,1.92318,2.06279,2.458,0,0.15124,0.38636,0.12392,0.04206,0.11545,0.02273,0.00665,0.00131,2.37205,1.87983,2.67306,2.79348,0,0.001604,0.001604,0.001604
202,922.696,2.07475,2.01108,2.09824,2.46251,0,0.13464,0.389,0.10338,0.03195,0.03214,0.06818,0.00428,0.00061,2.42642,1.83068,2.80364,2.86063,0,0.00160202,0.00160202,0.00160202
203,927.042,2.02972,1.95635,2.09219,2.48722,0,0.13464,0.389,0.10338,0.03195,0.03214,0.06818,0.00428,0.00061,2.42642,1.83068,2.80364,2.86063,0,0.00160004,0.00160004,0.00160004
204,931.562,2.03089,1.95618,2.15027,2.53025,0,0.15473,0.25,0.10608,0.03415,0.02096,0.02273,0.00165,0.00022,2.4879,1.80555,2.83673,2.84035,0,0.00159806,0.00159806,0.00159806
205,936.054,2.01709,1.90921,2.08877,2.42619,0,0.17349,0.15909,0.13681,0.03776,0.01362,0.02273,0.00124,0.00016,2.54111,1.79101,2.85769,2.85543,0,0.00159608,0.00159608,0.00159608
206,940.546,1.98749,1.98974,1.971,2.40198,0,0.18239,0.31818,0.18294,0.048,0.00797,0.02273,0.00091,0.00016,2.57373,1.76327,2.75701,2.87114,0,0.0015941,0.0015941,0.0015941
207,944.931,1.99769,1.96148,2.06459,2.44741,0,0.20852,0.27273,0.16295,0.05425,0.00514,0.02273,0.00079,0.00015,2.54521,1.74221,2.69279,2.83995,0,0.00159212,0.00159212,0.00159212
208,949.337,2.02231,2.06049,2.0215,2.4895,0,0.20852,0.27273,0.16295,0.05425,0.00514,0.02273,0.00079,0.00015,2.54521,1.74221,2.69279,2.83995,0,0.00159014,0.00159014,0.00159014
209,953.811,2.09204,2.02081,2.1336,2.53838,0,0.21595,0.22727,0.18235,0.06317,0.00609,0.02273,0.00071,0.00011,2.52113,1.77534,2.77875,2.827,0,0.00158816,0.00158816,0.00158816
210,958.465,2.0556,2.03304,2.06447,2.42873,0,0.52685,0.20455,0.26884,0.10884,0.00536,0.02273,0.00092,0.00017,2.48993,1.79361,2.74209,2.82181,0,0.00158618,0.00158618,0.00158618
211,963.103,2.01016,2.00429,2.0668,2.49431,0,0.33126,0.25,0.28823,0.12804,0.01316,0.02273,0.00204,0.00048,2.41589,1.78612,2.55775,2.79773,0,0.0015842,0.0015842,0.0015842
212,967.67,2.03033,1.98094,2.02974,2.43832,0,0.24603,0.29545,0.25469,0.08322,0.03605,0.06818,0.00774,0.00143,2.52031,1.83393,2.395,2.9476,0,0.00158222,0.00158222,0.00158222
213,972.126,1.95461,1.89141,2.00168,2.42862,0,0.24354,0.27273,0.23897,0.07908,0.08129,0.02273,0.00514,0.00089,2.51966,1.90103,2.47533,2.92256,0,0.00158024,0.00158024,0.00158024
214,976.521,2.0335,1.93836,2.03645,2.49583,0,0.24354,0.27273,0.23897,0.07908,0.08129,0.02273,0.00514,0.00089,2.51966,1.90103,2.47533,2.92256,0,0.00157826,0.00157826,0.00157826
215,980.948,1.98654,1.93169,1.96887,2.45898,0,0.37999,0.20455,0.26598,0.09505,0.00777,0.02273,0.0013,0.00023,2.48999,1.91608,2.57733,2.8472,0,0.00157628,0.00157628,0.00157628
216,985.38,2.0395,1.96216,2.00312,2.5029,0,0.31496,0.31818,0.21385,0.06815,0.0219,0.04545,0.0025,0.00033,2.50507,1.87552,2.58208,2.86314,0,0.0015743,0.0015743,0.0015743
217,989.923,1.97659,2.00564,1.99989,2.48457,0,0.25522,0.38636,0.20181,0.06011,0.01134,0.02273,0.00137,0.00021,2.48886,1.84099,2.5766,2.86944,0,0.00157232,0.00157232,0.00157232
218,994.341,2.03001,1.97322,1.97327,2.4668,0,0.18201,0.30349,0.18065,0.05683,0.00912,0.02273,0.00142,0.00022,2.44712,1.83284,2.56863,2.84751,0,0.00157034,0.00157034,0.00157034
219,998.758,2.03677,1.92598,2.04224,2.46517,0,0.18201,0.30349,0.18065,0.05683,0.00912,0.02273,0.00142,0.00022,2.44712,1.83284,2.56863,2.84751,0,0.00156836,0.00156836,0.00156836
220,1003.25,1.98748,1.97647,2.03457,2.50147,0,0.24332,0.40909,0.23297,0.07124,0.00544,0.04545,0.00104,0.0002,2.4695,1.79171,2.491,2.79405,0,0.00156638,0.00156638,0.00156638
221,1007.64,1.92976,1.90232,1.98674,2.34443,0,0.23118,0.3486,0.1969,0.07319,0.01624,0.02273,0.00281,0.00038,2.52697,1.75994,2.53579,2.82592,0,0.0015644,0.0015644,0.0015644
222,1012.27,1.98431,1.94331,1.96767,2.44064,0,0.49067,0.18182,0.21588,0.06428,0.00331,0.02273,0.00088,0.00018,2.56991,1.75436,2.57517,2.88976,0,0.00156242,0.00156242,0.00156242
223,1016.69,2.02906,2.00532,1.9725,2.45631,0,0.53822,0.20455,0.26734,0.0833,0.0052,0.02273,0.00105,0.00023,2.59828,1.75437,2.52211,2.90293,0,0.00156044,0.00156044,0.00156044
224,1021.21,1.93394,1.92262,1.92874,2.35344,0,0.53822,0.20455,0.26734,0.0833,0.0052,0.02273,0.00105,0.00023,2.59828,1.75437,2.52211,2.90293,0,0.00155846,0.00155846,0.00155846
225,1025.66,1.95923,1.88232,1.94788,2.39066,0,0.38782,0.27273,0.2984,0.08714,0.02075,0.04545,0.00315,0.00051,2.44685,1.73953,2.47114,2.83819,0,0.00155648,0.00155648,0.00155648
226,1030.05,2.01592,1.96882,1.94394,2.42502,0,0.35745,0.26566,0.28227,0.08741,0.01576,0.06818,0.00216,0.0004,2.4248,1.77406,2.54846,2.87233,0,0.0015545,0.0015545,0.0015545
227,1034.5,2.01178,2.06068,2.04545,2.44303,0,0.5015,0.20584,0.30008,0.08411,0.01308,0.06818,0.00139,0.00028,2.38732,1.81721,2.57498,2.83288,0,0.00155252,0.00155252,0.00155252
228,1038.91,1.96028,1.96397,2.01844,2.44409,0,0.21612,0.27273,0.21509,0.06259,0.00685,0.02273,0.00094,0.00031,2.34604,1.83618,2.56004,2.77653,0,0.00155054,0.00155054,0.00155054
229,1043.37,1.92144,1.97686,1.96335,2.39546,0,0.09547,0.29545,0.11065,0.03816,0.00909,0.02273,0.00117,0.00033,2.32316,1.80923,2.61041,2.76734,0,0.00154856,0.00154856,0.00154856
230,1047.77,1.9585,1.93797,1.92771,2.45365,0,0.09547,0.29545,0.11065,0.03816,0.00909,0.02273,0.00117,0.00033,2.32316,1.80923,2.61041,2.76734,0,0.00154658,0.00154658,0.00154658
231,1052.56,1.92076,1.92898,1.95114,2.43898,0,0.13284,0.27273,0.10982,0.03476,0.14906,0.02273,0.00754,0.00088,2.42144,1.80034,2.64388,2.8301,0,0.0015446,0.0015446,0.0015446
232,1057,1.94298,1.88538,1.92528,2.42507,0,0.18584,0.25,0.13141,0.04122,0.00828,0.06818,0.00124,0.00025,2.46131,1.75643,2.64753,2.828,0,0.00154262,0.00154262,0.00154262
233,1061.45,1.98438,1.95631,1.97393,2.41564,0,0.27404,0.22727,0.16091,0.04656,0.0149,0.02273,0.0015,0.00026,2.5135,1.79794,2.70285,2.81574,0,0.00154064,0.00154064,0.00154064
234,1066.04,2.00407,1.94029,1.94424,2.45391,0,0.21501,0.20455,0.13758,0.03886,0.03528,0.02273,0.00281,0.00039,2.52176,1.84074,2.64929,2.82528,0,0.00153866,0.00153866,0.00153866
235,1070.47,1.92662,1.9219,1.98026,2.42435,0,0.21501,0.20455,0.13758,0.03886,0.03528,0.02273,0.00281,0.00039,2.52176,1.84074,2.64929,2.82528,0,0.00153668,0.00153668,0.00153668
236,1074.83,1.92292,1.99592,2.02123,2.40403,0,0.1681,0.22727,0.12889,0.035,0.02691,0.02273,0.00528,0.00097,2.58321,1.88104,2.63164,2.82952,0,0.0015347,0.0015347,0.0015347
237,1079.38,1.93263,1.92917,1.89794,2.3816,0,0.17494,0.23137,0.11856,0.03195,0.06203,0.04545,0.00458,0.00095,2.60495,2.01247,2.66085,2.9073,0,0.00153272,0.00153272,0.00153272
238,1083.85,1.93001,1.90774,1.93831,2.40643,0,0.23517,0.22727,0.2075,0.06023,0.00654,0.02273,0.00149,0.00028,2.58818,1.96908,2.84105,2.88543,0,0.00153074,0.00153074,0.00153074
239,1088.25,1.99273,1.92398,1.98809,2.414,0,0.43092,0.22727,0.24338,0.0862,0.00943,0.02273,0.00153,0.00029,2.58002,1.81023,2.71856,2.83271,0,0.00152876,0.00152876,0.00152876
240,1092.82,1.97531,2.03373,1.99486,2.36409,0,0.43092,0.22727,0.24338,0.0862,0.00943,0.02273,0.00153,0.00029,2.58002,1.81023,2.71856,2.83271,0,0.00152678,0.00152678,0.00152678
241,1097.36,1.98638,1.91458,2.00551,2.45797,0,0.30391,0.20848,0.22491,0.067,0.03914,0.02273,0.00332,0.00055,2.52797,1.76157,2.64568,2.80609,0,0.0015248,0.0015248,0.0015248
242,1101.77,1.99241,1.95248,1.92485,2.40165,0,0.2071,0.09091,0.1004,0.02771,0.01212,0.02273,0.00204,0.00042,2.56972,1.7726,2.74734,2.84571,0,0.00152282,0.00152282,0.00152282
243,1106.28,1.9448,1.86846,1.89069,2.33514,0,0.05731,0.25,0.08969,0.03126,0.00488,0.02273,0.00062,0.00017,2.52823,1.76792,2.82496,2.81345,0,0.00152084,0.00152084,0.00152084
244,1110.72,1.91848,1.9105,1.89258,2.37842,0,0.09499,0.09091,0.09461,0.03739,0.00861,0.02273,0.00102,0.00017,2.44283,1.76739,2.91008,2.7203,0,0.00151886,0.00151886,0.00151886
245,1115.28,1.92067,1.92231,1.92158,2.37514,0,0.11446,0.20455,0.12393,0.03349,0.00472,0.11364,0.00115,0.0002,2.4405,1.80299,2.8193,2.68533,0,0.00151688,0.00151688,0.00151688
246,1119.74,1.85981,1.87124,1.8561,2.30501,0,0.11446,0.20455,0.12393,0.03349,0.00472,0.11364,0.00115,0.0002,2.4405,1.80299,2.8193,2.68533,0,0.0015149,0.0015149,0.0015149
247,1124.13,1.8843,1.91869,1.88792,2.4012,0,0.18573,0.27273,0.16897,0.04467,0.00894,0.04545,0.00195,0.00043,2.47423,1.83828,2.64986,2.77486,0,0.00151292,0.00151292,0.00151292
248,1128.73,1.90662,1.92354,1.86224,2.39926,0,0.28504,0.18182,0.15053,0.05328,0.01354,0.06818,0.00307,0.00059,2.45344,1.79049,2.53485,2.78694,0,0.00151094,0.00151094,0.00151094
249,1133.16,1.92809,1.88998,1.88332,2.4059,0,0.25332,0.16201,0.18945,0.06617,0.01191,0.06818,0.00245,0.00052,2.40372,1.76608,2.51592,2.75788,0,0.00150896,0.00150896,0.00150896
250,1137.72,1.93834,1.92368,1.87055,2.37611,0,0.38575,0.18182,0.22841,0.08079,0.01461,0.04545,0.00203,0.00047,2.39139,1.75012,2.5465,2.74628,0,0.00150698,0.00150698,0.00150698
251,1142.29,1.90703,1.91737,1.89104,2.38721,0,0.38575,0.18182,0.22841,0.08079,0.01461,0.04545,0.00203,0.00047,2.39139,1.75012,2.5465,2.74628,0,0.001505,0.001505,0.001505
252,1146.84,1.90513,1.86597,1.88904,2.39265,0,0.35578,0.18182,0.21952,0.07946,0.01508,0.04545,0.002,0.00042,2.38341,1.74385,2.60086,2.73441,0,0.00150302,0.00150302,0.00150302
253,1151.31,1.86405,1.9051,1.85541,2.37176,0,0.26464,0.18182,0.17447,0.06119,0.0064,0.06818,0.00128,0.00027,2.39709,1.77888,2.71703,2.74087,0,0.00150104,0.00150104,0.00150104
254,1155.83,1.82827,1.94529,1.86566,2.34519,0,0.24507,0.22727,0.15531,0.04698,0.01804,0.02273,0.00178,0.00033,2.43706,1.78168,2.71466,2.73223,0,0.00149906,0.00149906,0.00149906
255,1160.27,1.89189,1.9063,1.84398,2.371,0,0.23038,0.25,0.19649,0.06348,0.00893,0.11364,0.00185,0.00034,2.45804,1.7958,2.55991,2.76107,0,0.00149708,0.00149708,0.00149708
256,1164.74,1.78839,1.8713,1.80481,2.30408,0,0.23038,0.25,0.19649,0.06348,0.00893,0.11364,0.00185,0.00034,2.45804,1.7958,2.55991,2.76107,0,0.0014951,0.0014951,0.0014951
257,1169.29,1.91175,1.84112,1.82771,2.33159,0,0.24082,0.28846,0.18182,0.06418,0.01416,0.06818,0.00218,0.00048,2.46532,1.79352,2.55377,2.79072,0,0.00149312,0.00149312,0.00149312
258,1173.76,1.99993,1.9493,1.87053,2.36678,0,0.22313,0.27273,0.14072,0.05284,0.00923,0.04545,0.00137,0.00039,2.48513,1.79849,2.57225,2.77355,0,0.00149114,0.00149114,0.00149114
259,1178.21,1.86918,1.93032,1.82869,2.31229,0,0.20233,0.13636,0.11505,0.03616,0.00819,0.06818,0.00136,0.00039,2.49098,1.8006,2.6985,2.75925,0,0.00148916,0.00148916,0.00148916
260,1182.81,1.91317,1.86498,1.81759,2.30394,0,0.24008,0.20455,0.11001,0.03213,0.00595,0.09091,0.001,0.00027,2.47588,1.8006,2.77117,2.7406,0,0.00148718,0.00148718,0.00148718
261,1187.29,1.81151,1.85891,1.79808,2.28159,0,0.26462,0.25,0.13745,0.05123,0.00599,0.09091,0.0009,0.00021,2.39168,1.76972,2.61837,2.68432,0,0.0014852,0.0014852,0.0014852
262,1191.71,1.80444,1.80597,1.8002,2.32583,0,0.26462,0.25,0.13745,0.05123,0.00599,0.09091,0.0009,0.00021,2.39168,1.76972,2.61837,2.68432,0,0.00148322,0.00148322,0.00148322
263,1196.19,1.82452,1.90066,1.77313,2.30036,0,0.25155,0.22727,0.18733,0.07898,0.00688,0.09091,0.00094,0.00023,2.34885,1.74854,2.51228,2.65389,0,0.00148124,0.00148124,0.00148124
264,1200.71,1.91047,1.93534,1.80766,2.35485,0,0.27122,0.22727,0.18485,0.08014,0.00504,0.11364,0.0011,0.00028,2.33632,1.74189,2.55338,2.65995,0,0.00147926,0.00147926,0.00147926
265,1205.08,1.90192,1.87478,1.85749,2.38995,0,0.28306,0.26036,0.19655,0.07694,0.01249,0.11364,0.00221,0.00045,2.28821,1.75146,2.48967,2.65715,0,0.00147728,0.00147728,0.00147728
266,1209.55,1.89805,1.93835,1.84464,2.35632,0,0.19737,0.36364,0.16875,0.05236,0.01425,0.06818,0.00309,0.00061,2.35698,1.75918,2.48855,2.74484,0,0.0014753,0.0014753,0.0014753
267,1214.04,1.88256,1.88885,1.77227,2.31936,0,0.19737,0.36364,0.16875,0.05236,0.01425,0.06818,0.00309,0.00061,2.35698,1.75918,2.48855,2.74484,0,0.00147332,0.00147332,0.00147332
268,1218.51,1.84554,1.88846,1.76352,2.28366,0,0.1875,0.34091,0.1797,0.05095,0.01631,0.06818,0.00331,0.00064,2.31716,1.75751,2.45773,2.73011,0,0.00147134,0.00147134,0.00147134
269,1223,1.89727,1.8901,1.75325,2.30665,0,0.22873,0.38636,0.17199,0.05112,0.01574,0.06818,0.00365,0.0005,2.36997,1.75646,2.48036,2.75699,0,0.00146936,0.00146936,0.00146936
270,1227.49,1.8359,1.88206,1.8293,2.30831,0,0.1891,0.31818,0.18567,0.05281,0.01368,0.06818,0.00277,0.00041,2.44641,1.78234,2.58314,2.78122,0,0.00146738,0.00146738,0.00146738
271,1232.18,1.80753,1.8501,1.77126,2.28241,0,0.20535,0.32898,0.19647,0.05698,0.01364,0.04545,0.0019,0.00034,2.43562,1.80222,2.5969,2.76739,0,0.0014654,0.0014654,0.0014654
272,1236.56,1.87071,1.90357,1.79684,2.32874,0,0.20535,0.32898,0.19647,0.05698,0.01364,0.04545,0.0019,0.00034,2.43562,1.80222,2.5969,2.76739,0,0.00146342,0.00146342,0.00146342
273,1241.06,1.98036,1.89987,1.81153,2.41968,0,0.20225,0.29545,0.14573,0.04212,0.0095,0.09091,0.0014,0.00028,2.4348,1.78476,2.57618,2.77638,0,0.00146144,0.00146144,0.00146144
274,1245.6,1.86026,1.88315,1.76681,2.29561,0,0.17322,0.27273,0.13938,0.04794,0.00585,0.04545,0.00141,0.00027,2.43662,1.77067,2.69413,2.80064,0,0.00145946,0.00145946,0.00145946
275,1250.05,1.8836,1.88418,1.79549,2.34261,0,0.19001,0.22727,0.12641,0.05351,0.01162,0.04545,0.00177,0.00039,2.41867,1.73707,2.68595,2.7786,0,0.00145748,0.00145748,0.00145748
276,1254.53,1.82204,1.83022,1.8281,2.28879,0,0.2326,0.26872,0.16819,0.06287,0.01416,0.02273,0.00246,0.00062,2.40867,1.72138,2.64245,2.77491,0,0.0014555,0.0014555,0.0014555
277,1259.05,1.87975,1.89831,1.83606,2.29601,0,0.25323,0.18182,0.19452,0.06361,0.02005,0.02273,0.00248,0.00068,2.37984,1.73899,2.60263,2.7666,0,0.00145352,0.00145352,0.00145352
278,1263.56,1.9149,1.99602,1.79026,2.30305,0,0.25323,0.18182,0.19452,0.06361,0.02005,0.02273,0.00248,0.00068,2.37984,1.73899,2.60263,2.7666,0,0.00145154,0.00145154,0.00145154
279,1268.11,1.8499,1.92747,1.81204,2.2849,0,0.27775,0.27273,0.22751,0.08737,0.01517,0.02273,0.00252,0.00047,2.34728,1.75466,2.56204,2.74443,0,0.00144956,0.00144956,0.00144956
280,1272.71,1.82236,1.85425,1.77669,2.27481,0,0.37613,0.20558,0.2248,0.09659,0.01025,0.02273,0.00097,0.00023,2.39283,1.85495,2.53728,2.73466,0,0.00144758,0.00144758,0.00144758
281,1277.22,1.78593,1.81774,1.73845,2.27698,0,0.46179,0.20455,0.23405,0.09578,0.00947,0.02273,0.00086,0.00022,2.43505,1.88096,2.57475,2.73734,0,0.0014456,0.0014456,0.0014456
282,1281.69,1.81154,1.84924,1.73716,2.21372,0,0.24331,0.27273,0.24011,0.10252,0.00521,0.02273,0.00145,0.00025,2.45403,1.795,2.49246,2.71183,0,0.00144362,0.00144362,0.00144362
283,1286.08,1.81564,1.88809,1.7481,2.29655,0,0.24331,0.27273,0.24011,0.10252,0.00521,0.02273,0.00145,0.00025,2.45403,1.795,2.49246,2.71183,0,0.00144164,0.00144164,0.00144164
284,1290.62,1.8134,1.84602,1.71333,2.26616,0,0.18189,0.34091,0.24621,0.09615,0.01206,0.09091,0.0021,0.00038,2.39943,1.70462,2.46342,2.69579,0,0.00143966,0.00143966,0.00143966
285,1295.1,1.81057,1.85276,1.7074,2.29771,0,0.51547,0.18182,0.25824,0.10717,0.00962,0.09091,0.0019,0.00038,2.40406,1.68739,2.478,2.74232,0,0.00143768,0.00143768,0.00143768
286,1299.57,1.75742,1.87003,1.73669,2.26985,0,0.7341,0.18182,0.27192,0.11037,0.01605,0.09091,0.00311,0.00057,2.40176,1.71147,2.44351,2.76311,0,0.0014357,0.0014357,0.0014357
287,1304.09,1.80693,1.83452,1.74488,2.31594,0,0.38523,0.25,0.26083,0.10311,0.01394,0.06818,0.00369,0.00074,2.36966,1.74461,2.52044,2.74459,0,0.00143372,0.00143372,0.00143372
288,1308.54,1.83765,1.86599,1.70844,2.2629,0,0.38523,0.25,0.26083,0.10311,0.01394,0.06818,0.00369,0.00074,2.36966,1.74461,2.52044,2.74459,0,0.00143174,0.00143174,0.00143174
289,1313.22,1.78628,1.8863,1.71831,2.25023,0,0.39891,0.27273,0.26662,0.09273,0.00976,0.06818,0.00233,0.00044,2.36494,1.7813,2.62955,2.76772,0,0.00142976,0.00142976,0.00142976
290,1317.74,1.8697,1.8745,1.70313,2.33479,0,0.35762,0.15909,0.20189,0.06247,0.00431,0.11364,0.00103,0.00024,2.42172,1.80377,2.68947,2.85252,0,0.00142778,0.00142778,0.00142778
291,1322.31,1.89018,1.834,1.72392,2.28759,0,0.51882,0.13636,0.20946,0.06204,0.00962,0.13636,0.00141,0.00026,2.41936,1.80592,2.83658,2.86254,0,0.0014258,0.0014258,0.0014258
292,1326.76,1.86034,1.86827,1.72813,2.29226,0,0.262,0.15909,0.18173,0.05826,0.00602,0.09091,0.00083,0.00022,2.3451,1.78629,2.7462,2.77076,0,0.00142382,0.00142382,0.00142382
293,1331.22,1.79765,1.82033,1.69103,2.31095,0,0.1911,0.15909,0.15326,0.06388,0.01097,0.02273,0.00134,0.00023,2.39582,1.81208,2.7837,2.741,0,0.00142184,0.00142184,0.00142184
294,1335.7,1.8199,1.82615,1.76202,2.3045,0,0.1911,0.15909,0.15326,0.06388,0.01097,0.02273,0.00134,0.00023,2.39582,1.81208,2.7837,2.741,0,0.00141986,0.00141986,0.00141986
295,1340.2,1.86014,1.83002,1.72417,2.31281,0,0.35808,0.22727,0.18978,0.07729,0.01262,0.02273,0.00173,0.00027,2.39726,1.838,2.66593,2.79135,0,0.00141788,0.00141788,0.00141788
296,1344.68,1.78165,1.89205,1.68022,2.24981,0,0.34741,0.18182,0.20959,0.09738,0.01641,0.04545,0.00282,0.00046,2.39458,1.87969,2.50033,2.81341,0,0.0014159,0.0014159,0.0014159
297,1349.25,1.80461,1.85134,1.75738,2.27763,0,0.43332,0.17408,0.23841,0.10886,0.0163,0.06818,0.00274,0.00049,2.40077,1.86682,2.46368,2.83243,0,0.00141392,0.00141392,0.00141392
298,1353.69,1.80123,1.84178,1.72746,2.22235,0,0.50146,0.15909,0.21243,0.0998,0.02207,0.06818,0.00338,0.00056,2.42059,1.80579,2.61136,2.82169,0,0.00141194,0.00141194,0.00141194
299,1358.25,1.72858,1.89462,1.69735,2.21151,0,0.50146,0.15909,0.21243,0.0998,0.02207,0.06818,0.00338,0.00056,2.42059,1.80579,2.61136,2.82169,0,0.00140996,0.00140996,0.00140996
300,1362.74,1.73392,1.78707,1.65236,2.24567,0,0.19851,0.25,0.17601,0.07543,0.01482,0.02273,0.00233,0.00045,2.42659,1.78635,2.67255,2.79226,0,0.00140798,0.00140798,0.00140798
301,1367.25,1.8017,1.8853,1.74137,2.26991,0,0.19801,0.22727,0.15475,0.06191,0.03378,0.06818,0.00455,0.0006,2.40833,1.79032,2.60745,2.75513,0,0.001406,0.001406,0.001406
302,1371.75,1.73786,1.82835,1.71657,2.18991,0,0.47444,0.13636,0.15845,0.06514,0.01353,0.02273,0.00271,0.00049,2.39492,1.78453,2.59237,2.73624,0,0.00140402,0.00140402,0.00140402
303,1376.29,1.75619,1.86084,1.68878,2.21872,0,0.51647,0.13636,0.18717,0.08483,0.01869,0.06818,0.00242,0.00042,2.46584,1.82041,2.65246,2.82829,0,0.00140204,0.00140204,0.00140204
304,1381.04,1.75317,1.89202,1.69979,2.24096,0,0.51647,0.13636,0.18717,0.08483,0.01869,0.06818,0.00242,0.00042,2.46584,1.82041,2.65246,2.82829,0,0.00140006,0.00140006,0.00140006
305,1385.46,1.74558,1.84541,1.6199,2.21505,0,0.12569,0.20455,0.12905,0.05137,0.01178,0.06818,0.00206,0.00037,2.51773,1.87314,2.64504,2.87335,0,0.00139808,0.00139808,0.00139808
306,1389.88,1.83828,1.86248,1.68627,2.3134,0,0.15634,0.29545,0.13963,0.04771,0.00541,0.06818,0.00106,0.00026,2.49823,1.92273,2.68647,2.82909,0,0.0013961,0.0013961,0.0013961
307,1394.36,1.84516,1.80454,1.69436,2.29458,0,0.13868,0.25,0.1394,0.05054,0.00328,0.04545,0.00083,0.00022,2.54634,1.93744,2.7023,2.86436,0,0.00139412,0.00139412,0.00139412
308,1398.93,1.73242,1.79086,1.67379,2.20056,0,0.18583,0.25,0.12879,0.04139,0.00356,0.04545,0.0007,0.00014,2.5488,1.93149,2.69141,2.85877,0,0.00139214,0.00139214,0.00139214
309,1403.37,1.857,1.8747,1.66516,2.2892,0,0.25595,0.22727,0.15281,0.05635,0.00387,0.04545,0.00109,0.00019,2.50734,1.85385,2.6446,2.84383,0,0.00139016,0.00139016,0.00139016
310,1407.92,1.77075,1.89035,1.68021,2.19925,0,0.25595,0.22727,0.15281,0.05635,0.00387,0.04545,0.00109,0.00019,2.50734,1.85385,2.6446,2.84383,0,0.00138818,0.00138818,0.00138818
311,1412.75,1.74766,1.80919,1.60334,2.21477,0,0.16139,0.27273,0.18881,0.05269,0.01045,0.04545,0.00185,0.00048,2.47559,1.79135,2.56825,2.83369,0,0.0013862,0.0013862,0.0013862
312,1417.66,1.81106,1.92378,1.64316,2.26543,0,0.22175,0.31818,0.16659,0.04261,0.02973,0.04545,0.00321,0.00082,2.47315,1.77756,2.59424,2.81225,0,0.00138422,0.00138422,0.00138422
313,1422.11,1.77077,1.86269,1.67561,2.21569,0,0.23114,0.31818,0.19753,0.05776,0.02182,0.04545,0.00358,0.00101,2.50979,1.78067,2.52485,2.82088,0,0.00138224,0.00138224,0.00138224
314,1426.67,1.78859,1.91011,1.7042,2.2911,0,0.21505,0.34091,0.22862,0.08914,0.01659,0.04545,0.00286,0.00082,2.4485,1.78934,2.47037,2.77656,0,0.00138026,0.00138026,0.00138026
315,1431.08,1.70801,1.82369,1.5959,2.17622,0,0.21505,0.34091,0.22862,0.08914,0.01659,0.04545,0.00286,0.00082,2.4485,1.78934,2.47037,2.77656,0,0.00137828,0.00137828,0.00137828
316,1435.53,1.78495,1.77669,1.64583,2.218,0,0.42271,0.27273,0.27872,0.10905,0.0138,0.06818,0.00259,0.0006,2.45042,1.8281,2.55918,2.81404,0,0.0013763,0.0013763,0.0013763
317,1440.1,1.73357,1.7997,1.69432,2.2263,0,0.4138,0.27273,0.25477,0.10936,0.01591,0.06432,0.00167,0.00053,2.54952,1.85635,2.61382,2.91371,0,0.00137432,0.00137432,0.00137432
318,1444.83,1.77303,1.81825,1.61044,2.19569,0,0.38865,0.27273,0.23886,0.10063,0.01876,0.04545,0.00178,0.00049,2.51261,1.82961,2.62328,2.87431,0,0.00137234,0.00137234,0.00137234
319,1449.41,1.74427,1.87527,1.61715,2.16601,0,0.32945,0.25,0.23308,0.0966,0.01754,0.04545,0.0025,0.00084,2.38295,1.79725,2.49959,2.7768,0,0.00137036,0.00137036,0.00137036
320,1453.98,1.77158,1.81107,1.67814,2.24904,0,0.32945,0.25,0.23308,0.0966,0.01754,0.04545,0.0025,0.00084,2.38295,1.79725,2.49959,2.7768,0,0.00136838,0.00136838,0.00136838
321,1458.45,1.79953,1.83053,1.62101,2.24466,0,0.21013,0.40909,0.2509,0.08574,0.0194,0.04545,0.0026,0.00076,2.3865,1.78445,2.43957,2.81618,0,0.0013664,0.0013664,0.0013664
322,1462.84,1.70584,1.77221,1.60217,2.17899,0,0.17393,0.40909,0.20951,0.07622,0.01639,0.04545,0.00238,0.00072,2.41664,1.77601,2.47425,2.84744,0,0.00136442,0.00136442,0.00136442
323,1467.37,1.7673,1.85799,1.67935,2.25041,0,0.1415,0.38636,0.20575,0.07799,0.01425,0.06818,0.00199,0.00058,2.43732,1.76751,2.47447,2.864,0,0.00136244,0.00136244,0.00136244
324,1472.04,1.72077,1.83827,1.62351,2.20802,0,0.33282,0.22727,0.22955,0.08193,0.01198,0.06818,0.00227,0.0005,2.44964,1.74732,2.47347,2.89483,0,0.00136046,0.00136046,0.00136046
325,1476.52,1.72774,1.84644,1.57287,2.2052,0,0.28553,0.22727,0.20524,0.08239,0.01564,0.11364,0.00238,0.00042,2.3859,1.72579,2.50893,2.8134,0,0.00135848,0.00135848,0.00135848
326,1481.02,1.77723,1.84816,1.58416,2.22483,0,0.28553,0.22727,0.20524,0.08239,0.01564,0.11364,0.00238,0.00042,2.3859,1.72579,2.50893,2.8134,0,0.0013565,0.0013565,0.0013565
327,1485.54,1.72998,1.78081,1.60266,2.21702,0,0.35573,0.20455,0.171,0.0716,0.01082,0.09091,0.00199,0.00035,2.37687,1.7114,2.62015,2.77618,0,0.00135452,0.00135452,0.00135452
328,1490.18,1.80877,1.85053,1.62892,2.26085,0,0.17923,0.25,0.12185,0.04956,0.00737,0.06818,0.00158,0.0003,2.42321,1.72578,2.69922,2.79623,0,0.00135254,0.00135254,0.00135254
329,1494.74,1.71082,1.77658,1.59487,2.20486,0,0.09552,0.31818,0.07065,0.02265,0.00712,0.06818,0.0016,0.00031,2.5263,1.78303,2.80089,2.88512,0,0.00135056,0.00135056,0.00135056
330,1499.31,1.70653,1.83054,1.67764,2.18121,0,0.06596,0.36364,0.04909,0.01484,0.01275,0.09091,0.00234,0.0004,2.59226,1.78226,2.91432,2.93272,0,0.00134858,0.00134858,0.00134858
331,1503.76,1.81307,1.81911,1.58806,2.24087,0,0.06596,0.36364,0.04909,0.01484,0.01275,0.09091,0.00234,0.0004,2.59226,1.78226,2.91432,2.93272,0,0.0013466,0.0013466,0.0013466
332,1508.3,1.70496,1.79575,1.51246,2.1497,0,0.12737,0.15909,0.0774,0.02481,0.00762,0.11364,0.0017,0.00032,2.50722,1.73729,2.67203,2.85563,0,0.00134462,0.00134462,0.00134462
333,1512.74,1.69079,1.78369,1.57651,2.14697,0,0.12145,0.29545,0.10042,0.03438,0.01129,0.09091,0.00189,0.00029,2.5439,1.73949,2.63777,2.8653,0,0.00134264,0.00134264,0.00134264
334,1517.24,1.79005,1.7725,1.66111,2.2338,0,0.13436,0.22727,0.14355,0.04588,0.01277,0.04545,0.00214,0.00035,2.54619,1.7344,2.57503,2.84726,0,0.00134066,0.00134066,0.00134066
335,1521.78,1.76081,1.83212,1.57948,2.20544,0,0.14941,0.20455,0.1436,0.04584,0.01793,0.04545,0.00206,0.00037,2.58549,1.73037,2.62966,2.86317,0,0.00133868,0.00133868,0.00133868
336,1526.28,1.73476,1.76988,1.61041,2.20537,0,0.14941,0.20455,0.1436,0.04584,0.01793,0.04545,0.00206,0.00037,2.58549,1.73037,2.62966,2.86317,0,0.0013367,0.0013367,0.0013367
337,1530.95,1.73696,1.80355,1.59504,2.22252,0,0.13384,0.22727,0.10154,0.03126,0.02367,0.06818,0.0038,0.00055,2.53394,1.73325,2.80624,2.80916,0,0.00133472,0.00133472,0.00133472
338,1535.62,1.77368,1.81974,1.6755,2.24246,0,0.18958,0.22727,0.10518,0.03277,0.01764,0.04545,0.00452,0.00069,2.53174,1.72895,2.84524,2.81426,0,0.00133274,0.00133274,0.00133274
339,1540.14,1.72565,1.79846,1.66063,2.23375,0,0.17639,0.36364,0.13502,0.03679,0.01814,0.06818,0.00343,0.0006,2.49886,1.74281,2.67224,2.82851,0,0.00133076,0.00133076,0.00133076
340,1544.7,1.71821,1.79515,1.64941,2.20457,0,0.28307,0.27828,0.18096,0.05636,0.0194,0.09091,0.00367,0.00055,2.48163,1.743,2.64691,2.81121,0,0.00132878,0.00132878,0.00132878
341,1549.19,1.74373,1.90281,1.56302,2.14027,0,0.25544,0.20455,0.16676,0.05798,0.0201,0.13636,0.00297,0.00048,2.46968,1.7642,2.73686,2.84908,0,0.0013268,0.0013268,0.0013268
342,1553.74,1.711,1.7366,1.6175,2.21547,0,0.25544,0.20455,0.16676,0.05798,0.0201,0.13636,0.00297,0.00048,2.46968,1.7642,2.73686,2.84908,0,0.00132482,0.00132482,0.00132482
343,1558.41,1.69687,1.79674,1.58895,2.16059,0,0.15717,0.22727,0.10682,0.03182,0.0121,0.06818,0.00212,0.00043,2.54005,1.80993,2.81429,2.94255,0,0.00132284,0.00132284,0.00132284
344,1563.08,1.74481,1.82163,1.64964,2.22557,0,0.14671,0.25,0.10704,0.03439,0.01688,0.11364,0.0035,0.0007,2.50513,1.83489,2.70055,2.93153,0,0.00132086,0.00132086,0.00132086
345,1567.61,1.64534,1.77247,1.54918,2.16013,0,0.13531,0.38636,0.11916,0.0383,0.0175,0.11364,0.00372,0.00065,2.48843,1.7892,2.66694,2.89493,0,0.00131888,0.00131888,0.00131888
346,1572.18,1.68814,1.76315,1.53549,2.22276,0,0.12363,0.40909,0.10958,0.03834,0.01479,0.13636,0.00268,0.00051,2.43776,1.73635,2.66886,2.77669,0,0.0013169,0.0013169,0.0013169
347,1576.8,1.71272,1.81173,1.52813,2.19908,0,0.12363,0.40909,0.10958,0.03834,0.01479,0.13636,0.00268,0.00051,2.43776,1.73635,2.66886,2.77669,0,0.00131492,0.00131492,0.00131492
348,1581.32,1.6974,1.8096,1.53298,2.20322,0,0.1988,0.29545,0.12454,0.03877,0.01038,0.09091,0.00207,0.00033,2.44902,1.72143,2.56977,2.72682,0,0.00131294,0.00131294,0.00131294
349,1585.98,1.73904,1.79735,1.505,2.23192,0,0.17647,0.31818,0.10283,0.0382,0.0125,0.09091,0.0022,0.00044,2.51391,1.7455,2.59373,2.81627,0,0.00131096,0.00131096,0.00131096
350,1590.56,1.76001,1.80217,1.5167,2.20916,0,0.12591,0.31818,0.08661,0.03233,0.0136,0.02273,0.00225,0.00041,2.55721,1.7883,2.7091,2.90279,0,0.00130898,0.00130898,0.00130898
351,1595.07,1.70478,1.81749,1.52855,2.24352,0,0.16707,0.20455,0.08615,0.02773,0.01642,0.02273,0.0017,0.00033,2.54772,1.81996,2.77679,2.97409,0,0.001307,0.001307,0.001307
352,1599.67,1.63456,1.75064,1.46823,2.10579,0,0.16707,0.20455,0.08615,0.02773,0.01642,0.02273,0.0017,0.00033,2.54772,1.81996,2.77679,2.97409,0,0.00130502,0.00130502,0.00130502
353,1604.2,1.68867,1.84989,1.50725,2.10524,0,0.138,0.22727,0.10903,0.03602,0.06881,0.04545,0.00584,0.00091,2.56004,1.8193,2.70204,2.93506,0,0.00130304,0.00130304,0.00130304
354,1608.7,1.71471,1.79673,1.51026,2.18044,0,0.15551,0.22727,0.11581,0.03663,0.07252,0.04545,0.01084,0.00184,2.49814,1.8163,2.73841,2.87539,0,0.00130106,0.00130106,0.00130106
355,1613.24,1.75688,1.80753,1.53084,2.20895,0,0.19908,0.20455,0.17311,0.06925,0.04871,0.06818,0.01042,0.00179,2.43178,1.78217,2.62605,2.80847,0,0.00129908,0.00129908,0.00129908
356,1617.71,1.65297,1.80671,1.55414,2.14213,0,0.36866,0.25,0.20982,0.08778,0.03203,0.06818,0.00792,0.00131,2.3816,1.72405,2.59632,2.73064,0,0.0012971,0.0012971,0.0012971
357,1622.34,1.75045,1.78429,1.47828,2.15602,0,0.34572,0.25,0.20037,0.09136,0.02535,0.11364,0.00404,0.00074,2.43755,1.73997,2.55358,2.76637,0,0.00129512,0.00129512,0.00129512
358,1626.95,1.74792,1.82187,1.59657,2.21111,0,0.34572,0.25,0.20037,0.09136,0.02535,0.11364,0.00404,0.00074,2.43755,1.73997,2.55358,2.76637,0,0.00129314,0.00129314,0.00129314
359,1631.46,1.70684,1.81544,1.55581,2.1878,0,0.42501,0.20455,0.18712,0.07212,0.01954,0.09091,0.00343,0.00069,2.55423,1.77159,2.54167,2.92971,0,0.00129116,0.00129116,0.00129116
360,1635.91,1.69019,1.74718,1.5354,2.15334,0,0.17284,0.27273,0.09689,0.03031,0.02636,0.11364,0.0043,0.00097,2.58552,1.76547,2.71296,3.01198,0,0.00128918,0.00128918,0.00128918
361,1640.59,1.65995,1.7414,1.50069,2.17862,0,0.09404,0.29545,0.05922,0.01822,0.03405,0.13636,0.00646,0.00113,2.58609,1.77659,2.80872,2.97419,0,0.0012872,0.0012872,0.0012872
362,1645.16,1.68432,1.81555,1.45676,2.18501,0,0.05886,0.31818,0.04864,0.01552,0.02253,0.11364,0.00417,0.00086,2.6191,1.77238,2.89793,2.98034,0,0.00128522,0.00128522,0.00128522
363,1649.78,1.68959,1.84774,1.49524,2.11898,0,0.05886,0.31818,0.04864,0.01552,0.02253,0.11364,0.00417,0.00086,2.6191,1.77238,2.89793,2.98034,0,0.00128324,0.00128324,0.00128324
364,1654.39,1.7047,1.83646,1.5298,2.16086,0,0.07037,0.31818,0.05642,0.01802,0.0199,0.09091,0.00343,0.00091,2.62016,1.74502,2.81126,2.97471,0,0.00128126,0.00128126,0.00128126
365,1658.93,1.68476,1.77605,1.49397,2.13577,0,0.08349,0.31818,0.05349,0.01675,0.02365,0.09091,0.00346,0.00095,2.55985,1.7339,2.84833,2.93592,0,0.00127928,0.00127928,0.00127928
366,1663.48,1.71173,1.81737,1.52017,2.19394,0,0.07148,0.27273,0.04048,0.01224,0.01271,0.09091,0.00249,0.00062,2.59662,1.7322,2.97382,3.01916,0,0.0012773,0.0012773,0.0012773
367,1668.13,1.68002,1.80141,1.50074,2.19222,0,0.07615,0.20455,0.04709,0.01475,0.01886,0.09091,0.00368,0.00079,2.58342,1.7346,2.82789,3.01879,0,0.00127532,0.00127532,0.00127532
368,1672.6,1.65689,1.75299,1.49104,2.15404,0,0.07615,0.20455,0.04709,0.01475,0.01886,0.09091,0.00368,0.00079,2.58342,1.7346,2.82789,3.01879,0,0.00127334,0.00127334,0.00127334
369,1677.17,1.67144,1.78639,1.46549,2.16133,0,0.13995,0.22727,0.0862,0.02851,0.00954,0.06818,0.00264,0.00072,2.48167,1.73035,2.74775,2.88203,0,0.00127136,0.00127136,0.00127136
370,1681.99,1.6933,1.79458,1.43688,2.16045,0,0.15296,0.27273,0.11459,0.04008,0.01498,0.09091,0.00274,0.00067,2.38608,1.72718,2.65213,2.82963,0,0.00126938,0.00126938,0.00126938
371,1686.53,1.66411,1.80395,1.42674,2.08271,0,0.12773,0.29545,0.09627,0.03356,0.01076,0.11364,0.00223,0.0006,2.45471,1.72604,2.49911,2.83707,0,0.0012674,0.0012674,0.0012674
372,1691.09,1.66523,1.76981,1.4659,2.11553,0,0.1193,0.29545,0.07802,0.02747,0.01059,0.06818,0.00176,0.00049,2.57306,1.75434,2.51968,2.92745,0,0.00126542,0.00126542,0.00126542
373,1695.54,1.71255,1.80747,1.44381,2.13239,0,0.09588,0.22727,0.06034,0.01942,0.00802,0.04545,0.00145,0.0004,2.63157,1.81671,2.74048,3.01951,0,0.00126344,0.00126344,0.00126344
374,1700.04,1.63963,1.73328,1.46621,2.09986,0,0.09588,0.22727,0.06034,0.01942,0.00802,0.04545,0.00145,0.0004,2.63157,1.81671,2.74048,3.01951,0,0.00126146,0.00126146,0.00126146
375,1704.57,1.65301,1.82088,1.45429,2.10736,0,0.10267,0.27273,0.06965,0.02382,0.00737,0.04545,0.0019,0.00046,2.7325,1.83806,2.84232,3.10724,0,0.00125948,0.00125948,0.00125948
376,1709.17,1.63097,1.83582,1.4257,2.08505,0,0.08434,0.27007,0.07159,0.02181,0.01729,0.09091,0.00298,0.00059,2.71017,1.85276,2.80132,3.08572,0,0.0012575,0.0012575,0.0012575
377,1713.91,1.62534,1.83466,1.4543,2.03546,0,0.06696,0.13636,0.06267,0.02014,0.01249,0.06818,0.00222,0.00051,2.72764,1.86249,2.85656,3.08687,0,0.00125552,0.00125552,0.00125552
378,1718.48,1.6754,1.80458,1.47773,2.13719,0,0.10826,0.06818,0.03677,0.01119,0.00931,0.06818,0.00148,0.00038,2.70187,1.94979,3.07027,3.09766,0,0.00125354,0.00125354,0.00125354
379,1723.06,1.64319,1.73614,1.4585,2.09957,0,0.10826,0.06818,0.03677,0.01119,0.00931,0.06818,0.00148,0.00038,2.70187,1.94979,3.07027,3.09766,0,0.00125156,0.00125156,0.00125156
380,1727.59,1.67894,1.82397,1.47589,2.09035,0,0.05602,0.13636,0.03483,0.00914,0.00571,0.04545,0.00165,0.00038,2.67309,1.99338,3.1932,3.06973,0,0.00124958,0.00124958,0.00124958
381,1732.18,1.74337,1.86729,1.60918,2.22042,0,0.07798,0.18182,0.04277,0.01301,0.01428,0.06818,0.00244,0.00053,2.63788,1.88808,2.89981,2.95463,0,0.0012476,0.0012476,0.0012476
382,1736.74,1.73279,1.73903,1.50571,2.18044,0,0.1368,0.27273,0.15739,0.0385,0.01538,0.06818,0.00269,0.00054,2.53084,1.80414,2.5703,2.83301,0,0.00124562,0.00124562,0.00124562
383,1741.39,1.68848,1.77897,1.44645,2.15464,0,0.32388,0.22867,0.20713,0.06518,0.01152,0.04545,0.00283,0.0006,2.5354,1.79265,2.41664,2.87979,0,0.00124364,0.00124364,0.00124364
384,1745.84,1.64083,1.78689,1.51867,2.08304,0,0.32388,0.22867,0.20713,0.06518,0.01152,0.04545,0.00283,0.0006,2.5354,1.79265,2.41664,2.87979,0,0.00124166,0.00124166,0.00124166
385,1750.47,1.59703,1.7396,1.43244,2.04436,0,0.28521,0.29545,0.19374,0.06266,0.01582,0.09091,0.00233,0.0005,2.50233,1.77095,2.43426,2.85191,0,0.00123968,0.00123968,0.00123968
386,1755.21,1.61959,1.79404,1.46385,2.08397,0,0.20223,0.34091,0.15785,0.05373,0.01808,0.02273,0.002,0.00046,2.47951,1.7307,2.44416,2.79848,0,0.0012377,0.0012377,0.0012377
387,1759.74,1.64168,1.82518,1.4557,2.09923,0,0.14073,0.34091,0.08764,0.03092,0.00802,0.04545,0.00196,0.00044,2.50334,1.72647,2.5777,2.8137,0,0.00123572,0.00123572,0.00123572
388,1764.24,1.59384,1.7383,1.39519,2.05896,0,0.21127,0.25,0.11342,0.03325,0.01241,0.11568,0.00318,0.00065,2.3811,1.70642,2.57395,2.74183,0,0.00123374,0.00123374,0.00123374
389,1768.87,1.62436,1.80072,1.41249,2.08499,0,0.16524,0.31818,0.13,0.04405,0.01003,0.06818,0.00411,0.00081,2.34374,1.718,2.54906,2.70716,0,0.00123176,0.00123176,0.00123176
390,1773.53,1.63368,1.73996,1.39029,2.09674,0,0.16524,0.31818,0.13,0.04405,0.01003,0.06818,0.00411,0.00081,2.34374,1.718,2.54906,2.70716,0,0.00122978,0.00122978,0.00122978
391,1778.18,1.60401,1.72438,1.40606,2.08746,0,0.19398,0.27273,0.14451,0.05203,0.01342,0.04545,0.00346,0.00081,2.36268,1.73056,2.6104,2.69617,0,0.0012278,0.0012278,0.0012278
392,1782.76,1.74721,1.84992,1.46932,2.19368,0,0.20799,0.34091,0.1368,0.04937,0.01684,0.04545,0.00337,0.00079,2.363,1.74842,2.60221,2.69619,0,0.00122582,0.00122582,0.00122582
393,1787.38,1.61014,1.75455,1.42149,2.07945,0,0.15216,0.25,0.09309,0.03177,0.02767,0.04545,0.00385,0.00085,2.43145,1.81061,2.64192,2.77053,0,0.00122384,0.00122384,0.00122384
394,1791.89,1.62223,1.73721,1.37849,2.09446,0,0.11868,0.20455,0.06593,0.01897,0.0135,0.09091,0.0031,0.00056,2.55626,1.8531,2.91099,2.84814,0,0.00122186,0.00122186,0.00122186
395,1796.42,1.72832,1.80513,1.39401,2.12682,0,0.11868,0.20455,0.06593,0.01897,0.0135,0.09091,0.0031,0.00056,2.55626,1.8531,2.91099,2.84814,0,0.00121988,0.00121988,0.00121988
396,1801.13,1.65416,1.71574,1.42037,2.08928,0,0.09077,0.11804,0.04845,0.01486,0.01305,0.11364,0.00332,0.00067,2.59028,1.88578,3.13709,2.90864,0,0.0012179,0.0012179,0.0012179
397,1805.73,1.63824,1.85551,1.45657,2.07453,0,0.12001,0.15909,0.05351,0.01767,0.01464,0.06818,0.0024,0.00042,2.5887,1.90634,3.01304,2.82353,0,0.00121592,0.00121592,0.00121592
398,1810.42,1.60825,1.86142,1.44705,2.10428,0,0.16647,0.15909,0.07533,0.02125,0.02019,0.13636,0.00342,0.00062,2.59539,1.92386,2.91911,2.80194,0,0.00121394,0.00121394,0.00121394
399,1814.98,1.63471,1.78764,1.42495,2.11044,0,0.15184,0.27273,0.08844,0.02734,0.0197,0.11364,0.00409,0.00055,2.52233,1.92947,2.85588,2.72915,0,0.00121196,0.00121196,0.00121196
400,1819.5,1.62686,1.78508,1.38194,2.08308,0,0.15184,0.27273,0.08844,0.02734,0.0197,0.11364,0.00409,0.00055,2.52233,1.92947,2.85588,2.72915,0,0.00120998,0.00120998,0.00120998
401,1824.15,1.62419,1.75649,1.43365,2.05733,0,0.15467,0.22727,0.08424,0.02606,0.01346,0.13636,0.00357,0.00049,2.56313,1.91252,2.76736,2.81953,0,0.001208,0.001208,0.001208
402,1828.75,1.62276,1.74748,1.44705,2.08813,0,0.23481,0.18182,0.09818,0.02819,0.0101,0.06818,0.00214,0.00033,2.54644,1.86649,2.69355,2.88656,0,0.00120602,0.00120602,0.00120602
403,1833.5,1.66008,1.8837,1.44841,2.15286,0,0.1951,0.20455,0.10006,0.03195,0.00831,0.06818,0.0019,0.0003,2.48114,1.86553,2.60035,2.79791,0,0.00120404,0.00120404,0.00120404
404,1838.15,1.59741,1.74689,1.38259,2.05242,0,0.15023,0.22727,0.15226,0.04883,0.01847,0.13636,0.0032,0.00043,2.47075,1.85464,2.56876,2.7523,0,0.00120206,0.00120206,0.00120206
405,1843.01,1.57555,1.75375,1.38744,2.05087,0,0.17508,0.31818,0.13524,0.04532,0.02229,0.13636,0.00464,0.00068,2.45123,1.81857,2.4907,2.73408,0,0.00120008,0.00120008,0.00120008
406,1847.54,1.5702,1.75046,1.36675,1.98192,0,0.17508,0.31818,0.13524,0.04532,0.02229,0.13636,0.00464,0.00068,2.45123,1.81857,2.4907,2.73408,0,0.0011981,0.0011981,0.0011981
407,1852.14,1.69218,1.76526,1.41634,2.09745,0,0.18942,0.27273,0.13822,0.0499,0.02512,0.13636,0.00591,0.00087,2.44971,1.74247,2.48551,2.68926,0,0.00119612,0.00119612,0.00119612
408,1856.76,1.65984,1.79591,1.42288,2.07781,0,0.16497,0.25,0.11929,0.04515,0.02202,0.11364,0.00475,0.00076,2.42499,1.70538,2.6784,2.68519,0,0.00119414,0.00119414,0.00119414
409,1861.42,1.68719,1.78731,1.44502,2.09661,0,0.11048,0.29545,0.09173,0.03269,0.00977,0.06818,0.00217,0.00046,2.44489,1.73132,2.77268,2.71284,0,0.00119216,0.00119216,0.00119216
410,1866.02,1.63564,1.77069,1.366,2.07283,0,0.13824,0.15909,0.07763,0.03113,0.01396,0.09091,0.00208,0.00049,2.43777,1.77029,2.72576,2.74326,0,0.00119018,0.00119018,0.00119018
411,1870.68,1.56799,1.78969,1.36404,2.06385,0,0.13824,0.15909,0.07763,0.03113,0.01396,0.09091,0.00208,0.00049,2.43777,1.77029,2.72576,2.74326,0,0.0011882,0.0011882,0.0011882
412,1875.35,1.67519,1.74813,1.37656,2.08277,0,0.14468,0.18182,0.07983,0.02941,0.03177,0.11364,0.00489,0.00088,2.44118,1.77145,2.59393,2.70771,0,0.00118622,0.00118622,0.00118622
413,1879.89,1.62666,1.8372,1.41287,2.07847,0,0.13929,0.31818,0.09384,0.03354,0.01742,0.11364,0.00436,0.00089,2.47789,1.76582,2.60034,2.72987,0,0.00118424,0.00118424,0.00118424
414,1884.48,1.57843,1.7414,1.37936,2.04052,0,0.11716,0.29545,0.093,0.0276,0.03015,0.18182,0.00682,0.00102,2.49592,1.77686,2.64571,2.73164,0,0.00118226,0.00118226,0.00118226
415,1889.21,1.54658,1.72662,1.34726,2.02173,0,0.1434,0.22727,0.07734,0.02393,0.02184,0.11364,0.00324,0.0006,2.47924,1.80545,2.75897,2.70905,0,0.00118028,0.00118028,0.00118028
416,1893.75,1.56309,1.73725,1.32264,2.00803,0,0.1434,0.22727,0.07734,0.02393,0.02184,0.11364,0.00324,0.0006,2.47924,1.80545,2.75897,2.70905,0,0.0011783,0.0011783,0.0011783
417,1898.3,1.60872,1.74434,1.35359,2.05004,0,0.12385,0.31818,0.08937,0.03009,0.02528,0.11364,0.00442,0.00081,2.44337,1.79734,2.73501,2.7537,0,0.00117632,0.00117632,0.00117632
418,1902.96,1.59068,1.79085,1.39352,2.05195,0,0.18801,0.22727,0.14347,0.05499,0.03038,0.13636,0.00514,0.00111,2.42906,1.77201,2.54495,2.75031,0,0.00117434,0.00117434,0.00117434
419,1907.48,1.60265,1.70712,1.34542,2.07113,0,0.27646,0.22727,0.16885,0.06353,0.02289,0.09091,0.00495,0.00101,2.44853,1.77521,2.4514,2.76039,0,0.00117236,0.00117236,0.00117236
420,1912.05,1.61773,1.82484,1.32868,2.08223,0,0.33536,0.20455,0.16279,0.06412,0.01981,0.09091,0.00375,0.00066,2.48307,1.78088,2.34645,2.77095,0,0.00117038,0.00117038,0.00117038
421,1916.64,1.56992,1.74643,1.34116,2.03028,0,0.35407,0.22727,0.22486,0.08166,0.0246,0.11364,0.00581,0.0008,2.50819,1.76425,2.31024,2.76516,0,0.0011684,0.0011684,0.0011684
422,1921.26,1.62514,1.70586,1.30043,2.07763,0,0.35407,0.22727,0.22486,0.08166,0.0246,0.11364,0.00581,0.0008,2.50819,1.76425,2.31024,2.76516,0,0.00116642,0.00116642,0.00116642
423,1925.96,1.59058,1.6885,1.30191,2.01866,0,0.31354,0.31818,0.23814,0.08338,0.04381,0.04545,0.00781,0.00122,2.46375,1.73607,2.27003,2.7645,0,0.00116444,0.00116444,0.00116444
424,1930.65,1.57706,1.6728,1.32783,2.04301,0,0.39621,0.29545,0.28572,0.0941,0.05703,0.06818,0.01105,0.00158,2.47853,1.73684,2.28641,2.812,0,0.00116246,0.00116246,0.00116246
425,1935.21,1.65151,1.76323,1.34573,2.10475,0,0.34553,0.25,0.24244,0.08198,0.05158,0.06818,0.01199,0.00184,2.56615,1.73973,2.26385,2.86703,0,0.00116048,0.00116048,0.00116048
426,1939.77,1.61936,1.71056,1.29875,2.06152,0,0.33226,0.34091,0.23307,0.07736,0.04241,0.11364,0.00921,0.0018,2.51444,1.74466,2.22536,2.78425,0,0.0011585,0.0011585,0.0011585
427,1944.31,1.53869,1.71319,1.29381,2.00747,0,0.33226,0.34091,0.23307,0.07736,0.04241,0.11364,0.00921,0.0018,2.51444,1.74466,2.22536,2.78425,0,0.00115652,0.00115652,0.00115652
428,1948.91,1.54693,1.73986,1.30656,2.06861,0,0.39127,0.27273,0.26993,0.08636,0.04477,0.09091,0.00841,0.00173,2.44859,1.72288,2.17168,2.72279,0,0.00115454,0.00115454,0.00115454
429,1953.63,1.58105,1.72044,1.33735,2.05923,0,0.32436,0.27273,0.24969,0.08434,0.03684,0.13636,0.00878,0.00147,2.43127,1.71099,2.18916,2.75031,0,0.00115256,0.00115256,0.00115256
430,1958.26,1.62764,1.70519,1.37027,2.0755,0,0.33774,0.29545,0.22201,0.07075,0.02442,0.09091,0.00543,0.001,2.4011,1.71721,2.40654,2.77538,0,0.00115058,0.00115058,0.00115058
431,1962.85,1.57879,1.77556,1.35859,2.05496,0,0.21325,0.32036,0.14884,0.04814,0.01994,0.09091,0.00353,0.00082,2.43965,1.70745,2.45405,2.784,0,0.0011486,0.0011486,0.0011486
432,1967.48,1.56191,1.69446,1.322,2.0295,0,0.21325,0.32036,0.14884,0.04814,0.01994,0.09091,0.00353,0.00082,2.43965,1.70745,2.45405,2.784,0,0.00114662,0.00114662,0.00114662
433,1972,1.60371,1.74072,1.35516,2.04137,0,0.1319,0.22727,0.08774,0.0307,0.01758,0.11364,0.00238,0.00064,2.46299,1.72385,2.54054,2.79714,0,0.00114464,0.00114464,0.00114464
434,1976.54,1.58851,1.78893,1.33984,2.05488,0,0.10938,0.2931,0.08435,0.02655,0.01332,0.09091,0.0019,0.00053,2.50637,1.76193,2.48799,2.83009,0,0.00114266,0.00114266,0.00114266
435,1981.47,1.57086,1.7137,1.31923,2.08803,0,0.16576,0.20455,0.10603,0.0343,0.01099,0.06818,0.00283,0.00066,2.49234,1.73584,2.46109,2.82764,0,0.00114068,0.00114068,0.00114068
436,1986.3,1.568,1.68221,1.34499,2.03792,0,0.15404,0.25,0.11333,0.03948,0.02342,0.11364,0.00459,0.00087,2.46113,1.75933,2.52535,2.79255,0,0.0011387,0.0011387,0.0011387
437,1991.14,1.5616,1.7198,1.33696,2.03196,0,0.15286,0.29545,0.11327,0.04143,0.02977,0.13636,0.0069,0.00128,2.43676,1.77466,2.50514,2.72601,0,0.00113672,0.00113672,0.00113672
438,1995.73,1.54729,1.70472,1.27963,2.01769,0,0.15286,0.29545,0.11327,0.04143,0.02977,0.13636,0.0069,0.00128,2.43676,1.77466,2.50514,2.72601,0,0.00113474,0.00113474,0.00113474
439,2000.36,1.51764,1.67003,1.32137,2.01045,0,0.14973,0.40909,0.10366,0.03642,0.0221,0.09091,0.0078,0.00151,2.44567,1.78794,2.56954,2.75025,0,0.00113276,0.00113276,0.00113276
440,2004.98,1.55539,1.78004,1.31986,1.99411,0,0.17034,0.36364,0.11527,0.03862,0.05838,0.11364,0.01086,0.00212,2.5214,1.77065,2.54629,2.86177,0,0.00113078,0.00113078,0.00113078
441,2009.71,1.54323,1.71615,1.36666,2.01615,0,0.2548,0.36364,0.1806,0.06134,0.05327,0.11364,0.01242,0.00243,2.47143,1.73386,2.34523,2.862,0,0.0011288,0.0011288,0.0011288
442,2014.35,1.53951,1.73149,1.29813,2.00347,0,0.24809,0.31818,0.19359,0.06218,0.03708,0.11364,0.00763,0.00155,2.46014,1.71036,2.34554,2.87672,0,0.00112682,0.00112682,0.00112682
443,2019.05,1.54812,1.72949,1.35012,2.05369,0,0.24809,0.31818,0.19359,0.06218,0.03708,0.11364,0.00763,0.00155,2.46014,1.71036,2.34554,2.87672,0,0.00112484,0.00112484,0.00112484
444,2023.66,1.51737,1.72621,1.27938,1.98958,0,0.278,0.36364,0.21195,0.07023,0.01711,0.11364,0.00371,0.00079,2.4814,1.69554,2.38656,2.91588,0,0.00112286,0.00112286,0.00112286
445,2028.43,1.53251,1.71081,1.26807,2.03049,0,0.27718,0.34091,0.21949,0.06575,0.02037,0.06818,0.00541,0.00094,2.49057,1.7553,2.40578,2.93697,0,0.00112088,0.00112088,0.00112088
446,2033.07,1.55402,1.73112,1.30026,2.04201,0,0.29427,0.34091,0.24356,0.07469,0.03832,0.11364,0.00886,0.00134,2.5161,1.8096,2.42527,2.93547,0,0.0011189,0.0011189,0.0011189
447,2037.72,1.54743,1.70463,1.27352,1.99165,0,0.29921,0.18182,0.14783,0.05081,0.04505,0.11364,0.00797,0.00137,2.54316,1.81508,2.68828,2.91446,0,0.00111692,0.00111692,0.00111692
448,2042.44,1.5167,1.70628,1.23471,1.99791,0,0.29921,0.18182,0.14783,0.05081,0.04505,0.11364,0.00797,0.00137,2.54316,1.81508,2.68828,2.91446,0,0.00111494,0.00111494,0.00111494
449,2047.05,1.50806,1.6972,1.25563,1.97915,0,0.1181,0.31818,0.07365,0.02739,0.01915,0.06818,0.00354,0.00055,2.55616,1.92258,2.87409,2.95551,0,0.00111296,0.00111296,0.00111296
450,2051.63,1.50629,1.76278,1.26137,2.02155,0,0.09098,0.22727,0.0646,0.0234,0.01948,0.04545,0.00296,0.0005,2.58807,1.91285,2.99197,2.98431,0,0.00111098,0.00111098,0.00111098
451,2056.3,1.4647,1.64222,1.19065,1.96846,0,0.16686,0.33687,0.11912,0.04109,0.03098,0.04545,0.00457,0.00064,2.60821,1.79144,2.61588,2.99195,0,0.001109,0.001109,0.001109
452,2060.93,1.49587,1.65759,1.26528,1.97977,0,0.26181,0.34091,0.22496,0.06621,0.05746,0.11364,0.00957,0.00149,2.63079,1.74065,2.47585,2.98919,0,0.00110702,0.00110702,0.00110702
453,2065.58,1.58877,1.72934,1.23747,2.02276,0,0.33728,0.18518,0.19264,0.06763,0.05859,0.06818,0.00897,0.00145,2.62602,1.71145,2.44364,2.98331,0,0.00110504,0.00110504,0.00110504
454,2070.23,1.58512,1.74767,1.26138,2.04492,0,0.33728,0.18518,0.19264,0.06763,0.05859,0.06818,0.00897,0.00145,2.62602,1.71145,2.44364,2.98331,0,0.00110306,0.00110306,0.00110306
455,2074.9,1.49694,1.68454,1.22791,1.97318,0,0.35152,0.20455,0.20941,0.07457,0.04421,0.11364,0.01099,0.0017,2.56857,1.69564,2.44155,2.93256,0,0.00110108,0.00110108,0.00110108
456,2079.56,1.5931,1.67777,1.24901,2.02715,0,0.22864,0.36364,0.17893,0.06096,0.03755,0.09091,0.00656,0.00129,2.5038,1.69108,2.36975,2.90043,0,0.0010991,0.0010991,0.0010991
457,2084.25,1.52798,1.72031,1.27293,2.04549,0,0.20119,0.34091,0.15712,0.0542,0.04285,0.11364,0.00918,0.00132,2.52825,1.72061,2.41177,2.94935,0,0.00109712,0.00109712,0.00109712
458,2088.84,1.49717,1.70323,1.31843,1.99286,0,0.19086,0.36364,0.1495,0.05061,0.03592,0.13636,0.00795,0.0012,2.55452,1.76108,2.4772,2.94838,0,0.00109514,0.00109514,0.00109514
459,2093.37,1.57833,1.70875,1.23123,2.00235,0,0.19086,0.36364,0.1495,0.05061,0.03592,0.13636,0.00795,0.0012,2.55452,1.76108,2.4772,2.94838,0,0.00109316,0.00109316,0.00109316
460,2098,1.49524,1.70285,1.21542,1.91738,0,0.20787,0.22727,0.11685,0.04153,0.04778,0.11364,0.00899,0.00144,2.59167,1.82267,2.49137,2.9864,0,0.00109118,0.00109118,0.00109118
461,2102.76,1.52315,1.70385,1.27343,1.94789,0,0.16222,0.38636,0.12773,0.04391,0.05416,0.11364,0.01003,0.00163,2.62224,1.81604,2.46681,3.01437,0,0.0010892,0.0010892,0.0010892
462,2107.43,1.563,1.75619,1.28675,2.01916,0,0.16688,0.27273,0.1149,0.03828,0.03732,0.09091,0.00928,0.00162,2.61993,1.77473,2.55839,3.00083,0,0.00108722,0.00108722,0.00108722
463,2112.09,1.53545,1.65673,1.27722,1.98762,0,0.16522,0.22727,0.11908,0.03761,0.04725,0.11364,0.00914,0.00162,2.69047,1.73475,2.61572,3.05438,0,0.00108524,0.00108524,0.00108524
464,2116.71,1.54505,1.62969,1.28511,2.03008,0,0.16522,0.22727,0.11908,0.03761,0.04725,0.11364,0.00914,0.00162,2.69047,1.73475,2.61572,3.05438,0,0.00108326,0.00108326,0.00108326
465,2121.51,1.4804,1.75058,1.23469,1.93643,0,0.21336,0.29545,0.1311,0.03448,0.07053,0.09091,0.01316,0.00242,2.69417,1.72176,2.6704,3.0845,0,0.00108128,0.00108128,0.00108128
466,2126.13,1.50613,1.71627,1.31757,2.03036,0,0.20069,0.29545,0.10878,0.03,0.05387,0.10359,0.00997,0.00204,2.65652,1.75272,2.65366,3.02307,0,0.0010793,0.0010793,0.0010793
467,2130.87,1.51905,1.71047,1.24167,1.97791,0,0.18487,0.27273,0.11946,0.03377,0.04031,0.09091,0.00827,0.00173,2.56366,1.75673,2.60717,2.93344,0,0.00107732,0.00107732,0.00107732
468,2135.42,1.54646,1.70732,1.27658,1.97083,0,0.25065,0.22727,0.14491,0.04291,0.03908,0.13636,0.00632,0.00121,2.60157,1.75836,2.54624,2.97972,0,0.00107534,0.00107534,0.00107534
469,2140.07,1.53677,1.66124,1.2783,2.04648,0,0.19131,0.22727,0.13962,0.04017,0.03162,0.06818,0.00439,0.001,2.71818,1.77768,2.56728,3.08035,0,0.00107336,0.00107336,0.00107336
470,2144.66,1.49875,1.67283,1.24047,2.00359,0,0.19131,0.22727,0.13962,0.04017,0.03162,0.06818,0.00439,0.001,2.71818,1.77768,2.56728,3.08035,0,0.00107138,0.00107138,0.00107138
471,2149.28,1.52144,1.70817,1.28617,2.04487,0,0.14741,0.31818,0.11053,0.03214,0.02716,0.06818,0.00332,0.00075,2.76261,1.81399,2.73953,3.16919,0,0.0010694,0.0010694,0.0010694
472,2154.01,1.51824,1.64373,1.21891,1.96391,0,0.13722,0.16637,0.06409,0.01899,0.01602,0.06818,0.00186,0.0004,2.61631,1.88562,3.06921,3.04612,0,0.00106742,0.00106742,0.00106742
473,2158.63,1.52777,1.67068,1.2488,1.9938,0,0.145,0.18182,0.07586,0.02534,0.01422,0.09091,0.00192,0.00045,2.56396,1.90694,2.913,2.94868,0,0.00106544,0.00106544,0.00106544
474,2163.47,1.45797,1.62444,1.21092,1.9722,0,0.17923,0.25,0.11975,0.03552,0.01005,0.0473,0.00369,0.00057,2.55634,1.87113,2.65254,2.97375,0,0.00106346,0.00106346,0.00106346
475,2168.09,1.58691,1.69456,1.26559,2.04644,0,0.17923,0.25,0.11975,0.03552,0.01005,0.0473,0.00369,0.00057,2.55634,1.87113,2.65254,2.97375,0,0.00106148,0.00106148,0.00106148
476,2172.76,1.49757,1.72488,1.26369,1.98064,0,0.14945,0.34091,0.13462,0.05036,0.02471,0.11364,0.00412,0.00061,2.5237,1.81485,2.58412,2.94438,0,0.0010595,0.0010595,0.0010595
477,2177.38,1.47719,1.73288,1.21129,1.99238,0,0.29625,0.18182,0.15366,0.05545,0.02962,0.09091,0.00497,0.00121,2.46552,1.72583,2.53226,2.92119,0,0.00105752,0.00105752,0.00105752
478,2182.01,1.49135,1.69894,1.19797,1.95383,0,0.21917,0.25,0.17129,0.0641,0.04666,0.13636,0.0067,0.00135,2.41635,1.6819,2.57311,2.86336,0,0.00105554,0.00105554,0.00105554
479,2186.66,1.51387,1.69717,1.23663,1.94989,0,0.27982,0.27273,0.18438,0.07745,0.04036,0.11364,0.00685,0.00142,2.44927,1.68959,2.6556,2.85075,0,0.00105356,0.00105356,0.00105356
480,2191.36,1.49446,1.74695,1.27172,2.02343,0,0.27982,0.27273,0.18438,0.07745,0.04036,0.11364,0.00685,0.00142,2.44927,1.68959,2.6556,2.85075,0,0.00105158,0.00105158,0.00105158
481,2195.98,1.54766,1.72463,1.24126,1.99661,0,0.20531,0.29545,0.15412,0.05909,0.03678,0.11364,0.00851,0.00175,2.47022,1.70314,2.52424,2.86953,0,0.0010496,0.0010496,0.0010496
482,2200.63,1.49218,1.63025,1.23957,1.97106,0,0.20198,0.34091,0.16828,0.0584,0.03551,0.13636,0.00827,0.00143,2.50146,1.75144,2.54319,2.86351,0,0.00104762,0.00104762,0.00104762
483,2205.38,1.52939,1.73458,1.26104,1.98864,0,0.20285,0.36364,0.15247,0.06137,0.02649,0.11011,0.00541,0.00108,2.47023,1.76628,2.62229,2.83872,0,0.00104564,0.00104564,0.00104564
484,2209.96,1.4691,1.62307,1.24257,1.89973,0,0.18966,0.31818,0.15391,0.05901,0.02855,0.09091,0.00493,0.001,2.45632,1.75637,2.58673,2.89562,0,0.00104366,0.00104366,0.00104366
485,2214.66,1.54736,1.66368,1.21774,2.03511,0,0.19507,0.27273,0.16383,0.06137,0.03741,0.13636,0.00901,0.00142,2.50528,1.77031,2.53556,2.92288,0,0.00104168,0.00104168,0.00104168
486,2219.34,1.52438,1.6889,1.23734,2.02424,0,0.19507,0.27273,0.16383,0.06137,0.03741,0.13636,0.00901,0.00142,2.50528,1.77031,2.53556,2.92288,0,0.0010397,0.0010397,0.0010397
487,2223.92,1.48111,1.6565,1.19332,1.95041,0,0.2488,0.22727,0.16677,0.06332,0.03757,0.13636,0.00707,0.00117,2.52216,1.7718,2.57299,2.88019,0,0.00103772,0.00103772,0.00103772
488,2228.64,1.50105,1.66472,1.22648,1.95343,0,0.34727,0.15909,0.14143,0.05157,0.03239,0.13636,0.00565,0.00081,2.56993,1.78092,2.65063,2.89212,0,0.00103574,0.00103574,0.00103574
489,2233.22,1.45358,1.61867,1.17997,1.9317,0,0.33747,0.18182,0.11457,0.04339,0.02636,0.11364,0.0034,0.00064,2.60025,1.8136,2.67703,2.956,0,0.00103376,0.00103376,0.00103376
490,2237.8,1.47057,1.6631,1.20505,1.9857,0,0.27447,0.18182,0.13238,0.04777,0.0269,0.09091,0.00425,0.00076,2.55129,1.84029,2.68699,2.92412,0,0.00103178,0.00103178,0.00103178
491,2242.53,1.44244,1.65389,1.17637,1.93084,0,0.27447,0.18182,0.13238,0.04777,0.0269,0.09091,0.00425,0.00076,2.55129,1.84029,2.68699,2.92412,0,0.0010298,0.0010298,0.0010298
492,2247.16,1.4653,1.67144,1.19825,1.92995,0,0.21497,0.20455,0.15382,0.05726,0.03197,0.09091,0.0048,0.00093,2.51748,1.8674,2.67303,2.87553,0,0.00102782,0.00102782,0.00102782
493,2251.91,1.47735,1.69029,1.17933,1.90869,0,0.37673,0.22727,0.17694,0.06423,0.03154,0.06818,0.00599,0.00139,2.56462,1.8557,2.63842,2.89742,0,0.00102584,0.00102584,0.00102584
494,2256.56,1.44982,1.64666,1.18948,1.92819,0,0.21504,0.20455,0.15424,0.05704,0.03442,0.06818,0.00715,0.00168,2.56174,1.79609,2.68422,2.87288,0,0.00102386,0.00102386,0.00102386
495,2261.16,1.47272,1.65226,1.14769,1.91616,0,0.24682,0.27273,0.1536,0.05775,0.04206,0.11364,0.00943,0.00181,2.49728,1.72852,2.7229,2.84059,0,0.00102188,0.00102188,0.00102188
496,2265.76,1.50513,1.60057,1.18745,1.94756,0,0.24682,0.27273,0.1536,0.05775,0.04206,0.11364,0.00943,0.00181,2.49728,1.72852,2.7229,2.84059,0,0.0010199,0.0010199,0.0010199
497,2270.39,1.43636,1.66087,1.17006,1.90503,0,0.22282,0.21516,0.17009,0.06704,0.06718,0.15909,0.01416,0.00204,2.52579,1.69086,2.59567,2.92411,0,0.00101792,0.00101792,0.00101792
498,2274.99,1.45077,1.62862,1.19121,1.90743,0,0.14285,0.36364,0.15894,0.06289,0.03996,0.09091,0.00885,0.00154,2.53734,1.70357,2.53732,2.93663,0,0.00101594,0.00101594,0.00101594
499,2279.66,1.48744,1.65496,1.21342,2.01321,0,0.19846,0.25,0.12962,0.04204,0.02625,0.09091,0.00737,0.00122,2.49824,1.71688,2.63779,2.90402,0,0.00101396,0.00101396,0.00101396
500,2284.3,1.44489,1.63061,1.15989,1.96773,0,0.17072,0.27273,0.10657,0.03894,0.02501,0.06818,0.00731,0.00122,2.49478,1.71649,2.66135,2.89156,0,0.00101198,0.00101198,0.00101198
501,2289,1.43249,1.67082,1.18739,1.92115,0,0.26148,0.20455,0.15295,0.05882,0.02147,0.06818,0.00958,0.00152,2.51661,1.72972,2.58975,2.89163,0,0.00101,0.00101,0.00101
502,2293.57,1.48166,1.71528,1.18942,1.95436,0,0.26148,0.20455,0.15295,0.05882,0.02147,0.06818,0.00958,0.00152,2.51661,1.72972,2.58975,2.89163,0,0.00100802,0.00100802,0.00100802
503,2298.15,1.4097,1.60995,1.1315,1.84966,0,0.47855,0.15909,0.19388,0.07544,0.03068,0.09091,0.01036,0.00205,2.50778,1.75116,2.59539,2.88421,0,0.00100604,0.00100604,0.00100604
504,2302.86,1.48212,1.65708,1.18006,1.94741,0,0.26149,0.25,0.18895,0.06688,0.04701,0.09091,0.00894,0.00157,2.53178,1.76715,2.61201,2.90891,0,0.00100406,0.00100406,0.00100406
505,2307.5,1.43592,1.63904,1.14619,1.85122,0,0.29497,0.27273,0.17518,0.05741,0.03283,0.06818,0.00741,0.0012,2.46908,1.76237,2.62718,2.84469,0,0.00100208,0.00100208,0.00100208
506,2312.13,1.4822,1.67272,1.13659,1.88179,0,0.29862,0.31818,0.21157,0.06584,0.03337,0.11364,0.00806,0.00129,2.50021,1.77077,2.61435,2.86377,0,0.0010001,0.0010001,0.0010001
507,2316.74,1.53763,1.67613,1.18734,1.98931,0,0.29862,0.31818,0.21157,0.06584,0.03337,0.11364,0.00806,0.00129,2.50021,1.77077,2.61435,2.86377,0,0.00099812,0.00099812,0.00099812
508,2321.31,1.45382,1.60456,1.16448,1.92607,0,0.28293,0.32289,0.22942,0.06546,0.04459,0.15909,0.00986,0.00175,2.56225,1.74552,2.50483,2.92789,0,0.00099614,0.00099614,0.00099614
509,2325.91,1.43725,1.62971,1.13392,1.93229,0,0.20186,0.34091,0.19185,0.06039,0.03945,0.18182,0.00967,0.00169,2.53478,1.77017,2.51777,2.9171,0,0.00099416,0.00099416,0.00099416
510,2330.6,1.43815,1.65995,1.1708,1.91959,0,0.16711,0.29545,0.12529,0.04315,0.02733,0.13636,0.00526,0.00101,2.55157,1.76619,2.46546,2.9721,0,0.00099218,0.00099218,0.00099218
511,2335.34,1.43164,1.66355,1.13106,1.88335,0,0.17385,0.20455,0.11053,0.03854,0.0226,0.09091,0.00385,0.00086,2.583,1.75739,2.58594,2.9838,0,0.0009902,0.0009902,0.0009902
512,2340.09,1.43206,1.65107,1.17521,1.88303,0,0.17385,0.20455,0.11053,0.03854,0.0226,0.09091,0.00385,0.00086,2.583,1.75739,2.58594,2.9838,0,0.00098822,0.00098822,0.00098822
513,2344.79,1.43469,1.65191,1.20162,1.95522,0,0.17546,0.31818,0.12918,0.04687,0.03171,0.06818,0.00559,0.00117,2.56364,1.75688,2.44736,2.93523,0,0.00098624,0.00098624,0.00098624
514,2349.45,1.44927,1.66401,1.16896,1.923,0,0.18185,0.29545,0.15613,0.05998,0.04049,0.13636,0.00922,0.00144,2.52492,1.73295,2.35427,2.90686,0,0.00098426,0.00098426,0.00098426
515,2354.07,1.39843,1.59041,1.16112,1.89923,0,0.34425,0.26265,0.20871,0.07159,0.02077,0.06818,0.00657,0.00132,2.50244,1.73027,2.42132,2.90083,0,0.00098228,0.00098228,0.00098228
516,2358.78,1.43326,1.654,1.16041,1.92034,0,0.23884,0.27273,0.22597,0.07218,0.05946,0.09091,0.01177,0.00201,2.5045,1.73018,2.50457,2.87244,0,0.0009803,0.0009803,0.0009803
517,2363.46,1.50506,1.66356,1.19081,1.96992,0,0.21788,0.29545,0.2153,0.06653,0.05477,0.13636,0.01465,0.00291,2.5374,1.73821,2.52867,2.95088,0,0.00097832,0.00097832,0.00097832
518,2368.09,1.37313,1.59995,1.11613,1.91595,0,0.21788,0.29545,0.2153,0.06653,0.05477,0.13636,0.01465,0.00291,2.5374,1.73821,2.52867,2.95088,0,0.00097634,0.00097634,0.00097634
519,2372.78,1.48818,1.65583,1.16399,1.93775,0,0.23912,0.29545,0.18904,0.0595,0.07239,0.09091,0.01345,0.00249,2.55008,1.78318,2.55265,2.91455,0,0.00097436,0.00097436,0.00097436
520,2377.42,1.48339,1.6534,1.17088,1.92245,0,0.2374,0.25,0.1523,0.05607,0.0487,0.11364,0.01043,0.00184,2.59109,1.80887,2.61107,2.89782,0,0.00097238,0.00097238,0.00097238
521,2382.05,1.47111,1.6308,1.17886,1.96548,0,0.21668,0.22727,0.1555,0.05765,0.05511,0.11364,0.0111,0.00214,2.60313,1.79473,2.5853,2.91397,0,0.0009704,0.0009704,0.0009704
522,2386.75,1.52563,1.75879,1.21307,1.93897,0,0.28565,0.20455,0.15077,0.05003,0.05554,0.11765,0.01109,0.0015,2.63784,1.78043,2.63956,2.9722,0,0.00096842,0.00096842,0.00096842
523,2391.37,1.42731,1.60952,1.13466,1.91003,0,0.28565,0.20455,0.15077,0.05003,0.05554,0.11765,0.01109,0.0015,2.63784,1.78043,2.63956,2.9722,0,0.00096644,0.00096644,0.00096644
524,2396.03,1.41983,1.62648,1.08784,1.86222,0,0.20255,0.25,0.14518,0.04554,0.03926,0.13636,0.0086,0.00166,2.61491,1.7895,2.57884,2.9289,0,0.00096446,0.00096446,0.00096446
525,2400.66,1.45259,1.68366,1.12668,1.94396,0,0.16443,0.27273,0.1419,0.04933,0.0481,0.11364,0.00918,0.00178,2.52659,1.79433,2.62966,2.8817,0,0.00096248,0.00096248,0.00096248
526,2405.3,1.41999,1.62942,1.09359,1.87692,0,0.21783,0.31818,0.17596,0.06352,0.05816,0.11364,0.01097,0.00321,2.4697,1.75637,2.52385,2.85734,0,0.0009605,0.0009605,0.0009605
527,2409.86,1.40616,1.67103,1.09051,1.856,0,0.29204,0.22727,0.18769,0.06866,0.06173,0.11364,0.01149,0.00287,2.48776,1.73626,2.39355,2.89206,0,0.00095852,0.00095852,0.00095852
528,2414.55,1.37935,1.62052,1.11144,1.85908,0,0.29204,0.22727,0.18769,0.06866,0.06173,0.11364,0.01149,0.00287,2.48776,1.73626,2.39355,2.89206,0,0.00095654,0.00095654,0.00095654
529,2419.14,1.40671,1.66898,1.15477,1.91005,0,0.32607,0.20455,0.2046,0.07989,0.0954,0.13636,0.01487,0.00392,2.46012,1.72313,2.36507,2.87106,0,0.00095456,0.00095456,0.00095456
530,2424.02,1.4257,1.66137,1.12973,1.85322,0,0.30629,0.25,0.19896,0.08455,0.1093,0.13636,0.01913,0.00515,2.44828,1.72801,2.41035,2.89144,0,0.00095258,0.00095258,0.00095258
531,2428.71,1.38938,1.64654,1.10408,1.90234,0,0.30303,0.29545,0.20318,0.08701,0.1458,0.13636,0.02458,0.00541,2.40837,1.73413,2.50156,2.8936,0,0.0009506,0.0009506,0.0009506
532,2433.53,1.43866,1.61355,1.12656,1.92129,0,0.28875,0.27273,0.21832,0.09665,0.11602,0.13636,0.02434,0.00473,2.41614,1.73044,2.34408,2.9276,0,0.00094862,0.00094862,0.00094862
533,2438.13,1.39094,1.68496,1.08875,1.86836,0,0.34978,0.22727,0.22707,0.09466,0.08727,0.11364,0.02006,0.00368,2.44015,1.69716,2.24737,2.97201,0,0.00094664,0.00094664,0.00094664
534,2442.64,1.48264,1.66168,1.15424,1.87959,0,0.34978,0.22727,0.22707,0.09466,0.08727,0.11364,0.02006,0.00368,2.44015,1.69716,2.24737,2.97201,0,0.00094466,0.00094466,0.00094466
535,2447.25,1.47975,1.63547,1.12392,1.92481,0,0.31544,0.22727,0.20603,0.08066,0.07253,0.06818,0.01469,0.00244,2.43006,1.68196,2.28187,2.93397,0,0.00094268,0.00094268,0.00094268
536,2451.88,1.38821,1.63303,1.1582,1.86749,0,0.25387,0.31818,0.16238,0.06045,0.07741,0.09091,0.01562,0.00272,2.50663,1.6985,2.27641,2.98145,0,0.0009407,0.0009407,0.0009407
537,2456.53,1.40333,1.66343,1.1797,1.89945,0,0.23771,0.29545,0.13655,0.04858,0.05217,0.13636,0.01188,0.00261,2.52462,1.71534,2.38226,2.99312,0,0.00093872,0.00093872,0.00093872
538,2461.19,1.41064,1.66898,1.08371,1.8855,0,0.22958,0.29545,0.14251,0.04249,0.04539,0.13636,0.0091,0.00177,2.55826,1.70543,2.44195,2.97056,0,0.00093674,0.00093674,0.00093674
539,2465.88,1.44757,1.69489,1.19923,1.90364,0,0.22958,0.29545,0.14251,0.04249,0.04539,0.13636,0.0091,0.00177,2.55826,1.70543,2.44195,2.97056,0,0.00093476,0.00093476,0.00093476
540,2470.46,1.3512,1.59678,1.10787,1.8603,0,0.18413,0.22727,0.11644,0.03853,0.05524,0.06818,0.01152,0.00172,2.50449,1.70819,2.459,2.96187,0,0.00093278,0.00093278,0.00093278
541,2475.21,1.34137,1.66479,1.1078,1.84436,0,0.16671,0.38636,0.11525,0.03742,0.03688,0.11364,0.00865,0.00138,2.44033,1.73354,2.47264,2.85659,0,0.0009308,0.0009308,0.0009308
542,2479.78,1.40549,1.60774,1.09847,1.88066,0,0.16836,0.36812,0.10385,0.03524,0.03992,0.15909,0.00725,0.00103,2.44679,1.75321,2.47152,2.87288,0,0.00092882,0.00092882,0.00092882
543,2484.45,1.42209,1.6418,1.10418,1.9012,0,0.17846,0.38636,0.12936,0.04239,0.04848,0.15909,0.00885,0.00121,2.48791,1.75801,2.44224,2.89788,0,0.00092684,0.00092684,0.00092684
544,2488.99,1.41174,1.61601,1.13639,1.90972,0,0.17846,0.38636,0.12936,0.04239,0.04848,0.15909,0.00885,0.00121,2.48791,1.75801,2.44224,2.89788,0,0.00092486,0.00092486,0.00092486
545,2493.7,1.43188,1.62366,1.09806,1.91854,0,0.20502,0.25,0.1726,0.05616,0.04246,0.13636,0.0114,0.00152,2.55058,1.7612,2.46539,3.0059,0,0.00092288,0.00092288,0.00092288
546,2498.31,1.39051,1.58059,1.06317,1.8847,0,0.21702,0.29545,0.17209,0.05962,0.03117,0.09091,0.00734,0.00136,2.55575,1.76571,2.48648,3.06244,0,0.0009209,0.0009209,0.0009209
547,2502.9,1.41071,1.67368,1.09251,1.90145,0,0.21562,0.29545,0.17048,0.05247,0.02726,0.13636,0.00604,0.00124,2.51658,1.76745,2.4889,3.0568,0,0.00091892,0.00091892,0.00091892
548,2507.42,1.38506,1.63521,1.06256,1.84768,0,0.21182,0.36364,0.19649,0.0642,0.03721,0.06818,0.00873,0.00174,2.43622,1.78104,2.38161,2.93302,0,0.00091694,0.00091694,0.00091694
549,2512.08,1.48158,1.65983,1.09256,1.92251,0,0.24974,0.29545,0.22346,0.08527,0.05528,0.06818,0.008,0.00187,2.42748,1.80003,2.27249,2.9306,0,0.00091496,0.00091496,0.00091496
550,2516.72,1.38382,1.5572,1.07793,1.87758,0,0.24974,0.29545,0.22346,0.08527,0.05528,0.06818,0.008,0.00187,2.42748,1.80003,2.27249,2.9306,0,0.00091298,0.00091298,0.00091298
551,2521.48,1.38917,1.59152,1.07746,1.87421,0,0.3434,0.29545,0.26903,0.08342,0.06495,0.06818,0.00844,0.00199,2.55534,1.8127,2.3715,3.1336,0,0.000911,0.000911,0.000911
552,2526.05,1.42633,1.56943,1.09126,1.92104,0,0.37709,0.34091,0.27756,0.06997,0.0497,0.13636,0.01151,0.00209,2.60921,1.83587,2.51777,3.15199,0,0.00090902,0.00090902,0.00090902
553,2530.61,1.42285,1.6261,1.09052,1.87931,0,0.33329,0.34091,0.22938,0.06129,0.0552,0.1315,0.00914,0.00177,2.57617,1.8593,2.56388,3.03758,0,0.00090704,0.00090704,0.00090704
554,2535.24,1.35373,1.58321,1.08073,1.81886,0,0.2423,0.34091,0.1737,0.0543,0.05648,0.11364,0.00995,0.00162,2.59898,1.85385,2.54052,3.09031,0,0.00090506,0.00090506,0.00090506
555,2539.8,1.34854,1.63683,1.05909,1.79748,0,0.2423,0.34091,0.1737,0.0543,0.05648,0.11364,0.00995,0.00162,2.59898,1.85385,2.54052,3.09031,0,0.00090308,0.00090308,0.00090308
556,2544.42,1.40786,1.61179,1.11063,1.88806,0,0.20282,0.29545,0.1521,0.05386,0.04627,0.06818,0.00806,0.00159,2.52061,1.84463,2.47487,3.09084,0,0.0009011,0.0009011,0.0009011
557,2549.09,1.39006,1.62849,1.04101,1.86352,0,0.17697,0.27273,0.14785,0.05433,0.03244,0.06818,0.00531,0.00127,2.50252,1.82988,2.46627,3.07064,0,0.00089912,0.00089912,0.00089912
558,2553.72,1.41582,1.64591,1.0812,1.8935,0,0.203,0.20455,0.10439,0.03483,0.02636,0.06818,0.0044,0.00104,2.54132,1.807,2.60402,3.0492,0,0.00089714,0.00089714,0.00089714
559,2558.36,1.41997,1.63528,1.06062,1.91082,0,0.13667,0.25,0.1052,0.03377,0.02275,0.06818,0.00505,0.00113,2.56837,1.76406,2.67285,3.08064,0,0.00089516,0.00089516,0.00089516
560,2562.96,1.3766,1.60125,1.05615,1.85042,0,0.13667,0.25,0.1052,0.03377,0.02275,0.06818,0.00505,0.00113,2.56837,1.76406,2.67285,3.08064,0,0.00089318,0.00089318,0.00089318
561,2567.66,1.38877,1.6447,1.06791,1.83688,0,0.20947,0.21692,0.12091,0.0458,0.02659,0.06818,0.00525,0.00123,2.63895,1.74025,2.65524,3.15976,0,0.0008912,0.0008912,0.0008912
562,2572.27,1.36863,1.55916,1.0341,1.81827,0,0.25311,0.22727,0.18201,0.07274,0.02965,0.09091,0.00667,0.00151,2.67464,1.7587,2.63955,3.14357,0,0.00088922,0.00088922,0.00088922
563,2576.89,1.43124,1.68184,1.09392,1.90664,0,0.30705,0.20455,0.18396,0.07083,0.04317,0.11364,0.00902,0.00147,2.70466,1.76885,2.61821,3.19583,0,0.00088724,0.00088724,0.00088724
564,2581.52,1.37305,1.61237,1.06696,1.85047,0,0.35195,0.18182,0.2058,0.06917,0.06374,0.15909,0.01295,0.00213,2.71815,1.75608,2.53338,3.22452,0,0.00088526,0.00088526,0.00088526
565,2586.31,1.40687,1.64614,1.09342,1.87165,0,0.31452,0.22727,0.18717,0.06027,0.05202,0.11364,0.01004,0.00215,2.74514,1.74792,2.48245,3.2157,0,0.00088328,0.00088328,0.00088328
566,2590.95,1.44367,1.61561,1.03488,1.8867,0,0.31452,0.22727,0.18717,0.06027,0.05202,0.11364,0.01004,0.00215,2.74514,1.74792,2.48245,3.2157,0,0.0008813,0.0008813,0.0008813
567,2595.48,1.37695,1.62878,1.03551,1.93076,0,0.2188,0.25,0.14342,0.05101,0.04388,0.13636,0.00782,0.00173,2.77314,1.75,2.52121,3.28958,0,0.00087932,0.00087932,0.00087932
568,2600.06,1.37379,1.57981,1.05496,1.88064,0,0.20746,0.22727,0.09871,0.03519,0.02815,0.11364,0.0052,0.00103,2.6936,1.76869,2.67433,3.23785,0,0.00087734,0.00087734,0.00087734
569,2604.69,1.39006,1.64731,1.09977,1.8757,0,0.15697,0.27273,0.11564,0.04232,0.03946,0.06818,0.00654,0.00148,2.6454,1.76082,2.47871,3.17933,0,0.00087536,0.00087536,0.00087536
570,2609.35,1.35033,1.60278,1.06235,1.85172,0,0.14407,0.40909,0.13558,0.05414,0.03773,0.15909,0.00962,0.00181,2.57932,1.75669,2.29993,3.06343,0,0.00087338,0.00087338,0.00087338
571,2614.11,1.37066,1.62782,1.07414,1.8256,0,0.14407,0.40909,0.13558,0.05414,0.03773,0.15909,0.00962,0.00181,2.57932,1.75669,2.29993,3.06343,0,0.0008714,0.0008714,0.0008714
572,2618.64,1.34547,1.57662,1.02814,1.88117,0,0.18914,0.29545,0.15694,0.0564,0.05116,0.11364,0.01103,0.00209,2.51866,1.76038,2.25575,3.01132,0,0.00086942,0.00086942,0.00086942
573,2623.3,1.38342,1.57981,1.04686,1.84969,0,0.18973,0.38636,0.2125,0.07852,0.04026,0.11364,0.00876,0.00171,2.46547,1.75026,2.28864,2.9124,0,0.00086744,0.00086744,0.00086744
574,2627.94,1.34489,1.62505,1.04063,1.81765,0,0.20914,0.34091,0.19436,0.07322,0.04215,0.13636,0.00757,0.00161,2.43294,1.73852,2.38769,2.84055,0,0.00086546,0.00086546,0.00086546
575,2632.54,1.34656,1.61506,1.03194,1.84777,0,0.23484,0.38636,0.22951,0.08799,0.07459,0.04545,0.00954,0.0018,2.45699,1.73215,2.33892,2.85399,0,0.00086348,0.00086348,0.00086348
576,2637.12,1.33662,1.55498,0.99731,1.80779,0,0.23484,0.38636,0.22951,0.08799,0.07459,0.04545,0.00954,0.0018,2.45699,1.73215,2.33892,2.85399,0,0.0008615,0.0008615,0.0008615
577,2641.78,1.33696,1.60001,1.0556,1.83603,0,0.21808,0.40909,0.23696,0.08867,0.04098,0.06818,0.00917,0.00213,2.41374,1.71185,2.27908,2.81975,0,0.00085952,0.00085952,0.00085952
578,2646.42,1.32727,1.57804,1.05519,1.78871,0,0.30606,0.18182,0.19528,0.07139,0.0494,0.06818,0.00935,0.0021,2.42885,1.68831,2.35743,2.83782,0,0.00085754,0.00085754,0.00085754
579,2651.07,1.36269,1.58469,1.07958,1.86947,0,0.25957,0.15909,0.18828,0.06938,0.06397,0.09091,0.01319,0.00303,2.44792,1.70999,2.4082,2.862,0,0.00085556,0.00085556,0.00085556
580,2655.72,1.3563,1.5553,1.06515,1.86325,0,0.18344,0.25,0.18245,0.07052,0.08367,0.11364,0.01931,0.00344,2.43973,1.69089,2.46643,2.83911,0,0.00085358,0.00085358,0.00085358
581,2660.45,1.36812,1.56955,1.00673,1.86172,0,0.33157,0.18182,0.17806,0.06866,0.05739,0.13636,0.01776,0.0028,2.44475,1.69358,2.59767,2.8388,0,0.0008516,0.0008516,0.0008516
582,2665.04,1.37304,1.65808,1.07407,1.8675,0,0.33157,0.18182,0.17806,0.06866,0.05739,0.13636,0.01776,0.0028,2.44475,1.69358,2.59767,2.8388,0,0.00084962,0.00084962,0.00084962
583,2669.71,1.35423,1.57292,1.04695,1.84706,0,0.379,0.20455,0.21955,0.08376,0.04564,0.13636,0.01248,0.00199,2.51251,1.68723,2.62175,2.84755,0,0.00084764,0.00084764,0.00084764
584,2674.38,1.33342,1.61128,1.01962,1.82542,0,0.39477,0.22727,0.25845,0.09509,0.09657,0.13636,0.0184,0.0025,2.53322,1.67633,2.47862,2.91113,0,0.00084566,0.00084566,0.00084566
585,2678.94,1.35822,1.56249,1.02406,1.86609,0,0.42563,0.20455,0.25247,0.08796,0.08869,0.13056,0.01836,0.00289,2.51071,1.67878,2.41113,2.90764,0,0.00084368,0.00084368,0.00084368
586,2683.56,1.27739,1.59789,1.01867,1.77685,0,0.18968,0.38636,0.21631,0.07736,0.07867,0.11364,0.02139,0.00333,2.46097,1.66489,2.44748,2.89921,0,0.0008417,0.0008417,0.0008417
587,2688.21,1.34703,1.57961,1.06995,1.82787,0,0.18968,0.38636,0.21631,0.07736,0.07867,0.11364,0.02139,0.00333,2.46097,1.66489,2.44748,2.89921,0,0.00083972,0.00083972,0.00083972
588,2692.79,1.321,1.58043,1.02517,1.81038,0,0.2482,0.25,0.18687,0.06753,0.08225,0.13636,0.02438,0.00357,2.47301,1.67329,2.44444,2.9211,0,0.00083774,0.00083774,0.00083774
589,2697.34,1.3517,1.5756,1.03944,1.89347,0,0.22847,0.27273,0.17148,0.06297,0.0797,0.13636,0.02094,0.00317,2.44536,1.69692,2.40726,2.91616,0,0.00083576,0.00083576,0.00083576
590,2702.13,1.39406,1.58895,1.00355,1.81372,0,0.25771,0.27273,0.18575,0.06847,0.05805,0.11364,0.01091,0.00204,2.44118,1.7244,2.30675,2.91163,0,0.00083378,0.00083378,0.00083378
591,2706.71,1.31048,1.56266,1.07217,1.84569,0,0.19929,0.28293,0.17706,0.06835,0.05587,0.09091,0.00994,0.00158,2.44844,1.75018,2.3583,2.94009,0,0.0008318,0.0008318,0.0008318
592,2711.29,1.32285,1.60635,1.0363,1.8184,0,0.19929,0.28293,0.17706,0.06835,0.05587,0.09091,0.00994,0.00158,2.44844,1.75018,2.3583,2.94009,0,0.00082982,0.00082982,0.00082982
593,2715.88,1.31676,1.60011,1.00779,1.78697,0,0.22216,0.29545,0.17815,0.06524,0.06484,0.09091,0.01086,0.00181,2.443,1.80272,2.32404,2.93743,0,0.00082784,0.00082784,0.00082784
594,2720.54,1.2976,1.57379,0.99435,1.81978,0,0.2939,0.22727,0.20243,0.08401,0.06196,0.09091,0.01074,0.00205,2.48992,1.81457,2.44343,2.93047,0,0.00082586,0.00082586,0.00082586
595,2725.14,1.38741,1.58404,1.02449,1.84134,0,0.3087,0.25,0.23142,0.09367,0.05611,0.09091,0.01461,0.00205,2.49164,1.80517,2.47248,2.93837,0,0.00082388,0.00082388,0.00082388
596,2729.84,1.36382,1.61086,1.0566,1.84751,0,0.25758,0.34702,0.23934,0.09837,0.03758,0.11364,0.00986,0.00185,2.47836,1.78951,2.42442,2.91827,0,0.0008219,0.0008219,0.0008219
597,2734.53,1.34765,1.62021,1.01365,1.82501,0,0.39454,0.27273,0.26866,0.09443,0.05139,0.18182,0.01246,0.00207,2.54707,1.75883,2.32796,2.9759,0,0.00081992,0.00081992,0.00081992
598,2739.06,1.27443,1.52259,0.99756,1.77739,0,0.39454,0.27273,0.26866,0.09443,0.05139,0.18182,0.01246,0.00207,2.54707,1.75883,2.32796,2.9759,0,0.00081794,0.00081794,0.00081794
599,2743.68,1.3135,1.59282,1.00053,1.80133,0,0.35499,0.31818,0.26634,0.09629,0.03905,0.13636,0.01377,0.0021,2.5541,1.73121,2.35791,2.98633,0,0.00081596,0.00081596,0.00081596
600,2748.65,1.34341,1.55845,1.02334,1.83996,0,0.26253,0.38636,0.20781,0.07708,0.04225,0.11364,0.01429,0.00219,2.51422,1.69876,2.45905,2.89954,0,0.00081398,0.00081398,0.00081398
601,2753.22,1.38736,1.59786,1.06416,1.86446,0,0.19599,0.40909,0.17167,0.06728,0.03522,0.13636,0.01091,0.00227,2.44473,1.70618,2.54519,2.90759,0,0.000812,0.000812,0.000812
602,2757.81,1.3662,1.64794,1.00676,1.8112,0,0.19771,0.35292,0.17671,0.06858,0.0376,0.13636,0.01089,0.00199,2.53213,1.70897,2.59719,2.97606,0,0.00081002,0.00081002,0.00081002
603,2762.48,1.36782,1.59438,0.98178,1.8075,0,0.19771,0.35292,0.17671,0.06858,0.0376,0.13636,0.01089,0.00199,2.53213,1.70897,2.59719,2.97606,0,0.00080804,0.00080804,0.00080804
604,2766.97,1.33239,1.59514,1.02892,1.79005,0,0.22474,0.29545,0.18628,0.0571,0.04707,0.06818,0.0103,0.00179,2.60095,1.73,2.55844,3.02662,0,0.00080606,0.00080606,0.00080606
605,2771.54,1.30997,1.58078,0.98662,1.80663,0,0.17156,0.29545,0.17855,0.05955,0.05267,0.09091,0.01093,0.00219,2.59881,1.74459,2.42579,3.03202,0,0.00080408,0.00080408,0.00080408
606,2776.14,1.28431,1.52321,0.98369,1.77442,0,0.27007,0.34091,0.2278,0.07406,0.04086,0.11364,0.00956,0.00192,2.5799,1.76301,2.37301,2.99181,0,0.0008021,0.0008021,0.0008021
607,2780.67,1.31249,1.53895,1.0265,1.79992,0,0.25321,0.34091,0.21462,0.06731,0.04012,0.11364,0.01074,0.00219,2.5779,1.74008,2.38837,2.99272,0,0.00080012,0.00080012,0.00080012
608,2785.2,1.29927,1.53012,0.97921,1.7762,0,0.25321,0.34091,0.21462,0.06731,0.04012,0.11364,0.01074,0.00219,2.5779,1.74008,2.38837,2.99272,0,0.00079814,0.00079814,0.00079814
609,2789.83,1.25939,1.53041,0.98658,1.76052,0,0.22838,0.29545,0.22233,0.08185,0.04586,0.13636,0.01126,0.00215,2.59405,1.75215,2.34291,3.02155,0,0.00079616,0.00079616,0.00079616
610,2794.54,1.31312,1.61656,1.01201,1.78493,0,0.2154,0.40909,0.21455,0.07794,0.05894,0.13636,0.01412,0.00256,2.60917,1.77107,2.38878,3.00831,0,0.00079418,0.00079418,0.00079418
611,2799.09,1.27643,1.61271,0.99982,1.76635,0,0.24263,0.29545,0.2187,0.07948,0.08059,0.11364,0.0152,0.00274,2.58475,1.77725,2.38724,2.981,0,0.0007922,0.0007922,0.0007922
612,2803.61,1.26188,1.57342,0.9991,1.76299,0,0.29645,0.27273,0.2127,0.07552,0.05488,0.09091,0.01273,0.0027,2.59676,1.7574,2.41818,2.93899,0,0.00079022,0.00079022,0.00079022
613,2808.21,1.28518,1.54943,0.97845,1.76132,0,0.37477,0.22727,0.20094,0.06606,0.05329,0.11364,0.01101,0.00241,2.63912,1.75262,2.32941,2.9998,0,0.00078824,0.00078824,0.00078824
614,2812.68,1.29606,1.51811,1.00619,1.78205,0,0.37477,0.22727,0.20094,0.06606,0.05329,0.11364,0.01101,0.00241,2.63912,1.75262,2.32941,2.9998,0,0.00078626,0.00078626,0.00078626
615,2817.3,1.36338,1.56799,0.96805,1.83392,0,0.22392,0.29545,0.18705,0.05869,0.04729,0.09091,0.00948,0.00211,2.67638,1.75345,2.38223,3.05136,0,0.00078428,0.00078428,0.00078428
616,2822.07,1.33769,1.56189,1.00657,1.80042,0,0.19756,0.36364,0.14086,0.0421,0.02834,0.06818,0.00676,0.00159,2.69403,1.77062,2.47834,3.1022,0,0.0007823,0.0007823,0.0007823
617,2826.64,1.25642,1.51356,0.92574,1.72956,0,0.18503,0.25,0.12323,0.03928,0.02655,0.11364,0.00609,0.00129,2.63513,1.76691,2.57744,3.09813,0,0.00078032,0.00078032,0.00078032
618,2831.18,1.27605,1.50424,1.00631,1.75234,0,0.12657,0.36364,0.13104,0.0441,0.03826,0.11364,0.00635,0.00123,2.60858,1.75718,2.51615,3.085,0,0.00077834,0.00077834,0.00077834
619,2835.73,1.28734,1.5364,1.02387,1.7727,0,0.12657,0.36364,0.13104,0.0441,0.03826,0.11364,0.00635,0.00123,2.60858,1.75718,2.51615,3.085,0,0.00077636,0.00077636,0.00077636
620,2840.42,1.31995,1.57231,1.00922,1.81101,0,0.16188,0.38636,0.13152,0.04813,0.03145,0.09671,0.00598,0.00126,2.62965,1.74348,2.48198,3.11521,0,0.00077438,0.00077438,0.00077438
621,2844.98,1.28848,1.59037,0.99289,1.77886,0,0.17412,0.31818,0.14002,0.04847,0.03922,0.11364,0.00623,0.00126,2.61392,1.7585,2.49872,3.07103,0,0.0007724,0.0007724,0.0007724
622,2849.69,1.30234,1.57655,0.99936,1.7956,0,0.17795,0.34091,0.15759,0.05546,0.05448,0.11364,0.01006,0.00183,2.66536,1.7761,2.50774,3.11991,0,0.00077042,0.00077042,0.00077042
623,2854.29,1.24086,1.60819,0.98759,1.73788,0,0.25138,0.18182,0.14182,0.05116,0.05743,0.13636,0.01336,0.00244,2.65681,1.79376,2.49502,3.16006,0,0.00076844,0.00076844,0.00076844
624,2858.84,1.23208,1.55333,0.96896,1.75099,0,0.25138,0.18182,0.14182,0.05116,0.05743,0.13636,0.01336,0.00244,2.65681,1.79376,2.49502,3.16006,0,0.00076646,0.00076646,0.00076646
625,2863.44,1.20127,1.5614,0.959,1.73256,0,0.27241,0.22727,0.15115,0.04844,0.05167,0.11364,0.01347,0.00245,2.64039,1.80835,2.5109,3.15387,0,0.00076448,0.00076448,0.00076448
626,2867.94,1.26787,1.6116,0.97177,1.72601,0,0.32401,0.22727,0.17309,0.05677,0.04679,0.09091,0.01,0.002,2.65959,1.79116,2.45431,3.16557,0,0.0007625,0.0007625,0.0007625
627,2872.54,1.2837,1.5503,0.9771,1.775,0,0.3221,0.22727,0.1816,0.05674,0.04249,0.15909,0.01033,0.00205,2.62526,1.78503,2.4658,3.16347,0,0.00076052,0.00076052,0.00076052
628,2877,1.25484,1.54962,0.95578,1.7437,0,0.27473,0.29545,0.18691,0.06225,0.05284,0.09091,0.00912,0.002,2.62256,1.75789,2.39373,3.13177,0,0.00075854,0.00075854,0.00075854
629,2881.62,1.27838,1.58736,0.93846,1.75494,0,0.34557,0.25,0.22444,0.07451,0.03497,0.09639,0.01092,0.00211,2.57229,1.70721,2.39714,3.02714,0,0.00075656,0.00075656,0.00075656
630,2886.36,1.25956,1.59126,0.96216,1.73717,0,0.34557,0.25,0.22444,0.07451,0.03497,0.09639,0.01092,0.00211,2.57229,1.70721,2.39714,3.02714,0,0.00075458,0.00075458,0.00075458
631,2890.97,1.2729,1.61132,0.99461,1.76639,0,0.49303,0.25,0.26324,0.08599,0.07261,0.11364,0.01454,0.00218,2.5413,1.69097,2.3461,2.9985,0,0.0007526,0.0007526,0.0007526
632,2895.51,1.25848,1.54444,0.9309,1.7328,0,0.5233,0.22727,0.26148,0.08867,0.0736,0.11364,0.01516,0.00218,2.54501,1.69383,2.30374,3.01581,0,0.00075062,0.00075062,0.00075062
633,2900.1,1.29983,1.61982,0.99935,1.7462,0,0.39236,0.32296,0.30628,0.10189,0.05027,0.09387,0.01158,0.00169,2.54835,1.70371,2.27592,3.0118,0,0.00074864,0.00074864,0.00074864
634,2904.64,1.28884,1.58776,0.97961,1.79966,0,0.2183,0.36364,0.23267,0.09597,0.04599,0.11364,0.00878,0.00167,2.58244,1.74887,2.34177,3.08324,0,0.00074666,0.00074666,0.00074666
635,2909.23,1.26736,1.56829,0.98882,1.76671,0,0.2183,0.36364,0.23267,0.09597,0.04599,0.11364,0.00878,0.00167,2.58244,1.74887,2.34177,3.08324,0,0.00074468,0.00074468,0.00074468
636,2913.87,1.21657,1.52731,0.94966,1.73823,0,0.20738,0.27273,0.19775,0.07377,0.03802,0.09091,0.00826,0.00148,2.60955,1.77912,2.48444,3.16065,0,0.0007427,0.0007427,0.0007427
637,2918.47,1.26439,1.51436,0.98744,1.71459,0,0.3038,0.20455,0.13989,0.05271,0.03494,0.13636,0.00631,0.00119,2.66163,1.80982,2.59253,3.2414,0,0.00074072,0.00074072,0.00074072
638,2923.04,1.24157,1.54176,0.96803,1.73236,0,0.27789,0.15909,0.13555,0.05181,0.03893,0.11364,0.00991,0.00125,2.67398,1.8217,2.70066,3.29127,0,0.00073874,0.00073874,0.00073874
639,2927.74,1.26713,1.5534,1.01654,1.80027,0,0.35753,0.15909,0.16409,0.06054,0.04454,0.11364,0.01138,0.00154,2.68714,1.82872,2.65981,3.28992,0,0.00073676,0.00073676,0.00073676
640,2932.24,1.287,1.54578,0.96942,1.75579,0,0.35753,0.15909,0.16409,0.06054,0.04454,0.11364,0.01138,0.00154,2.68714,1.82872,2.65981,3.28992,0,0.00073478,0.00073478,0.00073478
641,2936.83,1.24187,1.53969,0.95129,1.71868,0,0.26896,0.23426,0.21428,0.07449,0.03663,0.13636,0.01431,0.00201,2.62647,1.79545,2.54645,3.23756,0,0.0007328,0.0007328,0.0007328
642,2941.43,1.30081,1.58412,0.95522,1.77108,0,0.2683,0.31818,0.25476,0.08534,0.04735,0.18182,0.01336,0.0018,2.57458,1.74442,2.30702,3.21744,0,0.00073082,0.00073082,0.00073082
643,2946.13,1.26584,1.57534,0.9554,1.78132,0,0.29102,0.34091,0.24522,0.09309,0.04975,0.15909,0.01393,0.00225,2.55374,1.72508,2.16591,3.13944,0,0.00072884,0.00072884,0.00072884
644,2950.64,1.23766,1.598,0.96155,1.76739,0,0.28979,0.40909,0.27783,0.10523,0.04611,0.15909,0.01402,0.00236,2.5676,1.69947,2.16884,3.10517,0,0.00072686,0.00072686,0.00072686
645,2955.28,1.27235,1.54166,0.95961,1.78486,0,0.32353,0.29352,0.24852,0.09602,0.0537,0.13636,0.02152,0.00361,2.56923,1.68596,2.15155,3.11695,0,0.00072488,0.00072488,0.00072488
646,2959.9,1.24181,1.48115,0.97729,1.77425,0,0.32353,0.29352,0.24852,0.09602,0.0537,0.13636,0.02152,0.00361,2.56923,1.68596,2.15155,3.11695,0,0.0007229,0.0007229,0.0007229
647,2964.52,1.24564,1.45797,0.93721,1.77434,0,0.31501,0.34091,0.24972,0.09745,0.07808,0.09091,0.01894,0.00302,2.57174,1.70189,2.24655,3.11147,0,0.00072092,0.00072092,0.00072092
648,2969.24,1.21869,1.53489,0.94385,1.73549,0,0.33696,0.22727,0.20656,0.0858,0.08489,0.04545,0.01626,0.00284,2.57085,1.72273,2.33857,3.06423,0,0.00071894,0.00071894,0.00071894
649,2973.97,1.29546,1.51085,0.95495,1.80256,0,0.34814,0.22727,0.20599,0.08898,0.04338,0.06818,0.01183,0.00228,2.55362,1.73875,2.42343,3.00508,0,0.00071696,0.00071696,0.00071696
650,2978.61,1.26418,1.49665,0.96325,1.78404,0,0.35957,0.20455,0.2149,0.08802,0.04356,0.06818,0.01076,0.00178,2.5221,1.73686,2.57322,3.00239,0,0.00071498,0.00071498,0.00071498
651,2983.26,1.25685,1.6057,0.96204,1.72549,0,0.35957,0.20455,0.2149,0.08802,0.04356,0.06818,0.01076,0.00178,2.5221,1.73686,2.57322,3.00239,0,0.000713,0.000713,0.000713
652,2987.71,1.26122,1.5309,0.98575,1.74684,0,0.57921,0.20455,0.24408,0.09574,0.0446,0.11364,0.01203,0.00205,2.50613,1.7311,2.57784,2.96231,0,0.00071102,0.00071102,0.00071102
653,2992.29,1.30985,1.59648,1.04119,1.7744,0,0.55193,0.20455,0.26384,0.10512,0.0513,0.09091,0.0126,0.00221,2.5073,1.71001,2.44945,2.97222,0,0.00070904,0.00070904,0.00070904
654,2996.88,1.27099,1.58341,0.97443,1.7401,0,0.24075,0.32436,0.25839,0.10194,0.0583,0.09091,0.01234,0.00232,2.52862,1.71229,2.49174,2.951,0,0.00070706,0.00070706,0.00070706
655,3001.55,1.29115,1.5676,0.98409,1.77667,0,0.23266,0.36364,0.27596,0.10337,0.06169,0.15909,0.01412,0.00225,2.54066,1.72568,2.5547,2.95581,0,0.00070508,0.00070508,0.00070508
656,3006.1,1.26793,1.51328,0.98209,1.73847,0,0.23266,0.36364,0.27596,0.10337,0.06169,0.15909,0.01412,0.00225,2.54066,1.72568,2.5547,2.95581,0,0.0007031,0.0007031,0.0007031
657,3010.65,1.2376,1.55981,0.96138,1.70027,0,0.70259,0.16125,0.25856,0.10361,0.06786,0.11364,0.01368,0.00244,2.54781,1.7254,2.51528,2.97422,0,0.00070112,0.00070112,0.00070112
658,3015.28,1.21577,1.55972,0.96915,1.70713,0,0.41126,0.27273,0.2516,0.09432,0.07842,0.13636,0.02022,0.00317,2.52219,1.71727,2.3648,2.99996,0,0.00069914,0.00069914,0.00069914
659,3019.98,1.26449,1.55807,0.98078,1.74189,0,0.4038,0.22727,0.24584,0.09786,0.12565,0.06818,0.01847,0.00303,2.49779,1.72673,2.31148,3.00068,0,0.00069716,0.00069716,0.00069716
660,3024.56,1.24078,1.51785,0.93671,1.7041,0,0.44334,0.27155,0.24209,0.09035,0.11151,0.06818,0.01568,0.00282,2.53976,1.75549,2.30019,3.0377,0,0.00069518,0.00069518,0.00069518
661,3029.23,1.25143,1.49629,0.94403,1.739,0,0.26369,0.25,0.23114,0.08783,0.07064,0.09091,0.01713,0.00308,2.57882,1.78082,2.34304,3.08677,0,0.0006932,0.0006932,0.0006932
662,3033.88,1.27307,1.5584,0.98424,1.74046,0,0.26369,0.25,0.23114,0.08783,0.07064,0.09091,0.01713,0.00308,2.57882,1.78082,2.34304,3.08677,0,0.00069122,0.00069122,0.00069122
663,3038.49,1.21823,1.5228,0.92033,1.75587,0,0.17052,0.34091,0.20736,0.07465,0.08394,0.11364,0.02232,0.00346,2.59203,1.77382,2.42751,3.11121,0,0.00068924,0.00068924,0.00068924
664,3042.99,1.25138,1.51019,0.92441,1.73019,0,0.19369,0.32215,0.20001,0.06552,0.1164,0.06818,0.02273,0.00415,2.54892,1.76825,2.45015,3.08558,0,0.00068726,0.00068726,0.00068726
665,3047.53,1.25863,1.53211,0.92096,1.69818,0,0.20022,0.27311,0.18724,0.06824,0.15067,0.04545,0.0182,0.00278,2.55957,1.7594,2.43879,3.08132,0,0.00068528,0.00068528,0.00068528
666,3052.07,1.21771,1.47298,0.90428,1.69926,0,0.23451,0.34091,0.22296,0.08073,0.05579,0.09091,0.0105,0.00193,2.58278,1.76168,2.43324,3.12544,0,0.0006833,0.0006833,0.0006833
667,3056.71,1.18633,1.47028,0.89723,1.71334,0,0.23451,0.34091,0.22296,0.08073,0.05579,0.09091,0.0105,0.00193,2.58278,1.76168,2.43324,3.12544,0,0.00068132,0.00068132,0.00068132
668,3061.32,1.30982,1.5576,0.9398,1.79637,0,0.28738,0.33915,0.23409,0.08866,0.06485,0.09091,0.01198,0.00233,2.59777,1.77427,2.37177,3.12942,0,0.00067934,0.00067934,0.00067934
669,3066.05,1.30698,1.55113,0.94928,1.75131,0,0.341,0.23537,0.23759,0.09157,0.06027,0.09091,0.01491,0.00269,2.62854,1.78898,2.32099,3.14385,0,0.00067736,0.00067736,0.00067736
670,3070.61,1.20357,1.51777,0.95272,1.66863,0,0.25783,0.34091,0.23386,0.08773,0.04149,0.09091,0.01429,0.00264,2.66987,1.78602,2.29693,3.19298,0,0.00067538,0.00067538,0.00067538
671,3075.14,1.24139,1.49124,0.99343,1.75082,0,0.28287,0.34091,0.23195,0.0851,0.05725,0.15909,0.02586,0.00358,2.6605,1.75405,2.22222,3.22707,0,0.0006734,0.0006734,0.0006734
672,3079.64,1.23779,1.52813,0.92604,1.72623,0,0.28287,0.34091,0.23195,0.0851,0.05725,0.15909,0.02586,0.00358,2.6605,1.75405,2.22222,3.22707,0,0.00067142,0.00067142,0.00067142
673,3084.19,1.20233,1.54218,0.9261,1.71296,0,0.19717,0.36364,0.22031,0.08658,0.06823,0.15909,0.02854,0.00552,2.62348,1.74531,2.17072,3.23416,0,0.00066944,0.00066944,0.00066944
674,3088.86,1.24156,1.51975,0.9471,1.76463,0,0.25066,0.31818,0.21779,0.08191,0.06404,0.09091,0.02094,0.00444,2.57222,1.72497,2.24316,3.17349,0,0.00066746,0.00066746,0.00066746
675,3093.58,1.20602,1.5076,0.92089,1.67298,0,0.28986,0.27273,0.20794,0.07432,0.09169,0.11364,0.02077,0.0042,2.53494,1.71353,2.33875,3.13051,0,0.00066548,0.00066548,0.00066548
676,3098.18,1.27306,1.56743,0.94832,1.77044,0,0.29721,0.27273,0.19979,0.0783,0.09897,0.09091,0.02073,0.00362,2.52341,1.73128,2.44023,3.07538,0,0.0006635,0.0006635,0.0006635
677,3102.76,1.20685,1.48747,0.91296,1.69088,0,0.24896,0.25,0.18225,0.07775,0.10062,0.09091,0.01892,0.0029,2.55116,1.72897,2.48749,3.06866,0,0.00066152,0.00066152,0.00066152
678,3107.33,1.20159,1.46279,0.90294,1.6937,0,0.24896,0.25,0.18225,0.07775,0.10062,0.09091,0.01892,0.0029,2.55116,1.72897,2.48749,3.06866,0,0.00065954,0.00065954,0.00065954
679,3112.07,1.21971,1.52728,0.94333,1.68976,0,0.47251,0.15909,0.19407,0.07935,0.10615,0.09091,0.02607,0.00407,2.55031,1.71436,2.41272,3.04553,0,0.00065756,0.00065756,0.00065756
680,3116.61,1.24369,1.52805,0.9257,1.72618,0,0.26356,0.29545,0.23022,0.08462,0.09867,0.09091,0.02564,0.00415,2.55997,1.70863,2.32506,3.00388,0,0.00065558,0.00065558,0.00065558
681,3121.16,1.22094,1.57658,0.93314,1.68899,0,0.54216,0.20455,0.25712,0.09877,0.07827,0.18182,0.021,0.00364,2.46338,1.70239,2.23872,2.9184,0,0.0006536,0.0006536,0.0006536
682,3125.75,1.20475,1.47733,0.89954,1.68662,0,0.46815,0.22727,0.29129,0.11331,0.06548,0.11364,0.01785,0.00294,2.42586,1.69358,2.21747,2.92699,0,0.00065162,0.00065162,0.00065162
683,3130.26,1.20665,1.42912,0.89786,1.71166,0,0.46815,0.22727,0.29129,0.11331,0.06548,0.11364,0.01785,0.00294,2.42586,1.69358,2.21747,2.92699,0,0.00064964,0.00064964,0.00064964
684,3134.83,1.16332,1.45131,0.8948,1.67698,0,0.60431,0.20455,0.27904,0.11703,0.06648,0.11364,0.01864,0.00352,2.40553,1.69751,2.21381,2.91656,0,0.00064766,0.00064766,0.00064766
685,3139.39,1.2853,1.5164,0.93244,1.71448,0,0.20384,0.43182,0.26791,0.11243,0.05346,0.11364,0.01462,0.00241,2.38704,1.69379,2.12015,2.89212,0,0.00064568,0.00064568,0.00064568
686,3144.08,1.18071,1.5378,0.89356,1.64381,0,0.28366,0.3061,0.29176,0.11566,0.04637,0.09091,0.01901,0.00267,2.40537,1.69018,2.14053,2.90381,0,0.0006437,0.0006437,0.0006437
687,3148.7,1.1765,1.47481,0.88021,1.72609,0,0.2234,0.45455,0.29069,0.11924,0.03835,0.11364,0.01319,0.0021,2.44219,1.69927,2.16874,2.95187,0,0.00064172,0.00064172,0.00064172
688,3153.37,1.24152,1.48118,0.91038,1.68643,0,0.2234,0.45455,0.29069,0.11924,0.03835,0.11364,0.01319,0.0021,2.44219,1.69927,2.16874,2.95187,0,0.00063974,0.00063974,0.00063974
689,3157.98,1.19384,1.5092,0.94475,1.728,0,0.20566,0.45455,0.26884,0.10367,0.03658,0.15909,0.01252,0.00217,2.39058,1.7042,2.28421,2.90372,0,0.00063776,0.00063776,0.00063776
690,3162.71,1.19534,1.49068,0.88684,1.6967,0,0.44227,0.22727,0.25691,0.09895,0.03625,0.13636,0.01084,0.00224,2.35622,1.72366,2.26247,2.86208,0,0.00063578,0.00063578,0.00063578
691,3167.26,1.16347,1.48103,0.85875,1.61427,0,0.34036,0.22727,0.25629,0.10444,0.03282,0.15909,0.01082,0.00216,2.37034,1.70341,2.27005,2.8985,0,0.0006338,0.0006338,0.0006338
692,3171.84,1.19666,1.50089,0.90319,1.6751,0,0.30778,0.25,0.2603,0.09904,0.03497,0.11364,0.0097,0.00219,2.39339,1.68218,2.32288,2.97904,0,0.00063182,0.00063182,0.00063182
693,3176.37,1.19307,1.4148,0.87803,1.68277,0,0.26924,0.29545,0.25464,0.09599,0.04621,0.13636,0.00992,0.00215,2.4285,1.69124,2.29227,3.01144,0,0.00062984,0.00062984,0.00062984
694,3181,1.1917,1.54467,0.92441,1.69376,0,0.26924,0.29545,0.25464,0.09599,0.04621,0.13636,0.00992,0.00215,2.4285,1.69124,2.29227,3.01144,0,0.00062786,0.00062786,0.00062786
695,3185.59,1.22266,1.49592,0.90467,1.67002,0,0.21908,0.31818,0.23373,0.08569,0.0554,0.06818,0.01295,0.00254,2.48889,1.70889,2.3405,3.08132,0,0.00062588,0.00062588,0.00062588
696,3190.19,1.19721,1.46823,0.87012,1.69205,0,0.20371,0.31818,0.22523,0.0897,0.04563,0.09091,0.01238,0.00234,2.51023,1.72152,2.41188,3.05794,0,0.0006239,0.0006239,0.0006239
697,3194.72,1.22421,1.47711,0.88702,1.69151,0,0.21249,0.38636,0.22786,0.0873,0.04136,0.09091,0.01233,0.00222,2.4672,1.72844,2.41652,3.01186,0,0.00062192,0.00062192,0.00062192
698,3199.23,1.22397,1.50019,0.9064,1.66772,0,0.22518,0.34091,0.241,0.09251,0.07154,0.11364,0.01648,0.00352,2.47544,1.74145,2.39201,3.03429,0,0.00061994,0.00061994,0.00061994
699,3203.8,1.18294,1.43847,0.89058,1.67143,0,0.22518,0.34091,0.241,0.09251,0.07154,0.11364,0.01648,0.00352,2.47544,1.74145,2.39201,3.03429,0,0.00061796,0.00061796,0.00061796
700,3208.52,1.19116,1.51087,0.88611,1.628,0,0.52891,0.18182,0.23917,0.09199,0.07092,0.11364,0.01789,0.00404,2.48727,1.74479,2.32791,3.05721,0,0.00061598,0.00061598,0.00061598
701,3213.29,1.22474,1.48514,0.90388,1.72762,0,0.54362,0.18182,0.23363,0.09355,0.0715,0.13636,0.01886,0.00323,2.54301,1.7314,2.32424,3.12667,0,0.000614,0.000614,0.000614
702,3217.92,1.19231,1.57164,0.89564,1.69795,0,0.39093,0.22727,0.23992,0.08572,0.05946,0.13636,0.01477,0.00238,2.54373,1.71929,2.37997,3.07863,0,0.00061202,0.00061202,0.00061202
703,3222.43,1.21012,1.51485,0.88273,1.66527,0,0.39866,0.22605,0.24098,0.09587,0.0525,0.13636,0.01154,0.00191,2.51414,1.71843,2.36728,3.02854,0,0.00061004,0.00061004,0.00061004
704,3227.05,1.18941,1.47285,0.88135,1.69463,0,0.39866,0.22605,0.24098,0.09587,0.0525,0.13636,0.01154,0.00191,2.51414,1.71843,2.36728,3.02854,0,0.00060806,0.00060806,0.00060806
705,3231.64,1.25965,1.49257,0.92595,1.74262,0,0.39756,0.24018,0.24236,0.0924,0.04765,0.06818,0.02192,0.00451,2.46764,1.73311,2.3797,2.99387,0,0.00060608,0.00060608,0.00060608
706,3236.24,1.19846,1.47423,0.88087,1.64856,0,0.37605,0.25,0.25791,0.10014,0.05195,0.09091,0.02247,0.00465,2.41626,1.75304,2.44959,2.95177,0,0.0006041,0.0006041,0.0006041
707,3240.87,1.22669,1.54965,0.91944,1.70653,0,0.47486,0.24674,0.26422,0.11033,0.06562,0.13636,0.02527,0.00361,2.40669,1.75168,2.48778,2.89425,0,0.00060212,0.00060212,0.00060212
708,3245.4,1.17623,1.43851,0.87379,1.68653,0,0.54908,0.22164,0.27808,0.11171,0.06888,0.13636,0.0323,0.0046,2.42615,1.75187,2.38396,2.8561,0,0.00060014,0.00060014,0.00060014
709,3250.07,1.19162,1.51017,0.91248,1.64906,0,0.28505,0.34091,0.29433,0.11126,0.06209,0.11364,0.02106,0.0035,2.45136,1.74218,2.22247,2.93653,0,0.00059816,0.00059816,0.00059816
710,3254.71,1.14812,1.42991,0.82194,1.66724,0,0.28505,0.34091,0.29433,0.11126,0.06209,0.11364,0.02106,0.0035,2.45136,1.74218,2.22247,2.93653,0,0.00059618,0.00059618,0.00059618
711,3259.31,1.16113,1.48183,0.86369,1.67295,0,0.50745,0.27273,0.30344,0.11105,0.03719,0.09091,0.01841,0.00377,2.48565,1.72726,2.16754,3.03179,0,0.0005942,0.0005942,0.0005942
712,3263.88,1.18284,1.44364,0.84982,1.64909,0,0.34781,0.38636,0.2895,0.11912,0.06054,0.09091,0.01723,0.0041,2.46737,1.70496,2.31127,3.05587,0,0.00059222,0.00059222,0.00059222
713,3268.51,1.25011,1.47284,0.90135,1.74177,0,0.31262,0.40909,0.30301,0.12201,0.0702,0.09091,0.01872,0.00368,2.51848,1.70645,2.45856,3.09247,0,0.00059024,0.00059024,0.00059024
714,3273.17,1.20525,1.48964,0.8713,1.69981,0,0.33324,0.38636,0.26562,0.10322,0.09745,0.11364,0.01784,0.00331,2.54248,1.69974,2.35947,3.13728,0,0.00058826,0.00058826,0.00058826
715,3277.64,1.17378,1.44734,0.85615,1.66158,0,0.33324,0.38636,0.26562,0.10322,0.09745,0.11364,0.01784,0.00331,2.54248,1.69974,2.35947,3.13728,0,0.00058628,0.00058628,0.00058628
716,3282.29,1.19853,1.45392,0.87922,1.70134,0,0.25097,0.29545,0.23231,0.0873,0.06222,0.09091,0.0168,0.00327,2.53142,1.69873,2.32327,3.12045,0,0.0005843,0.0005843,0.0005843
717,3286.83,1.22978,1.48696,0.92235,1.71598,0,0.20602,0.36364,0.19039,0.07767,0.06254,0.11364,0.01425,0.00272,2.59466,1.69113,2.46649,3.1806,0,0.00058232,0.00058232,0.00058232
718,3291.34,1.21172,1.51994,0.89599,1.68213,0,0.1678,0.27273,0.15552,0.06283,0.03819,0.13636,0.00989,0.00182,2.59342,1.69903,2.5809,3.15731,0,0.00058034,0.00058034,0.00058034
719,3296.06,1.21813,1.53115,0.91448,1.7272,0,0.20352,0.18182,0.14956,0.06329,0.03188,0.11364,0.00784,0.00167,2.63181,1.72394,2.6007,3.25509,0,0.00057836,0.00057836,0.00057836
720,3300.58,1.17288,1.44868,0.88035,1.64627,0,0.20352,0.18182,0.14956,0.06329,0.03188,0.11364,0.00784,0.00167,2.63181,1.72394,2.6007,3.25509,0,0.00057638,0.00057638,0.00057638
721,3305.2,1.21891,1.47887,0.8811,1.69742,0,0.29023,0.25,0.20415,0.08582,0.03586,0.09091,0.01153,0.00208,2.61222,1.73813,2.59558,3.16131,0,0.0005744,0.0005744,0.0005744
722,3309.84,1.16819,1.41447,0.86788,1.67816,0,0.25807,0.38636,0.24093,0.10478,0.05192,0.11364,0.01564,0.00242,2.57003,1.76348,2.55927,3.09831,0,0.00057242,0.00057242,0.00057242
723,3314.41,1.24724,1.51355,0.89541,1.69144,0,0.2605,0.36364,0.27354,0.11671,0.04221,0.11364,0.01517,0.00285,2.53657,1.75663,2.46577,3.055,0,0.00057044,0.00057044,0.00057044
724,3318.97,1.15552,1.44107,0.86826,1.62753,0,0.28015,0.34091,0.27993,0.12217,0.0686,0.09091,0.01899,0.00342,2.50955,1.74428,2.35042,3.04768,0,0.00056846,0.00056846,0.00056846
725,3323.54,1.1871,1.49319,0.87464,1.69631,0,0.27967,0.43182,0.29492,0.11998,0.05409,0.13636,0.02094,0.00399,2.5718,1.7316,2.33423,3.10188,0,0.00056648,0.00056648,0.00056648
726,3328.11,1.12476,1.45414,0.83436,1.62287,0,0.27967,0.43182,0.29492,0.11998,0.05409,0.13636,0.02094,0.00399,2.5718,1.7316,2.33423,3.10188,0,0.0005645,0.0005645,0.0005645
727,3332.95,1.17158,1.48,0.85741,1.67981,0,0.49345,0.25,0.30602,0.11665,0.06804,0.18182,0.02307,0.00456,2.59994,1.72938,2.39095,3.1018,0,0.00056252,0.00056252,0.00056252
728,3337.46,1.18997,1.45835,0.86189,1.7016,0,0.50464,0.29545,0.33371,0.12013,0.07222,0.18182,0.02464,0.00424,2.58244,1.7071,2.39012,3.05189,0,0.00056054,0.00056054,0.00056054
729,3342.12,1.17884,1.49008,0.88865,1.66848,0,0.46657,0.33802,0.36911,0.13312,0.06779,0.15909,0.02525,0.00404,2.56154,1.70932,2.28637,3.0127,0,0.00055856,0.00055856,0.00055856
730,3346.85,1.16462,1.4723,0.85921,1.66938,0,0.45607,0.32409,0.35729,0.12888,0.06846,0.15702,0.03273,0.005,2.54117,1.71577,2.25819,3.02931,0,0.00055658,0.00055658,0.00055658
731,3351.39,1.17101,1.46872,0.85888,1.68897,0,0.45607,0.32409,0.35729,0.12888,0.06846,0.15702,0.03273,0.005,2.54117,1.71577,2.25819,3.02931,0,0.0005546,0.0005546,0.0005546
732,3356.02,1.13005,1.37946,0.82594,1.62137,0,0.32217,0.38636,0.32786,0.12599,0.05518,0.13636,0.02784,0.00431,2.52256,1.71727,2.31538,2.99996,0,0.00055262,0.00055262,0.00055262
733,3360.66,1.13281,1.44349,0.83789,1.59937,0,0.34113,0.36364,0.33646,0.13736,0.07048,0.13636,0.02723,0.0036,2.44298,1.75251,2.30465,2.89948,0,0.00055064,0.00055064,0.00055064
734,3365.37,1.16888,1.46054,0.87612,1.68784,0,0.31875,0.36364,0.29735,0.12641,0.06424,0.11364,0.02643,0.0035,2.49572,1.79177,2.3669,2.95057,0,0.00054866,0.00054866,0.00054866
735,3370.02,1.21449,1.50772,0.89851,1.74902,0,0.27572,0.30291,0.24276,0.09636,0.07002,0.11364,0.01405,0.00207,2.49769,1.8159,2.42327,2.98145,0,0.00054668,0.00054668,0.00054668
736,3374.64,1.15068,1.49771,0.87812,1.67257,0,0.27572,0.30291,0.24276,0.09636,0.07002,0.11364,0.01405,0.00207,2.49769,1.8159,2.42327,2.98145,0,0.0005447,0.0005447,0.0005447
737,3379.22,1.17424,1.48383,0.84824,1.6377,0,0.33976,0.24571,0.235,0.08937,0.10002,0.09091,0.0171,0.00254,2.56279,1.8008,2.51987,3.0524,0,0.00054272,0.00054272,0.00054272
738,3383.71,1.15149,1.45821,0.84936,1.65959,0,0.44324,0.20455,0.22734,0.08309,0.05817,0.06818,0.01257,0.00206,2.62905,1.76246,2.52878,3.09057,0,0.00054074,0.00054074,0.00054074
739,3388.3,1.18716,1.45949,0.87376,1.72013,0,0.22035,0.34091,0.2242,0.07883,0.02339,0.27273,0.01439,0.00228,2.5631,1.72376,2.52357,2.9979,0,0.00053876,0.00053876,0.00053876
740,3393.03,1.16835,1.45192,0.88,1.67202,0,0.21112,0.36364,0.22992,0.08902,0.03768,0.25,0.01142,0.00209,2.4818,1.7268,2.4516,2.91845,0,0.00053678,0.00053678,0.00053678
741,3397.64,1.1807,1.50286,0.86117,1.6606,0,0.22468,0.36887,0.22316,0.08895,0.04369,0.13636,0.0102,0.00225,2.49166,1.73579,2.37646,2.93417,0,0.0005348,0.0005348,0.0005348
742,3402.21,1.16688,1.46044,0.85819,1.66428,0,0.22468,0.36887,0.22316,0.08895,0.04369,0.13636,0.0102,0.00225,2.49166,1.73579,2.37646,2.93417,0,0.00053282,0.00053282,0.00053282
743,3406.83,1.17068,1.41748,0.86827,1.63245,0,0.21491,0.40909,0.24255,0.09455,0.04529,0.18182,0.01271,0.00225,2.45672,1.74137,2.41139,2.88953,0,0.00053084,0.00053084,0.00053084
744,3411.36,1.17171,1.52179,0.88213,1.68621,0,0.38018,0.20455,0.24707,0.09492,0.02519,0.29545,0.01382,0.00239,2.45213,1.75492,2.51359,2.91893,0,0.00052886,0.00052886,0.00052886
745,3415.99,1.1362,1.45829,0.82193,1.63249,0,0.37723,0.22727,0.25948,0.1012,0.02835,0.09091,0.01385,0.0022,2.46057,1.7471,2.4322,2.94161,0,0.00052688,0.00052688,0.00052688
746,3420.58,1.12958,1.43619,0.86777,1.63755,0,0.29859,0.27273,0.25797,0.10329,0.03316,0.11364,0.01467,0.00245,2.4901,1.73137,2.39082,2.92234,0,0.0005249,0.0005249,0.0005249
747,3425.14,1.22392,1.52612,0.90859,1.64773,0,0.29859,0.27273,0.25797,0.10329,0.03316,0.11364,0.01467,0.00245,2.4901,1.73137,2.39082,2.92234,0,0.00052292,0.00052292,0.00052292
748,3429.69,1.12998,1.44084,0.85228,1.62004,0,0.25049,0.36364,0.24732,0.09809,0.05145,0.15909,0.02174,0.0029,2.51064,1.72696,2.42076,2.96939,0,0.00052094,0.00052094,0.00052094
749,3434.43,1.21237,1.48226,0.91295,1.6885,0,0.28037,0.36364,0.25006,0.09572,0.06519,0.09091,0.02316,0.00364,2.51555,1.73793,2.46633,2.99102,0,0.00051896,0.00051896,0.00051896
750,3438.99,1.1059,1.42279,0.8278,1.64211,0,0.29224,0.38636,0.26451,0.10244,0.08681,0.11364,0.02493,0.00398,2.48606,1.7594,2.49338,2.99802,0,0.00051698,0.00051698,0.00051698
751,3443.46,1.1914,1.41423,0.84545,1.65235,0,0.30446,0.37814,0.28596,0.10953,0.10695,0.09091,0.02717,0.0043,2.49918,1.75586,2.50312,3.05501,0,0.000515,0.000515,0.000515
752,3448.04,1.16154,1.46523,0.83353,1.64524,0,0.30446,0.37814,0.28596,0.10953,0.10695,0.09091,0.02717,0.0043,2.49918,1.75586,2.50312,3.05501,0,0.00051302,0.00051302,0.00051302
753,3452.73,1.0934,1.41881,0.8274,1.61411,0,0.28217,0.31276,0.25572,0.10761,0.08325,0.09091,0.01692,0.0027,2.54438,1.75116,2.44532,3.0999,0,0.00051104,0.00051104,0.00051104
754,3457.2,1.08397,1.42578,0.84112,1.59568,0,0.44589,0.22727,0.24576,0.10653,0.11561,0.06818,0.02802,0.00362,2.55018,1.73838,2.44303,3.09501,0,0.00050906,0.00050906,0.00050906
755,3461.78,1.19241,1.49538,0.8769,1.69844,0,0.45243,0.18182,0.22273,0.09557,0.05105,0.13636,0.02317,0.00305,2.52309,1.71753,2.47731,3.0694,0,0.00050708,0.00050708,0.00050708
756,3466.34,1.16273,1.47186,0.86536,1.66338,0,0.43958,0.20455,0.24243,0.10073,0.06014,0.11364,0.02679,0.00499,2.49023,1.72021,2.4017,3.04744,0,0.0005051,0.0005051,0.0005051
757,3470.85,1.10703,1.45429,0.82131,1.57186,0,0.28279,0.31818,0.28146,0.11434,0.10115,0.11364,0.02997,0.0059,2.47924,1.6997,2.27125,3.02518,0,0.00050312,0.00050312,0.00050312
758,3475.38,1.18902,1.53738,0.8758,1.65773,0,0.28279,0.31818,0.28146,0.11434,0.10115,0.11364,0.02997,0.0059,2.47924,1.6997,2.27125,3.02518,0,0.00050114,0.00050114,0.00050114
759,3480.08,1.13256,1.51415,0.85835,1.61476,0,0.33358,0.36364,0.32925,0.12753,0.10443,0.11364,0.02955,0.00544,2.48662,1.69586,2.23875,3.04766,0,0.00049916,0.00049916,0.00049916
760,3484.74,1.07378,1.4365,0.79986,1.58081,0,0.3019,0.38636,0.33675,0.1333,0.07136,0.13636,0.02118,0.0034,2.53909,1.70956,2.2794,3.07074,0,0.00049718,0.00049718,0.00049718
761,3489.37,1.10755,1.47287,0.83716,1.61353,0,0.31459,0.36364,0.31993,0.12227,0.06368,0.13636,0.01943,0.00285,2.5888,1.72041,2.31571,3.07793,0,0.0004952,0.0004952,0.0004952
762,3494.01,1.07448,1.43546,0.79132,1.59047,0,0.23905,0.38636,0.29685,0.11214,0.07855,0.13636,0.02214,0.00331,2.61726,1.73061,2.38945,3.06871,0,0.00049322,0.00049322,0.00049322
763,3498.54,1.09111,1.3772,0.81525,1.58277,0,0.23905,0.38636,0.29685,0.11214,0.07855,0.13636,0.02214,0.00331,2.61726,1.73061,2.38945,3.06871,0,0.00049124,0.00049124,0.00049124
764,3503.13,1.16185,1.47967,0.83397,1.68607,0,0.27279,0.40909,0.29747,0.11041,0.07578,0.11364,0.02554,0.00401,2.65744,1.73612,2.40512,3.1294,0,0.00048926,0.00048926,0.00048926
765,3507.71,1.14756,1.45758,0.82896,1.63199,0,0.30539,0.35978,0.27586,0.10591,0.0655,0.11364,0.0217,0.00369,2.68225,1.75827,2.41053,3.20072,0,0.00048728,0.00048728,0.00048728
766,3512.31,1.15043,1.48915,0.83929,1.70391,0,0.28698,0.25,0.23211,0.09872,0.0608,0.09091,0.02675,0.00422,2.57082,1.79492,2.4719,3.11415,0,0.0004853,0.0004853,0.0004853
767,3516.83,1.16805,1.47459,0.83255,1.67067,0,0.30717,0.27273,0.25366,0.10713,0.03949,0.06818,0.00955,0.00221,2.54518,1.81978,2.43216,3.10537,0,0.00048332,0.00048332,0.00048332
768,3521.53,1.1343,1.44886,0.83075,1.61536,0,0.30717,0.27273,0.25366,0.10713,0.03949,0.06818,0.00955,0.00221,2.54518,1.81978,2.43216,3.10537,0,0.00048134,0.00048134,0.00048134
769,3526.14,1.10628,1.41982,0.80609,1.60829,0,0.2738,0.29999,0.24015,0.09756,0.03478,0.09091,0.0097,0.00213,2.58535,1.83725,2.41516,3.16844,0,0.00047936,0.00047936,0.00047936
770,3530.82,1.12206,1.42651,0.83711,1.62171,0,0.30025,0.27273,0.23449,0.08973,0.03419,0.09091,0.00776,0.00178,2.64407,1.81777,2.35454,3.23576,0,0.00047738,0.00047738,0.00047738
771,3535.37,1.17853,1.43194,0.85662,1.62951,0,0.2545,0.29545,0.21165,0.08443,0.05827,0.06818,0.01277,0.00219,2.706,1.80588,2.32844,3.30467,0,0.0004754,0.0004754,0.0004754
772,3539.99,1.14889,1.42537,0.82268,1.66127,0,0.34651,0.31818,0.2384,0.08857,0.06813,0.06818,0.01832,0.00266,2.70475,1.79085,2.29437,3.27967,0,0.00047342,0.00047342,0.00047342
773,3544.59,1.11401,1.39591,0.80994,1.61246,0,0.37398,0.29545,0.28085,0.11018,0.0687,0.09091,0.02263,0.00324,2.66516,1.80308,2.21931,3.21967,0,0.00047144,0.00047144,0.00047144
774,3549.09,1.0684,1.41634,0.80754,1.58884,0,0.37398,0.29545,0.28085,0.11018,0.0687,0.09091,0.02263,0.00324,2.66516,1.80308,2.21931,3.21967,0,0.00046946,0.00046946,0.00046946
775,3553.61,1.13198,1.41924,0.81401,1.65728,0,0.41584,0.27273,0.28343,0.10917,0.05977,0.09091,0.02765,0.00396,2.63012,1.80348,2.25413,3.16716,0,0.00046748,0.00046748,0.00046748
776,3558.15,1.1829,1.52718,0.8706,1.64791,0,0.39247,0.25,0.28126,0.10657,0.04019,0.09091,0.02535,0.00369,2.62132,1.81344,2.18718,3.14273,0,0.0004655,0.0004655,0.0004655
777,3562.67,1.10078,1.43692,0.8563,1.63881,0,0.2598,0.38636,0.26328,0.10413,0.07657,0.06818,0.02265,0.00344,2.64307,1.80703,2.24723,3.15478,0,0.00046352,0.00046352,0.00046352
778,3567.28,1.09255,1.41604,0.79639,1.62433,0,0.31404,0.25,0.25993,0.09872,0.07712,0.09091,0.02501,0.00398,2.69328,1.81252,2.34226,3.18559,0,0.00046154,0.00046154,0.00046154
779,3571.96,1.10223,1.43951,0.81441,1.63261,0,0.31404,0.25,0.25993,0.09872,0.07712,0.09091,0.02501,0.00398,2.69328,1.81252,2.34226,3.18559,0,0.00045956,0.00045956,0.00045956
780,3576.48,1.10877,1.37463,0.84351,1.59801,0,0.24343,0.27273,0.20972,0.08513,0.09154,0.11364,0.02671,0.00408,2.72688,1.8251,2.41468,3.26158,0,0.00045758,0.00045758,0.00045758
781,3581.21,1.11667,1.47103,0.85386,1.63555,0,0.28052,0.20455,0.20154,0.08093,0.08553,0.11364,0.02465,0.00462,2.72375,1.82571,2.46225,3.28266,0,0.0004556,0.0004556,0.0004556
782,3585.83,1.14491,1.42449,0.83161,1.63589,0,0.29683,0.20455,0.21863,0.08596,0.07994,0.11364,0.02691,0.00515,2.6431,1.81107,2.59879,3.17115,0,0.00045362,0.00045362,0.00045362
783,3590.48,1.13202,1.42055,0.80369,1.61142,0,0.26059,0.22727,0.23282,0.08791,0.06914,0.09091,0.02644,0.00362,2.59529,1.79871,2.63159,3.14409,0,0.00045164,0.00045164,0.00045164
784,3595,1.1202,1.38301,0.86033,1.59063,0,0.26059,0.22727,0.23282,0.08791,0.06914,0.09091,0.02644,0.00362,2.59529,1.79871,2.63159,3.14409,0,0.00044966,0.00044966,0.00044966
785,3599.65,1.15041,1.47052,0.8537,1.63706,0,0.2857,0.27273,0.24383,0.09129,0.05267,0.09091,0.0157,0.00261,2.54109,1.79537,2.52442,3.07222,0,0.00044768,0.00044768,0.00044768
786,3604.18,1.10015,1.40705,0.84758,1.58927,0,0.43165,0.22727,0.27717,0.1093,0.05525,0.11364,0.01748,0.00245,2.56859,1.78058,2.43623,3.10541,0,0.0004457,0.0004457,0.0004457
787,3608.73,1.11558,1.40866,0.8081,1.62638,0,0.28669,0.34091,0.28279,0.10554,0.0629,0.09091,0.02763,0.00357,2.60114,1.79089,2.39214,3.09078,0,0.00044372,0.00044372,0.00044372
788,3613.25,1.12519,1.47815,0.84445,1.59873,0,0.36903,0.25,0.27534,0.1051,0.06046,0.06818,0.02403,0.00334,2.63668,1.80145,2.37436,3.13113,0,0.00044174,0.00044174,0.00044174
789,3617.83,1.12662,1.49474,0.8398,1.60363,0,0.46837,0.22727,0.26762,0.10853,0.09646,0.09091,0.03252,0.00409,2.62783,1.7722,2.39606,3.1437,0,0.00043976,0.00043976,0.00043976
790,3622.46,1.13176,1.47052,0.85255,1.64585,0,0.46837,0.22727,0.26762,0.10853,0.09646,0.09091,0.03252,0.00409,2.62783,1.7722,2.39606,3.1437,0,0.00043778,0.00043778,0.00043778
791,3627.09,1.13651,1.4884,0.8366,1.62376,0,0.60853,0.20455,0.26932,0.11839,0.08366,0.09091,0.02822,0.00358,2.54625,1.78804,2.47411,3.03281,0,0.0004358,0.0004358,0.0004358
792,3631.71,1.07838,1.40885,0.80082,1.61893,0,0.70969,0.18182,0.27493,0.12073,0.0909,0.09091,0.02603,0.00476,2.49853,1.7936,2.50633,3.02201,0,0.00043382,0.00043382,0.00043382
793,3636.25,1.14813,1.41967,0.82893,1.61903,0,0.72784,0.18182,0.27021,0.11594,0.07044,0.13636,0.02487,0.00369,2.45809,1.81273,2.45408,3.02283,0,0.00043184,0.00043184,0.00043184
794,3640.97,1.19998,1.45132,0.88064,1.65497,0,0.73837,0.18182,0.26999,0.11969,0.07149,0.13636,0.02596,0.00469,2.42919,1.81317,2.39304,2.9766,0,0.00042986,0.00042986,0.00042986
795,3645.57,1.12371,1.4283,0.84801,1.63363,0,0.73837,0.18182,0.26999,0.11969,0.07149,0.13636,0.02596,0.00469,2.42919,1.81317,2.39304,2.9766,0,0.00042788,0.00042788,0.00042788
796,3650.1,1.09433,1.4208,0.81068,1.55449,0,0.2645,0.31067,0.25799,0.10437,0.07374,0.13636,0.02259,0.00322,2.42942,1.82557,2.37483,2.94008,0,0.0004259,0.0004259,0.0004259
797,3654.77,1.13176,1.40582,0.82029,1.60386,0,0.29309,0.32991,0.26215,0.10177,0.08859,0.09091,0.01948,0.00349,2.49193,1.82862,2.44006,3.06785,0,0.00042392,0.00042392,0.00042392
798,3659.4,1.11406,1.3989,0.80757,1.57282,0,0.28305,0.34091,0.26522,0.09781,0.10117,0.09091,0.02688,0.00464,2.54573,1.84513,2.46608,3.17367,0,0.00042194,0.00042194,0.00042194
799,3664.2,1.119,1.40402,0.81385,1.62606,0,0.30399,0.34091,0.25544,0.09275,0.04351,0.09091,0.02027,0.00405,2.5424,1.84968,2.57676,3.19722,0,0.00041996,0.00041996,0.00041996
800,3668.71,1.09588,1.42108,0.81204,1.61232,0,0.30399,0.34091,0.25544,0.09275,0.04351,0.09091,0.02027,0.00405,2.5424,1.84968,2.57676,3.19722,0,0.00041798,0.00041798,0.00041798
801,3673.3,1.15714,1.48082,0.82881,1.60994,0,0.29859,0.31818,0.26245,0.10065,0.0612,0.13636,0.02341,0.00475,2.50514,1.85239,2.56384,3.16507,0,0.000416,0.000416,0.000416
802,3677.88,1.11808,1.40473,0.81223,1.59798,0,0.33466,0.40909,0.29986,0.11507,0.09296,0.11364,0.03262,0.00651,2.51978,1.85164,2.57466,3.17252,0,0.00041402,0.00041402,0.00041402
803,3682.56,1.08134,1.43676,0.8059,1.59045,0,0.3303,0.42603,0.30603,0.11409,0.11374,0.13636,0.03569,0.00649,2.48947,1.8226,2.49545,3.13823,0,0.00041204,0.00041204,0.00041204
804,3687.16,1.10748,1.4559,0.81973,1.61148,0,0.29389,0.38636,0.30228,0.11327,0.0926,0.13636,0.03477,0.00593,2.48112,1.80364,2.40796,3.09858,0,0.00041006,0.00041006,0.00041006
805,3691.81,1.1103,1.41522,0.8322,1.59318,0,0.24631,0.40909,0.28714,0.11894,0.06269,0.11364,0.04206,0.00544,2.4549,1.78337,2.29199,3.08059,0,0.00040808,0.00040808,0.00040808
806,3696.4,1.11549,1.47736,0.83449,1.6078,0,0.24631,0.40909,0.28714,0.11894,0.06269,0.11364,0.04206,0.00544,2.4549,1.78337,2.29199,3.08059,0,0.0004061,0.0004061,0.0004061
807,3701.05,1.08198,1.46391,0.82543,1.57641,0,0.48283,0.23361,0.27636,0.12573,0.04522,0.13636,0.03734,0.00737,2.41599,1.7604,2.20442,3.07863,0,0.00040412,0.00040412,0.00040412
808,3705.71,1.09902,1.44571,0.82876,1.56291,0,0.57614,0.21659,0.29564,0.13673,0.04891,0.11364,0.03517,0.00691,2.43273,1.75515,2.25229,3.07384,0,0.00040214,0.00040214,0.00040214
809,3710.41,1.07334,1.41718,0.81552,1.58671,0,0.58098,0.20455,0.28565,0.13817,0.04076,0.11364,0.03473,0.00703,2.45675,1.76936,2.35926,3.07659,0,0.00040016,0.00040016,0.00040016
810,3715.14,1.07472,1.44314,0.83302,1.55262,0,0.44243,0.25,0.30995,0.13714,0.08139,0.06818,0.03851,0.00736,2.47389,1.76851,2.46021,3.05607,0,0.00039818,0.00039818,0.00039818
811,3719.75,1.08171,1.43433,0.78213,1.59112,0,0.44243,0.25,0.30995,0.13714,0.08139,0.06818,0.03851,0.00736,2.47389,1.76851,2.46021,3.05607,0,0.0003962,0.0003962,0.0003962
812,3724.38,1.03283,1.43562,0.79797,1.56493,0,0.34429,0.29545,0.29738,0.12263,0.07945,0.06818,0.02689,0.00394,2.50555,1.75943,2.4867,3.13945,0,0.00039422,0.00039422,0.00039422
813,3728.99,1.1234,1.39056,0.82091,1.60651,0,0.33784,0.31818,0.27942,0.1113,0.09391,0.06818,0.02594,0.00523,2.51965,1.76623,2.45934,3.21615,0,0.00039224,0.00039224,0.00039224
814,3733.56,1.10485,1.35763,0.80759,1.62844,0,0.30301,0.29545,0.28493,0.10781,0.12227,0.09091,0.03215,0.00498,2.57248,1.76611,2.43626,3.33809,0,0.00039026,0.00039026,0.00039026
815,3738.18,1.10974,1.4319,0.83753,1.57223,0,0.29103,0.35462,0.27937,0.1103,0.10877,0.09091,0.03024,0.00467,2.62318,1.75168,2.31696,3.43193,0,0.00038828,0.00038828,0.00038828
816,3742.7,1.09619,1.42687,0.79499,1.60951,0,0.29103,0.35462,0.27937,0.1103,0.10877,0.09091,0.03024,0.00467,2.62318,1.75168,2.31696,3.43193,0,0.0003863,0.0003863,0.0003863
817,3747.31,1.10476,1.44557,0.79881,1.55812,0,0.33873,0.38636,0.28723,0.11403,0.09912,0.11364,0.03423,0.00516,2.64143,1.73636,2.19478,3.42782,0,0.00038432,0.00038432,0.00038432
818,3751.94,1.08929,1.42997,0.7903,1.52805,0,0.3512,0.40909,0.30659,0.12575,0.09523,0.11364,0.04105,0.00657,2.634,1.7178,2.17536,3.35186,0,0.00038234,0.00038234,0.00038234
819,3756.62,1.06379,1.39291,0.77044,1.57942,0,0.35354,0.43182,0.29999,0.11311,0.1088,0.13636,0.04021,0.00651,2.59716,1.70344,2.14686,3.26027,0,0.00038036,0.00038036,0.00038036
820,3761.19,1.04349,1.35802,0.76259,1.57032,0,0.33468,0.41161,0.31535,0.11622,0.08582,0.18182,0.03554,0.00503,2.55381,1.72043,2.11928,3.20148,0,0.00037838,0.00037838,0.00037838
821,3765.74,1.09459,1.42253,0.82565,1.57952,0,0.32439,0.43182,0.29743,0.11354,0.10674,0.11364,0.03397,0.00595,2.5421,1.73514,2.15414,3.17138,0,0.0003764,0.0003764,0.0003764
822,3770.47,1.08524,1.40325,0.80143,1.56445,0,0.32439,0.43182,0.29743,0.11354,0.10674,0.11364,0.03397,0.00595,2.5421,1.73514,2.15414,3.17138,0,0.00037442,0.00037442,0.00037442
823,3775.01,1.13119,1.4001,0.82784,1.63401,0,0.26423,0.40909,0.28175,0.10997,0.09555,0.18182,0.03736,0.00573,2.55364,1.74037,2.25024,3.17192,0,0.00037244,0.00037244,0.00037244
824,3779.56,1.08069,1.38074,0.79624,1.59294,0,0.24344,0.32183,0.24867,0.09627,0.08396,0.09091,0.02833,0.00493,2.536,1.76684,2.4148,3.13392,0,0.00037046,0.00037046,0.00037046
825,3784.14,1.08839,1.42903,0.82288,1.60321,0,0.23161,0.38636,0.24604,0.08949,0.05937,0.11364,0.02581,0.00359,2.54822,1.75621,2.46418,3.14571,0,0.00036848,0.00036848,0.00036848
826,3788.79,1.10725,1.40565,0.7939,1.58372,0,0.22938,0.43182,0.24635,0.09316,0.05794,0.11364,0.02806,0.00419,2.52507,1.74633,2.5457,3.05864,0,0.0003665,0.0003665,0.0003665
827,3793.43,1.11187,1.37921,0.80551,1.57974,0,0.22938,0.43182,0.24635,0.09316,0.05794,0.11364,0.02806,0.00419,2.52507,1.74633,2.5457,3.05864,0,0.00036452,0.00036452,0.00036452
828,3798.18,1.10229,1.39736,0.79582,1.53084,0,0.20257,0.43182,0.23632,0.09693,0.18902,0.04545,0.02482,0.00497,2.50287,1.73609,2.56865,3.0116,0,0.00036254,0.00036254,0.00036254
829,3802.74,1.0922,1.44931,0.814,1.58573,0,0.19476,0.45455,0.2496,0.10793,0.04057,0.11364,0.00911,0.00223,2.5036,1.72936,2.52832,3.01112,0,0.00036056,0.00036056,0.00036056
830,3807.33,1.07592,1.44682,0.78949,1.56185,0,0.31974,0.25,0.26409,0.12054,0.0389,0.11364,0.00882,0.00202,2.50256,1.72795,2.49061,3.03461,0,0.00035858,0.00035858,0.00035858
831,3812.08,1.10064,1.39826,0.79095,1.59838,0,0.37774,0.25,0.28494,0.12254,0.03852,0.11364,0.00813,0.00169,2.51571,1.72581,2.45947,3.07522,0,0.0003566,0.0003566,0.0003566
832,3816.61,1.02227,1.3528,0.79671,1.51328,0,0.37774,0.25,0.28494,0.12254,0.03852,0.11364,0.00813,0.00169,2.51571,1.72581,2.45947,3.07522,0,0.00035462,0.00035462,0.00035462
833,3821.22,1.07075,1.39026,0.80199,1.56855,0,0.37796,0.22727,0.2616,0.11012,0.04187,0.13636,0.00809,0.0016,2.54802,1.73627,2.48762,3.12303,0,0.00035264,0.00035264,0.00035264
834,3825.88,1.08406,1.4237,0.80494,1.59952,0,0.43827,0.21303,0.26127,0.10733,0.17902,0.04545,0.04033,0.00492,2.60057,1.74935,2.51272,3.20004,0,0.00035066,0.00035066,0.00035066
835,3830.4,1.11782,1.4182,0.80927,1.58543,0,0.37145,0.26873,0.30461,0.12403,0.24108,0.04545,0.04205,0.00552,2.63222,1.75832,2.46697,3.20362,0,0.00034868,0.00034868,0.00034868
836,3834.98,1.11008,1.4114,0.81265,1.55316,0,0.70601,0.20455,0.30052,0.12224,0.05568,0.11364,0.03526,0.00461,2.64352,1.74661,2.50192,3.19359,0,0.0003467,0.0003467,0.0003467
837,3839.6,1.08022,1.51451,0.79723,1.5437,0,0.44157,0.25,0.30296,0.12442,0.05911,0.09091,0.03622,0.00515,2.61989,1.75268,2.48279,3.13907,0,0.00034472,0.00034472,0.00034472
838,3844.22,1.13489,1.42155,0.82131,1.63301,0,0.44157,0.25,0.30296,0.12442,0.05911,0.09091,0.03622,0.00515,2.61989,1.75268,2.48279,3.13907,0,0.00034274,0.00034274,0.00034274
839,3848.88,1.04332,1.36514,0.80198,1.54561,0,0.47379,0.24571,0.28881,0.12428,0.06303,0.11364,0.03689,0.00508,2.58529,1.74671,2.48828,3.08383,0,0.00034076,0.00034076,0.00034076
840,3853.53,1.06072,1.34498,0.77275,1.55414,0,0.67682,0.20455,0.28497,0.12441,0.07208,0.09091,0.0398,0.00549,2.566,1.74311,2.49728,3.0537,0,0.00033878,0.00033878,0.00033878
841,3858.09,1.06246,1.41284,0.76387,1.5689,0,0.26893,0.34091,0.30028,0.13001,0.08096,0.09091,0.0397,0.00526,2.55966,1.75041,2.44345,3.05546,0,0.0003368,0.0003368,0.0003368
842,3862.72,1.0879,1.40931,0.78392,1.57199,0,0.27226,0.36364,0.30885,0.13614,0.08141,0.09091,0.03979,0.00511,2.54011,1.76759,2.35506,3.08075,0,0.00033482,0.00033482,0.00033482
843,3867.31,1.04462,1.35301,0.77422,1.50265,0,0.27226,0.36364,0.30885,0.13614,0.08141,0.09091,0.03979,0.00511,2.54011,1.76759,2.35506,3.08075,0,0.00033284,0.00033284,0.00033284
844,3871.99,1.10459,1.4263,0.80593,1.61145,0,0.34946,0.45455,0.33302,0.13708,0.07964,0.09091,0.03796,0.00476,2.54111,1.78981,2.22355,3.10464,0,0.00033086,0.00033086,0.00033086
845,3876.56,1.0826,1.36895,0.77579,1.56434,0,0.30285,0.40909,0.32994,0.1407,0.05105,0.06818,0.03449,0.00438,2.54133,1.78741,2.17252,3.11769,0,0.00032888,0.00032888,0.00032888
846,3881.14,1.0871,1.35915,0.79421,1.57984,0,0.29353,0.40909,0.32516,0.13347,0.04878,0.06818,0.02219,0.00329,2.54712,1.78272,2.16505,3.14004,0,0.0003269,0.0003269,0.0003269
847,3885.75,1.02943,1.3909,0.78928,1.54104,0,0.39246,0.29545,0.32922,0.13865,0.06708,0.09091,0.01621,0.00249,2.53856,1.78873,2.18555,3.13852,0,0.00032492,0.00032492,0.00032492
848,3890.3,1.04477,1.3566,0.80866,1.56533,0,0.39246,0.29545,0.32922,0.13865,0.06708,0.09091,0.01621,0.00249,2.53856,1.78873,2.18555,3.13852,0,0.00032294,0.00032294,0.00032294
849,3894.95,1.02973,1.35134,0.75223,1.5165,0,0.31089,0.29545,0.3165,0.12729,0.0926,0.11364,0.0173,0.00286,2.57803,1.78793,2.17557,3.20774,0,0.00032096,0.00032096,0.00032096
850,3899.55,1.06243,1.392,0.78111,1.54749,0,0.40057,0.25,0.28734,0.11083,0.06044,0.09091,0.0129,0.00252,2.62243,1.7932,2.29855,3.29055,0,0.00031898,0.00031898,0.00031898
851,3904.19,1.02729,1.29314,0.74673,1.51003,0,0.41967,0.22727,0.27104,0.1015,0.06991,0.09091,0.01419,0.00296,2.64092,1.78567,2.35116,3.2907,0,0.000317,0.000317,0.000317
852,3908.81,1.07998,1.39817,0.79275,1.59091,0,0.38883,0.22727,0.2646,0.09801,0.08777,0.09091,0.01509,0.00298,2.65404,1.78107,2.47262,3.25191,0,0.00031502,0.00031502,0.00031502
853,3913.45,1.06635,1.35952,0.75602,1.55955,0,0.30351,0.30715,0.27237,0.09896,0.09812,0.09091,0.01635,0.00347,2.687,1.7703,2.49682,3.2943,0,0.00031304,0.00031304,0.00031304
854,3918,1.03542,1.34564,0.76811,1.52153,0,0.30351,0.30715,0.27237,0.09896,0.09812,0.09091,0.01635,0.00347,2.687,1.7703,2.49682,3.2943,0,0.00031106,0.00031106,0.00031106
855,3922.52,1.03659,1.36157,0.76723,1.56687,0,0.29501,0.28545,0.2736,0.09771,0.09213,0.09091,0.01782,0.00362,2.64814,1.76486,2.5292,3.22494,0,0.00030908,0.00030908,0.00030908
856,3927.12,1.09206,1.40368,0.78035,1.61412,0,0.2942,0.29545,0.28301,0.10532,0.20269,0.04545,0.02722,0.00438,2.64033,1.75653,2.51045,3.20433,0,0.0003071,0.0003071,0.0003071
857,3931.86,1.05192,1.35555,0.75977,1.5609,0,0.34446,0.27273,0.28235,0.10111,0.12848,0.11364,0.03925,0.00573,2.60253,1.745,2.50593,3.16102,0,0.00030512,0.00030512,0.00030512
858,3936.51,1.0083,1.34494,0.74676,1.53947,0,0.28223,0.34091,0.29194,0.11015,0.07484,0.09091,0.01648,0.00292,2.60319,1.76012,2.51599,3.14772,0,0.00030314,0.00030314,0.00030314
859,3941.15,1.00898,1.36647,0.74729,1.54675,0,0.28223,0.34091,0.29194,0.11015,0.07484,0.09091,0.01648,0.00292,2.60319,1.76012,2.51599,3.14772,0,0.00030116,0.00030116,0.00030116
860,3945.72,1.04676,1.3969,0.77038,1.5373,0,0.42453,0.27273,0.30477,0.12536,0.17383,0.04545,0.0288,0.00412,2.59611,1.73964,2.41339,3.1868,0,0.00029918,0.00029918,0.00029918
861,3950.29,1.02117,1.32954,0.76338,1.51778,0,0.68579,0.22727,0.29509,0.11739,0.06947,0.15909,0.03153,0.0046,2.55998,1.73051,2.3588,3.1666,0,0.0002972,0.0002972,0.0002972
862,3954.92,0.9916,1.37497,0.74871,1.52448,0,0.30083,0.40102,0.31207,0.1184,0.08882,0.18182,0.03484,0.00581,2.47403,1.72766,2.34989,3.08529,0,0.00029522,0.00029522,0.00029522
863,3959.66,1.06478,1.39011,0.78161,1.54231,0,0.31139,0.38636,0.30299,0.11326,0.10357,0.18182,0.03674,0.00549,2.43751,1.72669,2.41577,3.06246,0,0.00029324,0.00029324,0.00029324
864,3964.27,1.01827,1.37385,0.74865,1.52922,0,0.31139,0.38636,0.30299,0.11326,0.10357,0.18182,0.03674,0.00549,2.43751,1.72669,2.41577,3.06246,0,0.00029126,0.00029126,0.00029126
865,3968.83,1.02895,1.38699,0.75948,1.54832,0,0.33267,0.40909,0.28244,0.11154,0.09748,0.18182,0.03696,0.00525,2.4385,1.73982,2.46311,3.08992,0,0.00028928,0.00028928,0.00028928
866,3973.37,1.05234,1.33684,0.77396,1.52594,0,0.28888,0.34091,0.26254,0.11042,0.09386,0.18182,0.0333,0.00488,2.47735,1.75988,2.45698,3.10732,0,0.0002873,0.0002873,0.0002873
867,3977.93,1.08778,1.36081,0.77621,1.53151,0,0.33463,0.45455,0.27523,0.10719,0.10895,0.11364,0.03817,0.00841,2.48008,1.76687,2.40258,3.10625,0,0.00028532,0.00028532,0.00028532
868,3982.53,1.0357,1.44822,0.79298,1.54789,0,0.30179,0.43182,0.26398,0.10195,0.105,0.13636,0.03869,0.00691,2.50216,1.77887,2.45859,3.1075,0,0.00028334,0.00028334,0.00028334
869,3987.07,0.98168,1.38411,0.74349,1.49687,0,0.27921,0.34091,0.26343,0.10101,0.10892,0.13636,0.03742,0.00666,2.51486,1.79106,2.56537,3.10547,0,0.00028136,0.00028136,0.00028136
870,3991.86,1.03162,1.34214,0.76178,1.50248,0,0.27921,0.34091,0.26343,0.10101,0.10892,0.13636,0.03742,0.00666,2.51486,1.79106,2.56537,3.10547,0,0.00027938,0.00027938,0.00027938
871,3996.45,1.05564,1.38095,0.77315,1.50852,0,0.28675,0.34091,0.26808,0.10074,0.11087,0.15909,0.038,0.00695,2.52643,1.79189,2.65781,3.10317,0,0.0002774,0.0002774,0.0002774
872,4000.98,1.05952,1.34704,0.76744,1.53343,0,0.25583,0.38636,0.26562,0.10473,0.10251,0.15909,0.0365,0.00703,2.51529,1.77832,2.69423,3.08211,0,0.00027542,0.00027542,0.00027542
873,4005.53,0.98284,1.33232,0.74112,1.53096,0,0.55001,0.18182,0.25809,0.10336,0.10028,0.15909,0.03633,0.00647,2.48451,1.782,2.68563,3.0499,0,0.00027344,0.00027344,0.00027344
874,4010.13,1.04822,1.37985,0.79412,1.55637,0,0.5579,0.18182,0.2669,0.10918,0.08646,0.11364,0.03412,0.00617,2.47554,1.78003,2.62282,3.05211,0,0.00027146,0.00027146,0.00027146
875,4014.7,1.03073,1.42266,0.77489,1.51325,0,0.5579,0.18182,0.2669,0.10918,0.08646,0.11364,0.03412,0.00617,2.47554,1.78003,2.62282,3.05211,0,0.00026948,0.00026948,0.00026948
876,4019.4,1.04507,1.38267,0.74172,1.55909,0,0.21672,0.36364,0.26404,0.10618,0.06677,0.11364,0.0321,0.00617,2.48583,1.78625,2.52457,3.08003,0,0.0002675,0.0002675,0.0002675
877,4024.08,0.98984,1.3604,0.73758,1.48355,0,0.22649,0.41932,0.28302,0.11024,0.0677,0.15909,0.04463,0.00855,2.50789,1.77582,2.3765,3.11598,0,0.00026552,0.00026552,0.00026552
878,4028.69,1.00183,1.3949,0.75592,1.51326,0,0.21855,0.38636,0.27707,0.10639,0.04715,0.09091,0.04263,0.0057,2.55493,1.7685,2.33506,3.18302,0,0.00026354,0.00026354,0.00026354
879,4033.27,1.04134,1.38369,0.75255,1.56444,0,0.20968,0.38636,0.27807,0.10116,0.0475,0.09091,0.04352,0.00591,2.5604,1.76551,2.29193,3.21216,0,0.00026156,0.00026156,0.00026156
880,4037.83,1.03918,1.34876,0.75728,1.56237,0,0.20968,0.38636,0.27807,0.10116,0.0475,0.09091,0.04352,0.00591,2.5604,1.76551,2.29193,3.21216,0,0.00025958,0.00025958,0.00025958
881,4042.46,1.04296,1.39288,0.76195,1.55871,0,0.22118,0.44541,0.2846,0.09622,0.04891,0.09823,0.03093,0.00448,2.54927,1.75591,2.271,3.21451,0,0.0002576,0.0002576,0.0002576
882,4047.04,1.00704,1.36851,0.76187,1.52626,0,0.2429,0.25,0.25725,0.09325,0.08252,0.09091,0.0265,0.00413,2.55173,1.75284,2.32374,3.23857,0,0.00025562,0.00025562,0.00025562
883,4051.76,0.99222,1.35963,0.72349,1.45418,0,0.25041,0.22727,0.24132,0.0924,0.07747,0.09091,0.02566,0.00388,2.55932,1.75577,2.39347,3.26688,0,0.00025364,0.00025364,0.00025364
884,4056.5,1.02987,1.41399,0.772,1.5244,0,0.33329,0.18182,0.22684,0.08721,0.06054,0.11364,0.0265,0.00389,2.55985,1.76757,2.5239,3.29434,0,0.00025166,0.00025166,0.00025166
885,4061.14,1.00266,1.37087,0.7805,1.52309,0,0.3172,0.19024,0.21817,0.08542,0.04185,0.09091,0.02177,0.00336,2.56942,1.78922,2.61154,3.27851,0,0.00024968,0.00024968,0.00024968
886,4065.77,1.00994,1.38642,0.74982,1.52769,0,0.3172,0.19024,0.21817,0.08542,0.04185,0.09091,0.02177,0.00336,2.56942,1.78922,2.61154,3.27851,0,0.0002477,0.0002477,0.0002477
887,4070.36,0.99786,1.33768,0.73524,1.51778,0,0.3144,0.20455,0.23095,0.09041,0.06966,0.04545,0.02131,0.00323,2.56774,1.78586,2.59216,3.24045,0,0.00024572,0.00024572,0.00024572
888,4074.96,0.99643,1.36044,0.75919,1.50647,0,0.33688,0.20455,0.22855,0.08983,0.0731,0.04545,0.02104,0.00429,2.55476,1.80064,2.52658,3.22273,0,0.00024374,0.00024374,0.00024374
889,4079.71,0.99976,1.34377,0.7437,1.50737,0,0.33278,0.22727,0.23612,0.09354,0.03125,0.25,0.02299,0.00439,2.54263,1.79737,2.49243,3.21713,0,0.00024176,0.00024176,0.00024176
890,4084.35,1.0081,1.35433,0.75195,1.51448,0,0.2419,0.34091,0.26226,0.10068,0.0309,0.25,0.02507,0.00456,2.52154,1.78431,2.4772,3.21725,0,0.00023978,0.00023978,0.00023978
891,4088.96,0.97169,1.36435,0.72099,1.48939,0,0.2419,0.34091,0.26226,0.10068,0.0309,0.25,0.02507,0.00456,2.52154,1.78431,2.4772,3.21725,0,0.0002378,0.0002378,0.0002378
892,4093.55,1.07455,1.42267,0.80494,1.51823,0,0.25991,0.36364,0.25699,0.10691,0.03581,0.29545,0.02855,0.00522,2.49214,1.76698,2.3842,3.20321,0,0.00023582,0.00023582,0.00023582
893,4098.13,0.98293,1.36389,0.72211,1.49814,0,0.28087,0.34091,0.27941,0.11247,0.08531,0.09091,0.02849,0.00533,2.47049,1.74863,2.37193,3.17757,0,0.00023384,0.00023384,0.00023384
894,4102.73,0.99593,1.41283,0.75939,1.49314,0,0.26134,0.40909,0.28836,0.11709,0.08216,0.09091,0.02873,0.00557,2.47865,1.73983,2.36967,3.18005,0,0.00023186,0.00023186,0.00023186
895,4107.36,0.99722,1.33745,0.7374,1.50456,0,0.28113,0.45455,0.30714,0.12359,0.05943,0.11364,0.02795,0.0045,2.49138,1.74086,2.31224,3.18982,0,0.00022988,0.00022988,0.00022988
896,4111.99,1.02108,1.34711,0.77984,1.53738,0,0.28113,0.45455,0.30714,0.12359,0.05943,0.11364,0.02795,0.0045,2.49138,1.74086,2.31224,3.18982,0,0.0002279,0.0002279,0.0002279
897,4116.57,0.97656,1.32746,0.74077,1.4853,0,0.27492,0.43182,0.31235,0.12457,0.06758,0.13636,0.03321,0.00532,2.4897,1.74819,2.25743,3.20097,0,0.00022592,0.00022592,0.00022592
898,4121.32,1.05424,1.36692,0.76087,1.5275,0,0.24815,0.45455,0.29572,0.11615,0.07215,0.15909,0.03125,0.00423,2.4794,1.75164,2.27781,3.18557,0,0.00022394,0.00022394,0.00022394
899,4125.88,0.96663,1.35553,0.73951,1.49724,0,0.23499,0.36364,0.26443,0.10865,0.06951,0.15909,0.03162,0.00441,2.4994,1.74729,2.32891,3.22403,0,0.00022196,0.00022196,0.00022196
900,4130.51,0.99505,1.37973,0.73318,1.51277,0,0.22465,0.38636,0.24363,0.10696,0.07278,0.15909,0.0208,0.00324,2.52212,1.74232,2.43073,3.23184,0,0.00021998,0.00021998,0.00021998
901,4135.19,0.98938,1.37901,0.73954,1.52055,0,0.21503,0.36364,0.25764,0.10968,0.06316,0.13636,0.01664,0.0029,2.52688,1.75285,2.48824,3.25591,0,0.000218,0.000218,0.000218
902,4139.77,0.9836,1.34073,0.73437,1.50362,0,0.21503,0.36364,0.25764,0.10968,0.06316,0.13636,0.01664,0.0029,2.52688,1.75285,2.48824,3.25591,0,0.00021602,0.00021602,0.00021602
903,4144.38,1.03297,1.42032,0.76826,1.52014,0,0.22686,0.34091,0.25892,0.10426,0.0511,0.15909,0.01661,0.0032,2.49105,1.75271,2.50919,3.24254,0,0.00021404,0.00021404,0.00021404
904,4148.94,0.98805,1.34541,0.73274,1.50721,0,0.22527,0.34091,0.25571,0.10516,0.065,0.18182,0.02943,0.00439,2.5016,1.77013,2.5224,3.25404,0,0.00021206,0.00021206,0.00021206
905,4153.55,0.97594,1.3479,0.72497,1.46356,0,0.469,0.20455,0.27197,0.10499,0.02915,0.22727,0.01209,0.00233,2.51753,1.76458,2.53418,3.26253,0,0.00021008,0.00021008,0.00021008
906,4158.11,1.0437,1.35997,0.75431,1.58503,0,0.49762,0.20271,0.27122,0.10676,0.03448,0.25,0.01447,0.00272,2.5301,1.75944,2.49903,3.27108,0,0.0002081,0.0002081,0.0002081
907,4162.71,0.97567,1.31754,0.7341,1.52151,0,0.49762,0.20271,0.27122,0.10676,0.03448,0.25,0.01447,0.00272,2.5301,1.75944,2.49903,3.27108,0,0.00020612,0.00020612,0.00020612
908,4167.31,0.9982,1.32896,0.73835,1.50189,0,0.24037,0.36681,0.27312,0.10625,0.03537,0.25,0.02464,0.00492,2.55296,1.76,2.59251,3.27085,0,0.00020414,0.00020414,0.00020414
909,4171.99,1.06314,1.43957,0.77586,1.61409,0,0.30985,0.27273,0.25908,0.09894,0.03583,0.25,0.02453,0.00488,2.58801,1.75334,2.581,3.29117,0,0.00020216,0.00020216,0.00020216
910,4176.73,0.9588,1.3227,0.73674,1.43909,0,0.32351,0.27273,0.26677,0.10133,0.03526,0.25,0.01494,0.00274,2.56921,1.73862,2.48229,3.26707,0,0.00020018,0.00020018,0.00020018
911,4181.31,0.98075,1.32203,0.73473,1.49902,0,0.49114,0.20455,0.26724,0.09904,0.04892,0.13636,0.01439,0.00258,2.56775,1.73176,2.4459,3.27229,0,0.0001982,0.0001982,0.0001982
912,4185.76,0.99855,1.29959,0.74213,1.50405,0,0.49114,0.20455,0.26724,0.09904,0.04892,0.13636,0.01439,0.00258,2.56775,1.73176,2.4459,3.27229,0,0.00019622,0.00019622,0.00019622
913,4190.33,0.97165,1.31378,0.71359,1.48095,0,0.60474,0.20455,0.28727,0.10494,0.05842,0.09091,0.02506,0.00337,2.55319,1.72641,2.35859,3.28722,0,0.00019424,0.00019424,0.00019424
914,4194.94,1.04915,1.40163,0.7598,1.54473,0,0.58698,0.20455,0.28903,0.10654,0.05843,0.09091,0.02592,0.00353,2.55416,1.72197,2.42596,3.2978,0,0.00019226,0.00019226,0.00019226
915,4199.58,1.02504,1.33881,0.75294,1.5368,0,0.52019,0.18182,0.26006,0.10877,0.05342,0.09091,0.02442,0.00372,2.56644,1.74324,2.4853,3.3253,0,0.00019028,0.00019028,0.00019028
916,4204.25,1.00722,1.29743,0.73404,1.49104,0,0.5197,0.18182,0.25225,0.10556,0.04999,0.09332,0.02368,0.00375,2.56088,1.75258,2.47739,3.36133,0,0.0001883,0.0001883,0.0001883
917,4208.98,1.01834,1.34969,0.76168,1.50564,0,0.52996,0.18182,0.24867,0.10457,0.05063,0.09091,0.02266,0.00474,2.557,1.77483,2.63223,3.35668,0,0.00018632,0.00018632,0.00018632
918,4213.54,1.00854,1.36054,0.74992,1.52572,0,0.52996,0.18182,0.24867,0.10457,0.05063,0.09091,0.02266,0.00474,2.557,1.77483,2.63223,3.35668,0,0.00018434,0.00018434,0.00018434
919,4218.18,0.97099,1.37591,0.74325,1.54877,0,0.52488,0.18182,0.25993,0.10386,0.05402,0.09091,0.02405,0.00484,2.56667,1.79551,2.74537,3.36213,0,0.00018236,0.00018236,0.00018236
920,4222.86,1.06419,1.37905,0.7661,1.56249,0,0.50851,0.18182,0.24482,0.09802,0.05915,0.09091,0.02452,0.00495,2.56191,1.81812,2.75937,3.32433,0,0.00018038,0.00018038,0.00018038
921,4227.62,1.01292,1.35139,0.75974,1.51841,0,0.23974,0.3584,0.2636,0.10277,0.06633,0.09091,0.02566,0.00524,2.55119,1.8484,2.69315,3.29786,0,0.0001784,0.0001784,0.0001784
922,4232.35,1.04837,1.33832,0.74597,1.54795,0,0.24098,0.34641,0.261,0.10643,0.06912,0.09091,0.01556,0.00283,2.55457,1.85368,2.6365,3.29406,0,0.00017642,0.00017642,0.00017642
923,4236.95,1.01275,1.31999,0.71166,1.47272,0,0.24098,0.34641,0.261,0.10643,0.06912,0.09091,0.01556,0.00283,2.55457,1.85368,2.6365,3.29406,0,0.00017444,0.00017444,0.00017444
924,4241.62,0.94571,1.31819,0.72683,1.47674,0,0.27906,0.40909,0.27251,0.11958,0.0523,0.09091,0.02445,0.0034,2.51984,1.84685,2.54601,3.26583,0,0.00017246,0.00017246,0.00017246
925,4246.21,0.98399,1.28473,0.73133,1.46896,0,0.29914,0.40909,0.29052,0.12759,0.07299,0.11364,0.01777,0.00265,2.4995,1.84112,2.47005,3.23203,0,0.00017048,0.00017048,0.00017048
926,4250.93,1.02283,1.39303,0.74882,1.52883,0,0.2567,0.36364,0.2951,0.13018,0.08308,0.11364,0.019,0.00333,2.48993,1.81915,2.41689,3.22483,0,0.0001685,0.0001685,0.0001685
927,4255.67,1.0017,1.38513,0.7551,1.53631,0,0.27814,0.43182,0.28612,0.12637,0.0966,0.11364,0.01949,0.00338,2.4958,1.81109,2.40755,3.22802,0,0.00016652,0.00016652,0.00016652
928,4260.3,0.92614,1.27073,0.70948,1.40266,0,0.27814,0.43182,0.28612,0.12637,0.0966,0.11364,0.01949,0.00338,2.4958,1.81109,2.40755,3.22802,0,0.00016454,0.00016454,0.00016454
929,4264.9,0.99361,1.33054,0.75286,1.50412,0,0.24187,0.36364,0.2812,0.12416,0.09057,0.11364,0.02005,0.00367,2.49622,1.80267,2.32645,3.24259,0,0.00016256,0.00016256,0.00016256
930,4269.62,0.95464,1.31984,0.71784,1.48435,0,0.23531,0.36364,0.27876,0.12288,0.0899,0.11364,0.0206,0.00399,2.50475,1.79003,2.31526,3.26166,0,0.00016058,0.00016058,0.00016058
931,4274.21,0.95467,1.33643,0.71081,1.47249,0,0.49179,0.20455,0.26194,0.11361,0.10006,0.11364,0.02165,0.00419,2.52021,1.77251,2.37157,3.26923,0,0.0001586,0.0001586,0.0001586
932,4278.82,0.96938,1.33315,0.73825,1.46209,0,0.52774,0.20455,0.26082,0.11169,0.09597,0.11364,0.02136,0.00424,2.53632,1.76999,2.44333,3.29029,0,0.00015662,0.00015662,0.00015662
933,4283.45,1.00311,1.34397,0.72606,1.48553,0,0.53768,0.20455,0.2525,0.10767,0.08308,0.13636,0.03069,0.00503,2.55516,1.77774,2.54341,3.29841,0,0.00015464,0.00015464,0.00015464
934,4288.04,0.97833,1.35654,0.75798,1.47609,0,0.53768,0.20455,0.2525,0.10767,0.08308,0.13636,0.03069,0.00503,2.55516,1.77774,2.54341,3.29841,0,0.00015266,0.00015266,0.00015266
935,4292.87,0.96053,1.37955,0.74819,1.45875,0,0.53682,0.20455,0.24784,0.10281,0.09092,0.11364,0.03107,0.00589,2.5738,1.77243,2.5472,3.31812,0,0.00015068,0.00015068,0.00015068
936,4297.43,0.97307,1.34644,0.74173,1.50726,0,0.55972,0.20238,0.24414,0.10099,0.07718,0.13636,0.02896,0.00548,2.60295,1.76736,2.63103,3.32082,0,0.0001487,0.0001487,0.0001487
937,4301.92,0.98744,1.37627,0.73969,1.5126,0,0.21287,0.31818,0.24333,0.09273,0.08455,0.13636,0.01836,0.00322,2.61964,1.77437,2.62472,3.30647,0,0.00014672,0.00014672,0.00014672
938,4306.54,0.93268,1.28924,0.70479,1.44304,0,0.22727,0.34091,0.24618,0.09396,0.05158,0.16937,0.02565,0.00408,2.61247,1.79444,2.62183,3.28602,0,0.00014474,0.00014474,0.00014474
939,4311.17,0.99175,1.32052,0.7431,1.47435,0,0.22727,0.34091,0.24618,0.09396,0.05158,0.16937,0.02565,0.00408,2.61247,1.79444,2.62183,3.28602,0,0.00014276,0.00014276,0.00014276
940,4315.75,0.99571,1.35707,0.7452,1.47391,0,0.23736,0.31818,0.24938,0.09412,0.04803,0.13636,0.02585,0.00434,2.60853,1.77057,2.59618,3.30402,0,0.00014078,0.00014078,0.00014078
941,4320.38,0.98842,1.33031,0.76917,1.49994,0,0.28386,0.29545,0.24058,0.08953,0.04947,0.22727,0.02413,0.00388,2.61246,1.78291,2.60957,3.28698,0,0.0001388,0.0001388,0.0001388
942,4325.01,0.99866,1.31638,0.72389,1.49534,0,0.28632,0.29545,0.23967,0.09074,0.04297,0.22727,0.01336,0.00259,2.60829,1.77402,2.59329,3.28585,0,0.00013682,0.00013682,0.00013682
943,4329.68,0.92069,1.32008,0.70612,1.47348,0,0.28677,0.29545,0.24827,0.09353,0.04677,0.09091,0.01206,0.00227,2.60821,1.76419,2.53547,3.27736,0,0.00013484,0.00013484,0.00013484
944,4334.28,0.96746,1.33165,0.73133,1.4849,0,0.28677,0.29545,0.24827,0.09353,0.04677,0.09091,0.01206,0.00227,2.60821,1.76419,2.53547,3.27736,0,0.00013286,0.00013286,0.00013286
945,4338.99,0.988,1.33143,0.71703,1.4354,0,0.2865,0.29545,0.25346,0.09853,0.0516,0.18182,0.01395,0.00262,2.59496,1.76569,2.55304,3.26931,0,0.00013088,0.00013088,0.00013088
946,4343.62,0.99541,1.34789,0.74711,1.4691,0,0.29823,0.29545,0.2682,0.10696,0.08021,0.09091,0.02619,0.00393,2.57648,1.77302,2.53311,3.26509,0,0.0001289,0.0001289,0.0001289
947,4348.18,0.95175,1.25246,0.70751,1.44258,0,0.29188,0.29545,0.28333,0.11246,0.06538,0.11364,0.02509,0.00489,2.57764,1.78538,2.48369,3.29117,0,0.00012692,0.00012692,0.00012692
948,4352.86,0.96894,1.30264,0.70711,1.44306,0,0.37616,0.25,0.28895,0.1144,0.0856,0.15909,0.04126,0.0062,2.58127,1.78138,2.42614,3.30075,0,0.00012494,0.00012494,0.00012494
949,4357.43,0.94822,1.28471,0.70882,1.42862,0,0.54242,0.21586,0.29787,0.11716,0.0846,0.15909,0.04174,0.0055,2.58892,1.77703,2.40171,3.30624,0,0.00012296,0.00012296,0.00012296
950,4362.04,0.99298,1.34651,0.76275,1.49247,0,0.54242,0.21586,0.29787,0.11716,0.0846,0.15909,0.04174,0.0055,2.58892,1.77703,2.40171,3.30624,0,0.00012098,0.00012098,0.00012098
951,4366.73,0.98578,1.33371,0.73437,1.52021,0,0.52902,0.22727,0.2936,0.11548,0.08195,0.13798,0.04236,0.00583,2.57585,1.7791,2.43973,3.29001,0,0.000119,0.000119,0.000119
952,4371.61,0.97518,1.30857,0.73233,1.52073,0,0.28674,0.29545,0.27803,0.10903,0.0802,0.13636,0.02919,0.0043,2.57891,1.79206,2.50585,3.25441,0,0.00011702,0.00011702,0.00011702
953,4376.36,1.00612,1.35227,0.74361,1.502,0,0.29512,0.34091,0.27271,0.10599,0.08007,0.13636,0.02969,0.00458,2.59951,1.80734,2.51418,3.26669,0,0.00011504,0.00011504,0.00011504
954,4381.09,0.94408,1.28547,0.70588,1.48862,0,0.30156,0.34091,0.26911,0.109,0.08676,0.13636,0.02935,0.00469,2.61386,1.81271,2.52066,3.26588,0,0.00011306,0.00011306,0.00011306
955,4385.89,0.96131,1.30425,0.71824,1.46701,0,0.30156,0.34091,0.26911,0.109,0.08676,0.13636,0.02935,0.00469,2.61386,1.81271,2.52066,3.26588,0,0.00011108,0.00011108,0.00011108
956,4390.68,0.92233,1.35746,0.71636,1.44791,0,0.30695,0.31818,0.27154,0.11101,0.07242,0.11364,0.03136,0.00479,2.61051,1.81857,2.46669,3.2668,0,0.0001091,0.0001091,0.0001091
957,4395.42,0.93853,1.27921,0.69325,1.43897,0,0.3038,0.34091,0.27722,0.11421,0.07453,0.11364,0.03071,0.00426,2.59086,1.8182,2.44345,3.23344,0,0.00010712,0.00010712,0.00010712
958,4400.1,0.87659,1.2508,0.66601,1.42061,0,0.2294,0.31818,0.24793,0.11012,0.07106,0.11364,0.03065,0.00409,2.57717,1.81496,2.45253,3.22303,0,0.00010514,0.00010514,0.00010514
959,4404.71,0.99412,1.37594,0.74297,1.50623,0,0.23717,0.31818,0.25435,0.11118,0.07224,0.11364,0.03024,0.0039,2.57903,1.80314,2.45269,3.2319,0,0.00010316,0.00010316,0.00010316
960,4409.36,0.93249,1.3569,0.7262,1.49744,0,0.23717,0.31818,0.25435,0.11118,0.07224,0.11364,0.03024,0.0039,2.57903,1.80314,2.45269,3.2319,0,0.00010118,0.00010118,0.00010118
961,4414.35,0.98232,1.32149,0.73174,1.45551,0,0.25772,0.30785,0.24719,0.11352,0.08094,0.11364,0.02926,0.00376,2.58607,1.80008,2.46049,3.2231,0,9.92e-05,9.92e-05,9.92e-05
962,4419.26,0.97938,1.3684,0.73919,1.48564,0,0.25058,0.31818,0.2483,0.11337,0.08142,0.11364,0.02922,0.00407,2.57171,1.793,2.43712,3.21453,0,9.722e-05,9.722e-05,9.722e-05
963,4424.15,0.96983,1.28972,0.70619,1.47067,0,0.25366,0.34091,0.25611,0.11547,0.08058,0.11364,0.02916,0.00417,2.56882,1.796,2.41405,3.21456,0,9.524e-05,9.524e-05,9.524e-05
964,4429.65,0.96125,1.3034,0.72642,1.47983,0,0.27596,0.29545,0.25699,0.11639,0.07933,0.11364,0.03079,0.00439,2.56982,1.78429,2.41653,3.23397,0,9.326e-05,9.326e-05,9.326e-05
965,4434.88,0.97477,1.34736,0.71815,1.50008,0,0.26362,0.31818,0.25713,0.11645,0.08092,0.11364,0.02942,0.0043,2.58147,1.79419,2.41883,3.2343,0,9.128e-05,9.128e-05,9.128e-05
966,4439.75,0.97182,1.33474,0.75097,1.48541,0,0.26362,0.31818,0.25713,0.11645,0.08092,0.11364,0.02942,0.0043,2.58147,1.79419,2.41883,3.2343,0,8.93e-05,8.93e-05,8.93e-05
967,4444.73,0.92674,1.26883,0.71858,1.45084,0,0.26231,0.31818,0.2593,0.11687,0.0891,0.11364,0.02967,0.00538,2.59221,1.78538,2.3585,3.23994,0,8.732e-05,8.732e-05,8.732e-05
968,4449.59,1.02186,1.29174,0.73349,1.53092,0,0.23378,0.34091,0.2617,0.11753,0.07353,0.11364,0.03023,0.00422,2.60032,1.79064,2.32476,3.25531,0,8.534e-05,8.534e-05,8.534e-05
969,4454.32,0.99987,1.3582,0.72831,1.49549,0,0.2494,0.34091,0.2551,0.11584,0.07069,0.11364,0.03013,0.00524,2.59845,1.80181,2.35325,3.2277,0,8.336e-05,8.336e-05,8.336e-05
970,4458.93,0.97656,1.33209,0.72098,1.4472,0,0.24943,0.34091,0.25331,0.11387,0.07427,0.11364,0.03052,0.00415,2.60585,1.80364,2.38719,3.21818,0,8.138e-05,8.138e-05,8.138e-05
971,4463.57,0.94564,1.36273,0.71744,1.47844,0,0.24943,0.34091,0.25331,0.11387,0.07427,0.11364,0.03052,0.00415,2.60585,1.80364,2.38719,3.21818,0,7.94e-05,7.94e-05,7.94e-05
972,4468.28,1.02428,1.39056,0.74276,1.49553,0,0.26043,0.35224,0.25589,0.11703,0.06175,0.11364,0.03222,0.00428,2.58259,1.80261,2.43042,3.18748,0,7.742e-05,7.742e-05,7.742e-05
973,4473,0.97514,1.29623,0.71793,1.45867,0,0.25576,0.34091,0.25533,0.11671,0.07251,0.09091,0.03256,0.00446,2.57964,1.79898,2.41601,3.20278,0,7.544e-05,7.544e-05,7.544e-05
974,4477.77,0.99638,1.3791,0.73996,1.47819,0,0.24254,0.36364,0.25185,0.11482,0.07658,0.09091,0.03265,0.00428,2.57312,1.79728,2.43971,3.18488,0,7.346e-05,7.346e-05,7.346e-05
975,4482.39,0.89278,1.27892,0.67876,1.43727,0,0.24843,0.36364,0.24658,0.11051,0.0767,0.09091,0.03253,0.00412,2.58222,1.78948,2.4752,3.17773,0,7.148e-05,7.148e-05,7.148e-05
976,4487.02,0.91054,1.30697,0.70739,1.44104,0,0.24843,0.36364,0.24658,0.11051,0.0767,0.09091,0.03253,0.00412,2.58222,1.78948,2.4752,3.17773,0,6.95e-05,6.95e-05,6.95e-05
977,4491.63,0.96502,1.35131,0.72156,1.47257,0,0.24398,0.34091,0.25314,0.11218,0.06989,0.09091,0.03052,0.00418,2.58267,1.79417,2.4866,3.17401,0,6.752e-05,6.752e-05,6.752e-05
978,4496.25,0.95663,1.3039,0.7171,1.45747,0,0.24619,0.30443,0.25502,0.1108,0.09269,0.11364,0.03153,0.00441,2.56867,1.77107,2.46158,3.19946,0,6.554e-05,6.554e-05,6.554e-05
979,4500.88,0.95219,1.29622,0.67891,1.40609,0,0.24621,0.29545,0.25624,0.10905,0.07014,0.09091,0.02806,0.00387,2.56671,1.7689,2.44896,3.21534,0,6.356e-05,6.356e-05,6.356e-05
980,4505.58,0.95529,1.35986,0.72769,1.4408,0,0.26957,0.29545,0.25235,0.10974,0.07316,0.09091,0.02783,0.0042,2.55204,1.76993,2.48973,3.19304,0,6.158e-05,6.158e-05,6.158e-05
981,4510.24,0.94628,1.31482,0.69822,1.47851,0,0.26838,0.29545,0.25342,0.11152,0.07317,0.09091,0.02728,0.00398,2.55744,1.76422,2.46051,3.21292,0,5.96e-05,5.96e-05,5.96e-05
982,4514.84,0.93299,1.33465,0.71062,1.45907,0,0.26838,0.29545,0.25342,0.11152,0.07317,0.09091,0.02728,0.00398,2.55744,1.76422,2.46051,3.21292,0,5.762e-05,5.762e-05,5.762e-05
983,4519.47,0.96874,1.35306,0.71947,1.47861,0,0.24088,0.29545,0.25715,0.11422,0.07386,0.09091,0.02736,0.00401,2.56047,1.76457,2.43347,3.21127,0,5.564e-05,5.564e-05,5.564e-05
984,4524.11,0.95616,1.32029,0.72108,1.4867,0,0.24079,0.29553,0.2595,0.11476,0.09168,0.11017,0.03022,0.00567,2.56372,1.76356,2.42057,3.22743,0,5.366e-05,5.366e-05,5.366e-05
985,4528.84,0.93478,1.28958,0.70045,1.45277,0,0.24457,0.38636,0.25886,0.11279,0.09118,0.11364,0.03004,0.00544,2.54913,1.75593,2.42424,3.21711,0,5.168e-05,5.168e-05,5.168e-05
986,4533.77,0.99142,1.33905,0.69737,1.48189,0,0.23654,0.36364,0.25614,0.11375,0.08573,0.11364,0.03076,0.00582,2.5424,1.75794,2.47271,3.20181,0,4.97e-05,4.97e-05,4.97e-05
987,4538.36,0.98686,1.37687,0.72398,1.45384,0,0.23654,0.36364,0.25614,0.11375,0.08573,0.11364,0.03076,0.00582,2.5424,1.75794,2.47271,3.20181,0,4.772e-05,4.772e-05,4.772e-05
988,4542.92,0.97099,1.32385,0.72864,1.46023,0,0.22825,0.34091,0.25469,0.11265,0.07654,0.11364,0.03028,0.0055,2.55379,1.77022,2.50817,3.20268,0,4.574e-05,4.574e-05,4.574e-05
989,4547.51,0.93298,1.30764,0.70976,1.46885,0,0.30991,0.27273,0.25899,0.11471,0.08021,0.11364,0.03012,0.00548,2.54852,1.77138,2.50175,3.20409,0,4.376e-05,4.376e-05,4.376e-05
990,4552.16,0.99353,1.3529,0.74216,1.45204,0,0.23652,0.34091,0.26653,0.11422,0.08168,0.11364,0.03051,0.00553,2.55124,1.77876,2.49561,3.21801,0,4.178e-05,4.178e-05,4.178e-05
991,4556.76,0.94789,1.29728,0.71314,1.4578,0,0.33235,0.29545,0.2747,0.11535,0.08175,0.11364,0.03008,0.00543,2.55552,1.77614,2.51596,3.21201,0,3.98e-05,3.98e-05,3.98e-05
992,4561.43,0.8919,1.22177,0.68219,1.42926,0,0.33235,0.29545,0.2747,0.11535,0.08175,0.11364,0.03008,0.00543,2.55552,1.77614,2.51596,3.21201,0,3.782e-05,3.782e-05,3.782e-05
993,4565.96,0.92471,1.32194,0.70421,1.415,0,0.31408,0.27273,0.26405,0.11415,0.08056,0.11364,0.02984,0.0055,2.55473,1.78367,2.51258,3.21568,0,3.584e-05,3.584e-05,3.584e-05
994,4570.55,0.9013,1.28537,0.69238,1.44276,0,0.29345,0.27273,0.26081,0.11313,0.07198,0.11364,0.02936,0.00545,2.54982,1.78758,2.55955,3.22073,0,3.386e-05,3.386e-05,3.386e-05
995,4575.25,0.92671,1.30044,0.70124,1.44916,0,0.23807,0.34091,0.26654,0.11047,0.07977,0.11364,0.02921,0.00539,2.54999,1.79026,2.53451,3.23853,0,3.188e-05,3.188e-05,3.188e-05
996,4579.78,0.94634,1.31028,0.71922,1.51002,0,0.26191,0.31818,0.27679,0.11413,0.0907,0.11364,0.02918,0.00395,2.55411,1.79524,2.5555,3.22806,0,2.99e-05,2.99e-05,2.99e-05
997,4584.4,0.96971,1.30803,0.72056,1.47733,0,0.25967,0.36364,0.27824,0.1146,0.08115,0.11364,0.02937,0.00541,2.54987,1.79508,2.56342,3.22544,0,2.792e-05,2.792e-05,2.792e-05
998,4588.98,0.95689,1.29704,0.70927,1.45301,0,0.25967,0.36364,0.27824,0.1146,0.08115,0.11364,0.02937,0.00541,2.54987,1.79508,2.56342,3.22544,0,2.594e-05,2.594e-05,2.594e-05
999,4593.68,0.95955,1.35678,0.71259,1.47557,0,0.2635,0.36364,0.27827,0.1122,0.07936,0.11364,0.02893,0.00526,2.55032,1.80008,2.53683,3.24389,0,2.396e-05,2.396e-05,2.396e-05
1000,4598.3,0.91851,1.29384,0.68398,1.44496,0,0.2889,0.31818,0.27695,0.12002,0.08051,0.11364,0.02916,0.0039,2.54734,1.79013,2.50936,3.24367,0,2.198e-05,2.198e-05,2.198e-05
