epoch,time,train/box_loss,train/seg_loss,train/cls_loss,train/dfl_loss,train/sem_loss,metrics/precision(B),metrics/recall(B),metrics/mAP50(B),metrics/mAP50-95(B),metrics/precision(M),metrics/recall(M),metrics/mAP50(M),metrics/mAP50-95(M),val/box_loss,val/seg_loss,val/cls_loss,val/dfl_loss,val/sem_loss,lr/pg0,lr/pg1,lr/pg2
1,35.6016,2.6108,5.20365,3.43109,2.46104,0,0.00485,0.36364,0.00189,0.00042,0,0,0,0,3.26815,3.34182,7.97574,3.13515,0,0.000615385,0.000615385,0.000615385
2,40.598,2.64044,5.01957,3.45573,2.50113,0,0.00545,0.40909,0.00223,0.00059,0,0,0,0,3.1585,3.10512,8.33502,2.99952,0,0.00128078,0.00128078,0.00128078
3,45.6813,2.67671,4.99321,3.44917,2.56477,0,0.00606,0.45455,0.00285,0.00062,0,0,0,0,3.07361,2.84495,9.58075,2.91738,0,0.00194486,0.00194486,0.00194486
4,50.7786,2.77046,5.09329,3.64246,2.58958,0,0.00908,0.09091,0.00336,0.00069,0,0,0,0,3.27044,2.76115,9.15076,2.93867,0,0.00199406,0.00199406,0.00199406
5,55.8067,2.50919,5.11866,3.37346,2.42794,0,0.04398,0.02273,0.00669,0.00133,0,0,0,0,3.22322,2.8289,8.35111,2.91581,0,0.00199208,0.00199208,0.00199208
6,60.9495,2.713,5.11786,3.34655,2.51025,0,0.04398,0.02273,0.00669,0.00133,0,0,0,0,3.22322,2.8289,8.35111,2.91581,0,0.0019901,0.0019901,0.0019901
7,66.1888,3.32257,4.61053,14.5446,2.97355,0,0.01287,0.15909,0.00512,0.00066,0,0,0,0,4.39974,1172.88,204.628,91.7198,0,0.00198812,0.00198812,0.00198812
8,71.9164,3.36113,4.56832,15.5776,2.90172,0,0.00819,0.20455,0.00427,0.00081,0,0,0,0,4.06222,356.735,133.515,41.2121,0,0.00198614,0.00198614,0.00198614
9,77.6061,3.3289,4.41525,11.3821,2.99881,0,0,0,0,0,0,0,0,0,nan,nan,nan,nan,0,0.00198416,0.00198416,0.00198416
10,83.1139,3.1705,3.74562,5.03301,3.14312,0,0,0,0,0,0,0,0,0,nan,nan,nan,nan,0,0.00198218,0.00198218,0.00198218
11,88.7641,3.12881,4.71716,3.87937,3.08779,0,0,0,0,0,0,0,0,0,nan,nan,nan,nan,0,0.0019802,0.0019802,0.0019802
12,94.2678,3.10078,3.67384,3.29649,3.07893,0,0,0,0,0,0,0,0,0,nan,nan,nan,nan,0,0.00197822,0.00197822,0.00197822
13,99.7078,3.05299,3.50902,3.06182,3.09265,0,0,0,0,0,0,0,0,0,nan,nan,nan,nan,0,0.00197624,0.00197624,0.00197624
14,105.103,3.17079,3.40323,3.05947,3.15602,0,0,0,0,0,0,0,0,0,nan,nan,nan,nan,0,0.00197426,0.00197426,0.00197426
15,110.468,3.03019,3.3937,2.96674,3.076,0,0,0,0,0,0,0,0,0,nan,nan,nan,nan,0,0.00197228,0.00197228,0.00197228
16,115.997,2.91855,3.19354,2.92663,3.02067,0,0,0,0,0,0,0,0,0,nan,nan,nan,nan,0,0.0019703,0.0019703,0.0019703
17,121.891,2.89316,3.05618,2.82994,2.91516,0,0,0,0,0,0,0,0,0,nan,nan,nan,nan,0,0.00196832,0.00196832,0.00196832
18,127.586,2.77251,2.91316,2.82026,2.89757,0,0,0,0,0,0,0,0,0,nan,nan,nan,nan,0,0.00196634,0.00196634,0.00196634
19,133.168,2.77258,3.01258,2.73471,2.88436,0,0,0,0,0,0,0,0,0,5.50545,105.174,481.694,34.7156,0,0.00196436,0.00196436,0.00196436
20,138.689,2.83881,2.97693,2.70283,2.91785,0,0,0,0,0,0,0,0,0,6.15063,40.4187,7.23337,22.712,0,0.00196238,0.00196238,0.00196238
21,144.302,2.72596,2.94672,2.6317,2.92079,0,0.00035,0.02273,3e-05,1e-05,0,0,0,0,5.04792,35.7158,5.27344,14.1515,0,0.0019604,0.0019604,0.0019604
22,149.824,2.6218,2.76498,2.57754,2.80286,0,0.00035,0.02273,3e-05,1e-05,0,0,0,0,5.04792,35.7158,5.27344,14.1515,0,0.00195842,0.00195842,0.00195842
23,155.305,2.69042,2.82786,2.61416,2.83578,0,0,0,0,0,0,0,0,0,4.80022,3.17605,5.32229,6.29083,0,0.00195644,0.00195644,0.00195644
24,160.745,2.65069,2.87765,2.60465,2.76001,0,0.00062,0.02273,3e-05,0,0,0,0,0,4.25291,47.3505,5.54054,11.2837,0,0.00195446,0.00195446,0.00195446
25,166.249,2.72854,2.85424,2.66215,2.8195,0,0.00547,0.34091,0.00294,0.00059,0,0,0,0,3.64771,2.6946,4.00553,4.38165,0,0.00195248,0.00195248,0.00195248
26,171.83,2.5953,2.78668,2.5828,2.75367,0,0.00382,0.27273,0.00201,0.00031,0,0,0,0,3.56434,2.26303,4.1094,4.07941,0,0.0019505,0.0019505,0.0019505
27,177.573,2.53771,2.67183,2.54141,2.72044,0,0.00382,0.27273,0.00201,0.00031,0,0,0,0,3.56434,2.26303,4.1094,4.07941,0,0.00194852,0.00194852,0.00194852
28,183.153,2.56383,2.6474,2.51698,2.72517,0,0.0138,0.61364,0.01494,0.00317,0,0,0,0,3.21464,2.09013,3.34606,3.32518,0,0.00194654,0.00194654,0.00194654
29,188.862,2.60105,2.63073,2.55897,2.74811,0,0.01874,0.56818,0.02346,0.00461,0,0,0,0,3.23037,2.10943,3.30858,3.47864,0,0.00194456,0.00194456,0.00194456
30,194.501,2.5237,2.4957,2.54055,2.63329,0,0.04259,0.38636,0.03095,0.00625,0,0,0,0,3.09118,2.15717,3.11404,3.39159,0,0.00194258,0.00194258,0.00194258
31,200.135,2.5141,2.67481,2.59854,2.68121,0,0.01131,0.22727,0.01269,0.00271,0,0,0,0,3.08502,2.27507,4.01651,3.5151,0,0.0019406,0.0019406,0.0019406
32,205.707,2.48367,2.59363,2.52029,2.67099,0,0.01131,0.22727,0.01269,0.00271,0,0,0,0,3.08502,2.27507,4.01651,3.5151,0,0.00193862,0.00193862,0.00193862
33,211.415,2.45332,2.70355,2.51351,2.65416,0,0.05233,0.13636,0.03013,0.00693,0,0,0,0,2.89419,2.20459,3.48747,3.18743,0,0.00193664,0.00193664,0.00193664
34,217.092,2.41284,2.57387,2.51111,2.62215,0,0.08983,0.1257,0.0518,0.01058,0,0,0,0,2.88108,2.21472,2.98891,3.12471,0,0.00193466,0.00193466,0.00193466
35,222.763,2.45526,2.7096,2.46064,2.61754,0,0.04224,0.09091,0.04888,0.00848,0,0,0,0,3.24541,3.57813,3.09761,4.09484,0,0.00193268,0.00193268,0.00193268
36,228.442,2.50977,2.65041,2.48447,2.61303,0,0.05755,0.31818,0.02921,0.00636,0.00031,0.02273,1e-05,0,3.73019,10.9638,3.3826,6.19626,0,0.0019307,0.0019307,0.0019307
37,233.989,2.47827,2.43129,2.47562,2.6332,0,0.16208,0.11364,0.10435,0.02264,0.00115,0.04545,0.0004,4e-05,3.32808,15.2701,3.13138,6.37544,0,0.00192872,0.00192872,0.00192872
38,239.891,2.38306,2.56003,2.4792,2.57297,0,0.16208,0.11364,0.10435,0.02264,0.00115,0.04545,0.0004,4e-05,3.32808,15.2701,3.13138,6.37544,0,0.00192674,0.00192674,0.00192674
39,245.556,2.42482,2.46548,2.49874,2.56565,0,0.18669,0.13636,0.06118,0.01316,0.00226,0.09091,0.00031,4e-05,3.36388,9.44091,3.36126,5.90951,0,0.00192476,0.00192476,0.00192476
40,251.175,2.44497,2.52918,2.49224,2.55256,0,0.06983,0.22727,0.08,0.02859,0.00121,0.09091,0.00028,3e-05,3.16506,10.5396,3.17675,5.04659,0,0.00192278,0.00192278,0.00192278
41,256.676,2.4601,2.56892,2.53444,2.56917,0,0.15543,0.22588,0.1392,0.04183,0.0003,0.02273,1e-05,0,2.99793,19.483,3.23737,4.70216,0,0.0019208,0.0019208,0.0019208
42,262.351,2.3949,2.52327,2.58865,2.55501,0,0.31913,0.15909,0.15208,0.03116,0.00031,0.02273,3e-05,0,2.97313,11.6257,3.2456,3.66053,0,0.00191882,0.00191882,0.00191882
43,268.061,2.3469,2.51262,2.48942,2.52543,0,0.31913,0.15909,0.15208,0.03116,0.00031,0.02273,3e-05,0,2.97313,11.6257,3.2456,3.66053,0,0.00191684,0.00191684,0.00191684
44,273.613,2.36312,2.4399,2.41508,2.46367,0,0.04917,0.06818,0.02608,0.00514,0,0,0,0,3.05129,6.31023,3.07607,3.39781,0,0.00191486,0.00191486,0.00191486
45,279.094,2.37517,2.47718,2.52335,2.50858,0,0.03484,0.34091,0.02455,0.00418,0.00093,0.06818,0.00018,2e-05,3.0838,2.75312,3.25605,3.29542,0,0.00191288,0.00191288,0.00191288
46,284.938,2.37108,2.54916,2.52236,2.49718,0,0.03053,0.11364,0.0182,0.00385,0.00091,0.06818,8e-05,1e-05,3.16663,2.08801,3.4113,3.24448,0,0.0019109,0.0019109,0.0019109
47,290.383,2.34552,2.44961,2.44946,2.48279,0,0.0917,0.13636,0.05134,0.016,0.00121,0.09091,0.00014,2e-05,2.6948,1.94238,3.01738,2.83189,0,0.00190892,0.00190892,0.00190892
48,296.133,2.31877,2.43968,2.35187,2.44648,0,0.0917,0.13636,0.05134,0.016,0.00121,0.09091,0.00014,2e-05,2.6948,1.94238,3.01738,2.83189,0,0.00190694,0.00190694,0.00190694
49,301.717,2.37923,2.47983,2.3896,2.45931,0,0.05113,0.09091,0.03689,0.01491,0.00122,0.09091,0.00013,2e-05,2.58782,1.9028,3.16126,2.7311,0,0.00190496,0.00190496,0.00190496
50,307.25,2.37095,2.40246,2.37933,2.51139,0,0.02032,0.25,0.015,0.00529,0.00152,0.11364,0.00021,3e-05,2.76004,1.88521,3.31172,2.87162,0,0.00190298,0.00190298,0.00190298
51,312.71,2.34499,2.51821,2.50843,2.49839,0,0.01545,0.15909,0.01439,0.00311,0.00237,0.11364,0.00039,6e-05,3.1723,1.99771,3.4143,3.49132,0,0.001901,0.001901,0.001901
52,318.182,2.3981,2.51178,2.40695,2.46611,0,0.08925,0.09091,0.03286,0.0077,0.00177,0.11364,0.00079,0.00012,3.11849,1.98075,3.18723,3.57707,0,0.00189902,0.00189902,0.00189902
53,323.703,2.26934,2.45369,2.4717,2.4076,0,0.09255,0.25,0.07932,0.02151,0.00122,0.09091,0.00019,3e-05,2.69584,1.97425,2.95419,2.94751,0,0.00189704,0.00189704,0.00189704
54,329.188,2.27434,2.43224,2.44851,2.43888,0,0.09255,0.25,0.07932,0.02151,0.00122,0.09091,0.00019,3e-05,2.69584,1.97425,2.95419,2.94751,0,0.00189506,0.00189506,0.00189506
55,334.605,2.30452,2.40138,2.41153,2.42478,0,0.13797,0.15909,0.13064,0.03021,0.0003,0.02273,2e-05,1e-05,2.63143,2.03498,2.94652,2.78306,0,0.00189308,0.00189308,0.00189308
56,340.067,2.27237,2.47317,2.36882,2.34138,0,0.10363,0.27273,0.08027,0.02081,0.00062,0.04545,4e-05,1e-05,2.68132,2.00594,2.95825,2.85092,0,0.0018911,0.0018911,0.0018911
57,345.568,2.25675,2.26633,2.34247,2.38747,0,0.0685,0.18182,0.04998,0.01766,0.00092,0.06818,8e-05,2e-05,2.77199,1.88157,3.16358,2.88356,0,0.00188912,0.00188912,0.00188912
58,351.146,2.22829,2.39014,2.37862,2.35948,0,0.1204,0.15909,0.08576,0.02424,0.00182,0.13636,0.00027,5e-05,2.60936,1.81723,3.58689,2.82516,0,0.00188714,0.00188714,0.00188714
59,356.729,2.21505,2.62391,2.42947,2.37229,0,0.1204,0.15909,0.08576,0.02424,0.00182,0.13636,0.00027,5e-05,2.60936,1.81723,3.58689,2.82516,0,0.00188516,0.00188516,0.00188516
60,362.366,2.26621,2.47781,2.35599,2.43231,0,0.03687,0.29545,0.02618,0.00921,0.00182,0.13636,0.00032,5e-05,2.64187,1.82626,3.52796,2.81464,0,0.00188318,0.00188318,0.00188318
61,367.925,2.22505,2.33066,2.41114,2.38554,0,0.04984,0.25,0.03375,0.01011,0.00139,0.09091,0.00033,6e-05,2.71398,1.86054,3.14348,2.85377,0,0.0018812,0.0018812,0.0018812
62,373.502,2.19909,2.35871,2.26342,2.28813,0,0.04901,0.27273,0.03606,0.01179,0.00031,0.02273,1e-05,0,2.57485,1.99897,3.01202,2.72829,0,0.00187922,0.00187922,0.00187922
63,378.926,2.15598,2.36897,2.34014,2.32566,0,0.16009,0.20455,0.08169,0.0262,0.00063,0.04545,6e-05,1e-05,2.44429,1.92069,2.81595,2.62369,0,0.00187724,0.00187724,0.00187724
64,384.47,2.18595,2.22459,2.24327,2.30589,0,0.16009,0.20455,0.08169,0.0262,0.00063,0.04545,6e-05,1e-05,2.44429,1.92069,2.81595,2.62369,0,0.00187526,0.00187526,0.00187526
65,390.067,2.30871,2.45476,2.39596,2.40641,0,0.1657,0.20455,0.11178,0.03342,0.00128,0.09091,0.00051,9e-05,2.40983,1.83921,2.68738,2.5774,0,0.00187328,0.00187328,0.00187328
66,395.663,2.11986,2.38167,2.29077,2.30012,0,0.21409,0.20455,0.12286,0.04179,0.00221,0.15909,0.00063,9e-05,2.62789,1.83673,2.63744,2.68206,0,0.0018713,0.0018713,0.0018713
67,401.333,2.16499,2.41393,2.31833,2.29493,0,0.13307,0.15909,0.0985,0.02494,0.00183,0.13636,0.00048,8e-05,2.7739,1.85866,2.88347,2.78888,0,0.00186932,0.00186932,0.00186932
68,406.889,2.14528,2.2922,2.22978,2.28259,0,0.09501,0.13636,0.07248,0.03636,0.00185,0.13636,0.00049,7e-05,2.59647,1.98886,2.88556,2.68822,0,0.00186734,0.00186734,0.00186734
69,412.672,2.14368,2.30032,2.28348,2.29892,0,0.05847,0.09091,0.05637,0.02127,0.00157,0.11364,0.00104,0.00016,2.71334,3.45328,2.94174,2.90717,0,0.00186536,0.00186536,0.00186536
70,418.213,2.19357,2.36092,2.34354,2.36345,0,0.05847,0.09091,0.05637,0.02127,0.00157,0.11364,0.00104,0.00016,2.71334,3.45328,2.94174,2.90717,0,0.00186338,0.00186338,0.00186338
71,424.172,2.13451,2.30256,2.34901,2.3309,0,0.04646,0.38636,0.04579,0.0137,0.0021,0.09091,0.00139,0.00028,2.75584,7.29925,2.91993,2.99171,0,0.0018614,0.0018614,0.0018614
72,429.681,2.18101,2.28972,2.25951,2.35038,0,0.17202,0.18182,0.1232,0.05058,0.00207,0.09091,0.00067,0.00011,2.65459,1.90182,2.86785,2.86699,0,0.00185942,0.00185942,0.00185942
73,435.297,2.16277,2.26175,2.27064,2.28515,0,0.28638,0.18182,0.10383,0.0368,0.00031,0.02273,3e-05,0,2.64887,2.06905,3.19448,2.80989,0,0.00185744,0.00185744,0.00185744
74,440.938,2.1403,2.40449,2.25848,2.2324,0,0.11826,0.18182,0.10874,0.03336,0.00043,0.02273,0.0001,3e-05,2.65026,1.91768,3.07057,2.80323,0,0.00185546,0.00185546,0.00185546
75,446.516,2.2318,2.48262,2.33373,2.2992,0,0.11826,0.18182,0.10874,0.03336,0.00043,0.02273,0.0001,3e-05,2.65026,1.91768,3.07057,2.80323,0,0.00185348,0.00185348,0.00185348
76,452.064,2.13364,2.38891,2.26055,2.25282,0,0.16829,0.27273,0.16953,0.04733,0.00146,0.02273,0.00025,5e-05,2.48296,1.89918,2.72043,2.6401,0,0.0018515,0.0018515,0.0018515
77,457.611,2.09371,2.3613,2.27277,2.21018,0,0.13683,0.15909,0.15966,0.05596,0.00315,0.06818,0.00071,0.00016,2.49161,1.98103,2.53998,2.6679,0,0.00184952,0.00184952,0.00184952
78,463.317,2.10939,2.28741,2.25204,2.23093,0,0.10937,0.11364,0.12508,0.04201,0.00839,0.02273,0.0021,0.00023,2.67041,2.02146,2.66413,2.77927,0,0.00184754,0.00184754,0.00184754
79,468.925,2.00841,2.2665,2.20753,2.14042,0,0.06384,0.20455,0.05663,0.01772,0.00061,0.04545,8e-05,1e-05,2.65569,1.99861,2.90774,2.84563,0,0.00184556,0.00184556,0.00184556
80,474.613,2.19381,2.32976,2.32937,2.34074,0,0.06384,0.20455,0.05663,0.01772,0.00061,0.04545,8e-05,1e-05,2.65569,1.99861,2.90774,2.84563,0,0.00184358,0.00184358,0.00184358
81,480.277,2.13581,2.35213,2.26451,2.28048,0,0.10603,0.22727,0.08938,0.02871,0.0003,0.02273,1e-05,0,2.65484,1.91115,2.98262,2.86969,0,0.0018416,0.0018416,0.0018416
82,485.758,2.07507,2.25589,2.27488,2.24885,0,0.12613,0.18182,0.10673,0.04049,0.01422,0.02273,0.0033,0.00111,2.5292,1.88437,2.97773,2.73275,0,0.00183962,0.00183962,0.00183962
83,491.449,2.04457,2.26366,2.21725,2.2362,0,0.11112,0.15909,0.13483,0.04449,0.08913,0.02273,0.00972,0.00172,2.56861,1.89242,2.83936,2.70735,0,0.00183764,0.00183764,0.00183764
84,496.991,2.07473,2.29254,2.20297,2.21499,0,0.14262,0.20455,0.11119,0.032,0.00725,0.09091,0.00176,0.00025,2.44913,1.84542,2.82975,2.61544,0,0.00183566,0.00183566,0.00183566
85,502.617,1.99001,2.21683,2.16113,2.12177,0,0.14121,0.25,0.0945,0.03002,0.00188,0.02273,0.0004,5e-05,2.43117,1.89166,2.91872,2.6042,0,0.00183368,0.00183368,0.00183368
86,508.223,2.00491,2.34662,2.2481,2.16336,0,0.14121,0.25,0.0945,0.03002,0.00188,0.02273,0.0004,5e-05,2.43117,1.89166,2.91872,2.6042,0,0.0018317,0.0018317,0.0018317
87,513.811,2.03983,2.32459,2.24758,2.17919,0,0.2005,0.27273,0.13488,0.03769,0.00155,0.02273,0.0003,4e-05,2.3404,1.91589,2.83525,2.58075,0,0.00182972,0.00182972,0.00182972
88,519.385,2.05132,2.33839,2.19546,2.23576,0,0.22382,0.25,0.15669,0.0498,0.00156,0.06818,0.0002,5e-05,2.34964,1.882,2.73008,2.58846,0,0.00182774,0.00182774,0.00182774
89,525.095,2.09567,2.30781,2.15661,2.22047,0,0.17,0.27273,0.15047,0.0522,0.00414,0.06818,0.00052,0.00013,2.4305,1.84975,2.69791,2.60082,0,0.00182576,0.00182576,0.00182576
90,530.639,2.06863,2.3449,2.13559,2.20679,0,0.23852,0.25,0.15635,0.06251,0.00612,0.06818,0.00153,0.00031,2.50361,1.79528,2.56089,2.63653,0,0.00182378,0.00182378,0.00182378
91,536.277,2.10246,2.20656,2.14351,2.24767,0,0.23852,0.25,0.15635,0.06251,0.00612,0.06818,0.00153,0.00031,2.50361,1.79528,2.56089,2.63653,0,0.0018218,0.0018218,0.0018218
92,541.936,2.00466,2.17706,2.09392,2.14637,0,0.19152,0.20455,0.133,0.04644,0.0111,0.15909,0.00304,0.00057,2.55759,1.70423,2.69575,2.79018,0,0.00181982,0.00181982,0.00181982
93,547.49,2.04595,2.23933,2.12527,2.20244,0,0.15147,0.21105,0.0824,0.02817,0.00898,0.04545,0.00121,0.00032,2.48404,1.71732,2.76692,2.73202,0,0.00181784,0.00181784,0.00181784
94,552.991,2.01512,2.2824,2.12783,2.17611,0,0.10978,0.29545,0.08391,0.02428,0.0136,0.09091,0.00185,0.00038,2.56591,1.77217,2.91589,2.72535,0,0.00181586,0.00181586,0.00181586
95,558.589,1.97482,2.26526,2.12308,2.19531,0,0.16701,0.29545,0.09265,0.03874,0.00489,0.02273,0.00094,0.00024,2.43011,1.79346,2.90225,2.673,0,0.00181388,0.00181388,0.00181388
96,564.067,2.04915,2.35672,2.21563,2.26799,0,0.16701,0.29545,0.09265,0.03874,0.00489,0.02273,0.00094,0.00024,2.43011,1.79346,2.90225,2.673,0,0.0018119,0.0018119,0.0018119
97,569.728,2.02172,2.28506,2.11354,2.17471,0,0.1916,0.31818,0.12109,0.0416,0.01229,0.02273,0.00191,0.00049,2.35022,1.83604,2.65687,2.59156,0,0.00180992,0.00180992,0.00180992
98,575.304,1.95231,2.25946,2.1059,2.15473,0,0.22223,0.27273,0.16382,0.04833,0.08537,0.02273,0.00851,0.00217,2.45443,1.81603,2.58028,2.62504,0,0.00180794,0.00180794,0.00180794
99,580.949,2.04945,2.32652,2.07395,2.13629,0,0.19679,0.25,0.11992,0.03828,0.0598,0.02273,0.00661,0.00179,2.51877,1.80843,2.64139,2.67838,0,0.00180596,0.00180596,0.00180596
100,586.65,1.97986,2.29483,2.10365,2.11442,0,0.12798,0.23354,0.09403,0.02977,0.04207,0.02273,0.00303,0.00109,2.49165,1.80587,2.72251,2.69308,0,0.00180398,0.00180398,0.00180398
101,592.216,1.9545,2.19829,2.01221,2.08765,0,0.15286,0.15909,0.1146,0.03172,0.01756,0.02273,0.00202,0.00048,2.51807,1.79997,2.62858,2.75482,0,0.001802,0.001802,0.001802
102,597.908,1.99437,2.23799,2.068,2.08017,0,0.15286,0.15909,0.1146,0.03172,0.01756,0.02273,0.00202,0.00048,2.51807,1.79997,2.62858,2.75482,0,0.00180002,0.00180002,0.00180002
103,603.542,2.02166,2.32207,2.06803,2.11945,0,0.2083,0.38636,0.18789,0.05176,0.00249,0.02273,0.00069,0.00016,2.54307,1.77339,2.65512,2.7744,0,0.00179804,0.00179804,0.00179804
104,609.081,1.98954,2.30181,2.0069,2.05549,0,0.21864,0.36252,0.20633,0.06947,0.00714,0.06818,0.00153,0.00026,2.31808,1.76634,2.70811,2.5666,0,0.00179606,0.00179606,0.00179606
105,614.681,1.92321,2.27265,2.02562,2.04991,0,0.3096,0.31818,0.18984,0.06176,0.01044,0.04545,0.00145,0.00024,2.32742,1.86696,2.76489,2.55433,0,0.00179408,0.00179408,0.00179408
106,620.352,1.92483,2.25409,1.97272,2.05009,0,0.25404,0.30195,0.14875,0.04213,0.02713,0.02273,0.00132,0.00027,2.49779,1.98069,2.81408,2.6345,0,0.0017921,0.0017921,0.0017921
107,625.98,1.9018,2.26921,2.00801,2.03928,0,0.25404,0.30195,0.14875,0.04213,0.02713,0.02273,0.00132,0.00027,2.49779,1.98069,2.81408,2.6345,0,0.00179012,0.00179012,0.00179012
108,631.643,1.9578,2.26325,2.05679,2.02475,0,0.17094,0.25,0.10342,0.03669,0.0321,0.02273,0.00157,0.00054,2.33118,1.89391,2.74514,2.54259,0,0.00178814,0.00178814,0.00178814
109,637.278,1.95878,2.27608,2.01416,2.05768,0,0.22381,0.22727,0.14334,0.05059,0.04437,0.04545,0.00302,0.00068,2.28056,1.81759,2.51654,2.50724,0,0.00178616,0.00178616,0.00178616
110,643.059,1.98603,2.16578,1.99386,2.08713,0,0.16914,0.45455,0.22044,0.08097,0.00754,0.02273,0.00111,0.00036,2.21636,1.76507,2.46065,2.41712,0,0.00178418,0.00178418,0.00178418
111,648.644,2.00526,2.24816,1.9867,2.121,0,0.18925,0.5,0.19585,0.0713,0.00259,0.02273,0.00033,0.0001,2.21648,1.85763,2.55063,2.43337,0,0.0017822,0.0017822,0.0017822
112,654.152,1.92093,2.24931,1.9853,2.03175,0,0.18925,0.5,0.19585,0.0713,0.00259,0.02273,0.00033,0.0001,2.21648,1.85763,2.55063,2.43337,0,0.00178022,0.00178022,0.00178022
113,659.795,1.91372,2.3419,2.04249,2.08222,0,0.16406,0.34091,0.19218,0.06217,0.00333,0.04545,0.00028,6e-05,2.35025,1.89167,2.60029,2.52836,0,0.00177824,0.00177824,0.00177824
114,665.362,1.88431,2.21908,1.94415,1.99947,0,0.1827,0.3658,0.20093,0.07199,0.01059,0.02273,0.00408,0.00071,2.24186,1.73295,2.5326,2.45083,0,0.00177626,0.00177626,0.00177626
115,671.057,1.91598,2.2333,1.96735,2.03603,0,0.16251,0.29545,0.17056,0.06153,0.04126,0.06818,0.00762,0.00173,2.17985,1.72577,2.50167,2.42445,0,0.00177428,0.00177428,0.00177428
116,676.719,1.92067,2.2767,1.95047,2.04027,0,0.13508,0.22727,0.15875,0.05586,0.01803,0.09091,0.00359,0.00087,2.25818,1.72642,2.67361,2.44668,0,0.0017723,0.0017723,0.0017723
117,682.309,1.85933,2.18541,1.8916,2.01121,0,0.1995,0.25,0.19198,0.05012,0.00431,0.02273,0.0006,0.00012,2.50336,1.79973,2.644,2.58715,0,0.00177032,0.00177032,0.00177032
118,687.75,1.958,2.29083,1.96493,2.05253,0,0.1995,0.25,0.19198,0.05012,0.00431,0.02273,0.0006,0.00012,2.50336,1.79973,2.644,2.58715,0,0.00176834,0.00176834,0.00176834
119,693.015,1.92404,2.28475,1.94631,2.06123,0,0.17876,0.22727,0.1625,0.04198,0.00518,0.04545,0.00059,0.00012,2.5095,1.84821,2.54535,2.64644,0,0.00176636,0.00176636,0.00176636
120,698.271,1.86721,2.15263,1.93432,2.02609,0,0.2262,0.27273,0.18575,0.05806,0.03815,0.06818,0.00544,0.00093,2.26302,1.80612,2.53663,2.42708,0,0.00176438,0.00176438,0.00176438
121,703.657,1.92317,2.18164,1.97182,2.0451,0,0.22044,0.25065,0.17493,0.0563,0.06031,0.04545,0.03363,0.00936,2.33209,1.774,2.67369,2.44071,0,0.0017624,0.0017624,0.0017624
122,708.968,1.90806,2.24626,1.93803,2.0184,0,0.20312,0.27273,0.14983,0.05849,0.03718,0.04545,0.03192,0.00874,2.38544,1.75564,2.65185,2.54182,0,0.00176042,0.00176042,0.00176042
123,714.322,2.00094,2.36512,2.04033,2.05681,0,0.20312,0.27273,0.14983,0.05849,0.03718,0.04545,0.03192,0.00874,2.38544,1.75564,2.65185,2.54182,0,0.00175844,0.00175844,0.00175844
124,719.649,1.89723,2.21841,1.9512,1.96609,0,0.21565,0.23127,0.12335,0.03939,0.03337,0.06818,0.00513,0.00113,2.3885,1.74891,2.69326,2.54032,0,0.00175646,0.00175646,0.00175646
125,725.002,1.92642,2.14395,1.95546,2.02401,0,0.28327,0.29545,0.21678,0.06617,0.03856,0.04545,0.00257,0.00054,2.38421,1.80717,2.58652,2.48799,0,0.00175448,0.00175448,0.00175448
126,730.382,1.86832,2.23816,1.91742,1.97488,0,0.248,0.27273,0.22692,0.06613,0.0243,0.02273,0.00257,0.00085,2.36652,1.84656,2.75015,2.48541,0,0.0017525,0.0017525,0.0017525
127,735.804,1.79898,2.08015,1.79711,1.92098,0,0.21602,0.2067,0.19125,0.06513,0.04485,0.02273,0.00356,0.00109,2.29267,1.75915,2.75038,2.43035,0,0.00175052,0.00175052,0.00175052
128,741.086,1.87028,2.09477,1.87362,1.95572,0,0.21602,0.2067,0.19125,0.06513,0.04485,0.02273,0.00356,0.00109,2.29267,1.75915,2.75038,2.43035,0,0.00174854,0.00174854,0.00174854
129,746.497,1.90721,2.27684,1.88867,1.96607,0,0.19349,0.31818,0.16366,0.05676,0.13806,0.02273,0.01002,0.00362,2.24642,1.79413,2.862,2.41263,0,0.00174656,0.00174656,0.00174656
130,751.836,1.88117,2.15252,1.97238,2.00866,0,0.25692,0.31818,0.19199,0.06806,0.28543,0.02273,0.01168,0.00319,2.20729,1.82316,2.83561,2.44968,0,0.00174458,0.00174458,0.00174458
131,757.06,1.88285,2.24728,1.93021,2.03422,0,0.22041,0.39201,0.1862,0.06638,0.02905,0.06818,0.01662,0.00481,2.17545,1.8198,2.70003,2.44597,0,0.0017426,0.0017426,0.0017426
132,762.411,1.94434,2.20077,1.88693,2.05071,0,0.25806,0.38636,0.21902,0.07418,0.0567,0.09091,0.01546,0.0052,2.21633,1.72855,2.51482,2.4163,0,0.00174062,0.00174062,0.00174062
133,767.706,1.80353,2.19017,1.80657,1.91883,0,0.15078,0.45455,0.17322,0.05888,0.08864,0.11364,0.01607,0.00363,2.29774,1.70453,2.7627,2.46552,0,0.00173864,0.00173864,0.00173864
134,773.025,1.88947,2.20924,1.89246,2.01105,0,0.15078,0.45455,0.17322,0.05888,0.08864,0.11364,0.01607,0.00363,2.29774,1.70453,2.7627,2.46552,0,0.00173666,0.00173666,0.00173666
135,778.362,1.86463,2.30106,1.86258,1.93381,0,0.15671,0.38636,0.17163,0.05827,0.10943,0.11364,0.02199,0.00643,2.30002,1.69054,2.57952,2.46738,0,0.00173468,0.00173468,0.00173468
136,783.514,1.89216,2.23983,1.82197,1.99777,0,0.19483,0.29545,0.19087,0.07111,0.07493,0.11364,0.03435,0.00871,2.2568,1.68094,2.37063,2.457,0,0.0017327,0.0017327,0.0017327
137,789.1,1.83974,2.18006,1.80296,1.9457,0,0.25031,0.15909,0.15528,0.05665,0.17172,0.02273,0.00708,0.002,2.29368,1.81135,2.3105,2.49196,0,0.00173072,0.00173072,0.00173072
138,794.695,1.85841,2.20224,1.88597,1.97137,0,0.28687,0.3475,0.25164,0.09898,0.22257,0.02273,0.00881,0.00092,2.09381,1.81783,2.4309,2.35151,0,0.00172874,0.00172874,0.00172874
139,800.374,1.8699,2.09181,1.82973,1.98375,0,0.28687,0.3475,0.25164,0.09898,0.22257,0.02273,0.00881,0.00092,2.09381,1.81783,2.4309,2.35151,0,0.00172676,0.00172676,0.00172676
140,806.057,1.96165,2.27181,1.87312,2.01571,0,0.30019,0.36364,0.26017,0.1033,0.03761,0.04545,0.01062,0.0013,2.03129,1.79366,2.40433,2.36622,0,0.00172478,0.00172478,0.00172478
141,811.964,1.84276,2.20082,1.81206,1.93067,0,0.23459,0.36364,0.26969,0.09902,0.04554,0.02273,0.00426,0.00088,2.17045,1.82451,2.46623,2.50213,0,0.0017228,0.0017228,0.0017228
142,817.592,1.81488,2.19163,1.83317,1.91043,0,0.26859,0.34221,0.22855,0.07415,0.02744,0.02273,0.00244,0.00067,2.19255,1.76344,2.47087,2.49252,0,0.00172082,0.00172082,0.00172082
143,823.203,1.88469,2.22989,1.83998,1.97789,0,0.2344,0.47727,0.19843,0.05553,0.01558,0.02273,0.00162,0.00045,2.24905,1.71553,2.60089,2.47975,0,0.00171884,0.00171884,0.00171884
144,828.723,1.7774,2.2318,1.79788,1.86161,0,0.2344,0.47727,0.19843,0.05553,0.01558,0.02273,0.00162,0.00045,2.24905,1.71553,2.60089,2.47975,0,0.00171686,0.00171686,0.00171686
145,834.366,1.86779,2.28637,1.81505,1.9421,0,0.21729,0.44171,0.20224,0.05599,0.11374,0.02273,0.0262,0.00279,2.32142,1.73248,2.52935,2.49067,0,0.00171488,0.00171488,0.00171488
146,839.973,1.91953,2.18939,1.81587,1.93624,0,0.18963,0.36364,0.25479,0.08698,0.45269,0.02273,0.02709,0.00781,2.07575,1.7344,2.43459,2.33097,0,0.0017129,0.0017129,0.0017129
147,845.57,1.86186,2.0856,1.81791,1.95109,0,0.14574,0.36364,0.1446,0.05428,0.24543,0.02273,0.02601,0.00522,2.12879,1.78728,2.59233,2.40651,0,0.00171092,0.00171092,0.00171092
148,851.236,1.83565,2.13331,1.73273,1.9129,0,0.14551,0.34091,0.13761,0.05747,0.45642,0.04545,0.03778,0.00742,2.24708,1.73186,2.53107,2.4692,0,0.00170894,0.00170894,0.00170894
149,856.881,1.83859,2.20018,1.7806,1.94718,0,0.21384,0.29545,0.20033,0.0719,0.56856,0.04545,0.04873,0.00958,2.19204,1.64026,2.42871,2.42128,0,0.00170696,0.00170696,0.00170696
150,862.301,1.84352,2.19739,1.81211,1.90862,0,0.21384,0.29545,0.20033,0.0719,0.56856,0.04545,0.04873,0.00958,2.19204,1.64026,2.42871,2.42128,0,0.00170498,0.00170498,0.00170498
151,867.967,1.81037,2.16005,1.70211,1.87696,0,0.2526,0.29545,0.2078,0.08424,0.48547,0.04545,0.04775,0.01195,2.17503,1.64905,2.42588,2.39585,0,0.001703,0.001703,0.001703
152,873.74,1.86469,2.20951,1.76773,1.93345,0,0.24229,0.27273,0.16346,0.06278,0.18434,0.04545,0.015,0.00298,2.16129,1.67255,2.4044,2.37917,0,0.00170102,0.00170102,0.00170102
153,879.425,1.8044,2.08379,1.72642,1.86369,0,0.15179,0.27273,0.12524,0.04649,0.18187,0.02273,0.00855,0.00175,2.15453,1.73924,2.54516,2.35102,0,0.00169904,0.00169904,0.00169904
154,885.046,1.7479,2.17053,1.71138,1.82868,0,0.19248,0.29545,0.15145,0.046,0.09143,0.02273,0.00799,0.00176,2.22738,1.74535,2.60867,2.40832,0,0.00169706,0.00169706,0.00169706
155,890.636,1.77031,2.09562,1.68779,1.84306,0,0.19248,0.29545,0.15145,0.046,0.09143,0.02273,0.00799,0.00176,2.22738,1.74535,2.60867,2.40832,0,0.00169508,0.00169508,0.00169508
156,896.301,1.86075,2.19014,1.74206,1.91872,0,0.18731,0.27273,0.14743,0.0469,0.03053,0.04545,0.00577,0.00102,2.2434,1.74804,2.55616,2.41699,0,0.0016931,0.0016931,0.0016931
157,902.072,1.79268,2.06812,1.77064,1.90583,0,0.19495,0.29545,0.17791,0.06035,0.02801,0.09091,0.00423,0.00087,2.33488,1.7536,2.43907,2.49685,0,0.00169112,0.00169112,0.00169112
158,907.644,1.75402,2.066,1.71059,1.87285,0,0.24515,0.36364,0.21003,0.07755,0.02707,0.02273,0.00549,0.00131,2.20888,1.69468,2.36202,2.38527,0,0.00168914,0.00168914,0.00168914
159,913.264,1.87544,2.15215,1.78336,1.96777,0,0.21339,0.29545,0.18986,0.07244,0.04663,0.04897,0.00707,0.00129,2.19781,1.73351,2.4492,2.39306,0,0.00168716,0.00168716,0.00168716
160,918.876,1.80102,2.11742,1.73521,1.91192,0,0.21339,0.29545,0.18986,0.07244,0.04663,0.04897,0.00707,0.00129,2.19781,1.73351,2.4492,2.39306,0,0.00168518,0.00168518,0.00168518
161,924.312,1.86883,2.30869,1.79594,1.96766,0,0.28678,0.3291,0.25423,0.09555,0.17364,0.04545,0.01437,0.00327,2.26584,1.71124,2.4588,2.43296,0,0.0016832,0.0016832,0.0016832
162,930.117,1.82937,2.24424,1.71946,1.9144,0,0.21724,0.63636,0.24339,0.08525,0.09089,0.04545,0.02097,0.00422,2.2352,1.65609,2.35047,2.39538,0,0.00168122,0.00168122,0.00168122
163,935.682,1.82974,2.13893,1.73151,1.90412,0,0.23758,0.59091,0.2707,0.08736,0.08353,0.09091,0.02153,0.00387,2.19314,1.66944,2.38491,2.38248,0,0.00167924,0.00167924,0.00167924
164,941.278,1.81436,2.14432,1.71901,1.93218,0,0.23325,0.38636,0.22063,0.06421,0.09889,0.09091,0.01829,0.00219,2.24901,1.72702,2.25155,2.41428,0,0.00167726,0.00167726,0.00167726
165,946.787,1.83385,2.22813,1.79566,1.9497,0,0.2612,0.40909,0.22529,0.06426,0.04265,0.09091,0.01905,0.00368,2.31158,1.77268,2.29144,2.46937,0,0.00167528,0.00167528,0.00167528
166,952.284,1.77493,2.11174,1.76749,1.8534,0,0.2612,0.40909,0.22529,0.06426,0.04265,0.09091,0.01905,0.00368,2.31158,1.77268,2.29144,2.46937,0,0.0016733,0.0016733,0.0016733
167,957.866,1.76925,2.13631,1.79133,1.8434,0,0.2566,0.29545,0.21224,0.06195,0.27396,0.02273,0.01468,0.00189,2.32366,1.83545,2.4661,2.50427,0,0.00167132,0.00167132,0.00167132
168,963.586,1.84486,2.15705,1.76937,1.89565,0,0.28455,0.29545,0.24331,0.07459,0.01933,0.06818,0.00252,0.00044,2.25401,1.84461,2.57343,2.44503,0,0.00166934,0.00166934,0.00166934
169,969.298,1.78657,2.16778,1.71009,1.79534,0,0.31001,0.29545,0.27182,0.08559,0.01854,0.02273,0.0017,0.0003,2.1186,1.77786,2.56697,2.3063,0,0.00166736,0.00166736,0.00166736
170,975.004,1.75145,2.10516,1.69953,1.82973,0,0.28299,0.43182,0.26818,0.10394,0.12417,0.02273,0.01386,0.00145,2.03586,1.7381,2.56102,2.26727,0,0.00166538,0.00166538,0.00166538
171,980.68,1.82239,2.12129,1.74292,1.85824,0,0.28299,0.43182,0.26818,0.10394,0.12417,0.02273,0.01386,0.00145,2.03586,1.7381,2.56102,2.26727,0,0.0016634,0.0016634,0.0016634
172,986.503,1.76136,2.11538,1.68962,1.84084,0,0.30534,0.34091,0.25404,0.10614,0.079,0.04545,0.03069,0.00815,1.92711,1.67967,2.51776,2.21234,0,0.00166142,0.00166142,0.00166142
173,992.483,1.64185,1.95239,1.61284,1.76806,0,0.26648,0.31818,0.24332,0.0984,0.04176,0.04545,0.02972,0.00588,1.9666,1.66301,2.39355,2.25645,0,0.00165944,0.00165944,0.00165944
174,997.982,1.85346,2.19151,1.77968,1.90305,0,0.31246,0.27273,0.21032,0.07636,0.2358,0.02273,0.01413,0.00282,2.02026,1.6639,2.32137,2.30002,0,0.00165746,0.00165746,0.00165746
175,1003.55,1.7062,1.97216,1.67651,1.81552,0,0.17427,0.31818,0.17616,0.07342,0.0623,0.04545,0.01786,0.00313,2.07774,1.68227,2.30801,2.31848,0,0.00165548,0.00165548,0.00165548
176,1009.45,1.6862,2.02884,1.7305,1.82449,0,0.17427,0.31818,0.17616,0.07342,0.0623,0.04545,0.01786,0.00313,2.07774,1.68227,2.30801,2.31848,0,0.0016535,0.0016535,0.0016535
177,1015.02,1.66361,2.01699,1.53671,1.78268,0,0.20145,0.37846,0.16037,0.06593,0.04456,0.02273,0.00563,0.00084,2.10964,1.67022,2.36223,2.31191,0,0.00165152,0.00165152,0.00165152
178,1020.61,1.76409,2.10346,1.65391,1.84613,0,0.2394,0.31818,0.16753,0.07234,0.0187,0.04545,0.00396,0.00077,2.08076,1.61264,2.39488,2.35335,0,0.00164954,0.00164954,0.00164954
179,1026.34,1.7799,2.17136,1.66838,1.86908,0,0.25005,0.34866,0.21895,0.08282,0.07791,0.02273,0.00755,0.00231,2.072,1.60527,2.43377,2.3526,0,0.00164756,0.00164756,0.00164756
180,1031.97,1.67348,2.03253,1.55291,1.77185,0,0.26098,0.36364,0.25127,0.0868,0.09912,0.02273,0.00971,0.00168,2.08252,1.63029,2.41616,2.38412,0,0.00164558,0.00164558,0.00164558
181,1037.54,1.74338,2.19272,1.63884,1.79575,0,0.3105,0.38636,0.27069,0.09509,0.0346,0.13636,0.00634,0.00123,2.0798,1.61921,2.41926,2.41425,0,0.0016436,0.0016436,0.0016436
182,1043.02,1.69696,1.94274,1.59078,1.78617,0,0.3105,0.38636,0.27069,0.09509,0.0346,0.13636,0.00634,0.00123,2.0798,1.61921,2.41926,2.41425,0,0.00164162,0.00164162,0.00164162
183,1048.81,1.77496,2.14025,1.62364,1.86508,0,0.28895,0.45455,0.27256,0.08785,0.04003,0.04545,0.00695,0.00151,2.20681,1.63811,2.45944,2.53562,0,0.00163964,0.00163964,0.00163964
184,1054.2,1.78674,2.11882,1.62073,1.86295,0,0.29654,0.31619,0.23223,0.07637,0.03477,0.13636,0.00747,0.00113,2.19995,1.64556,2.48635,2.53639,0,0.00163766,0.00163766,0.00163766
185,1059.62,1.6985,2.24335,1.64388,1.80752,0,0.30553,0.22727,0.20656,0.08945,0.02346,0.06818,0.00303,0.00043,2.1072,1.77863,2.34239,2.36925,0,0.00163568,0.00163568,0.00163568
186,1065.13,1.78953,2.12001,1.65431,1.85463,0,0.21994,0.27273,0.19614,0.09194,0.01117,0.06818,0.00107,0.00021,2.03635,1.87572,2.38652,2.30515,0,0.0016337,0.0016337,0.0016337
187,1070.59,1.74509,2.27318,1.66917,1.85542,0,0.21994,0.27273,0.19614,0.09194,0.01117,0.06818,0.00107,0.00021,2.03635,1.87572,2.38652,2.30515,0,0.00163172,0.00163172,0.00163172
188,1076.09,1.68467,2.13048,1.58922,1.77598,0,0.26771,0.31818,0.23445,0.09317,0.03065,0.06818,0.00599,0.00083,2.0296,1.73855,2.3359,2.29023,0,0.00162974,0.00162974,0.00162974
189,1081.76,1.69284,2.09654,1.61745,1.79238,0,0.3295,0.31818,0.26502,0.10113,0.02661,0.09091,0.00547,0.00078,2.08643,1.74851,2.40885,2.33498,0,0.00162776,0.00162776,0.00162776
190,1087.25,1.68,2.25518,1.59934,1.80992,0,0.3348,0.29545,0.26424,0.09337,0.02733,0.13636,0.00765,0.00119,2.14069,1.80021,2.42169,2.37707,0,0.00162578,0.00162578,0.00162578
191,1092.73,1.67156,2.06394,1.58568,1.80616,0,0.37274,0.34091,0.26586,0.09025,0.0259,0.11364,0.00734,0.00113,2.1106,1.7713,2.40665,2.37554,0,0.0016238,0.0016238,0.0016238
192,1098.17,1.72964,2.19894,1.64189,1.81786,0,0.37274,0.34091,0.26586,0.09025,0.0259,0.11364,0.00734,0.00113,2.1106,1.7713,2.40665,2.37554,0,0.00162182,0.00162182,0.00162182
193,1103.82,1.74762,2.12491,1.61802,1.8207,0,0.31353,0.34091,0.26544,0.09474,0.03488,0.11364,0.00766,0.00122,2.0784,1.70561,2.45734,2.31629,0,0.00161984,0.00161984,0.00161984
194,1109.49,1.7191,2.09143,1.60734,1.8009,0,0.27816,0.38636,0.27423,0.11018,0.03989,0.0869,0.01421,0.00186,1.99758,1.68679,2.56838,2.31879,0,0.00161786,0.00161786,0.00161786
195,1114.89,1.69099,2.19068,1.55328,1.79953,0,0.25641,0.34091,0.22131,0.08585,0.02271,0.09091,0.00627,0.00087,2.21341,1.7475,2.74705,2.50958,0,0.00161588,0.00161588,0.00161588
196,1120.47,1.71321,2.11268,1.61931,1.79458,0,0.25599,0.29545,0.22277,0.09243,0.07647,0.04545,0.03214,0.00887,2.19699,1.72485,2.63598,2.48257,0,0.0016139,0.0016139,0.0016139
197,1126.01,1.65031,2.02991,1.58138,1.7556,0,0.33403,0.29545,0.2458,0.10243,0.11624,0.04545,0.03153,0.00835,2.12348,1.66809,2.4112,2.37866,0,0.00161192,0.00161192,0.00161192
198,1131.64,1.62997,1.99596,1.55291,1.7703,0,0.33403,0.29545,0.2458,0.10243,0.11624,0.04545,0.03153,0.00835,2.12348,1.66809,2.4112,2.37866,0,0.00160994,0.00160994,0.00160994
199,1137.16,1.66567,2.07396,1.55103,1.78474,0,0.33511,0.31818,0.26125,0.10018,0.18795,0.02273,0.01334,0.00336,2.03056,1.65303,2.28792,2.31932,0,0.00160796,0.00160796,0.00160796
200,1142.97,1.66005,2.10144,1.53369,1.75989,0,0.2903,0.31818,0.19908,0.08626,0.16675,0.04545,0.01476,0.00419,2.00755,1.6879,2.35835,2.3007,0,0.00160598,0.00160598,0.00160598
201,1148.61,1.62072,2.02141,1.52782,1.77393,0,0.32424,0.31818,0.21773,0.08724,0.26372,0.04545,0.02433,0.00425,1.95356,1.67281,2.1981,2.27877,0,0.001604,0.001604,0.001604
202,1154.07,1.67263,2.09694,1.61248,1.76796,0,0.32829,0.34091,0.21144,0.07885,0.06582,0.06818,0.02634,0.00407,1.97462,1.66481,2.29386,2.2738,0,0.00160202,0.00160202,0.00160202
203,1159.67,1.66403,2.06404,1.53894,1.78426,0,0.32829,0.34091,0.21144,0.07885,0.06582,0.06818,0.02634,0.00407,1.97462,1.66481,2.29386,2.2738,0,0.00160004,0.00160004,0.00160004
204,1165.25,1.68246,1.99102,1.586,1.81409,0,0.3443,0.26271,0.2375,0.07749,0.05961,0.04545,0.01229,0.0019,2.08562,1.64943,2.44432,2.30604,0,0.00159806,0.00159806,0.00159806
205,1171.05,1.67787,2.05731,1.49984,1.74671,0,0.40425,0.25,0.21236,0.08134,0.04163,0.18182,0.01192,0.0028,2.23139,1.61712,2.32482,2.47424,0,0.00159608,0.00159608,0.00159608
206,1176.56,1.66891,2.07583,1.53359,1.74245,0,0.39953,0.31818,0.22306,0.07806,0.03889,0.11866,0.01012,0.00195,2.42425,1.6604,2.38321,2.624,0,0.0015941,0.0015941,0.0015941
207,1182.13,1.74246,2.16002,1.65993,1.79902,0,0.41776,0.27273,0.21805,0.07541,0.03249,0.11364,0.00795,0.00166,2.37134,1.70232,2.45539,2.55158,0,0.00159212,0.00159212,0.00159212
208,1187.9,1.58529,2.10349,1.47786,1.71758,0,0.41776,0.27273,0.21805,0.07541,0.03249,0.11364,0.00795,0.00166,2.37134,1.70232,2.45539,2.55158,0,0.00159014,0.00159014,0.00159014
209,1193.52,1.65908,2.13962,1.52192,1.75118,0,0.41847,0.27273,0.23159,0.08825,0.04761,0.13636,0.01107,0.00219,2.43323,1.70494,2.50436,2.60216,0,0.00158816,0.00158816,0.00158816
210,1199.05,1.6197,1.96914,1.54179,1.74821,0,0.44724,0.27273,0.2378,0.09346,0.02608,0.13636,0.00673,0.00162,2.24457,1.68191,2.398,2.43628,0,0.00158618,0.00158618,0.00158618
211,1204.57,1.7241,2.09333,1.53016,1.81446,0,0.29517,0.29545,0.20618,0.09158,0.08108,0.02273,0.00572,0.0016,2.10328,1.75477,2.38722,2.30929,0,0.0015842,0.0015842,0.0015842
212,1210.03,1.69977,2.11212,1.55991,1.77539,0,0.24121,0.25,0.19721,0.08686,0.07942,0.06818,0.00859,0.00185,2.02194,1.71596,2.29594,2.24007,0,0.00158222,0.00158222,0.00158222
213,1215.79,1.603,2.08507,1.42791,1.70245,0,0.36657,0.20455,0.19852,0.08094,0.06211,0.04545,0.00796,0.00159,2.15858,1.68757,2.26131,2.36044,0,0.00158024,0.00158024,0.00158024
214,1221.3,1.6651,2.04597,1.52461,1.81207,0,0.36657,0.20455,0.19852,0.08094,0.06211,0.04545,0.00796,0.00159,2.15858,1.68757,2.26131,2.36044,0,0.00157826,0.00157826,0.00157826
215,1226.83,1.63613,2.04799,1.48233,1.76829,0,0.21932,0.45333,0.23396,0.09257,0.0497,0.04545,0.00767,0.00146,1.96526,1.64154,2.34267,2.25203,0,0.00157628,0.00157628,0.00157628
216,1232.45,1.66014,2.10698,1.50155,1.74073,0,0.26465,0.38636,0.25383,0.08938,0.15232,0.06818,0.02037,0.00344,2.00411,1.59961,2.40633,2.29114,0,0.0015743,0.0015743,0.0015743
217,1238.07,1.67201,2.19436,1.56925,1.78281,0,0.35496,0.32529,0.24679,0.09793,0.11808,0.06818,0.01363,0.00314,2.07751,1.66448,2.45584,2.31829,0,0.00157232,0.00157232,0.00157232
218,1243.48,1.65802,2.06377,1.52929,1.74943,0,0.28903,0.36965,0.24792,0.09373,0.07008,0.06818,0.0097,0.00158,2.01431,1.67396,2.38118,2.27064,0,0.00157034,0.00157034,0.00157034
219,1248.92,1.67232,2.19124,1.53699,1.74534,0,0.28903,0.36965,0.24792,0.09373,0.07008,0.06818,0.0097,0.00158,2.01431,1.67396,2.38118,2.27064,0,0.00156836,0.00156836,0.00156836
220,1254.44,1.60691,2.10933,1.44118,1.74118,0,0.28828,0.40909,0.22886,0.09062,0.06137,0.06818,0.01065,0.00197,2.05021,1.67716,2.31945,2.28694,0,0.00156638,0.00156638,0.00156638
221,1260.02,1.68584,2.07611,1.48724,1.75107,0,0.26736,0.36364,0.24397,0.09016,0.06866,0.13636,0.01759,0.00313,2.06363,1.65312,2.18101,2.29996,0,0.0015644,0.0015644,0.0015644
222,1265.62,1.64717,2.01096,1.43997,1.72293,0,0.26501,0.38636,0.24457,0.09711,0.07879,0.04545,0.01488,0.00312,1.94793,1.62402,2.17892,2.20301,0,0.00156242,0.00156242,0.00156242
223,1271.09,1.60261,2.09876,1.4426,1.70253,0,0.2344,0.40909,0.23974,0.09464,0.09815,0.06818,0.02291,0.00351,1.89728,1.59545,2.25775,2.21254,0,0.00156044,0.00156044,0.00156044
224,1276.54,1.66399,2.09365,1.50586,1.74039,0,0.2344,0.40909,0.23974,0.09464,0.09815,0.06818,0.02291,0.00351,1.89728,1.59545,2.25775,2.21254,0,0.00155846,0.00155846,0.00155846
225,1282.08,1.6095,2.11316,1.45073,1.70618,0,0.3085,0.31818,0.24406,0.09988,0.10477,0.06818,0.01831,0.00438,1.85705,1.63048,2.21528,2.1868,0,0.00155648,0.00155648,0.00155648
226,1287.52,1.62436,2.15535,1.51159,1.71833,0,0.27782,0.38636,0.24198,0.09849,0.12558,0.06818,0.0156,0.00232,1.91955,1.71321,2.30531,2.22809,0,0.0015545,0.0015545,0.0015545
227,1293.23,1.61417,2.11948,1.47337,1.71926,0,0.3744,0.27205,0.23127,0.09352,0.06056,0.04545,0.00931,0.00169,2.10464,1.77347,2.33402,2.32897,0,0.00155252,0.00155252,0.00155252
228,1298.86,1.61099,2.11172,1.45865,1.75303,0,0.44417,0.22727,0.24368,0.10292,0.07073,0.09091,0.01677,0.00352,2.07769,1.70451,2.36724,2.29708,0,0.00155054,0.00155054,0.00155054
229,1304.37,1.65634,2.14338,1.49509,1.75526,0,0.38827,0.27273,0.25812,0.11738,0.13579,0.06818,0.02402,0.00787,2.07097,1.61502,2.21883,2.3075,0,0.00154856,0.00154856,0.00154856
230,1309.98,1.54539,2.05426,1.35512,1.65749,0,0.38827,0.27273,0.25812,0.11738,0.13579,0.06818,0.02402,0.00787,2.07097,1.61502,2.21883,2.3075,0,0.00154658,0.00154658,0.00154658
231,1315.6,1.65616,2.13332,1.47263,1.75514,0,0.29064,0.3446,0.2593,0.1137,0.23133,0.06818,0.02492,0.00844,2.03762,1.60241,2.13333,2.277,0,0.0015446,0.0015446,0.0015446
232,1321.26,1.63174,2.14549,1.457,1.76686,0,0.32985,0.3916,0.33115,0.14166,0.11731,0.06818,0.03824,0.0095,1.96337,1.59913,1.98141,2.23906,0,0.00154262,0.00154262,0.00154262
233,1326.85,1.66768,2.13042,1.49252,1.78774,0,0.35205,0.47727,0.32178,0.13415,0.0582,0.11364,0.02712,0.00786,1.93284,1.62006,2.01718,2.23204,0,0.00154064,0.00154064,0.00154064
234,1332.41,1.63118,2.06004,1.42844,1.69267,0,0.30174,0.38636,0.25362,0.10673,0.10448,0.06818,0.01966,0.00555,2.00808,1.66243,2.14996,2.26413,0,0.00153866,0.00153866,0.00153866
235,1337.87,1.69252,2.0152,1.54495,1.7932,0,0.30174,0.38636,0.25362,0.10673,0.10448,0.06818,0.01966,0.00555,2.00808,1.66243,2.14996,2.26413,0,0.00153668,0.00153668,0.00153668
236,1343.42,1.70296,2.03833,1.47519,1.75229,0,0.29202,0.36364,0.24655,0.0997,0.13191,0.11364,0.03302,0.00751,2.04417,1.65317,2.24111,2.27233,0,0.0015347,0.0015347,0.0015347
237,1349.35,1.66683,2.00475,1.45583,1.73094,0,0.25983,0.45455,0.29063,0.11339,0.20567,0.09091,0.04942,0.00853,2.06946,1.65678,2.1579,2.2873,0,0.00153272,0.00153272,0.00153272
238,1354.85,1.70532,2.12217,1.49913,1.72551,0,0.34989,0.28149,0.2668,0.1043,0.09049,0.04545,0.00876,0.00172,2.06885,1.6536,2.21437,2.29752,0,0.00153074,0.00153074,0.00153074
239,1360.37,1.62657,2.07408,1.49759,1.70388,0,0.36647,0.40909,0.27709,0.10684,0.18767,0.02273,0.01579,0.00438,2.00346,1.64908,2.31067,2.25543,0,0.00152876,0.00152876,0.00152876
240,1365.91,1.6366,2.15027,1.42001,1.71863,0,0.36647,0.40909,0.27709,0.10684,0.18767,0.02273,0.01579,0.00438,2.00346,1.64908,2.31067,2.25543,0,0.00152678,0.00152678,0.00152678
241,1371.38,1.61613,1.99776,1.45905,1.74854,0,0.39913,0.36364,0.30529,0.1143,0.13851,0.04545,0.02034,0.00479,1.92917,1.6142,2.24668,2.20612,0,0.0015248,0.0015248,0.0015248
242,1376.98,1.64341,2.16451,1.44375,1.73563,0,0.44241,0.38636,0.38053,0.15158,0.33833,0.04545,0.03029,0.00739,2.00727,1.61585,2.1248,2.25141,0,0.00152282,0.00152282,0.00152282
243,1382.67,1.66329,2.06148,1.52704,1.74786,0,0.27339,0.54545,0.34445,0.1287,0.06302,0.20455,0.03831,0.0106,2.05425,1.62661,2.11585,2.28472,0,0.00152084,0.00152084,0.00152084
244,1388.24,1.59317,1.99437,1.39334,1.6855,0,0.38522,0.25649,0.28414,0.10634,0.21893,0.04545,0.03197,0.00702,2.14631,1.61031,2.22937,2.36279,0,0.00151886,0.00151886,0.00151886
245,1393.71,1.61405,2.12105,1.50986,1.73718,0,0.36656,0.34091,0.28987,0.11759,0.10073,0.06818,0.04585,0.00949,2.15186,1.65964,2.24942,2.38376,0,0.00151688,0.00151688,0.00151688
246,1399.41,1.60355,2.0264,1.44704,1.69988,0,0.36656,0.34091,0.28987,0.11759,0.10073,0.06818,0.04585,0.00949,2.15186,1.65964,2.24942,2.38376,0,0.0015149,0.0015149,0.0015149
247,1404.9,1.60617,2.00084,1.44566,1.70204,0,0.33026,0.36364,0.29055,0.12553,0.16401,0.09091,0.06787,0.01759,2.07871,1.59849,2.18512,2.35323,0,0.00151292,0.00151292,0.00151292
248,1410.56,1.56627,2.07039,1.312,1.6467,0,0.31098,0.45455,0.32645,0.12428,0.23243,0.09091,0.07143,0.01629,1.99751,1.58808,2.12247,2.29649,0,0.00151094,0.00151094,0.00151094
249,1416.07,1.63924,2.10827,1.43488,1.72468,0,0.38269,0.43182,0.33958,0.11437,0.10462,0.06818,0.04319,0.00756,2.15689,1.58001,2.12845,2.46519,0,0.00150896,0.00150896,0.00150896
250,1421.56,1.64148,2.08788,1.41987,1.69425,0,0.34998,0.33052,0.33479,0.10674,0.0506,0.04545,0.00619,0.00115,2.28658,1.61467,2.38405,2.62774,0,0.00150698,0.00150698,0.00150698
251,1427.24,1.56909,2.1033,1.38511,1.69261,0,0.34998,0.33052,0.33479,0.10674,0.0506,0.04545,0.00619,0.00115,2.28658,1.61467,2.38405,2.62774,0,0.001505,0.001505,0.001505
252,1432.77,1.56994,2.0201,1.38978,1.65813,0,0.33783,0.29545,0.25018,0.08903,0.07336,0.06818,0.03069,0.00596,2.26839,1.64388,2.41474,2.56925,0,0.00150302,0.00150302,0.00150302
253,1438.45,1.54465,2.07547,1.32738,1.65782,0,0.35014,0.40909,0.30015,0.12322,0.03565,0.20455,0.03296,0.01105,2.21706,1.6738,2.27523,2.41308,0,0.00150104,0.00150104,0.00150104
254,1444.02,1.47306,1.93253,1.33153,1.64456,0,0.33194,0.40909,0.31186,0.12716,0.05574,0.04545,0.01923,0.0066,2.0037,1.6398,2.17157,2.25038,0,0.00149906,0.00149906,0.00149906
255,1449.66,1.5412,2.09692,1.39329,1.68447,0,0.32484,0.29545,0.2961,0.12699,0.04109,0.20455,0.029,0.00682,1.99228,1.60806,2.17726,2.28305,0,0.00149708,0.00149708,0.00149708
256,1455.26,1.53977,1.89747,1.30697,1.66156,0,0.32484,0.29545,0.2961,0.12699,0.04109,0.20455,0.029,0.00682,1.99228,1.60806,2.17726,2.28305,0,0.0014951,0.0014951,0.0014951
257,1460.74,1.64266,2.04563,1.4177,1.7216,0,0.25358,0.45455,0.27986,0.10424,0.24162,0.04545,0.02515,0.00521,2.05462,1.59697,2.11834,2.27201,0,0.00149312,0.00149312,0.00149312
258,1466.32,1.59299,2.05478,1.35295,1.66692,0,0.23037,0.5,0.22364,0.08259,0.14784,0.09091,0.0277,0.00518,2.01746,1.60842,2.16766,2.22382,0,0.00149114,0.00149114,0.00149114
259,1472.14,1.62417,2.08595,1.4437,1.71108,0,0.2274,0.45455,0.19552,0.06611,0.05104,0.11364,0.01641,0.00462,2.05189,1.63071,2.34089,2.25543,0,0.00148916,0.00148916,0.00148916
260,1477.65,1.5903,2.11849,1.4335,1.69311,0,0.33452,0.34091,0.24982,0.08193,0.04089,0.11364,0.01106,0.00303,1.99664,1.67247,2.33352,2.29402,0,0.00148718,0.00148718,0.00148718
261,1483.22,1.57646,2.01689,1.38006,1.65622,0,0.38943,0.36242,0.29036,0.10438,0.13726,0.02273,0.0128,0.00399,2.0265,1.71031,2.31925,2.32146,0,0.0014852,0.0014852,0.0014852
262,1488.84,1.6106,2.05703,1.40903,1.68507,0,0.38943,0.36242,0.29036,0.10438,0.13726,0.02273,0.0128,0.00399,2.0265,1.71031,2.31925,2.32146,0,0.00148322,0.00148322,0.00148322
263,1494.45,1.57617,2.02038,1.35445,1.66514,0,0.4327,0.36364,0.29485,0.11381,0.18267,0.02273,0.01004,0.00247,1.95515,1.67367,2.41412,2.23178,0,0.00148124,0.00148124,0.00148124
264,1500.2,1.52407,2.00507,1.29897,1.62323,0,0.37317,0.27273,0.24514,0.09859,0.21086,0.02273,0.0158,0.00302,2.0102,1.67746,2.49068,2.16996,0,0.00147926,0.00147926,0.00147926
265,1505.6,1.56999,2.0178,1.37237,1.67033,0,0.35357,0.25,0.2313,0.09959,0.23027,0.02273,0.0161,0.00308,2.09182,1.66476,2.44018,2.23168,0,0.00147728,0.00147728,0.00147728
266,1511.14,1.56164,2.04405,1.34678,1.66518,0,0.32906,0.40909,0.27615,0.11833,0.23898,0.04545,0.02855,0.00463,2.03395,1.64044,2.39314,2.23322,0,0.0014753,0.0014753,0.0014753
267,1516.61,1.51675,1.91821,1.33162,1.6595,0,0.32906,0.40909,0.27615,0.11833,0.23898,0.04545,0.02855,0.00463,2.03395,1.64044,2.39314,2.23322,0,0.00147332,0.00147332,0.00147332
268,1522.16,1.54089,1.98486,1.355,1.69269,0,0.34224,0.3193,0.30018,0.13498,0.03576,0.09091,0.02312,0.0059,2.06301,1.61227,2.34048,2.27301,0,0.00147134,0.00147134,0.00147134
269,1527.87,1.59445,2.03334,1.39345,1.71261,0,0.39972,0.38636,0.32621,0.14885,0.15338,0.06818,0.03619,0.00769,2.03931,1.61808,2.28623,2.28045,0,0.00146936,0.00146936,0.00146936
270,1533.62,1.59445,2.11165,1.33103,1.67811,0,0.41629,0.36364,0.29151,0.1354,0.10902,0.09091,0.0485,0.0127,2.02252,1.61784,2.31242,2.28013,0,0.00146738,0.00146738,0.00146738
271,1539.13,1.58298,2.02074,1.36028,1.70366,0,0.35809,0.34091,0.24512,0.11511,0.07623,0.09191,0.04915,0.0175,2.03607,1.63414,2.41139,2.31582,0,0.0014654,0.0014654,0.0014654
272,1544.74,1.59601,2.13374,1.31285,1.67272,0,0.35809,0.34091,0.24512,0.11511,0.07623,0.09191,0.04915,0.0175,2.03607,1.63414,2.41139,2.31582,0,0.00146342,0.00146342,0.00146342
273,1550.38,1.59543,2.07487,1.43475,1.71263,0,0.21104,0.45455,0.2078,0.1027,0.06561,0.04545,0.03121,0.0138,1.98736,1.65801,2.4324,2.28985,0,0.00146144,0.00146144,0.00146144
274,1556.17,1.48551,1.97213,1.30161,1.6062,0,0.20907,0.40909,0.25846,0.11989,0.07949,0.04545,0.03425,0.01213,2.00707,1.66442,2.33191,2.27858,0,0.00145946,0.00145946,0.00145946
275,1561.9,1.59792,2.03972,1.42196,1.72477,0,0.32512,0.43802,0.33118,0.12047,0.0748,0.04545,0.03221,0.01176,2.2245,1.64242,2.22284,2.47308,0,0.00145748,0.00145748,0.00145748
276,1567.39,1.55107,1.98458,1.33778,1.63595,0,0.38726,0.34091,0.3026,0.11305,0.0479,0.04545,0.03163,0.0089,2.22019,1.68897,2.35632,2.45322,0,0.0014555,0.0014555,0.0014555
277,1572.91,1.57671,1.99617,1.31904,1.67317,0,0.36183,0.45455,0.30195,0.13997,0.02508,0.13636,0.0302,0.01083,2.22624,1.82868,2.22829,2.36835,0,0.00145352,0.00145352,0.00145352
278,1578.42,1.5462,2.11234,1.37682,1.67867,0,0.36183,0.45455,0.30195,0.13997,0.02508,0.13636,0.0302,0.01083,2.22624,1.82868,2.22829,2.36835,0,0.00145154,0.00145154,0.00145154
279,1584.03,1.5627,1.98843,1.37873,1.64506,0,0.36991,0.27273,0.29214,0.12254,0.09248,0.06818,0.02659,0.00634,2.19628,1.78215,2.2042,2.33078,0,0.00144956,0.00144956,0.00144956
280,1589.69,1.52064,1.89929,1.27569,1.61075,0,0.267,0.43182,0.30759,0.1379,0.08113,0.20455,0.03027,0.00639,2.0334,1.7434,2.17542,2.25115,0,0.00144758,0.00144758,0.00144758
281,1595.29,1.51131,1.93375,1.30696,1.5997,0,0.39497,0.31818,0.3145,0.13374,0.08711,0.15909,0.03086,0.00767,2.01589,1.69777,2.10107,2.21754,0,0.0014456,0.0014456,0.0014456
282,1600.9,1.51294,1.99862,1.33161,1.61607,0,0.27996,0.44192,0.36017,0.14317,0.09556,0.13636,0.03906,0.01052,2.09207,1.66907,2.08701,2.27256,0,0.00144362,0.00144362,0.00144362
283,1606.37,1.55745,2.06176,1.35402,1.65583,0,0.27996,0.44192,0.36017,0.14317,0.09556,0.13636,0.03906,0.01052,2.09207,1.66907,2.08701,2.27256,0,0.00144164,0.00144164,0.00144164
284,1611.9,1.57078,2.01762,1.33998,1.6601,0,0.34131,0.38636,0.39782,0.13985,0.03784,0.18182,0.02246,0.00732,2.12291,1.63508,2.21701,2.30286,0,0.00143966,0.00143966,0.00143966
285,1617.66,1.53508,1.97639,1.31896,1.63585,0,0.65379,0.29545,0.37554,0.14872,0.08602,0.09091,0.02664,0.00794,2.07617,1.61026,2.16435,2.27546,0,0.00143768,0.00143768,0.00143768
286,1623.23,1.55515,1.90964,1.36523,1.64782,0,0.32952,0.47727,0.36276,0.14829,0.049,0.06818,0.02515,0.00733,2.0281,1.62464,2.0869,2.25457,0,0.0014357,0.0014357,0.0014357
287,1628.76,1.50607,1.90091,1.30851,1.59835,0,0.32288,0.46609,0.37387,0.14978,0.0569,0.25,0.03005,0.00788,2.07829,1.62588,2.0361,2.28943,0,0.00143372,0.00143372,0.00143372
288,1634.26,1.64264,2.00908,1.38175,1.67479,0,0.32288,0.46609,0.37387,0.14978,0.0569,0.25,0.03005,0.00788,2.07829,1.62588,2.0361,2.28943,0,0.00143174,0.00143174,0.00143174
289,1639.79,1.5289,2.03774,1.27342,1.65614,0,0.38152,0.34091,0.2883,0.11775,0.03472,0.14635,0.01605,0.00451,2.14895,1.6614,2.26515,2.35364,0,0.00142976,0.00142976,0.00142976
290,1645.28,1.52628,2.05168,1.37464,1.6411,0,0.4708,0.27273,0.26663,0.10358,0.11688,0.02273,0.00934,0.00304,2.20999,1.67159,2.42732,2.40796,0,0.00142778,0.00142778,0.00142778
291,1650.91,1.49726,1.99886,1.33026,1.59763,0,0.27174,0.40909,0.30705,0.12263,0.07331,0.09091,0.01312,0.00264,2.15726,1.67269,2.40993,2.37392,0,0.0014258,0.0014258,0.0014258
292,1656.61,1.54311,1.98241,1.37018,1.66672,0,0.46019,0.40909,0.35695,0.12362,0.07827,0.04545,0.01023,0.0025,2.11566,1.72457,2.25269,2.32521,0,0.00142382,0.00142382,0.00142382
293,1662.22,1.52317,2.00256,1.31571,1.64544,0,0.42425,0.38636,0.34346,0.1274,0.12888,0.06818,0.01665,0.00338,2.14044,1.71179,2.11848,2.33783,0,0.00142184,0.00142184,0.00142184
294,1667.94,1.49646,1.91836,1.2555,1.59216,0,0.42425,0.38636,0.34346,0.1274,0.12888,0.06818,0.01665,0.00338,2.14044,1.71179,2.11848,2.33783,0,0.00141986,0.00141986,0.00141986
295,1673.47,1.51258,1.9901,1.33539,1.65322,0,0.40662,0.40909,0.35862,0.13339,0.115,0.09091,0.02497,0.00685,2.06673,1.64284,2.0749,2.25779,0,0.00141788,0.00141788,0.00141788
296,1679.07,1.59462,1.93711,1.32126,1.66918,0,0.44952,0.37132,0.38147,0.15447,0.11935,0.15909,0.04896,0.01229,2.00259,1.60326,2.02591,2.19157,0,0.0014159,0.0014159,0.0014159
297,1684.63,1.51486,2.0335,1.32292,1.62238,0,0.27657,0.34091,0.27017,0.12793,0.15039,0.11364,0.04361,0.01354,2.06598,1.58436,2.20594,2.23989,0,0.00141392,0.00141392,0.00141392
298,1690.18,1.47787,1.90823,1.27467,1.59956,0,0.40908,0.26761,0.25686,0.11978,0.12641,0.13636,0.03421,0.00658,2.08882,1.56858,2.23046,2.23224,0,0.00141194,0.00141194,0.00141194
299,1695.69,1.52479,2.02448,1.3169,1.64069,0,0.40908,0.26761,0.25686,0.11978,0.12641,0.13636,0.03421,0.00658,2.08882,1.56858,2.23046,2.23224,0,0.00140996,0.00140996,0.00140996
300,1701.13,1.46843,1.96328,1.24944,1.59928,0,0.50141,0.27433,0.31424,0.14261,0.07798,0.09091,0.02088,0.00639,2.0079,1.57802,2.17212,2.20924,0,0.00140798,0.00140798,0.00140798
301,1706.65,1.5402,2.06609,1.38437,1.6437,0,0.33183,0.36364,0.33282,0.13145,0.28313,0.06818,0.03462,0.00743,1.98472,1.56978,2.06806,2.21667,0,0.001406,0.001406,0.001406
302,1712.23,1.43841,1.91205,1.2696,1.60354,0,0.39557,0.36364,0.34449,0.13335,0.18518,0.11364,0.04298,0.00927,1.9627,1.60219,2.00598,2.20179,0,0.00140402,0.00140402,0.00140402
303,1717.97,1.4731,1.96435,1.32448,1.63517,0,0.45149,0.31818,0.28736,0.12359,0.13148,0.18182,0.03987,0.00861,1.95601,1.64257,2.15074,2.22101,0,0.00140204,0.00140204,0.00140204
304,1723.47,1.57179,2.0122,1.35976,1.68405,0,0.45149,0.31818,0.28736,0.12359,0.13148,0.18182,0.03987,0.00861,1.95601,1.64257,2.15074,2.22101,0,0.00140006,0.00140006,0.00140006
305,1728.89,1.488,1.9248,1.33675,1.62645,0,0.36591,0.40909,0.28212,0.13383,0.10287,0.15909,0.06011,0.01876,1.95988,1.70132,2.37457,2.22598,0,0.00139808,0.00139808,0.00139808
306,1734.41,1.55623,1.97612,1.37925,1.66621,0,0.47918,0.29284,0.26065,0.12098,0.1012,0.09091,0.04395,0.01349,1.99992,1.77977,2.35514,2.22465,0,0.0013961,0.0013961,0.0013961
307,1740.03,1.5282,2.00435,1.35075,1.64021,0,0.34123,0.31818,0.25844,0.11774,0.0689,0.15909,0.02365,0.00855,2.09273,1.6873,2.17855,2.35819,0,0.00139412,0.00139412,0.00139412
308,1745.56,1.51263,1.95441,1.30387,1.62972,0,0.24737,0.5,0.25541,0.11602,0.0825,0.13636,0.02722,0.00614,2.10686,1.65118,2.15256,2.33718,0,0.00139214,0.00139214,0.00139214
309,1751.06,1.52825,1.99754,1.31898,1.61387,0,0.35124,0.30776,0.31076,0.12547,0.14471,0.17695,0.06913,0.01061,2.06006,1.63457,2.16035,2.25468,0,0.00139016,0.00139016,0.00139016
310,1756.57,1.54101,1.985,1.34639,1.6132,0,0.35124,0.30776,0.31076,0.12547,0.14471,0.17695,0.06913,0.01061,2.06006,1.63457,2.16035,2.25468,0,0.00138818,0.00138818,0.00138818
311,1762.19,1.49022,1.96339,1.25775,1.58589,0,0.24744,0.39612,0.23997,0.10108,0.07141,0.11364,0.03297,0.00944,2.13196,1.63399,2.29381,2.30527,0,0.0013862,0.0013862,0.0013862
312,1768.03,1.50345,1.96267,1.28699,1.62695,0,0.2513,0.5,0.24822,0.10161,0.04248,0.11364,0.0186,0.00519,2.11338,1.64506,2.28372,2.33697,0,0.00138422,0.00138422,0.00138422
313,1773.63,1.44873,1.87988,1.20283,1.54849,0,0.38189,0.40909,0.3304,0.13155,0.07008,0.06818,0.03761,0.00734,2.05756,1.6304,2.229,2.31786,0,0.00138224,0.00138224,0.00138224
314,1779.22,1.54936,1.92665,1.23549,1.63455,0,0.3521,0.52273,0.37789,0.14159,0.09148,0.06818,0.01483,0.00278,2.04007,1.60625,2.16847,2.30363,0,0.00138026,0.00138026,0.00138026
315,1784.74,1.49613,1.93985,1.33582,1.6044,0,0.3521,0.52273,0.37789,0.14159,0.09148,0.06818,0.01483,0.00278,2.04007,1.60625,2.16847,2.30363,0,0.00137828,0.00137828,0.00137828
316,1790.31,1.5081,1.98025,1.31093,1.63748,0,0.42728,0.36364,0.38913,0.14897,0.06717,0.15909,0.02368,0.00411,2.01927,1.59253,2.06293,2.26567,0,0.0013763,0.0013763,0.0013763
317,1795.85,1.43928,1.88798,1.25584,1.59871,0,0.47527,0.40909,0.42774,0.16787,0.08575,0.20455,0.05528,0.01638,1.96846,1.58508,1.92634,2.19396,0,0.00137432,0.00137432,0.00137432
318,1801.67,1.48888,1.95099,1.23429,1.58033,0,0.46114,0.38636,0.40378,0.1679,0.1029,0.18182,0.04425,0.01032,2.04517,1.6077,1.93872,2.26362,0,0.00137234,0.00137234,0.00137234
319,1807.33,1.447,1.99805,1.31137,1.58477,0,0.42302,0.45455,0.39004,0.16945,0.10474,0.15909,0.05154,0.01652,2.04297,1.62377,1.96614,2.25448,0,0.00137036,0.00137036,0.00137036
320,1813.02,1.52124,1.9801,1.25113,1.63721,0,0.42302,0.45455,0.39004,0.16945,0.10474,0.15909,0.05154,0.01652,2.04297,1.62377,1.96614,2.25448,0,0.00136838,0.00136838,0.00136838
321,1818.73,1.45558,1.87339,1.19868,1.56389,0,0.41227,0.44649,0.3692,0.16582,0.08754,0.11364,0.04901,0.01561,2.16552,1.72599,2.18683,2.31558,0,0.0013664,0.0013664,0.0013664
322,1824.5,1.46684,1.86611,1.2417,1.63896,0,0.35463,0.40909,0.31559,0.14541,0.04785,0.13636,0.04111,0.0141,2.11288,1.75704,2.25384,2.29426,0,0.00136442,0.00136442,0.00136442
323,1830.21,1.50355,1.95741,1.2233,1.63599,0,0.4326,0.31818,0.34696,0.1537,0.08148,0.18182,0.05458,0.01723,2.07538,1.65714,2.13271,2.25631,0,0.00136244,0.00136244,0.00136244
324,1835.8,1.43701,1.85892,1.20229,1.56522,0,0.34904,0.29545,0.30752,0.14649,0.07629,0.15909,0.06004,0.01985,2.05917,1.60976,2.05352,2.2482,0,0.00136046,0.00136046,0.00136046
325,1841.38,1.42635,1.82776,1.19719,1.5758,0,0.28108,0.38636,0.32795,0.14867,0.1109,0.15909,0.07074,0.01677,2.06359,1.5897,2.00075,2.25906,0,0.00135848,0.00135848,0.00135848
326,1847,1.44048,1.87235,1.15938,1.53331,0,0.28108,0.38636,0.32795,0.14867,0.1109,0.15909,0.07074,0.01677,2.06359,1.5897,2.00075,2.25906,0,0.0013565,0.0013565,0.0013565
327,1852.47,1.45858,1.88645,1.23356,1.5743,0,0.33628,0.47727,0.39311,0.16011,0.10969,0.15909,0.05865,0.01067,2.03254,1.59021,1.90556,2.23668,0,0.00135452,0.00135452,0.00135452
328,1857.97,1.52432,2.01911,1.31606,1.63911,0,0.38613,0.40909,0.37672,0.15955,0.1229,0.20455,0.06545,0.015,2.00521,1.58132,1.89892,2.24121,0,0.00135254,0.00135254,0.00135254
329,1863.56,1.45566,1.89205,1.20473,1.55077,0,0.37882,0.40909,0.35104,0.15573,0.11142,0.13636,0.06046,0.01578,1.98315,1.57366,1.89496,2.2388,0,0.00135056,0.00135056,0.00135056
330,1869.18,1.5099,1.99553,1.22485,1.59885,0,0.3485,0.43182,0.31292,0.14871,0.11763,0.13636,0.04631,0.01511,1.96482,1.60152,1.99751,2.22101,0,0.00134858,0.00134858,0.00134858
331,1874.77,1.44273,1.85812,1.14679,1.5329,0,0.3485,0.43182,0.31292,0.14871,0.11763,0.13636,0.04631,0.01511,1.96482,1.60152,1.99751,2.22101,0,0.0013466,0.0013466,0.0013466
332,1880.35,1.43641,1.88669,1.22127,1.53929,0,0.33325,0.5,0.33451,0.14802,0.09417,0.13636,0.04894,0.0175,1.89055,1.58708,1.97348,2.12894,0,0.00134462,0.00134462,0.00134462
333,1886.07,1.45343,1.95292,1.23194,1.59234,0,0.42057,0.38636,0.38793,0.15704,0.17092,0.06818,0.04879,0.01668,1.90025,1.60181,1.91372,2.12858,0,0.00134264,0.00134264,0.00134264
334,1891.8,1.42553,1.87088,1.17753,1.56409,0,0.61517,0.34091,0.41926,0.16916,0.16736,0.09091,0.05011,0.01131,1.96207,1.63108,1.95963,2.15328,0,0.00134066,0.00134066,0.00134066
335,1897.32,1.48469,1.85569,1.29087,1.61595,0,0.49377,0.43182,0.43472,0.17642,0.16492,0.09091,0.04791,0.00658,1.99673,1.64246,1.90943,2.14944,0,0.00133868,0.00133868,0.00133868
336,1902.95,1.48867,1.9113,1.24891,1.64289,0,0.49377,0.43182,0.43472,0.17642,0.16492,0.09091,0.04791,0.00658,1.99673,1.64246,1.90943,2.14944,0,0.0013367,0.0013367,0.0013367
337,1908.59,1.45625,1.88618,1.23516,1.58412,0,0.41682,0.43182,0.40023,0.15802,0.08285,0.11915,0.04718,0.00961,2.03012,1.62258,2.03232,2.18811,0,0.00133472,0.00133472,0.00133472
338,1914.19,1.394,1.86153,1.16473,1.53963,0,0.40173,0.47727,0.3642,0.15699,0.10007,0.13636,0.02982,0.00853,2.04335,1.62023,2.18079,2.18768,0,0.00133274,0.00133274,0.00133274
339,1919.85,1.40836,1.87046,1.16147,1.55916,0,0.39421,0.50289,0.35319,0.15423,0.10597,0.09091,0.02511,0.00731,2.05072,1.60525,2.16276,2.19833,0,0.00133076,0.00133076,0.00133076
340,1925.45,1.47721,1.91263,1.25182,1.60995,0,0.35759,0.49346,0.33302,0.15809,0.1292,0.11364,0.04899,0.0165,2.04385,1.59197,2.04703,2.26111,0,0.00132878,0.00132878,0.00132878
341,1931.16,1.46811,1.98452,1.23021,1.59097,0,0.45311,0.45198,0.32657,0.14989,0.13665,0.11364,0.05097,0.01884,2.01354,1.65173,2.11238,2.22876,0,0.0013268,0.0013268,0.0013268
342,1936.97,1.39702,1.89727,1.21764,1.56507,0,0.45311,0.45198,0.32657,0.14989,0.13665,0.11364,0.05097,0.01884,2.01354,1.65173,2.11238,2.22876,0,0.00132482,0.00132482,0.00132482
343,1942.51,1.38658,1.91256,1.22443,1.53362,0,0.39977,0.47727,0.36895,0.17731,0.15373,0.09091,0.05776,0.02122,2.02957,1.71955,2.07956,2.26404,0,0.00132284,0.00132284,0.00132284
344,1948.22,1.4552,1.83324,1.24391,1.56098,0,0.45992,0.45455,0.43631,0.20209,0.22286,0.09091,0.0518,0.02028,2.05807,1.72856,2.01366,2.31108,0,0.00132086,0.00132086,0.00132086
345,1953.87,1.44358,1.89655,1.19364,1.57543,0,0.589,0.36364,0.44365,0.19644,0.18962,0.09091,0.04636,0.00864,2.14538,1.71992,1.94874,2.3667,0,0.00131888,0.00131888,0.00131888
346,1959.49,1.40111,1.78833,1.18766,1.54359,0,0.69704,0.29545,0.43141,0.19449,0.16436,0.06818,0.02716,0.00639,2.17316,1.72719,1.98015,2.35365,0,0.0013169,0.0013169,0.0013169
347,1964.93,1.35617,1.87987,1.15591,1.49844,0,0.69704,0.29545,0.43141,0.19449,0.16436,0.06818,0.02716,0.00639,2.17316,1.72719,1.98015,2.35365,0,0.00131492,0.00131492,0.00131492
348,1970.43,1.41277,1.86134,1.21283,1.56736,0,0.46874,0.38636,0.43329,0.20614,0.12425,0.09091,0.03456,0.00851,2.08455,1.66484,1.87951,2.25129,0,0.00131294,0.00131294,0.00131294
349,1976.04,1.3653,1.82625,1.12397,1.51369,0,0.67826,0.38636,0.47192,0.22705,0.2039,0.09091,0.06799,0.01175,1.94348,1.6158,1.902,2.19025,0,0.00131096,0.00131096,0.00131096
350,1981.77,1.43618,1.95077,1.19213,1.56417,0,0.56953,0.38636,0.47569,0.20691,0.16811,0.11364,0.05697,0.0134,2.03171,1.58358,1.90894,2.26676,0,0.00130898,0.00130898,0.00130898
351,1987.44,1.43364,1.94178,1.22672,1.56801,0,0.7132,0.38636,0.49497,0.20466,0.29592,0.11364,0.06738,0.01772,2.03138,1.54752,1.91729,2.19133,0,0.001307,0.001307,0.001307
352,1993.02,1.45737,1.9556,1.24433,1.59672,0,0.7132,0.38636,0.49497,0.20466,0.29592,0.11364,0.06738,0.01772,2.03138,1.54752,1.91729,2.19133,0,0.00130502,0.00130502,0.00130502
353,1998.65,1.49813,1.97954,1.23825,1.56549,0,0.50433,0.40909,0.40961,0.19052,0.12446,0.25,0.05306,0.01354,1.89867,1.54361,1.9038,2.10003,0,0.00130304,0.00130304,0.00130304
354,2004.25,1.4972,1.92402,1.20396,1.58459,0,0.48134,0.42199,0.4143,0.17453,0.13381,0.13636,0.04389,0.0093,1.93729,1.57222,1.95981,2.18246,0,0.00130106,0.00130106,0.00130106
355,2009.92,1.48083,1.99881,1.24821,1.59647,0,0.43501,0.43182,0.42087,0.17798,0.10394,0.18182,0.04124,0.01005,1.99856,1.61188,1.99344,2.26118,0,0.00129908,0.00129908,0.00129908
356,2015.54,1.5258,1.99252,1.30236,1.69926,0,0.41667,0.45455,0.43095,0.17063,0.17371,0.20455,0.05008,0.011,2.03373,1.65191,1.93164,2.25821,0,0.0012971,0.0012971,0.0012971
357,2021.07,1.4879,1.92084,1.29563,1.58985,0,0.53584,0.34091,0.42535,0.17023,0.09201,0.20455,0.04129,0.01326,2.00741,1.6673,1.89745,2.25395,0,0.00129512,0.00129512,0.00129512
358,2026.68,1.48633,1.9262,1.21926,1.60493,0,0.53584,0.34091,0.42535,0.17023,0.09201,0.20455,0.04129,0.01326,2.00741,1.6673,1.89745,2.25395,0,0.00129314,0.00129314,0.00129314
359,2032.23,1.52248,1.9624,1.27126,1.6149,0,0.58815,0.25,0.38629,0.15248,0.07438,0.09091,0.0337,0.00894,2.00981,1.65818,1.90788,2.24776,0,0.00129116,0.00129116,0.00129116
360,2038.03,1.36914,1.76554,1.09758,1.49987,0,0.41203,0.34091,0.39396,0.15915,0.14096,0.09091,0.03161,0.00632,2.04665,1.69436,2.03221,2.27297,0,0.00128918,0.00128918,0.00128918
361,2043.66,1.53893,1.98068,1.27352,1.66784,0,0.4243,0.36364,0.35412,0.1427,0.11395,0.06818,0.04565,0.00699,2.13995,1.6969,2.05276,2.31318,0,0.0012872,0.0012872,0.0012872
362,2049.28,1.44715,1.91076,1.21266,1.59537,0,0.43623,0.31818,0.37087,0.14845,0.05664,0.20455,0.0351,0.00918,2.12659,1.62426,1.91634,2.28502,0,0.00128522,0.00128522,0.00128522
363,2054.89,1.45732,1.9214,1.20573,1.59862,0,0.43623,0.31818,0.37087,0.14845,0.05664,0.20455,0.0351,0.00918,2.12659,1.62426,1.91634,2.28502,0,0.00128324,0.00128324,0.00128324
364,2060.45,1.45886,1.93338,1.24515,1.5738,0,0.34613,0.5,0.36434,0.14439,0.09253,0.15909,0.0449,0.01308,2.01248,1.58028,1.86923,2.20394,0,0.00128126,0.00128126,0.00128126
365,2066.03,1.47882,1.97343,1.22301,1.61353,0,0.31857,0.47727,0.35401,0.16422,0.09231,0.15909,0.03765,0.01449,1.99797,1.57974,1.97578,2.22018,0,0.00127928,0.00127928,0.00127928
366,2071.66,1.41632,1.86977,1.23714,1.53779,0,0.34605,0.43182,0.35143,0.16358,0.07839,0.22727,0.03517,0.01163,2.06307,1.61312,1.98417,2.26239,0,0.0012773,0.0012773,0.0012773
367,2077.28,1.47691,2.01899,1.23373,1.62877,0,0.4722,0.52273,0.45806,0.17534,0.12812,0.13636,0.03037,0.00639,2.04,1.67854,1.9825,2.25991,0,0.00127532,0.00127532,0.00127532
368,2082.87,1.37875,1.86845,1.12246,1.55459,0,0.4722,0.52273,0.45806,0.17534,0.12812,0.13636,0.03037,0.00639,2.04,1.67854,1.9825,2.25991,0,0.00127334,0.00127334,0.00127334
369,2088.54,1.40289,1.81782,1.13586,1.53868,0,0.62807,0.38388,0.45797,0.17463,0.11762,0.13636,0.03287,0.00686,2.08487,1.69551,2.06981,2.29309,0,0.00127136,0.00127136,0.00127136
370,2094.59,1.44222,1.78357,1.2132,1.58026,0,0.42947,0.34091,0.32766,0.15405,0.08566,0.13636,0.03509,0.00897,2.11064,1.6939,2.15914,2.25468,0,0.00126938,0.00126938,0.00126938
371,2100.32,1.36704,1.83559,1.14898,1.52091,0,0.35787,0.38636,0.28955,0.12942,0.14736,0.15909,0.04814,0.01251,2.09641,1.63064,2.11658,2.23986,0,0.0012674,0.0012674,0.0012674
372,2105.85,1.44656,1.89836,1.20647,1.56263,0,0.3849,0.36364,0.31844,0.14294,0.10504,0.16275,0.06077,0.01424,2.0683,1.57501,1.89202,2.23099,0,0.00126542,0.00126542,0.00126542
373,2111.36,1.43491,1.94838,1.21073,1.574,0,0.55487,0.29545,0.34785,0.15535,0.1316,0.15909,0.06766,0.01677,2.02836,1.58344,1.93785,2.16386,0,0.00126344,0.00126344,0.00126344
374,2117.02,1.44023,1.94504,1.18924,1.52932,0,0.55487,0.29545,0.34785,0.15535,0.1316,0.15909,0.06766,0.01677,2.02836,1.58344,1.93785,2.16386,0,0.00126146,0.00126146,0.00126146
375,2122.6,1.37185,1.88414,1.13335,1.51298,0,0.48596,0.38636,0.35571,0.16442,0.16626,0.18182,0.07335,0.01907,2.10768,1.62056,1.9588,2.22032,0,0.00125948,0.00125948,0.00125948
376,2128.24,1.4251,1.84992,1.15483,1.56796,0,0.54593,0.32811,0.33185,0.16373,0.15045,0.20455,0.08039,0.02032,2.10219,1.6518,1.93341,2.22542,0,0.0012575,0.0012575,0.0012575
377,2133.86,1.38486,1.81048,1.12908,1.49637,0,0.38984,0.36364,0.33289,0.16662,0.16805,0.15909,0.06115,0.01167,2.04055,1.6294,1.84792,2.20441,0,0.00125552,0.00125552,0.00125552
378,2139.41,1.38328,1.93181,1.12505,1.5164,0,0.41559,0.36364,0.37939,0.17843,0.13195,0.20455,0.05805,0.01162,2.04185,1.64421,1.8364,2.23679,0,0.00125354,0.00125354,0.00125354
379,2145.03,1.42596,1.93614,1.20822,1.52459,0,0.41559,0.36364,0.37939,0.17843,0.13195,0.20455,0.05805,0.01162,2.04185,1.64421,1.8364,2.23679,0,0.00125156,0.00125156,0.00125156
380,2150.66,1.46362,1.93674,1.20627,1.57556,0,0.47527,0.31818,0.4048,0.1781,0.12219,0.15909,0.03258,0.00554,2.05794,1.65476,1.82622,2.2569,0,0.00124958,0.00124958,0.00124958
381,2156.36,1.40228,1.93702,1.19998,1.53205,0,0.46935,0.36364,0.41721,0.18416,0.1119,0.11364,0.0259,0.00442,2.02158,1.66655,1.85962,2.21491,0,0.0012476,0.0012476,0.0012476
382,2162.04,1.35379,1.86686,1.12749,1.51758,0,0.45389,0.36364,0.38223,0.16293,0.12933,0.09091,0.0251,0.00457,1.9921,1.65844,1.88186,2.19618,0,0.00124562,0.00124562,0.00124562
383,2167.65,1.3865,1.85425,1.11578,1.52035,0,0.44566,0.34091,0.33242,0.15258,0.08517,0.06818,0.02528,0.00531,2.0594,1.66952,2.00609,2.24463,0,0.00124364,0.00124364,0.00124364
384,2173.24,1.39247,1.88772,1.09553,1.52719,0,0.44566,0.34091,0.33242,0.15258,0.08517,0.06818,0.02528,0.00531,2.0594,1.66952,2.00609,2.24463,0,0.00124166,0.00124166,0.00124166
385,2178.79,1.38943,1.93578,1.15447,1.53539,0,0.28617,0.34091,0.27551,0.1253,0.29941,0.04545,0.02835,0.00549,2.06593,1.74567,2.19183,2.2288,0,0.00123968,0.00123968,0.00123968
386,2184.48,1.33334,1.88047,1.13447,1.52979,0,0.24581,0.43182,0.27154,0.12645,0.15054,0.06818,0.03223,0.00876,1.98474,1.7134,2.144,2.18295,0,0.0012377,0.0012377,0.0012377
387,2190.31,1.40749,1.98558,1.1645,1.53041,0,0.35501,0.47727,0.34597,0.17737,0.11828,0.20455,0.07093,0.01751,1.92886,1.61084,1.93745,2.15194,0,0.00123572,0.00123572,0.00123572
388,2195.93,1.45663,1.92361,1.17419,1.54926,0,0.47818,0.43182,0.45242,0.24018,0.19353,0.22727,0.11483,0.02412,1.91068,1.61187,1.69334,2.12445,0,0.00123374,0.00123374,0.00123374
389,2201.56,1.39497,1.80799,1.13553,1.53889,0,0.6025,0.40909,0.48328,0.24832,0.18369,0.20455,0.11639,0.02392,1.99465,1.61202,1.69757,2.21119,0,0.00123176,0.00123176,0.00123176
390,2207.29,1.39167,1.8333,1.1142,1.51961,0,0.6025,0.40909,0.48328,0.24832,0.18369,0.20455,0.11639,0.02392,1.99465,1.61202,1.69757,2.21119,0,0.00122978,0.00122978,0.00122978
391,2213.12,1.35001,1.73768,1.1044,1.52532,0,0.61993,0.38636,0.44972,0.22787,0.21545,0.15909,0.10093,0.02218,2.09024,1.61198,1.77416,2.29832,0,0.0012278,0.0012278,0.0012278
392,2218.75,1.43621,1.92666,1.17808,1.56276,0,0.66429,0.44985,0.46457,0.23024,0.1814,0.20455,0.08481,0.02545,2.08907,1.59874,1.84765,2.29958,0,0.00122582,0.00122582,0.00122582
393,2224.29,1.47266,2.04187,1.23512,1.61835,0,0.72889,0.36673,0.46552,0.21965,0.28369,0.20455,0.07774,0.01987,1.94828,1.55816,1.78704,2.18421,0,0.00122384,0.00122384,0.00122384
394,2229.94,1.36776,1.86189,1.10832,1.48799,0,0.55142,0.3632,0.45694,0.19496,0.26277,0.18182,0.06418,0.0155,1.92843,1.54929,1.78694,2.15646,0,0.00122186,0.00122186,0.00122186
395,2235.54,1.39565,1.85495,1.09818,1.52518,0,0.55142,0.3632,0.45694,0.19496,0.26277,0.18182,0.06418,0.0155,1.92843,1.54929,1.78694,2.15646,0,0.00121988,0.00121988,0.00121988
396,2241.04,1.3701,1.77541,1.1131,1.53872,0,0.37379,0.36364,0.39679,0.17306,0.19803,0.18182,0.06269,0.01724,1.94708,1.57996,1.93063,2.17553,0,0.0012179,0.0012179,0.0012179
397,2246.6,1.47064,1.9416,1.18902,1.59208,0,0.39896,0.36364,0.38147,0.1757,0.16375,0.15909,0.06324,0.02518,1.94725,1.61391,1.89525,2.19789,0,0.00121592,0.00121592,0.00121592
398,2252.41,1.37312,1.82223,1.09334,1.49703,0,0.40086,0.38025,0.40626,0.18601,0.13506,0.15909,0.06236,0.02095,1.90256,1.64493,1.74813,2.14997,0,0.00121394,0.00121394,0.00121394
399,2258.08,1.37886,1.81092,1.10162,1.53963,0,0.38457,0.47727,0.42305,0.19626,0.09468,0.13636,0.05659,0.02291,1.8653,1.63626,1.80513,2.13932,0,0.00121196,0.00121196,0.00121196
400,2263.65,1.40442,1.90156,1.15284,1.56548,0,0.38457,0.47727,0.42305,0.19626,0.09468,0.13636,0.05659,0.02291,1.8653,1.63626,1.80513,2.13932,0,0.00120998,0.00120998,0.00120998
401,2269.39,1.42571,1.87047,1.15458,1.5225,0,0.50841,0.31818,0.3746,0.17067,0.09402,0.13636,0.0557,0.02241,1.98382,1.64558,1.98603,2.28814,0,0.001208,0.001208,0.001208
402,2275,1.33673,1.74978,1.04026,1.49054,0,0.47706,0.34091,0.35786,0.17244,0.10777,0.09091,0.0606,0.02511,2.06212,1.66437,2.09531,2.2817,0,0.00120602,0.00120602,0.00120602
403,2280.68,1.35464,1.85735,1.12181,1.53101,0,0.47901,0.31357,0.36465,0.17986,0.13893,0.09091,0.06404,0.02224,2.02955,1.63944,2.05279,2.29573,0,0.00120404,0.00120404,0.00120404
404,2286.3,1.39035,1.77233,1.18724,1.5044,0,0.65731,0.34091,0.44618,0.22556,0.11227,0.09091,0.06028,0.02082,1.96026,1.62858,1.92709,2.23105,0,0.00120206,0.00120206,0.00120206
405,2291.81,1.34421,1.8631,1.13186,1.4839,0,0.47618,0.37203,0.43334,0.19164,0.11641,0.09091,0.05627,0.01648,1.9619,1.6378,1.88552,2.21788,0,0.00120008,0.00120008,0.00120008
406,2297.42,1.40944,1.80944,1.1619,1.54031,0,0.47618,0.37203,0.43334,0.19164,0.11641,0.09091,0.05627,0.01648,1.9619,1.6378,1.88552,2.21788,0,0.0011981,0.0011981,0.0011981
407,2302.83,1.46769,1.95591,1.25593,1.59141,0,0.63266,0.38636,0.4433,0.19734,0.19078,0.11364,0.06393,0.01061,1.95661,1.68178,2.00127,2.24329,0,0.00119612,0.00119612,0.00119612
408,2308.51,1.2922,1.80565,1.07749,1.46983,0,0.54768,0.38636,0.46084,0.21808,0.12205,0.15909,0.03541,0.00641,1.90644,1.67913,2.07175,2.20623,0,0.00119414,0.00119414,0.00119414
409,2314.18,1.34954,1.83249,1.11542,1.51752,0,0.53267,0.38636,0.47121,0.2205,0.13118,0.20455,0.03779,0.00686,1.87426,1.64081,1.92469,2.13797,0,0.00119216,0.00119216,0.00119216
410,2319.79,1.37128,1.78837,1.11663,1.49545,0,0.43069,0.47727,0.47183,0.22536,0.11007,0.20455,0.06023,0.01145,1.86822,1.62392,1.85635,2.09857,0,0.00119018,0.00119018,0.00119018
411,2325.51,1.29142,1.83974,1.0924,1.48332,0,0.43069,0.47727,0.47183,0.22536,0.11007,0.20455,0.06023,0.01145,1.86822,1.62392,1.85635,2.09857,0,0.0011882,0.0011882,0.0011882
412,2331.14,1.31185,1.76707,1.0968,1.49815,0,0.66329,0.31818,0.41117,0.20596,0.08089,0.22727,0.07328,0.02161,1.93403,1.65117,1.92532,2.16333,0,0.00118622,0.00118622,0.00118622
413,2336.72,1.36792,1.82796,1.12429,1.51136,0,0.37447,0.43182,0.40455,0.21405,0.15145,0.11364,0.07798,0.02969,1.91951,1.6302,1.98676,2.16146,0,0.00118424,0.00118424,0.00118424
414,2342.35,1.33145,1.80425,1.08354,1.48028,0,0.4414,0.43103,0.40447,0.21829,0.10987,0.22165,0.08327,0.02609,1.90013,1.60411,1.94203,2.17118,0,0.00118226,0.00118226,0.00118226
415,2347.93,1.41005,1.92123,1.16536,1.53306,0,0.63833,0.31818,0.42578,0.21122,0.1471,0.20455,0.07929,0.02313,1.88775,1.59145,1.85466,2.14662,0,0.00118028,0.00118028,0.00118028
416,2353.44,1.27365,1.7635,1.05171,1.46616,0,0.63833,0.31818,0.42578,0.21122,0.1471,0.20455,0.07929,0.02313,1.88775,1.59145,1.85466,2.14662,0,0.0011783,0.0011783,0.0011783
417,2359.14,1.29209,1.78685,1.07203,1.50334,0,0.43075,0.45455,0.4852,0.21555,0.14961,0.15909,0.06021,0.01528,1.88754,1.58917,1.84407,2.1168,0,0.00117632,0.00117632,0.00117632
418,2364.81,1.28768,1.77665,1.0871,1.50234,0,0.72505,0.29545,0.4596,0.20881,0.1189,0.20455,0.06438,0.01949,1.91887,1.58055,1.79561,2.13759,0,0.00117434,0.00117434,0.00117434
419,2370.6,1.28927,1.73193,1.04986,1.46369,0,0.64598,0.332,0.46643,0.21967,0.17175,0.20455,0.07736,0.02358,1.95296,1.60214,1.84469,2.18279,0,0.00117236,0.00117236,0.00117236
420,2376.29,1.32325,1.74523,1.07855,1.45678,0,0.56305,0.40909,0.42912,0.21606,0.18814,0.13179,0.0828,0.02114,1.96852,1.60162,1.91122,2.19739,0,0.00117038,0.00117038,0.00117038
421,2381.82,1.31163,1.74718,1.07877,1.46506,0,0.52334,0.40909,0.371,0.17816,0.17351,0.13636,0.07882,0.02282,2.12111,1.57678,2.123,2.33027,0,0.0011684,0.0011684,0.0011684
422,2387.37,1.35446,1.83272,1.13943,1.4799,0,0.52334,0.40909,0.371,0.17816,0.17351,0.13636,0.07882,0.02282,2.12111,1.57678,2.123,2.33027,0,0.00116642,0.00116642,0.00116642
423,2392.92,1.38539,1.79251,1.11668,1.55176,0,0.56705,0.36364,0.35885,0.16858,0.19935,0.13636,0.07739,0.02346,2.12246,1.59316,2.13643,2.38953,0,0.00116444,0.00116444,0.00116444
424,2398.43,1.33933,1.80722,1.094,1.47012,0,0.57779,0.38636,0.37145,0.181,0.28611,0.13636,0.08055,0.02442,1.91644,1.59484,1.93018,2.15035,0,0.00116246,0.00116246,0.00116246
425,2404.09,1.39878,1.90218,1.08728,1.51689,0,0.43242,0.45455,0.41214,0.19438,0.17514,0.11588,0.07355,0.02319,1.89551,1.64384,1.79263,2.1273,0,0.00116048,0.00116048,0.00116048
426,2409.72,1.37108,1.85816,1.13446,1.546,0,0.46379,0.45455,0.44039,0.20088,0.10803,0.25,0.07095,0.02259,1.87218,1.68112,1.77201,2.11246,0,0.0011585,0.0011585,0.0011585
427,2415.23,1.3528,1.77571,1.15518,1.50916,0,0.46379,0.45455,0.44039,0.20088,0.10803,0.25,0.07095,0.02259,1.87218,1.68112,1.77201,2.11246,0,0.00115652,0.00115652,0.00115652
428,2420.68,1.35067,1.80249,1.10495,1.50605,0,0.62468,0.38636,0.46661,0.20183,0.17473,0.11364,0.0683,0.02175,1.88283,1.68462,1.80784,2.15966,0,0.00115454,0.00115454,0.00115454
429,2426.31,1.32934,1.76851,1.07548,1.5015,0,0.58557,0.38539,0.42365,0.21395,0.09574,0.15909,0.06249,0.02198,1.91544,1.69255,1.94657,2.207,0,0.00115256,0.00115256,0.00115256
430,2432.13,1.28081,1.78582,1.05505,1.44386,0,0.57855,0.34091,0.4176,0.21928,0.09913,0.15909,0.06709,0.02496,1.95719,1.65256,1.98356,2.23581,0,0.00115058,0.00115058,0.00115058
431,2437.73,1.30305,1.81037,1.0719,1.48099,0,0.59494,0.36364,0.43451,0.21798,0.13427,0.22727,0.08309,0.0255,1.97488,1.63067,1.89614,2.23813,0,0.0011486,0.0011486,0.0011486
432,2443.27,1.32254,1.77818,1.08173,1.48843,0,0.59494,0.36364,0.43451,0.21798,0.13427,0.22727,0.08309,0.0255,1.97488,1.63067,1.89614,2.23813,0,0.00114662,0.00114662,0.00114662
433,2448.84,1.3228,1.74311,1.07084,1.4637,0,0.64987,0.37983,0.50292,0.25197,0.16864,0.20455,0.09602,0.02296,1.93651,1.61508,1.76141,2.17636,0,0.00114464,0.00114464,0.00114464
434,2454.49,1.36105,1.79224,1.09683,1.5285,0,0.53691,0.47727,0.52826,0.25232,0.17077,0.27273,0.08372,0.01754,1.93101,1.62755,1.68112,2.11281,0,0.00114266,0.00114266,0.00114266
435,2460.08,1.37499,1.75116,1.12544,1.48865,0,0.51599,0.5,0.54434,0.25216,0.21954,0.25,0.09992,0.02022,1.92112,1.57882,1.617,2.13111,0,0.00114068,0.00114068,0.00114068
436,2465.63,1.29017,1.78538,1.03924,1.45651,0,0.53268,0.47727,0.53379,0.23834,0.22366,0.22727,0.10265,0.0275,1.95748,1.54475,1.62323,2.18724,0,0.0011387,0.0011387,0.0011387
437,2471.07,1.32195,1.76959,1.05782,1.43646,0,0.53912,0.39895,0.50591,0.23184,0.26543,0.25,0.10233,0.02944,1.99471,1.52707,1.68934,2.24027,0,0.00113672,0.00113672,0.00113672
438,2476.61,1.30909,1.74223,1.03397,1.46707,0,0.53912,0.39895,0.50591,0.23184,0.26543,0.25,0.10233,0.02944,1.99471,1.52707,1.68934,2.24027,0,0.00113474,0.00113474,0.00113474
439,2482.21,1.29618,1.83625,1.03554,1.4326,0,0.66137,0.34091,0.48104,0.24085,0.23434,0.15909,0.08398,0.02463,1.93511,1.52024,1.78519,2.18836,0,0.00113276,0.00113276,0.00113276
440,2487.14,1.27059,1.74179,0.99307,1.41762,0,0.59243,0.40909,0.50427,0.25938,0.20865,0.13636,0.07408,0.02427,1.88051,1.54538,1.78265,2.13303,0,0.00113078,0.00113078,0.00113078
441,2492.1,1.3317,1.89904,1.08905,1.48858,0,0.57087,0.45455,0.4834,0.25331,0.23119,0.15055,0.09582,0.02882,1.90568,1.59333,1.82464,2.17295,0,0.0011288,0.0011288,0.0011288
442,2496.75,1.39928,1.75096,1.11111,1.57692,0,0.71091,0.38636,0.50603,0.2529,0.30162,0.15909,0.09218,0.02526,1.86275,1.63269,1.73035,2.15524,0,0.00112682,0.00112682,0.00112682
443,2501.55,1.29355,1.79486,1.05558,1.45715,0,0.71091,0.38636,0.50603,0.2529,0.30162,0.15909,0.09218,0.02526,1.86275,1.63269,1.73035,2.15524,0,0.00112484,0.00112484,0.00112484
444,2506.28,1.25821,1.76023,1.00067,1.42785,0,0.7385,0.45455,0.53556,0.25482,0.30573,0.18182,0.09926,0.02577,1.93002,1.62144,1.77046,2.19311,0,0.00112286,0.00112286,0.00112286
445,2511.06,1.30339,1.83369,1.033,1.46142,0,0.65933,0.40909,0.50228,0.22756,0.25696,0.15909,0.08251,0.02356,2.04491,1.61646,1.76463,2.26109,0,0.00112088,0.00112088,0.00112088
446,2515.79,1.38329,1.8303,1.0815,1.5049,0,0.54796,0.44095,0.44088,0.20657,0.19259,0.20455,0.07793,0.02294,1.96384,1.61647,1.85225,2.17622,0,0.0011189,0.0011189,0.0011189
447,2520.7,1.40063,1.93323,1.08763,1.49066,0,0.36273,0.36364,0.34976,0.16763,0.09753,0.22727,0.05857,0.0205,2.00523,1.71504,2.07565,2.24938,0,0.00111692,0.00111692,0.00111692
448,2525.47,1.32817,1.83107,1.0858,1.46503,0,0.36273,0.36364,0.34976,0.16763,0.09753,0.22727,0.05857,0.0205,2.00523,1.71504,2.07565,2.24938,0,0.00111494,0.00111494,0.00111494
449,2530.33,1.2738,1.73828,1.01988,1.42383,0,0.30308,0.34091,0.29289,0.14674,0.12423,0.15909,0.05931,0.01954,2.02072,1.73693,2.33637,2.31465,0,0.00111296,0.00111296,0.00111296
450,2535.13,1.31,1.80108,1.06746,1.46561,0,0.46245,0.31818,0.31016,0.1588,0.11071,0.11364,0.04485,0.01683,2.07119,1.70739,2.19669,2.3897,0,0.00111098,0.00111098,0.00111098
451,2539.79,1.30444,1.79697,1.08689,1.45516,0,0.56419,0.32381,0.38036,0.19451,0.09792,0.25,0.06369,0.02188,2.16486,1.60841,2.00851,2.47161,0,0.001109,0.001109,0.001109
452,2544.53,1.29839,1.80103,1.00976,1.46975,0,0.49965,0.38636,0.38742,0.20031,0.11027,0.22727,0.07488,0.02358,2.02285,1.58941,2.07738,2.26501,0,0.00110702,0.00110702,0.00110702
453,2549.36,1.33637,1.82015,1.0729,1.46636,0,0.55477,0.36827,0.4123,0.21974,0.18967,0.15909,0.08598,0.02581,1.98266,1.59539,2.05633,2.22829,0,0.00110504,0.00110504,0.00110504
454,2554.06,1.23731,1.73437,0.9765,1.40836,0,0.55477,0.36827,0.4123,0.21974,0.18967,0.15909,0.08598,0.02581,1.98266,1.59539,2.05633,2.22829,0,0.00110306,0.00110306,0.00110306
455,2558.77,1.25851,1.80434,0.99978,1.42342,0,0.47242,0.38636,0.39832,0.20675,0.1647,0.13636,0.08132,0.02613,1.91757,1.57745,1.9165,2.16693,0,0.00110108,0.00110108,0.00110108
456,2563.51,1.31969,1.81058,1.03175,1.46241,0,0.41199,0.43182,0.44907,0.19539,0.12382,0.25,0.0866,0.02633,1.9814,1.57274,1.8734,2.21254,0,0.0010991,0.0010991,0.0010991
457,2569.08,1.34749,1.87478,1.09628,1.46989,0,0.71743,0.34091,0.51362,0.23193,0.15978,0.25,0.1062,0.02939,2.01934,1.57694,1.77511,2.21618,0,0.00109712,0.00109712,0.00109712
458,2574.61,1.26847,1.83242,0.99647,1.43593,0,0.69518,0.40909,0.48403,0.23777,0.12316,0.20455,0.10009,0.03014,2.01413,1.59127,1.76638,2.20719,0,0.00109514,0.00109514,0.00109514
459,2580.37,1.32055,1.71906,1.02126,1.43954,0,0.69518,0.40909,0.48403,0.23777,0.12316,0.20455,0.10009,0.03014,2.01413,1.59127,1.76638,2.20719,0,0.00109316,0.00109316,0.00109316
460,2585.95,1.3047,1.77384,1.01487,1.4612,0,0.59905,0.4416,0.4501,0.2189,0.16684,0.13636,0.0936,0.03512,2.02014,1.63679,1.91363,2.24026,0,0.00109118,0.00109118,0.00109118
461,2591.46,1.2823,1.72599,1.02825,1.45526,0,0.59653,0.45455,0.45194,0.21058,0.13555,0.15909,0.08672,0.03906,2.01843,1.68146,1.86091,2.27776,0,0.0010892,0.0010892,0.0010892
462,2597.08,1.30884,1.84588,1.01487,1.46294,0,0.53315,0.43182,0.47587,0.23033,0.15389,0.20455,0.09202,0.03491,1.98873,1.66559,1.7936,2.24963,0,0.00108722,0.00108722,0.00108722
463,2602.57,1.32127,1.77703,1.0016,1.43094,0,0.49738,0.40909,0.4371,0.22054,0.12528,0.15909,0.0771,0.02901,2.02145,1.64211,1.74217,2.31822,0,0.00108524,0.00108524,0.00108524
464,2608.28,1.31483,1.86481,1.03442,1.4422,0,0.49738,0.40909,0.4371,0.22054,0.12528,0.15909,0.0771,0.02901,2.02145,1.64211,1.74217,2.31822,0,0.00108326,0.00108326,0.00108326
465,2613.88,1.2981,1.87645,0.9975,1.4312,0,0.32612,0.54545,0.44788,0.2066,0.154,0.27273,0.08447,0.02441,2.06148,1.63431,1.74635,2.39394,0,0.00108128,0.00108128,0.00108128
466,2619.39,1.31063,1.72284,1.02797,1.43221,0,0.31425,0.56818,0.45405,0.2199,0.12865,0.18182,0.08086,0.02553,2.0692,1.5997,1.75694,2.3719,0,0.0010793,0.0010793,0.0010793
467,2625.03,1.27881,1.81897,1.00419,1.4369,0,0.43835,0.5,0.49303,0.2341,0.18198,0.22727,0.09031,0.02607,2.03719,1.57885,1.74782,2.28426,0,0.00107732,0.00107732,0.00107732
468,2630.76,1.27895,1.75173,1.02396,1.445,0,0.53756,0.47558,0.49339,0.23884,0.22618,0.15909,0.08774,0.02436,2.09437,1.57077,1.77934,2.30302,0,0.00107534,0.00107534,0.00107534
469,2636.21,1.26082,1.71126,0.98625,1.41135,0,0.57874,0.53092,0.5194,0.23877,0.18643,0.18182,0.07793,0.01558,2.10915,1.5615,1.78872,2.23765,0,0.00107336,0.00107336,0.00107336
470,2641.91,1.30475,1.76897,1.0101,1.45633,0,0.57874,0.53092,0.5194,0.23877,0.18643,0.18182,0.07793,0.01558,2.10915,1.5615,1.78872,2.23765,0,0.00107138,0.00107138,0.00107138
471,2647.53,1.257,1.76494,0.99148,1.40777,0,0.42827,0.5,0.50315,0.24266,0.15866,0.22727,0.07439,0.01557,2.02127,1.59529,1.77402,2.12685,0,0.0010694,0.0010694,0.0010694
472,2653.14,1.29896,1.80132,1.04357,1.43445,0,0.39969,0.5,0.46337,0.23447,0.16465,0.22727,0.08401,0.01933,1.95857,1.59911,1.70134,2.12416,0,0.00106742,0.00106742,0.00106742
473,2658.63,1.23982,1.74014,0.96383,1.39975,0,0.69211,0.40873,0.49857,0.25261,0.28136,0.18182,0.12411,0.03229,1.95458,1.61181,1.65728,2.15918,0,0.00106544,0.00106544,0.00106544
474,2664.14,1.25208,1.73733,1.00565,1.44552,0,0.66574,0.47727,0.55232,0.25971,0.2167,0.20455,0.11657,0.03021,1.95571,1.61774,1.66066,2.19821,0,0.00106346,0.00106346,0.00106346
475,2669.82,1.30255,1.82363,1.07914,1.47797,0,0.66574,0.47727,0.55232,0.25971,0.2167,0.20455,0.11657,0.03021,1.95571,1.61774,1.66066,2.19821,0,0.00106148,0.00106148,0.00106148
476,2675.44,1.28941,1.82291,1.03361,1.44482,0,0.39418,0.59151,0.50861,0.2447,0.17654,0.13636,0.10263,0.0318,1.93467,1.62459,1.74308,2.18979,0,0.0010595,0.0010595,0.0010595
477,2681.03,1.33377,1.91047,1.05607,1.47727,0,0.39088,0.52273,0.44728,0.22383,0.15004,0.22727,0.10488,0.03311,1.93354,1.58982,1.76002,2.17251,0,0.00105752,0.00105752,0.00105752
478,2686.73,1.26966,1.75941,0.97915,1.41055,0,0.52796,0.36364,0.45044,0.24354,0.12332,0.27273,0.09436,0.02953,1.89825,1.55564,1.70649,2.17211,0,0.00105554,0.00105554,0.00105554
479,2692.45,1.27651,1.7853,0.96816,1.43007,0,0.51709,0.40909,0.46795,0.24077,0.10093,0.18182,0.072,0.02837,1.89495,1.55843,1.71694,2.15441,0,0.00105356,0.00105356,0.00105356
480,2698.07,1.29504,1.82673,1.01109,1.4574,0,0.51709,0.40909,0.46795,0.24077,0.10093,0.18182,0.072,0.02837,1.89495,1.55843,1.71694,2.15441,0,0.00105158,0.00105158,0.00105158
481,2703.69,1.22215,1.73884,0.98382,1.4159,0,0.49603,0.5,0.48176,0.24517,0.20387,0.11364,0.06127,0.01508,1.8648,1.57834,1.78638,2.12268,0,0.0010496,0.0010496,0.0010496
482,2709.25,1.26735,1.7304,1.00507,1.40663,0,0.61979,0.44476,0.4877,0.24776,0.18115,0.11364,0.04591,0.01376,1.85714,1.59608,1.90019,2.12129,0,0.00104762,0.00104762,0.00104762
483,2714.77,1.21375,1.68631,0.97997,1.40677,0,0.63463,0.43182,0.49854,0.24592,0.14394,0.09091,0.03953,0.01364,1.90497,1.62592,1.94102,2.16177,0,0.00104564,0.00104564,0.00104564
484,2720.28,1.25285,1.71951,0.98649,1.41633,0,0.52761,0.5,0.49605,0.24274,0.12002,0.15909,0.05318,0.01672,1.86498,1.61411,1.85954,2.1347,0,0.00104366,0.00104366,0.00104366
485,2725.91,1.32248,1.77876,1.03928,1.45504,0,0.44237,0.50491,0.45886,0.21751,0.14884,0.20455,0.06661,0.01844,1.86028,1.62667,1.8756,2.20275,0,0.00104168,0.00104168,0.00104168
486,2731.48,1.29137,1.7718,1.03638,1.41943,0,0.44237,0.50491,0.45886,0.21751,0.14884,0.20455,0.06661,0.01844,1.86028,1.62667,1.8756,2.20275,0,0.0010397,0.0010397,0.0010397
487,2737.02,1.26464,1.7562,1.00469,1.40347,0,0.42132,0.46342,0.42152,0.21252,0.11467,0.22727,0.08107,0.02707,1.87888,1.63795,1.86396,2.24812,0,0.00103772,0.00103772,0.00103772
488,2742.5,1.27722,1.72901,1.05072,1.44584,0,0.49932,0.43182,0.44056,0.22481,0.36724,0.09091,0.07875,0.02578,1.94254,1.62287,1.77159,2.26427,0,0.00103574,0.00103574,0.00103574
489,2748.08,1.27326,1.85261,1.00183,1.41107,0,0.3897,0.47727,0.41537,0.21462,0.15284,0.18182,0.07445,0.02634,1.9549,1.62619,1.82243,2.22073,0,0.00103376,0.00103376,0.00103376
490,2753.58,1.26983,1.78334,1.05284,1.44603,0,0.51413,0.47727,0.42881,0.22152,0.21499,0.15909,0.08578,0.02712,2.01121,1.6098,1.78762,2.26521,0,0.00103178,0.00103178,0.00103178
491,2759.22,1.29578,1.75944,1.05205,1.46385,0,0.51413,0.47727,0.42881,0.22152,0.21499,0.15909,0.08578,0.02712,2.01121,1.6098,1.78762,2.26521,0,0.0010298,0.0010298,0.0010298
492,2764.62,1.28174,1.76737,1.03906,1.43311,0,0.50989,0.47298,0.46339,0.24802,0.17386,0.18182,0.09218,0.02983,1.97431,1.58945,1.70684,2.23442,0,0.00102782,0.00102782,0.00102782
493,2770.14,1.25929,1.77495,1.01885,1.42725,0,0.42196,0.47727,0.46405,0.25513,0.14087,0.18182,0.10998,0.03114,1.99541,1.58437,1.68334,2.28932,0,0.00102584,0.00102584,0.00102584
494,2775.63,1.21569,1.72806,0.96237,1.40351,0,0.6506,0.38103,0.45671,0.24016,0.13512,0.29545,0.11374,0.02887,1.97434,1.63299,1.68101,2.31089,0,0.00102386,0.00102386,0.00102386
495,2781.25,1.28739,1.80872,1.00949,1.42377,0,0.6034,0.38636,0.44035,0.23313,0.27161,0.11364,0.11032,0.03586,1.95919,1.65709,1.68761,2.3452,0,0.00102188,0.00102188,0.00102188
496,2786.72,1.24034,1.72309,0.97913,1.40541,0,0.6034,0.38636,0.44035,0.23313,0.27161,0.11364,0.11032,0.03586,1.95919,1.65709,1.68761,2.3452,0,0.0010199,0.0010199,0.0010199
497,2792.32,1.27259,1.79722,0.97131,1.43038,0,0.57212,0.43182,0.46323,0.25587,0.20783,0.15909,0.09399,0.03087,1.84428,1.62216,1.73486,2.17607,0,0.00101792,0.00101792,0.00101792
498,2797.87,1.34093,1.82763,1.06685,1.49768,0,0.6917,0.38636,0.51917,0.27431,0.14188,0.27273,0.09629,0.02805,1.80587,1.60972,1.71464,2.07168,0,0.00101594,0.00101594,0.00101594
499,2803.57,1.18794,1.73146,0.93631,1.3839,0,0.53473,0.54545,0.54146,0.27137,0.16427,0.25,0.11849,0.03795,1.85464,1.59435,1.70188,2.08145,0,0.00101396,0.00101396,0.00101396
500,2809.33,1.2802,1.80734,1.02802,1.43743,0,0.56116,0.5,0.52583,0.28376,0.14906,0.20455,0.09106,0.03104,1.86673,1.59593,1.75924,2.09081,0,0.00101198,0.00101198,0.00101198
501,2814.89,1.23488,1.74047,0.98131,1.42101,0,0.54044,0.52273,0.49786,0.28267,0.1247,0.20455,0.09122,0.02747,1.8049,1.63088,1.82395,2.05507,0,0.00101,0.00101,0.00101
502,2820.44,1.21319,1.71788,1.00017,1.43482,0,0.54044,0.52273,0.49786,0.28267,0.1247,0.20455,0.09122,0.02747,1.8049,1.63088,1.82395,2.05507,0,0.00100802,0.00100802,0.00100802
503,2825.91,1.24833,1.70636,0.97934,1.4223,0,0.52276,0.56818,0.46317,0.25465,0.18485,0.11364,0.07669,0.02626,1.83821,1.6967,1.87454,2.11759,0,0.00100604,0.00100604,0.00100604
504,2831.52,1.23519,1.70248,0.97729,1.38781,0,0.52216,0.43182,0.44304,0.2412,0.20648,0.15909,0.08523,0.027,1.87939,1.68891,1.85562,2.13926,0,0.00100406,0.00100406,0.00100406
505,2837.11,1.25917,1.73282,0.98127,1.39262,0,0.5376,0.43182,0.45691,0.2571,0.14921,0.20455,0.10677,0.03036,1.84253,1.64322,1.85763,2.10371,0,0.00100208,0.00100208,0.00100208
506,2842.57,1.22603,1.70841,0.94992,1.39055,0,0.6408,0.40556,0.4502,0.24402,0.15932,0.27273,0.11604,0.03203,1.81869,1.61094,1.88891,2.10547,0,0.0010001,0.0010001,0.0010001
507,2848.16,1.21478,1.79771,0.95792,1.39745,0,0.6408,0.40556,0.4502,0.24402,0.15932,0.27273,0.11604,0.03203,1.81869,1.61094,1.88891,2.10547,0,0.00099812,0.00099812,0.00099812
508,2853.65,1.20529,1.74963,0.99531,1.37844,0,0.6299,0.34091,0.46487,0.24649,0.14777,0.29545,0.10449,0.02846,1.85693,1.57461,1.87399,2.13268,0,0.00099614,0.00099614,0.00099614
509,2859.47,1.26065,1.71678,0.9604,1.41925,0,0.72244,0.35519,0.45938,0.24257,0.15924,0.20455,0.09396,0.0287,1.87736,1.55946,1.88932,2.19528,0,0.00099416,0.00099416,0.00099416
510,2865.08,1.22481,1.6953,0.97053,1.37802,0,0.42566,0.52273,0.44914,0.22641,0.14673,0.18182,0.07912,0.02766,2.02853,1.56161,1.96445,2.38542,0,0.00099218,0.00099218,0.00099218
511,2870.72,1.23483,1.72326,0.92198,1.40978,0,0.44098,0.36364,0.37858,0.20577,0.07867,0.20455,0.06125,0.02578,1.99888,1.58289,2.0712,2.34491,0,0.0009902,0.0009902,0.0009902
512,2876.35,1.29947,1.7901,0.99854,1.45855,0,0.44098,0.36364,0.37858,0.20577,0.07867,0.20455,0.06125,0.02578,1.99888,1.58289,2.0712,2.34491,0,0.00098822,0.00098822,0.00098822
513,2882,1.23957,1.65499,0.95989,1.40719,0,0.40382,0.35421,0.37742,0.20598,0.18782,0.13636,0.08596,0.02753,1.97089,1.58231,1.93626,2.30393,0,0.00098624,0.00098624,0.00098624
514,2887.64,1.2325,1.76881,0.9307,1.43395,0,0.43125,0.36364,0.39619,0.20983,0.24408,0.11364,0.09472,0.02882,1.95956,1.59859,1.85889,2.30358,0,0.00098426,0.00098426,0.00098426
515,2893.18,1.25452,1.7591,0.9862,1.4376,0,0.35265,0.43182,0.40015,0.1963,0.17118,0.22727,0.09925,0.02777,1.86193,1.62475,1.84663,2.26774,0,0.00098228,0.00098228,0.00098228
516,2898.75,1.29665,1.75591,0.99848,1.4719,0,0.45271,0.47727,0.41176,0.21069,0.24348,0.25,0.11122,0.02716,1.83253,1.64125,1.87099,2.25434,0,0.0009803,0.0009803,0.0009803
517,2904.37,1.26158,1.73242,0.98855,1.42627,0,0.49739,0.45455,0.43848,0.23174,0.20742,0.27273,0.10894,0.02818,1.90057,1.6156,1.86319,2.20514,0,0.00097832,0.00097832,0.00097832
518,2910.1,1.22205,1.68849,0.98229,1.40433,0,0.49739,0.45455,0.43848,0.23174,0.20742,0.27273,0.10894,0.02818,1.90057,1.6156,1.86319,2.20514,0,0.00097634,0.00097634,0.00097634
519,2915.67,1.22053,1.64495,0.93656,1.3892,0,0.50299,0.38636,0.41546,0.21806,0.1894,0.25,0.10131,0.03007,1.89403,1.60048,1.94093,2.18595,0,0.00097436,0.00097436,0.00097436
520,2921.07,1.24642,1.73728,0.94284,1.40303,0,0.43948,0.36364,0.39015,0.21295,0.16563,0.20455,0.1012,0.03252,1.9344,1.61927,1.98481,2.20667,0,0.00097238,0.00097238,0.00097238
521,2926.72,1.24751,1.80116,0.96342,1.44919,0,0.42751,0.36364,0.3606,0.19288,0.19443,0.18182,0.09893,0.02998,1.90563,1.61661,2.01283,2.14996,0,0.0009704,0.0009704,0.0009704
522,2932.35,1.21929,1.61695,0.94566,1.39816,0,0.47277,0.38636,0.41054,0.22102,0.20199,0.16112,0.10783,0.02657,1.81456,1.58868,1.86001,2.08739,0,0.00096842,0.00096842,0.00096842
523,2937.95,1.28193,1.69329,0.9891,1.44534,0,0.47277,0.38636,0.41054,0.22102,0.20199,0.16112,0.10783,0.02657,1.81456,1.58868,1.86001,2.08739,0,0.00096644,0.00096644,0.00096644
524,2943.54,1.26456,1.77464,1.00388,1.43409,0,0.62242,0.45455,0.47811,0.24764,0.2054,0.15909,0.11169,0.02621,1.78742,1.56798,1.61242,2.06796,0,0.00096446,0.00096446,0.00096446
525,2949.08,1.23303,1.72474,0.95202,1.44008,0,0.70351,0.45455,0.56127,0.30721,0.16023,0.18182,0.10425,0.02483,1.77774,1.60816,1.60185,2.06021,0,0.00096248,0.00096248,0.00096248
526,2954.76,1.28643,1.74568,1.01043,1.45106,0,0.58305,0.4451,0.56095,0.30369,0.16781,0.18182,0.09477,0.02714,1.7451,1.66548,1.6789,2.05173,0,0.0009605,0.0009605,0.0009605
527,2960.48,1.16689,1.59333,0.88934,1.38473,0,0.55825,0.47727,0.51912,0.27755,0.18519,0.15909,0.09341,0.03136,1.73512,1.66241,1.77541,2.0282,0,0.00095852,0.00095852,0.00095852
528,2965.97,1.31057,1.8539,1.01711,1.4727,0,0.55825,0.47727,0.51912,0.27755,0.18519,0.15909,0.09341,0.03136,1.73512,1.66241,1.77541,2.0282,0,0.00095654,0.00095654,0.00095654
529,2971.62,1.15919,1.57168,0.91561,1.35342,0,0.45522,0.45582,0.47409,0.25941,0.20612,0.11364,0.09277,0.03583,1.78364,1.64704,1.8724,2.0424,0,0.00095456,0.00095456,0.00095456
530,2977.18,1.20743,1.65156,0.95527,1.36733,0,0.52356,0.43182,0.50496,0.2804,0.3102,0.11364,0.10178,0.03725,1.78516,1.58329,1.83794,2.07532,0,0.00095258,0.00095258,0.00095258
531,2982.73,1.20753,1.6387,0.90986,1.35556,0,0.57947,0.38636,0.5024,0.27472,0.24641,0.15909,0.1189,0.03799,1.80453,1.57226,1.79806,2.08578,0,0.0009506,0.0009506,0.0009506
532,2988.26,1.22527,1.69828,0.96504,1.41458,0,0.60787,0.42295,0.49399,0.27347,0.24192,0.21773,0.11343,0.03481,1.78619,1.54954,1.6993,2.05134,0,0.00094862,0.00094862,0.00094862
533,2994.06,1.21761,1.66088,0.93302,1.4195,0,0.65754,0.45455,0.49872,0.27289,0.32732,0.18182,0.11929,0.03275,1.84023,1.56863,1.71797,2.10693,0,0.00094664,0.00094664,0.00094664
534,2999.18,1.19441,1.70728,0.93685,1.35032,0,0.65754,0.45455,0.49872,0.27289,0.32732,0.18182,0.11929,0.03275,1.84023,1.56863,1.71797,2.10693,0,0.00094466,0.00094466,0.00094466
535,3004.84,1.29005,1.73844,0.96297,1.40407,0,0.56441,0.40909,0.47992,0.25186,0.33743,0.15909,0.11624,0.03697,1.9095,1.61109,1.72421,2.15685,0,0.00094268,0.00094268,0.00094268
536,3010.37,1.21259,1.65893,0.91766,1.4014,0,0.61883,0.40597,0.48551,0.24651,0.22356,0.11364,0.0821,0.0344,1.95531,1.64717,1.69735,2.21386,0,0.0009407,0.0009407,0.0009407
537,3016.09,1.19202,1.71806,0.94241,1.40479,0,0.6657,0.38636,0.53048,0.27161,0.13774,0.22727,0.08198,0.02843,1.95288,1.64394,1.69547,2.23645,0,0.00093872,0.00093872,0.00093872
538,3021.59,1.30107,1.75526,0.99608,1.44406,0,0.66743,0.43182,0.5283,0.28369,0.20824,0.13636,0.06404,0.01884,1.92864,1.63537,1.78458,2.24162,0,0.00093674,0.00093674,0.00093674
539,3027.17,1.24568,1.6415,0.9695,1.42125,0,0.66743,0.43182,0.5283,0.28369,0.20824,0.13636,0.06404,0.01884,1.92864,1.63537,1.78458,2.24162,0,0.00093476,0.00093476,0.00093476
540,3032.95,1.28766,1.76609,0.94502,1.42477,0,0.6522,0.43182,0.51408,0.29011,0.22238,0.11364,0.08683,0.02335,1.92769,1.60886,1.85429,2.21868,0,0.00093278,0.00093278,0.00093278
541,3038.52,1.30273,1.77872,0.99108,1.4508,0,0.52382,0.47727,0.55456,0.29627,0.12126,0.27273,0.08834,0.01999,1.89543,1.58731,1.78977,2.16202,0,0.0009308,0.0009308,0.0009308
542,3044.08,1.26914,1.70055,1.00757,1.4218,0,0.44099,0.6813,0.57471,0.30547,0.16475,0.34091,0.11106,0.02224,1.89884,1.57638,1.66753,2.11837,0,0.00092882,0.00092882,0.00092882
543,3049.53,1.27301,1.69476,0.95907,1.41095,0,0.45673,0.43959,0.47081,0.2432,0.09157,0.29545,0.08742,0.01983,1.95422,1.57108,1.64863,2.19304,0,0.00092684,0.00092684,0.00092684
544,3055.01,1.21986,1.71645,0.9227,1.38454,0,0.45673,0.43959,0.47081,0.2432,0.09157,0.29545,0.08742,0.01983,1.95422,1.57108,1.64863,2.19304,0,0.00092486,0.00092486,0.00092486
545,3060.64,1.23149,1.7018,0.95492,1.39874,0,0.35504,0.59091,0.4803,0.25322,0.30326,0.09091,0.10395,0.02421,1.96044,1.61539,1.70811,2.21269,0,0.00092288,0.00092288,0.00092288
546,3066.42,1.18346,1.66463,0.93924,1.35938,0,0.6262,0.38636,0.52892,0.28474,0.26389,0.13636,0.11543,0.02753,1.92704,1.63481,1.67286,2.16606,0,0.0009209,0.0009209,0.0009209
547,3071.89,1.1759,1.71959,0.97119,1.34499,0,0.44319,0.68182,0.59573,0.31997,0.21747,0.27273,0.15361,0.03263,1.89179,1.62658,1.55621,2.15383,0,0.00091892,0.00091892,0.00091892
548,3077.46,1.22069,1.7052,0.92666,1.40152,0,0.49884,0.72727,0.64961,0.3541,0.1971,0.29545,0.15899,0.03655,1.84508,1.60555,1.46767,2.1077,0,0.00091694,0.00091694,0.00091694
549,3083,1.23676,1.71296,0.98198,1.41015,0,0.62014,0.66799,0.66622,0.35578,0.20196,0.31818,0.14101,0.03066,1.8207,1.60447,1.51557,2.06,0,0.00091496,0.00091496,0.00091496
550,3088.61,1.22908,1.67743,0.9979,1.3967,0,0.62014,0.66799,0.66622,0.35578,0.20196,0.31818,0.14101,0.03066,1.8207,1.60447,1.51557,2.06,0,0.00091298,0.00091298,0.00091298
551,3094.16,1.21329,1.63001,0.91887,1.34956,0,0.72109,0.56818,0.65766,0.34855,0.19013,0.19752,0.10573,0.02964,1.76781,1.59493,1.62339,2.01025,0,0.000911,0.000911,0.000911
552,3099.7,1.15913,1.59469,0.88438,1.35286,0,0.62792,0.56818,0.60289,0.32029,0.22939,0.20455,0.09611,0.0299,1.73938,1.60836,1.6539,2.01118,0,0.00090902,0.00090902,0.00090902
553,3105.29,1.24951,1.66828,0.94536,1.42085,0,0.65349,0.47162,0.55773,0.30631,0.20947,0.20455,0.08718,0.02811,1.73166,1.64655,1.69871,2.02397,0,0.00090704,0.00090704,0.00090704
554,3110.78,1.20378,1.63332,0.89834,1.37025,0,0.56474,0.45455,0.52411,0.29365,0.22271,0.22727,0.09704,0.02786,1.72916,1.6673,1.75555,2.03213,0,0.00090506,0.00090506,0.00090506
555,3116.5,1.16802,1.65672,0.9321,1.3704,0,0.56474,0.45455,0.52411,0.29365,0.22271,0.22727,0.09704,0.02786,1.72916,1.6673,1.75555,2.03213,0,0.00090308,0.00090308,0.00090308
556,3122.12,1.24794,1.71756,0.97633,1.37855,0,0.52305,0.49852,0.51058,0.27971,0.21337,0.22727,0.10748,0.02806,1.74424,1.64341,1.7959,2.04548,0,0.0009011,0.0009011,0.0009011
557,3127.7,1.19917,1.73511,0.95674,1.39338,0,0.45169,0.56818,0.49444,0.27593,0.21619,0.22727,0.10265,0.02588,1.791,1.64039,1.92132,2.09516,0,0.00089912,0.00089912,0.00089912
558,3133.17,1.13889,1.62351,0.89812,1.35045,0,0.53194,0.45455,0.50981,0.28811,0.1722,0.27273,0.10834,0.02932,1.81824,1.60554,1.93857,2.09786,0,0.00089714,0.00089714,0.00089714
559,3138.64,1.28101,1.76322,0.99609,1.41475,0,0.64195,0.38636,0.50419,0.28192,0.29505,0.20455,0.13417,0.03687,1.84382,1.54962,1.86787,2.15253,0,0.00089516,0.00089516,0.00089516
560,3144.24,1.15808,1.73096,0.95011,1.40492,0,0.64195,0.38636,0.50419,0.28192,0.29505,0.20455,0.13417,0.03687,1.84382,1.54962,1.86787,2.15253,0,0.00089318,0.00089318,0.00089318
561,3149.87,1.1373,1.61594,0.88023,1.32035,0,0.77619,0.43182,0.52724,0.29435,0.33697,0.15909,0.13113,0.03855,1.84435,1.53499,1.7703,2.15252,0,0.0008912,0.0008912,0.0008912
562,3155.44,1.2246,1.72306,0.93961,1.36397,0,0.67724,0.40909,0.54398,0.30442,0.17935,0.22358,0.10735,0.03411,1.84782,1.52715,1.73989,2.17154,0,0.00088922,0.00088922,0.00088922
563,3161.2,1.19042,1.58572,0.89208,1.35326,0,0.58761,0.4859,0.54814,0.29896,0.19573,0.20455,0.12228,0.03769,1.85237,1.54641,1.77286,2.20901,0,0.00088724,0.00088724,0.00088724
564,3166.7,1.268,1.71151,0.95948,1.44127,0,0.58552,0.47727,0.5358,0.29482,0.21175,0.20455,0.12701,0.0392,1.85576,1.55795,1.84578,2.20076,0,0.00088526,0.00088526,0.00088526
565,3172.2,1.20846,1.73642,0.96237,1.3904,0,0.60119,0.4797,0.52748,0.27063,0.21117,0.20455,0.12097,0.03419,1.84058,1.58692,1.80116,2.17841,0,0.00088328,0.00088328,0.00088328
566,3177.73,1.22614,1.67385,0.96853,1.40454,0,0.60119,0.4797,0.52748,0.27063,0.21117,0.20455,0.12097,0.03419,1.84058,1.58692,1.80116,2.17841,0,0.0008813,0.0008813,0.0008813
567,3183.34,1.18535,1.61104,0.91448,1.3983,0,0.45908,0.56818,0.50472,0.27592,0.18652,0.22727,0.10795,0.03456,1.87564,1.58679,1.75814,2.18907,0,0.00087932,0.00087932,0.00087932
568,3188.88,1.15524,1.68503,0.91385,1.36845,0,0.42908,0.59091,0.47899,0.25058,0.21933,0.22727,0.10866,0.03539,1.93998,1.60323,1.80745,2.21109,0,0.00087734,0.00087734,0.00087734
569,3194.35,1.13988,1.65159,0.88572,1.35897,0,0.48967,0.41445,0.43573,0.22872,0.27573,0.15909,0.09923,0.03327,1.94485,1.61616,1.89406,2.21168,0,0.00087536,0.00087536,0.00087536
570,3200,1.23478,1.66199,0.97667,1.39382,0,0.37525,0.5,0.39423,0.20849,0.18309,0.15909,0.08489,0.02862,1.91797,1.62006,1.91984,2.17197,0,0.00087338,0.00087338,0.00087338
571,3205.62,1.23136,1.59034,0.89283,1.37948,0,0.37525,0.5,0.39423,0.20849,0.18309,0.15909,0.08489,0.02862,1.91797,1.62006,1.91984,2.17197,0,0.0008714,0.0008714,0.0008714
572,3211.18,1.18506,1.69555,0.93278,1.36504,0,0.40298,0.47727,0.37225,0.19285,0.13321,0.15376,0.07375,0.02566,1.85756,1.62363,1.94296,2.11937,0,0.00086942,0.00086942,0.00086942
573,3216.79,1.24477,1.66429,0.95588,1.41049,0,0.49639,0.36364,0.37623,0.20266,0.14623,0.15909,0.07372,0.02878,1.83168,1.60213,1.99156,2.08214,0,0.00086744,0.00086744,0.00086744
574,3222.44,1.18675,1.72583,0.92432,1.37744,0,0.47093,0.44518,0.42602,0.23573,0.15328,0.13636,0.08513,0.02713,1.75977,1.55151,1.94091,2.01457,0,0.00086546,0.00086546,0.00086546
575,3227.92,1.15911,1.66475,0.92117,1.34716,0,0.52951,0.45455,0.47726,0.26731,0.1954,0.15909,0.10256,0.03212,1.76259,1.53109,1.83342,2.01331,0,0.00086348,0.00086348,0.00086348
576,3233.36,1.09266,1.5433,0.87574,1.29004,0,0.52951,0.45455,0.47726,0.26731,0.1954,0.15909,0.10256,0.03212,1.76259,1.53109,1.83342,2.01331,0,0.0008615,0.0008615,0.0008615
577,3238.29,1.20398,1.72047,0.9605,1.40438,0,0.47045,0.47727,0.50242,0.28299,0.1824,0.22727,0.09072,0.02945,1.7826,1.52125,1.77402,2.02041,0,0.00085952,0.00085952,0.00085952
578,3243.17,1.14879,1.64487,0.91217,1.35805,0,0.43028,0.54545,0.4831,0.27159,0.2119,0.26893,0.10347,0.03302,1.78968,1.56273,1.85004,2.04583,0,0.00085754,0.00085754,0.00085754
579,3247.79,1.18725,1.7137,0.94715,1.35362,0,0.4445,0.54545,0.46017,0.25802,0.22559,0.27273,0.10693,0.03926,1.80316,1.59639,1.85051,2.08082,0,0.00085556,0.00085556,0.00085556
580,3252.65,1.09347,1.60314,0.87867,1.35684,0,0.48236,0.52273,0.52216,0.29242,0.21655,0.22727,0.11302,0.0354,1.81815,1.5825,1.79093,2.08612,0,0.00085358,0.00085358,0.00085358
581,3257.39,1.14693,1.66208,0.90013,1.33295,0,0.48006,0.56818,0.5083,0.29277,0.16329,0.27273,0.11387,0.03771,1.76811,1.57238,1.68045,2.03143,0,0.0008516,0.0008516,0.0008516
582,3262.12,1.18661,1.64994,0.98344,1.40596,0,0.48006,0.56818,0.5083,0.29277,0.16329,0.27273,0.11387,0.03771,1.76811,1.57238,1.68045,2.03143,0,0.00084962,0.00084962,0.00084962
583,3266.87,1.13652,1.64163,0.88152,1.34573,0,0.50298,0.54545,0.52183,0.28539,0.20446,0.29545,0.1389,0.03773,1.76371,1.5432,1.58911,2.01912,0,0.00084764,0.00084764,0.00084764
584,3271.67,1.18885,1.70066,0.91623,1.38308,0,0.67624,0.42737,0.51803,0.28689,0.1966,0.27273,0.1377,0.04244,1.80732,1.54057,1.60605,2.03475,0,0.00084566,0.00084566,0.00084566
585,3276.36,1.30812,1.74318,1.00335,1.43665,0,0.57401,0.43182,0.51146,0.28777,0.34021,0.18182,0.14744,0.0385,1.82226,1.56181,1.66102,2.03664,0,0.00084368,0.00084368,0.00084368
586,3281.11,1.15158,1.65089,0.838,1.34035,0,0.55172,0.52273,0.51345,0.29062,0.27869,0.22727,0.16838,0.04584,1.83548,1.58763,1.68812,2.04456,0,0.0008417,0.0008417,0.0008417
587,3285.89,1.14498,1.68213,0.90027,1.39322,0,0.55172,0.52273,0.51345,0.29062,0.27869,0.22727,0.16838,0.04584,1.83548,1.58763,1.68812,2.04456,0,0.00083972,0.00083972,0.00083972
588,3290.62,1.14749,1.67716,0.8781,1.33571,0,0.52376,0.64996,0.5523,0.30248,0.2527,0.27273,0.14917,0.03854,1.78394,1.57432,1.62695,2.02167,0,0.00083774,0.00083774,0.00083774
589,3295.38,1.20428,1.64917,0.91606,1.40133,0,0.53455,0.59091,0.54333,0.28636,0.26956,0.25,0.16259,0.03602,1.78754,1.55204,1.63276,2.04168,0,0.00083576,0.00083576,0.00083576
590,3300.2,1.19796,1.64882,0.89249,1.39258,0,0.48765,0.61364,0.50904,0.26541,0.16209,0.20455,0.09585,0.03144,1.80555,1.56365,1.69041,2.07503,0,0.00083378,0.00083378,0.00083378
591,3304.91,1.22286,1.71214,0.93029,1.4312,0,0.39735,0.56818,0.45163,0.22904,0.11899,0.22727,0.06903,0.02325,1.81713,1.56845,1.75229,2.08369,0,0.0008318,0.0008318,0.0008318
592,3309.63,1.20744,1.64159,0.8958,1.39405,0,0.39735,0.56818,0.45163,0.22904,0.11899,0.22727,0.06903,0.02325,1.81713,1.56845,1.75229,2.08369,0,0.00082982,0.00082982,0.00082982
593,3314.33,1.19823,1.75901,0.90644,1.37864,0,0.40829,0.61364,0.4947,0.25035,0.17302,0.15909,0.06065,0.01961,1.809,1.56546,1.76576,2.07529,0,0.00082784,0.00082784,0.00082784
594,3319.19,1.16138,1.60897,0.88962,1.36874,0,0.53704,0.55376,0.51281,0.25645,0.24024,0.22727,0.08433,0.02295,1.82725,1.55824,1.82047,2.1007,0,0.00082586,0.00082586,0.00082586
595,3323.87,1.21752,1.73255,0.95557,1.39518,0,0.40686,0.63636,0.47762,0.25473,0.17675,0.2831,0.08418,0.02442,1.8569,1.57895,1.83874,2.14626,0,0.00082388,0.00082388,0.00082388
596,3328.64,1.12232,1.62707,0.85819,1.31306,0,0.42829,0.63636,0.42574,0.21772,0.21526,0.31818,0.10592,0.02635,1.88899,1.60137,1.91932,2.185,0,0.0008219,0.0008219,0.0008219
597,3333.4,1.18105,1.63072,0.93633,1.38636,0,0.44033,0.56818,0.41779,0.2226,0.26338,0.34091,0.12712,0.03012,1.83197,1.59085,1.86911,2.13394,0,0.00081992,0.00081992,0.00081992
598,3338.2,1.17716,1.5785,0.95734,1.37207,0,0.44033,0.56818,0.41779,0.2226,0.26338,0.34091,0.12712,0.03012,1.83197,1.59085,1.86911,2.13394,0,0.00081794,0.00081794,0.00081794
599,3343.06,1.12219,1.58186,0.85899,1.32691,0,0.64235,0.40822,0.43454,0.23043,0.28654,0.20455,0.12335,0.03123,1.78175,1.59474,1.77954,2.09712,0,0.00081596,0.00081596,0.00081596
600,3347.81,1.2107,1.67775,0.96149,1.38885,0,0.45656,0.59091,0.51636,0.26646,0.33585,0.15909,0.11455,0.02984,1.79877,1.58794,1.64254,2.11709,0,0.00081398,0.00081398,0.00081398
601,3352.68,1.18722,1.61843,0.88038,1.36685,0,0.52817,0.52273,0.54607,0.2701,0.30153,0.15909,0.11815,0.02909,1.80972,1.59871,1.57207,2.13456,0,0.000812,0.000812,0.000812
602,3357.45,1.16252,1.61686,0.87404,1.32434,0,0.62151,0.45455,0.54666,0.27738,0.18446,0.13636,0.07498,0.02173,1.78522,1.63773,1.58173,2.12942,0,0.00081002,0.00081002,0.00081002
603,3362.24,1.12522,1.59531,0.89048,1.30688,0,0.62151,0.45455,0.54666,0.27738,0.18446,0.13636,0.07498,0.02173,1.78522,1.63773,1.58173,2.12942,0,0.00080804,0.00080804,0.00080804
604,3367.07,1.17503,1.60113,0.90785,1.36408,0,0.57536,0.47727,0.51104,0.26279,0.15804,0.13636,0.07836,0.02637,1.7744,1.68227,1.59726,2.13733,0,0.00080606,0.00080606,0.00080606
605,3371.86,1.20827,1.76417,0.91934,1.356,0,0.58363,0.47727,0.50242,0.27459,0.19666,0.15909,0.09541,0.02685,1.80215,1.68646,1.62569,2.14351,0,0.00080408,0.00080408,0.00080408
606,3376.7,1.14928,1.65895,0.88943,1.33163,0,0.59856,0.45455,0.4764,0.27436,0.26581,0.20455,0.11455,0.02987,1.80663,1.63653,1.63188,2.10116,0,0.0008021,0.0008021,0.0008021
607,3381.49,1.14858,1.63372,0.85189,1.34981,0,0.59223,0.54545,0.54907,0.29812,0.26988,0.25,0.1259,0.03217,1.77207,1.60219,1.60522,2.03991,0,0.00080012,0.00080012,0.00080012
608,3386.21,1.13704,1.72081,0.89508,1.36115,0,0.59223,0.54545,0.54907,0.29812,0.26988,0.25,0.1259,0.03217,1.77207,1.60219,1.60522,2.03991,0,0.00079814,0.00079814,0.00079814
