epoch,time,train/box_loss,train/seg_loss,train/cls_loss,train/dfl_loss,train/sem_loss,metrics/precision(B),metrics/recall(B),metrics/mAP50(B),metrics/mAP50-95(B),metrics/precision(M),metrics/recall(M),metrics/mAP50(M),metrics/mAP50-95(M),val/box_loss,val/seg_loss,val/cls_loss,val/dfl_loss,val/sem_loss,lr/pg0,lr/pg1,lr/pg2
1,26.6865,2.6108,5.20365,3.43109,2.46104,0,0.00485,0.36364,0.00189,0.00042,0,0,0,0,3.26815,3.34182,7.97574,3.13515,0,0.000615385,0.000615385,0.000615385
2,30.6271,2.64044,5.01957,3.45573,2.50113,0,0.00545,0.40909,0.00223,0.00059,0,0,0,0,3.1585,3.10512,8.33502,2.99952,0,0.00128078,0.00128078,0.00128078
3,34.5885,2.67671,4.99321,3.44917,2.56477,0,0.00606,0.45455,0.00285,0.00062,0,0,0,0,3.07361,2.84495,9.58075,2.91738,0,0.00194486,0.00194486,0.00194486
4,38.6071,2.77046,5.09329,3.64246,2.58958,0,0.00908,0.09091,0.00336,0.00069,0,0,0,0,3.27044,2.76115,9.15076,2.93867,0,0.00199406,0.00199406,0.00199406
5,42.6855,2.50919,5.11866,3.37346,2.42794,0,0.04398,0.02273,0.00669,0.00133,0,0,0,0,3.22322,2.8289,8.35111,2.91581,0,0.00199208,0.00199208,0.00199208
6,46.65,2.713,5.11786,3.34655,2.51025,0,0.04398,0.02273,0.00669,0.00133,0,0,0,0,3.22322,2.8289,8.35111,2.91581,0,0.0019901,0.0019901,0.0019901
7,50.9783,3.32257,4.61053,14.5446,2.97355,0,0.01287,0.15909,0.00512,0.00066,0,0,0,0,4.39974,1172.88,204.628,91.7198,0,0.00198812,0.00198812,0.00198812
8,55.6293,3.36113,4.56832,15.5776,2.90172,0,0.00819,0.20455,0.00427,0.00081,0,0,0,0,4.06222,356.735,133.515,41.2121,0,0.00198614,0.00198614,0.00198614
9,60.0098,3.3289,4.41525,11.3821,2.99881,0,0,0,0,0,0,0,0,0,nan,nan,nan,nan,0,0.00198416,0.00198416,0.00198416
10,64.3331,3.1705,3.74562,5.03301,3.14312,0,0,0,0,0,0,0,0,0,nan,nan,nan,nan,0,0.00198218,0.00198218,0.00198218
11,68.6302,3.12881,4.71716,3.87937,3.08779,0,0,0,0,0,0,0,0,0,nan,nan,nan,nan,0,0.0019802,0.0019802,0.0019802
12,72.9019,3.10078,3.67384,3.29649,3.07893,0,0,0,0,0,0,0,0,0,nan,nan,nan,nan,0,0.00197822,0.00197822,0.00197822
13,76.9964,3.05299,3.50902,3.06182,3.09265,0,0,0,0,0,0,0,0,0,nan,nan,nan,nan,0,0.00197624,0.00197624,0.00197624
14,81.0991,3.17079,3.40323,3.05947,3.15602,0,0,0,0,0,0,0,0,0,nan,nan,nan,nan,0,0.00197426,0.00197426,0.00197426
15,85.4317,3.03019,3.3937,2.96674,3.076,0,0,0,0,0,0,0,0,0,nan,nan,nan,nan,0,0.00197228,0.00197228,0.00197228
16,89.543,2.91855,3.19354,2.92663,3.02067,0,0,0,0,0,0,0,0,0,nan,nan,nan,nan,0,0.0019703,0.0019703,0.0019703
17,93.8374,2.89316,3.05618,2.82994,2.91516,0,0,0,0,0,0,0,0,0,nan,nan,nan,nan,0,0.00196832,0.00196832,0.00196832
18,98.0854,2.77251,2.91316,2.82026,2.89757,0,0,0,0,0,0,0,0,0,nan,nan,nan,nan,0,0.00196634,0.00196634,0.00196634
19,102.289,2.77258,3.01258,2.73471,2.88436,0,0,0,0,0,0,0,0,0,5.50545,105.174,481.694,34.7156,0,0.00196436,0.00196436,0.00196436
20,106.508,2.83881,2.97693,2.70283,2.91785,0,0,0,0,0,0,0,0,0,6.15063,40.4187,7.23337,22.712,0,0.00196238,0.00196238,0.00196238
21,110.789,2.72596,2.94672,2.6317,2.92079,0,0.00035,0.02273,3e-05,1e-05,0,0,0,0,5.04792,35.7158,5.27344,14.1515,0,0.0019604,0.0019604,0.0019604
22,115.207,2.6218,2.76498,2.57754,2.80286,0,0.00035,0.02273,3e-05,1e-05,0,0,0,0,5.04792,35.7158,5.27344,14.1515,0,0.00195842,0.00195842,0.00195842
23,119.581,2.69042,2.82786,2.61416,2.83578,0,0,0,0,0,0,0,0,0,4.80022,3.17605,5.32229,6.29083,0,0.00195644,0.00195644,0.00195644
24,123.843,2.65069,2.87765,2.60465,2.76001,0,0.00062,0.02273,3e-05,0,0,0,0,0,4.25291,47.3505,5.54054,11.2837,0,0.00195446,0.00195446,0.00195446
25,128.047,2.72854,2.85424,2.66215,2.8195,0,0.00547,0.34091,0.00294,0.00059,0,0,0,0,3.64771,2.6946,4.00553,4.38165,0,0.00195248,0.00195248,0.00195248
26,132.426,2.5953,2.78668,2.5828,2.75367,0,0.00382,0.27273,0.00201,0.00031,0,0,0,0,3.56434,2.26303,4.1094,4.07941,0,0.0019505,0.0019505,0.0019505
27,136.634,2.53771,2.67183,2.54141,2.72044,0,0.00382,0.27273,0.00201,0.00031,0,0,0,0,3.56434,2.26303,4.1094,4.07941,0,0.00194852,0.00194852,0.00194852
28,140.98,2.56383,2.6474,2.51698,2.72517,0,0.0138,0.61364,0.01494,0.00317,0,0,0,0,3.21464,2.09013,3.34606,3.32518,0,0.00194654,0.00194654,0.00194654
29,145.495,2.60105,2.63073,2.55897,2.74811,0,0.01874,0.56818,0.02346,0.00461,0,0,0,0,3.23037,2.10943,3.30858,3.47864,0,0.00194456,0.00194456,0.00194456
30,150.011,2.5237,2.4957,2.54055,2.63329,0,0.04259,0.38636,0.03095,0.00625,0,0,0,0,3.09118,2.15717,3.11404,3.39159,0,0.00194258,0.00194258,0.00194258
31,154.371,2.5141,2.67481,2.59854,2.68121,0,0.01131,0.22727,0.01269,0.00271,0,0,0,0,3.08502,2.27507,4.01651,3.5151,0,0.0019406,0.0019406,0.0019406
32,158.669,2.48367,2.59363,2.52029,2.67099,0,0.01131,0.22727,0.01269,0.00271,0,0,0,0,3.08502,2.27507,4.01651,3.5151,0,0.00193862,0.00193862,0.00193862
33,163.087,2.45332,2.70355,2.51351,2.65416,0,0.05233,0.13636,0.03013,0.00693,0,0,0,0,2.89419,2.20459,3.48747,3.18743,0,0.00193664,0.00193664,0.00193664
34,167.496,2.41284,2.57387,2.51111,2.62215,0,0.08983,0.1257,0.0518,0.01058,0,0,0,0,2.88108,2.21472,2.98891,3.12471,0,0.00193466,0.00193466,0.00193466
35,172.011,2.45526,2.7096,2.46064,2.61754,0,0.04224,0.09091,0.04888,0.00848,0,0,0,0,3.24541,3.57813,3.09761,4.09484,0,0.00193268,0.00193268,0.00193268
36,176.502,2.50977,2.65041,2.48447,2.61303,0,0.05755,0.31818,0.02921,0.00636,0.00031,0.02273,1e-05,0,3.73019,10.9638,3.3826,6.19626,0,0.0019307,0.0019307,0.0019307
37,180.87,2.47827,2.43129,2.47562,2.6332,0,0.16208,0.11364,0.10435,0.02264,0.00115,0.04545,0.0004,4e-05,3.32808,15.2701,3.13138,6.37544,0,0.00192872,0.00192872,0.00192872
38,185.419,2.38306,2.56003,2.4792,2.57297,0,0.16208,0.11364,0.10435,0.02264,0.00115,0.04545,0.0004,4e-05,3.32808,15.2701,3.13138,6.37544,0,0.00192674,0.00192674,0.00192674
39,189.844,2.42482,2.46548,2.49874,2.56565,0,0.18669,0.13636,0.06118,0.01316,0.00226,0.09091,0.00031,4e-05,3.36388,9.44091,3.36126,5.90951,0,0.00192476,0.00192476,0.00192476
40,194.314,2.44497,2.52918,2.49224,2.55256,0,0.06983,0.22727,0.08,0.02859,0.00121,0.09091,0.00028,3e-05,3.16506,10.5396,3.17675,5.04659,0,0.00192278,0.00192278,0.00192278
41,198.732,2.4601,2.56892,2.53444,2.56917,0,0.15543,0.22588,0.1392,0.04183,0.0003,0.02273,1e-05,0,2.99793,19.483,3.23737,4.70216,0,0.0019208,0.0019208,0.0019208
42,203.282,2.3949,2.52327,2.58865,2.55501,0,0.31913,0.15909,0.15208,0.03116,0.00031,0.02273,3e-05,0,2.97313,11.6257,3.2456,3.66053,0,0.00191882,0.00191882,0.00191882
43,207.599,2.3469,2.51262,2.48942,2.52543,0,0.31913,0.15909,0.15208,0.03116,0.00031,0.02273,3e-05,0,2.97313,11.6257,3.2456,3.66053,0,0.00191684,0.00191684,0.00191684
44,211.97,2.36312,2.4399,2.41508,2.46367,0,0.04917,0.06818,0.02608,0.00514,0,0,0,0,3.05129,6.31023,3.07607,3.39781,0,0.00191486,0.00191486,0.00191486
45,216.617,2.37517,2.47718,2.52335,2.50858,0,0.03484,0.34091,0.02455,0.00418,0.00093,0.06818,0.00018,2e-05,3.0838,2.75312,3.25605,3.29542,0,0.00191288,0.00191288,0.00191288
46,221.015,2.37108,2.54916,2.52236,2.49718,0,0.03053,0.11364,0.0182,0.00385,0.00091,0.06818,8e-05,1e-05,3.16663,2.08801,3.4113,3.24448,0,0.0019109,0.0019109,0.0019109
47,225.359,2.34552,2.44961,2.44946,2.48279,0,0.0917,0.13636,0.05134,0.016,0.00121,0.09091,0.00014,2e-05,2.6948,1.94238,3.01738,2.83189,0,0.00190892,0.00190892,0.00190892
48,229.664,2.31877,2.43968,2.35187,2.44648,0,0.0917,0.13636,0.05134,0.016,0.00121,0.09091,0.00014,2e-05,2.6948,1.94238,3.01738,2.83189,0,0.00190694,0.00190694,0.00190694
49,234.192,2.37923,2.47983,2.3896,2.45931,0,0.05113,0.09091,0.03689,0.01491,0.00122,0.09091,0.00013,2e-05,2.58782,1.9028,3.16126,2.7311,0,0.00190496,0.00190496,0.00190496
50,238.533,2.37095,2.40246,2.37933,2.51139,0,0.02032,0.25,0.015,0.00529,0.00152,0.11364,0.00021,3e-05,2.76004,1.88521,3.31172,2.87162,0,0.00190298,0.00190298,0.00190298
51,242.9,2.34499,2.51821,2.50843,2.49839,0,0.01545,0.15909,0.01439,0.00311,0.00237,0.11364,0.00039,6e-05,3.1723,1.99771,3.4143,3.49132,0,0.001901,0.001901,0.001901
52,247.163,2.3981,2.51178,2.40695,2.46611,0,0.08925,0.09091,0.03286,0.0077,0.00177,0.11364,0.00079,0.00012,3.11849,1.98075,3.18723,3.57707,0,0.00189902,0.00189902,0.00189902
53,251.607,2.26934,2.45369,2.4717,2.4076,0,0.09255,0.25,0.07932,0.02151,0.00122,0.09091,0.00019,3e-05,2.69584,1.97425,2.95419,2.94751,0,0.00189704,0.00189704,0.00189704
54,256.014,2.27434,2.43224,2.44851,2.43888,0,0.09255,0.25,0.07932,0.02151,0.00122,0.09091,0.00019,3e-05,2.69584,1.97425,2.95419,2.94751,0,0.00189506,0.00189506,0.00189506
55,260.392,2.30452,2.40138,2.41153,2.42478,0,0.13797,0.15909,0.13064,0.03021,0.0003,0.02273,2e-05,1e-05,2.63143,2.03498,2.94652,2.78306,0,0.00189308,0.00189308,0.00189308
56,264.972,2.27237,2.47317,2.36882,2.34138,0,0.10363,0.27273,0.08027,0.02081,0.00062,0.04545,4e-05,1e-05,2.68132,2.00594,2.95825,2.85092,0,0.0018911,0.0018911,0.0018911
57,269.4,2.25675,2.26633,2.34247,2.38747,0,0.0685,0.18182,0.04998,0.01766,0.00092,0.06818,8e-05,2e-05,2.77199,1.88157,3.16358,2.88356,0,0.00188912,0.00188912,0.00188912
58,273.807,2.22829,2.39014,2.37862,2.35948,0,0.1204,0.15909,0.08576,0.02424,0.00182,0.13636,0.00027,5e-05,2.60936,1.81723,3.58689,2.82516,0,0.00188714,0.00188714,0.00188714
59,278.155,2.21505,2.62391,2.42947,2.37229,0,0.1204,0.15909,0.08576,0.02424,0.00182,0.13636,0.00027,5e-05,2.60936,1.81723,3.58689,2.82516,0,0.00188516,0.00188516,0.00188516
60,282.585,2.26621,2.47781,2.35599,2.43231,0,0.03687,0.29545,0.02618,0.00921,0.00182,0.13636,0.00032,5e-05,2.64187,1.82626,3.52796,2.81464,0,0.00188318,0.00188318,0.00188318
61,286.98,2.22505,2.33066,2.41114,2.38554,0,0.04984,0.25,0.03375,0.01011,0.00139,0.09091,0.00033,6e-05,2.71398,1.86054,3.14348,2.85377,0,0.0018812,0.0018812,0.0018812
62,291.407,2.19909,2.35871,2.26342,2.28813,0,0.04901,0.27273,0.03606,0.01179,0.00031,0.02273,1e-05,0,2.57485,1.99897,3.01202,2.72829,0,0.00187922,0.00187922,0.00187922
63,295.851,2.15598,2.36897,2.34014,2.32566,0,0.16009,0.20455,0.08169,0.0262,0.00063,0.04545,6e-05,1e-05,2.44429,1.92069,2.81595,2.62369,0,0.00187724,0.00187724,0.00187724
64,300.355,2.18595,2.22459,2.24327,2.30589,0,0.16009,0.20455,0.08169,0.0262,0.00063,0.04545,6e-05,1e-05,2.44429,1.92069,2.81595,2.62369,0,0.00187526,0.00187526,0.00187526
65,304.801,2.30871,2.45476,2.39596,2.40641,0,0.1657,0.20455,0.11178,0.03342,0.00128,0.09091,0.00051,9e-05,2.40983,1.83921,2.68738,2.5774,0,0.00187328,0.00187328,0.00187328
66,309.295,2.11986,2.38167,2.29077,2.30012,0,0.21409,0.20455,0.12286,0.04179,0.00221,0.15909,0.00063,9e-05,2.62789,1.83673,2.63744,2.68206,0,0.0018713,0.0018713,0.0018713
67,313.614,2.16499,2.41393,2.31833,2.29493,0,0.13307,0.15909,0.0985,0.02494,0.00183,0.13636,0.00048,8e-05,2.7739,1.85866,2.88347,2.78888,0,0.00186932,0.00186932,0.00186932
68,318.071,2.14528,2.2922,2.22978,2.28259,0,0.09501,0.13636,0.07248,0.03636,0.00185,0.13636,0.00049,7e-05,2.59647,1.98886,2.88556,2.68822,0,0.00186734,0.00186734,0.00186734
69,322.576,2.14368,2.30032,2.28348,2.29892,0,0.05847,0.09091,0.05637,0.02127,0.00157,0.11364,0.00104,0.00016,2.71334,3.45328,2.94174,2.90717,0,0.00186536,0.00186536,0.00186536
70,327.051,2.19357,2.36092,2.34354,2.36345,0,0.05847,0.09091,0.05637,0.02127,0.00157,0.11364,0.00104,0.00016,2.71334,3.45328,2.94174,2.90717,0,0.00186338,0.00186338,0.00186338
71,331.395,2.13451,2.30256,2.34901,2.3309,0,0.04646,0.38636,0.04579,0.0137,0.0021,0.09091,0.00139,0.00028,2.75584,7.29925,2.91993,2.99171,0,0.0018614,0.0018614,0.0018614
72,335.849,2.18101,2.28972,2.25951,2.35038,0,0.17202,0.18182,0.1232,0.05058,0.00207,0.09091,0.00067,0.00011,2.65459,1.90182,2.86785,2.86699,0,0.00185942,0.00185942,0.00185942
73,340.332,2.16277,2.26175,2.27064,2.28515,0,0.28638,0.18182,0.10383,0.0368,0.00031,0.02273,3e-05,0,2.64887,2.06905,3.19448,2.80989,0,0.00185744,0.00185744,0.00185744
74,344.861,2.1403,2.40449,2.25848,2.2324,0,0.11826,0.18182,0.10874,0.03336,0.00043,0.02273,0.0001,3e-05,2.65026,1.91768,3.07057,2.80323,0,0.00185546,0.00185546,0.00185546
75,349.41,2.2318,2.48262,2.33373,2.2992,0,0.11826,0.18182,0.10874,0.03336,0.00043,0.02273,0.0001,3e-05,2.65026,1.91768,3.07057,2.80323,0,0.00185348,0.00185348,0.00185348
76,353.903,2.13364,2.38891,2.26055,2.25282,0,0.16829,0.27273,0.16953,0.04733,0.00146,0.02273,0.00025,5e-05,2.48296,1.89918,2.72043,2.6401,0,0.0018515,0.0018515,0.0018515
77,358.296,2.09371,2.3613,2.27277,2.21018,0,0.13683,0.15909,0.15966,0.05596,0.00315,0.06818,0.00071,0.00016,2.49161,1.98103,2.53998,2.6679,0,0.00184952,0.00184952,0.00184952
78,362.797,2.10939,2.28741,2.25204,2.23093,0,0.10937,0.11364,0.12508,0.04201,0.00839,0.02273,0.0021,0.00023,2.67041,2.02146,2.66413,2.77927,0,0.00184754,0.00184754,0.00184754
79,367.22,2.00841,2.2665,2.20753,2.14042,0,0.06384,0.20455,0.05663,0.01772,0.00061,0.04545,8e-05,1e-05,2.65569,1.99861,2.90774,2.84563,0,0.00184556,0.00184556,0.00184556
80,371.618,2.19381,2.32976,2.32937,2.34074,0,0.06384,0.20455,0.05663,0.01772,0.00061,0.04545,8e-05,1e-05,2.65569,1.99861,2.90774,2.84563,0,0.00184358,0.00184358,0.00184358
81,376.059,2.13581,2.35213,2.26451,2.28048,0,0.10603,0.22727,0.08938,0.02871,0.0003,0.02273,1e-05,0,2.65484,1.91115,2.98262,2.86969,0,0.0018416,0.0018416,0.0018416
82,380.488,2.07507,2.25589,2.27488,2.24885,0,0.12613,0.18182,0.10673,0.04049,0.01422,0.02273,0.0033,0.00111,2.5292,1.88437,2.97773,2.73275,0,0.00183962,0.00183962,0.00183962
83,385.119,2.04457,2.26366,2.21725,2.2362,0,0.11112,0.15909,0.13483,0.04449,0.08913,0.02273,0.00972,0.00172,2.56861,1.89242,2.83936,2.70735,0,0.00183764,0.00183764,0.00183764
84,389.51,2.07473,2.29254,2.20297,2.21499,0,0.14262,0.20455,0.11119,0.032,0.00725,0.09091,0.00176,0.00025,2.44913,1.84542,2.82975,2.61544,0,0.00183566,0.00183566,0.00183566
85,394.03,1.99001,2.21683,2.16113,2.12177,0,0.14121,0.25,0.0945,0.03002,0.00188,0.02273,0.0004,5e-05,2.43117,1.89166,2.91872,2.6042,0,0.00183368,0.00183368,0.00183368
86,398.634,2.00491,2.34662,2.2481,2.16336,0,0.14121,0.25,0.0945,0.03002,0.00188,0.02273,0.0004,5e-05,2.43117,1.89166,2.91872,2.6042,0,0.0018317,0.0018317,0.0018317
87,403.053,2.03983,2.32459,2.24758,2.17919,0,0.2005,0.27273,0.13488,0.03769,0.00155,0.02273,0.0003,4e-05,2.3404,1.91589,2.83525,2.58075,0,0.00182972,0.00182972,0.00182972
88,407.415,2.05132,2.33839,2.19546,2.23576,0,0.22382,0.25,0.15669,0.0498,0.00156,0.06818,0.0002,5e-05,2.34964,1.882,2.73008,2.58846,0,0.00182774,0.00182774,0.00182774
89,411.741,2.09567,2.30781,2.15661,2.22047,0,0.17,0.27273,0.15047,0.0522,0.00414,0.06818,0.00052,0.00013,2.4305,1.84975,2.69791,2.60082,0,0.00182576,0.00182576,0.00182576
90,416.145,2.06863,2.3449,2.13559,2.20679,0,0.23852,0.25,0.15635,0.06251,0.00612,0.06818,0.00153,0.00031,2.50361,1.79528,2.56089,2.63653,0,0.00182378,0.00182378,0.00182378
91,420.613,2.10246,2.20656,2.14351,2.24767,0,0.23852,0.25,0.15635,0.06251,0.00612,0.06818,0.00153,0.00031,2.50361,1.79528,2.56089,2.63653,0,0.0018218,0.0018218,0.0018218
92,425.06,2.00466,2.17706,2.09392,2.14637,0,0.19152,0.20455,0.133,0.04644,0.0111,0.15909,0.00304,0.00057,2.55759,1.70423,2.69575,2.79018,0,0.00181982,0.00181982,0.00181982
93,429.517,2.04595,2.23933,2.12527,2.20244,0,0.15147,0.21105,0.0824,0.02817,0.00898,0.04545,0.00121,0.00032,2.48404,1.71732,2.76692,2.73202,0,0.00181784,0.00181784,0.00181784
94,433.974,2.01512,2.2824,2.12783,2.17611,0,0.10978,0.29545,0.08391,0.02428,0.0136,0.09091,0.00185,0.00038,2.56591,1.77217,2.91589,2.72535,0,0.00181586,0.00181586,0.00181586
95,438.496,1.97482,2.26526,2.12308,2.19531,0,0.16701,0.29545,0.09265,0.03874,0.00489,0.02273,0.00094,0.00024,2.43011,1.79346,2.90225,2.673,0,0.00181388,0.00181388,0.00181388
96,442.989,2.04915,2.35672,2.21563,2.26799,0,0.16701,0.29545,0.09265,0.03874,0.00489,0.02273,0.00094,0.00024,2.43011,1.79346,2.90225,2.673,0,0.0018119,0.0018119,0.0018119
97,447.509,2.02172,2.28506,2.11354,2.17471,0,0.1916,0.31818,0.12109,0.0416,0.01229,0.02273,0.00191,0.00049,2.35022,1.83604,2.65687,2.59156,0,0.00180992,0.00180992,0.00180992
98,451.844,1.95231,2.25946,2.1059,2.15473,0,0.22223,0.27273,0.16382,0.04833,0.08537,0.02273,0.00851,0.00217,2.45443,1.81603,2.58028,2.62504,0,0.00180794,0.00180794,0.00180794
99,456.327,2.04945,2.32652,2.07395,2.13629,0,0.19679,0.25,0.11992,0.03828,0.0598,0.02273,0.00661,0.00179,2.51877,1.80843,2.64139,2.67838,0,0.00180596,0.00180596,0.00180596
100,460.705,1.97986,2.29483,2.10365,2.11442,0,0.12798,0.23354,0.09403,0.02977,0.04207,0.02273,0.00303,0.00109,2.49165,1.80587,2.72251,2.69308,0,0.00180398,0.00180398,0.00180398
101,465.158,1.9545,2.19829,2.01221,2.08765,0,0.15286,0.15909,0.1146,0.03172,0.01756,0.02273,0.00202,0.00048,2.51807,1.79997,2.62858,2.75482,0,0.001802,0.001802,0.001802
102,469.512,1.99437,2.23799,2.068,2.08017,0,0.15286,0.15909,0.1146,0.03172,0.01756,0.02273,0.00202,0.00048,2.51807,1.79997,2.62858,2.75482,0,0.00180002,0.00180002,0.00180002
103,474.098,2.02166,2.32207,2.06803,2.11945,0,0.2083,0.38636,0.18789,0.05176,0.00249,0.02273,0.00069,0.00016,2.54307,1.77339,2.65512,2.7744,0,0.00179804,0.00179804,0.00179804
104,478.654,1.98954,2.30181,2.0069,2.05549,0,0.21864,0.36252,0.20633,0.06947,0.00714,0.06818,0.00153,0.00026,2.31808,1.76634,2.70811,2.5666,0,0.00179606,0.00179606,0.00179606
105,483.07,1.92321,2.27265,2.02562,2.04991,0,0.3096,0.31818,0.18984,0.06176,0.01044,0.04545,0.00145,0.00024,2.32742,1.86696,2.76489,2.55433,0,0.00179408,0.00179408,0.00179408
106,487.416,1.92483,2.25409,1.97272,2.05009,0,0.25404,0.30195,0.14875,0.04213,0.02713,0.02273,0.00132,0.00027,2.49779,1.98069,2.81408,2.6345,0,0.0017921,0.0017921,0.0017921
107,491.883,1.9018,2.26921,2.00801,2.03928,0,0.25404,0.30195,0.14875,0.04213,0.02713,0.02273,0.00132,0.00027,2.49779,1.98069,2.81408,2.6345,0,0.00179012,0.00179012,0.00179012
108,496.275,1.9578,2.26325,2.05679,2.02475,0,0.17094,0.25,0.10342,0.03669,0.0321,0.02273,0.00157,0.00054,2.33118,1.89391,2.74514,2.54259,0,0.00178814,0.00178814,0.00178814
109,500.741,1.95878,2.27608,2.01416,2.05768,0,0.22381,0.22727,0.14334,0.05059,0.04437,0.04545,0.00302,0.00068,2.28056,1.81759,2.51654,2.50724,0,0.00178616,0.00178616,0.00178616
110,505.355,1.98603,2.16578,1.99386,2.08713,0,0.16914,0.45455,0.22044,0.08097,0.00754,0.02273,0.00111,0.00036,2.21636,1.76507,2.46065,2.41712,0,0.00178418,0.00178418,0.00178418
111,509.716,2.00526,2.24816,1.9867,2.121,0,0.18925,0.5,0.19585,0.0713,0.00259,0.02273,0.00033,0.0001,2.21648,1.85763,2.55063,2.43337,0,0.0017822,0.0017822,0.0017822
112,514.042,1.92093,2.24931,1.9853,2.03175,0,0.18925,0.5,0.19585,0.0713,0.00259,0.02273,0.00033,0.0001,2.21648,1.85763,2.55063,2.43337,0,0.00178022,0.00178022,0.00178022
113,518.624,1.91372,2.3419,2.04249,2.08222,0,0.16406,0.34091,0.19218,0.06217,0.00333,0.04545,0.00028,6e-05,2.35025,1.89167,2.60029,2.52836,0,0.00177824,0.00177824,0.00177824
114,522.972,1.88431,2.21908,1.94415,1.99947,0,0.1827,0.3658,0.20093,0.07199,0.01059,0.02273,0.00408,0.00071,2.24186,1.73295,2.5326,2.45083,0,0.00177626,0.00177626,0.00177626
115,527.491,1.91598,2.2333,1.96735,2.03603,0,0.16251,0.29545,0.17056,0.06153,0.04126,0.06818,0.00762,0.00173,2.17985,1.72577,2.50167,2.42445,0,0.00177428,0.00177428,0.00177428
116,531.907,1.92067,2.2767,1.95047,2.04027,0,0.13508,0.22727,0.15875,0.05586,0.01803,0.09091,0.00359,0.00087,2.25818,1.72642,2.67361,2.44668,0,0.0017723,0.0017723,0.0017723
117,536.384,1.85933,2.18541,1.8916,2.01121,0,0.1995,0.25,0.19198,0.05012,0.00431,0.02273,0.0006,0.00012,2.50336,1.79973,2.644,2.58715,0,0.00177032,0.00177032,0.00177032
118,540.74,1.958,2.29083,1.96493,2.05253,0,0.1995,0.25,0.19198,0.05012,0.00431,0.02273,0.0006,0.00012,2.50336,1.79973,2.644,2.58715,0,0.00176834,0.00176834,0.00176834
119,545.151,1.92404,2.28475,1.94631,2.06123,0,0.17876,0.22727,0.1625,0.04198,0.00518,0.04545,0.00059,0.00012,2.5095,1.84821,2.54535,2.64644,0,0.00176636,0.00176636,0.00176636
120,549.518,1.86721,2.15263,1.93432,2.02609,0,0.2262,0.27273,0.18575,0.05806,0.03815,0.06818,0.00544,0.00093,2.26302,1.80612,2.53663,2.42708,0,0.00176438,0.00176438,0.00176438
121,553.951,1.92317,2.18164,1.97182,2.0451,0,0.22044,0.25065,0.17493,0.0563,0.06031,0.04545,0.03363,0.00936,2.33209,1.774,2.67369,2.44071,0,0.0017624,0.0017624,0.0017624
122,558.433,1.90806,2.24626,1.93803,2.0184,0,0.20312,0.27273,0.14983,0.05849,0.03718,0.04545,0.03192,0.00874,2.38544,1.75564,2.65185,2.54182,0,0.00176042,0.00176042,0.00176042
123,562.924,2.00094,2.36512,2.04033,2.05681,0,0.20312,0.27273,0.14983,0.05849,0.03718,0.04545,0.03192,0.00874,2.38544,1.75564,2.65185,2.54182,0,0.00175844,0.00175844,0.00175844
124,567.493,1.89723,2.21841,1.9512,1.96609,0,0.21565,0.23127,0.12335,0.03939,0.03337,0.06818,0.00513,0.00113,2.3885,1.74891,2.69326,2.54032,0,0.00175646,0.00175646,0.00175646
125,571.865,1.92642,2.14395,1.95546,2.02401,0,0.28327,0.29545,0.21678,0.06617,0.03856,0.04545,0.00257,0.00054,2.38421,1.80717,2.58652,2.48799,0,0.00175448,0.00175448,0.00175448
126,576.272,1.86832,2.23816,1.91742,1.97488,0,0.248,0.27273,0.22692,0.06613,0.0243,0.02273,0.00257,0.00085,2.36652,1.84656,2.75015,2.48541,0,0.0017525,0.0017525,0.0017525
127,580.743,1.79898,2.08015,1.79711,1.92098,0,0.21602,0.2067,0.19125,0.06513,0.04485,0.02273,0.00356,0.00109,2.29267,1.75915,2.75038,2.43035,0,0.00175052,0.00175052,0.00175052
128,585.101,1.87028,2.09477,1.87362,1.95572,0,0.21602,0.2067,0.19125,0.06513,0.04485,0.02273,0.00356,0.00109,2.29267,1.75915,2.75038,2.43035,0,0.00174854,0.00174854,0.00174854
129,589.496,1.90721,2.27684,1.88867,1.96607,0,0.19349,0.31818,0.16366,0.05676,0.13806,0.02273,0.01002,0.00362,2.24642,1.79413,2.862,2.41263,0,0.00174656,0.00174656,0.00174656
130,593.99,1.88117,2.15252,1.97238,2.00866,0,0.25692,0.31818,0.19199,0.06806,0.28543,0.02273,0.01168,0.00319,2.20729,1.82316,2.83561,2.44968,0,0.00174458,0.00174458,0.00174458
131,598.378,1.88285,2.24728,1.93021,2.03422,0,0.22041,0.39201,0.1862,0.06638,0.02905,0.06818,0.01662,0.00481,2.17545,1.8198,2.70003,2.44597,0,0.0017426,0.0017426,0.0017426
132,602.855,1.94434,2.20077,1.88693,2.05071,0,0.25806,0.38636,0.21902,0.07418,0.0567,0.09091,0.01546,0.0052,2.21633,1.72855,2.51482,2.4163,0,0.00174062,0.00174062,0.00174062
133,607.291,1.80353,2.19017,1.80657,1.91883,0,0.15078,0.45455,0.17322,0.05888,0.08864,0.11364,0.01607,0.00363,2.29774,1.70453,2.7627,2.46552,0,0.00173864,0.00173864,0.00173864
134,611.702,1.88947,2.20924,1.89246,2.01105,0,0.15078,0.45455,0.17322,0.05888,0.08864,0.11364,0.01607,0.00363,2.29774,1.70453,2.7627,2.46552,0,0.00173666,0.00173666,0.00173666
135,616.185,1.86463,2.30106,1.86258,1.93381,0,0.15671,0.38636,0.17163,0.05827,0.10943,0.11364,0.02199,0.00643,2.30002,1.69054,2.57952,2.46738,0,0.00173468,0.00173468,0.00173468
136,620.572,1.89216,2.23983,1.82197,1.99777,0,0.19483,0.29545,0.19087,0.07111,0.07493,0.11364,0.03435,0.00871,2.2568,1.68094,2.37063,2.457,0,0.0017327,0.0017327,0.0017327
137,625.131,1.83974,2.18006,1.80296,1.9457,0,0.25031,0.15909,0.15528,0.05665,0.17172,0.02273,0.00708,0.002,2.29368,1.81135,2.3105,2.49196,0,0.00173072,0.00173072,0.00173072
138,629.447,1.85841,2.20224,1.88597,1.97137,0,0.28687,0.3475,0.25164,0.09898,0.22257,0.02273,0.00881,0.00092,2.09381,1.81783,2.4309,2.35151,0,0.00172874,0.00172874,0.00172874
139,633.831,1.8699,2.09181,1.82973,1.98375,0,0.28687,0.3475,0.25164,0.09898,0.22257,0.02273,0.00881,0.00092,2.09381,1.81783,2.4309,2.35151,0,0.00172676,0.00172676,0.00172676
140,638.255,1.96165,2.27181,1.87312,2.01571,0,0.30019,0.36364,0.26017,0.1033,0.03761,0.04545,0.01062,0.0013,2.03129,1.79366,2.40433,2.36622,0,0.00172478,0.00172478,0.00172478
141,642.989,1.84276,2.20082,1.81206,1.93067,0,0.23459,0.36364,0.26969,0.09902,0.04554,0.02273,0.00426,0.00088,2.17045,1.82451,2.46623,2.50213,0,0.0017228,0.0017228,0.0017228
142,647.607,1.81488,2.19163,1.83317,1.91043,0,0.26859,0.34221,0.22855,0.07415,0.02744,0.02273,0.00244,0.00067,2.19255,1.76344,2.47087,2.49252,0,0.00172082,0.00172082,0.00172082
143,652.007,1.88469,2.22989,1.83998,1.97789,0,0.2344,0.47727,0.19843,0.05553,0.01558,0.02273,0.00162,0.00045,2.24905,1.71553,2.60089,2.47975,0,0.00171884,0.00171884,0.00171884
144,656.546,1.7774,2.2318,1.79788,1.86161,0,0.2344,0.47727,0.19843,0.05553,0.01558,0.02273,0.00162,0.00045,2.24905,1.71553,2.60089,2.47975,0,0.00171686,0.00171686,0.00171686
145,660.901,1.86779,2.28637,1.81505,1.9421,0,0.21729,0.44171,0.20224,0.05599,0.11374,0.02273,0.0262,0.00279,2.32142,1.73248,2.52935,2.49067,0,0.00171488,0.00171488,0.00171488
146,665.279,1.91953,2.18939,1.81587,1.93624,0,0.18963,0.36364,0.25479,0.08698,0.45269,0.02273,0.02709,0.00781,2.07575,1.7344,2.43459,2.33097,0,0.0017129,0.0017129,0.0017129
147,669.705,1.86186,2.0856,1.81791,1.95109,0,0.14574,0.36364,0.1446,0.05428,0.24543,0.02273,0.02601,0.00522,2.12879,1.78728,2.59233,2.40651,0,0.00171092,0.00171092,0.00171092
148,674.19,1.83565,2.13331,1.73273,1.9129,0,0.14551,0.34091,0.13761,0.05747,0.45642,0.04545,0.03778,0.00742,2.24708,1.73186,2.53107,2.4692,0,0.00170894,0.00170894,0.00170894
149,678.6,1.83859,2.20018,1.7806,1.94718,0,0.21384,0.29545,0.20033,0.0719,0.56856,0.04545,0.04873,0.00958,2.19204,1.64026,2.42871,2.42128,0,0.00170696,0.00170696,0.00170696
150,683.053,1.84352,2.19739,1.81211,1.90862,0,0.21384,0.29545,0.20033,0.0719,0.56856,0.04545,0.04873,0.00958,2.19204,1.64026,2.42871,2.42128,0,0.00170498,0.00170498,0.00170498
151,687.465,1.81037,2.16005,1.70211,1.87696,0,0.2526,0.29545,0.2078,0.08424,0.48547,0.04545,0.04775,0.01195,2.17503,1.64905,2.42588,2.39585,0,0.001703,0.001703,0.001703
152,692.078,1.86469,2.20951,1.76773,1.93345,0,0.24229,0.27273,0.16346,0.06278,0.18434,0.04545,0.015,0.00298,2.16129,1.67255,2.4044,2.37917,0,0.00170102,0.00170102,0.00170102
153,696.443,1.8044,2.08379,1.72642,1.86369,0,0.15179,0.27273,0.12524,0.04649,0.18187,0.02273,0.00855,0.00175,2.15453,1.73924,2.54516,2.35102,0,0.00169904,0.00169904,0.00169904
154,700.936,1.7479,2.17053,1.71138,1.82868,0,0.19248,0.29545,0.15145,0.046,0.09143,0.02273,0.00799,0.00176,2.22738,1.74535,2.60867,2.40832,0,0.00169706,0.00169706,0.00169706
155,705.31,1.77031,2.09562,1.68779,1.84306,0,0.19248,0.29545,0.15145,0.046,0.09143,0.02273,0.00799,0.00176,2.22738,1.74535,2.60867,2.40832,0,0.00169508,0.00169508,0.00169508
156,709.755,1.86075,2.19014,1.74206,1.91872,0,0.18731,0.27273,0.14743,0.0469,0.03053,0.04545,0.00577,0.00102,2.2434,1.74804,2.55616,2.41699,0,0.0016931,0.0016931,0.0016931
157,714.231,1.79268,2.06812,1.77064,1.90583,0,0.19495,0.29545,0.17791,0.06035,0.02801,0.09091,0.00423,0.00087,2.33488,1.7536,2.43907,2.49685,0,0.00169112,0.00169112,0.00169112
158,718.635,1.75402,2.066,1.71059,1.87285,0,0.24515,0.36364,0.21003,0.07755,0.02707,0.02273,0.00549,0.00131,2.20888,1.69468,2.36202,2.38527,0,0.00168914,0.00168914,0.00168914
159,723.117,1.87544,2.15215,1.78336,1.96777,0,0.21339,0.29545,0.18986,0.07244,0.04663,0.04897,0.00707,0.00129,2.19781,1.73351,2.4492,2.39306,0,0.00168716,0.00168716,0.00168716
160,727.462,1.80102,2.11742,1.73521,1.91192,0,0.21339,0.29545,0.18986,0.07244,0.04663,0.04897,0.00707,0.00129,2.19781,1.73351,2.4492,2.39306,0,0.00168518,0.00168518,0.00168518
161,731.769,1.86883,2.30869,1.79594,1.96766,0,0.28678,0.3291,0.25423,0.09555,0.17364,0.04545,0.01437,0.00327,2.26584,1.71124,2.4588,2.43296,0,0.0016832,0.0016832,0.0016832
162,736.277,1.82937,2.24424,1.71946,1.9144,0,0.21724,0.63636,0.24339,0.08525,0.09089,0.04545,0.02097,0.00422,2.2352,1.65609,2.35047,2.39538,0,0.00168122,0.00168122,0.00168122
163,740.667,1.82974,2.13893,1.73151,1.90412,0,0.23758,0.59091,0.2707,0.08736,0.08353,0.09091,0.02153,0.00387,2.19314,1.66944,2.38491,2.38248,0,0.00167924,0.00167924,0.00167924
164,745.184,1.81436,2.14432,1.71901,1.93218,0,0.23325,0.38636,0.22063,0.06421,0.09889,0.09091,0.01829,0.00219,2.24901,1.72702,2.25155,2.41428,0,0.00167726,0.00167726,0.00167726
165,749.523,1.83385,2.22813,1.79566,1.9497,0,0.2612,0.40909,0.22529,0.06426,0.04265,0.09091,0.01905,0.00368,2.31158,1.77268,2.29144,2.46937,0,0.00167528,0.00167528,0.00167528
166,753.855,1.77493,2.11174,1.76749,1.8534,0,0.2612,0.40909,0.22529,0.06426,0.04265,0.09091,0.01905,0.00368,2.31158,1.77268,2.29144,2.46937,0,0.0016733,0.0016733,0.0016733
167,758.25,1.76925,2.13631,1.79133,1.8434,0,0.2566,0.29545,0.21224,0.06195,0.27396,0.02273,0.01468,0.00189,2.32366,1.83545,2.4661,2.50427,0,0.00167132,0.00167132,0.00167132
168,762.651,1.84486,2.15705,1.76937,1.89565,0,0.28455,0.29545,0.24331,0.07459,0.01933,0.06818,0.00252,0.00044,2.25401,1.84461,2.57343,2.44503,0,0.00166934,0.00166934,0.00166934
169,767.024,1.78657,2.16778,1.71009,1.79534,0,0.31001,0.29545,0.27182,0.08559,0.01854,0.02273,0.0017,0.0003,2.1186,1.77786,2.56697,2.3063,0,0.00166736,0.00166736,0.00166736
170,771.508,1.75145,2.10516,1.69953,1.82973,0,0.28299,0.43182,0.26818,0.10394,0.12417,0.02273,0.01386,0.00145,2.03586,1.7381,2.56102,2.26727,0,0.00166538,0.00166538,0.00166538
171,776.268,1.82239,2.12129,1.74292,1.85824,0,0.28299,0.43182,0.26818,0.10394,0.12417,0.02273,0.01386,0.00145,2.03586,1.7381,2.56102,2.26727,0,0.0016634,0.0016634,0.0016634
172,780.68,1.76136,2.11538,1.68962,1.84084,0,0.30534,0.34091,0.25404,0.10614,0.079,0.04545,0.03069,0.00815,1.92711,1.67967,2.51776,2.21234,0,0.00166142,0.00166142,0.00166142
173,785.15,1.64185,1.95239,1.61284,1.76806,0,0.26648,0.31818,0.24332,0.0984,0.04176,0.04545,0.02972,0.00588,1.9666,1.66301,2.39355,2.25645,0,0.00165944,0.00165944,0.00165944
174,789.456,1.85346,2.19151,1.77968,1.90305,0,0.31246,0.27273,0.21032,0.07636,0.2358,0.02273,0.01413,0.00282,2.02026,1.6639,2.32137,2.30002,0,0.00165746,0.00165746,0.00165746
175,793.778,1.7062,1.97216,1.67651,1.81552,0,0.17427,0.31818,0.17616,0.07342,0.0623,0.04545,0.01786,0.00313,2.07774,1.68227,2.30801,2.31848,0,0.00165548,0.00165548,0.00165548
176,798.094,1.6862,2.02884,1.7305,1.82449,0,0.17427,0.31818,0.17616,0.07342,0.0623,0.04545,0.01786,0.00313,2.07774,1.68227,2.30801,2.31848,0,0.0016535,0.0016535,0.0016535
177,802.673,1.66361,2.01699,1.53671,1.78268,0,0.20145,0.37846,0.16037,0.06593,0.04456,0.02273,0.00563,0.00084,2.10964,1.67022,2.36223,2.31191,0,0.00165152,0.00165152,0.00165152
178,807.124,1.76409,2.10346,1.65391,1.84613,0,0.2394,0.31818,0.16753,0.07234,0.0187,0.04545,0.00396,0.00077,2.08076,1.61264,2.39488,2.35335,0,0.00164954,0.00164954,0.00164954
179,811.541,1.7799,2.17136,1.66838,1.86908,0,0.25005,0.34866,0.21895,0.08282,0.07791,0.02273,0.00755,0.00231,2.072,1.60527,2.43377,2.3526,0,0.00164756,0.00164756,0.00164756
180,816.123,1.67348,2.03253,1.55291,1.77185,0,0.26098,0.36364,0.25127,0.0868,0.09912,0.02273,0.00971,0.00168,2.08252,1.63029,2.41616,2.38412,0,0.00164558,0.00164558,0.00164558
181,820.538,1.74338,2.19272,1.63884,1.79575,0,0.3105,0.38636,0.27069,0.09509,0.0346,0.13636,0.00634,0.00123,2.0798,1.61921,2.41926,2.41425,0,0.0016436,0.0016436,0.0016436
182,824.926,1.69696,1.94274,1.59078,1.78617,0,0.3105,0.38636,0.27069,0.09509,0.0346,0.13636,0.00634,0.00123,2.0798,1.61921,2.41926,2.41425,0,0.00164162,0.00164162,0.00164162
183,829.41,1.77496,2.14025,1.62364,1.86508,0,0.28895,0.45455,0.27256,0.08785,0.04003,0.04545,0.00695,0.00151,2.20681,1.63811,2.45944,2.53562,0,0.00163964,0.00163964,0.00163964
184,833.858,1.78674,2.11882,1.62073,1.86295,0,0.29654,0.31619,0.23223,0.07637,0.03477,0.13636,0.00747,0.00113,2.19995,1.64556,2.48635,2.53639,0,0.00163766,0.00163766,0.00163766
185,838.243,1.6985,2.24335,1.64388,1.80752,0,0.30553,0.22727,0.20656,0.08945,0.02346,0.06818,0.00303,0.00043,2.1072,1.77863,2.34239,2.36925,0,0.00163568,0.00163568,0.00163568
186,842.625,1.78953,2.12001,1.65431,1.85463,0,0.21994,0.27273,0.19614,0.09194,0.01117,0.06818,0.00107,0.00021,2.03635,1.87572,2.38652,2.30515,0,0.0016337,0.0016337,0.0016337
187,847.021,1.74509,2.27318,1.66917,1.85542,0,0.21994,0.27273,0.19614,0.09194,0.01117,0.06818,0.00107,0.00021,2.03635,1.87572,2.38652,2.30515,0,0.00163172,0.00163172,0.00163172
188,851.415,1.68467,2.13048,1.58922,1.77598,0,0.26771,0.31818,0.23445,0.09317,0.03065,0.06818,0.00599,0.00083,2.0296,1.73855,2.3359,2.29023,0,0.00162974,0.00162974,0.00162974
189,855.694,1.69284,2.09654,1.61745,1.79238,0,0.3295,0.31818,0.26502,0.10113,0.02661,0.09091,0.00547,0.00078,2.08643,1.74851,2.40885,2.33498,0,0.00162776,0.00162776,0.00162776
190,860.12,1.68,2.25518,1.59934,1.80992,0,0.3348,0.29545,0.26424,0.09337,0.02733,0.13636,0.00765,0.00119,2.14069,1.80021,2.42169,2.37707,0,0.00162578,0.00162578,0.00162578
191,864.71,1.67156,2.06394,1.58568,1.80616,0,0.37274,0.34091,0.26586,0.09025,0.0259,0.11364,0.00734,0.00113,2.1106,1.7713,2.40665,2.37554,0,0.0016238,0.0016238,0.0016238
192,869.161,1.72964,2.19894,1.64189,1.81786,0,0.37274,0.34091,0.26586,0.09025,0.0259,0.11364,0.00734,0.00113,2.1106,1.7713,2.40665,2.37554,0,0.00162182,0.00162182,0.00162182
193,873.657,1.74762,2.12491,1.61802,1.8207,0,0.31353,0.34091,0.26544,0.09474,0.03488,0.11364,0.00766,0.00122,2.0784,1.70561,2.45734,2.31629,0,0.00161984,0.00161984,0.00161984
194,878.069,1.7191,2.09143,1.60734,1.8009,0,0.27816,0.38636,0.27423,0.11018,0.03989,0.0869,0.01421,0.00186,1.99758,1.68679,2.56838,2.31879,0,0.00161786,0.00161786,0.00161786
195,882.408,1.69099,2.19068,1.55328,1.79953,0,0.25641,0.34091,0.22131,0.08585,0.02271,0.09091,0.00627,0.00087,2.21341,1.7475,2.74705,2.50958,0,0.00161588,0.00161588,0.00161588
196,886.894,1.71321,2.11268,1.61931,1.79458,0,0.25599,0.29545,0.22277,0.09243,0.07647,0.04545,0.03214,0.00887,2.19699,1.72485,2.63598,2.48257,0,0.0016139,0.0016139,0.0016139
197,891.391,1.65031,2.02991,1.58138,1.7556,0,0.33403,0.29545,0.2458,0.10243,0.11624,0.04545,0.03153,0.00835,2.12348,1.66809,2.4112,2.37866,0,0.00161192,0.00161192,0.00161192
198,895.928,1.62997,1.99596,1.55291,1.7703,0,0.33403,0.29545,0.2458,0.10243,0.11624,0.04545,0.03153,0.00835,2.12348,1.66809,2.4112,2.37866,0,0.00160994,0.00160994,0.00160994
199,900.44,1.66567,2.07396,1.55103,1.78474,0,0.33511,0.31818,0.26125,0.10018,0.18795,0.02273,0.01334,0.00336,2.03056,1.65303,2.28792,2.31932,0,0.00160796,0.00160796,0.00160796
200,904.93,1.66005,2.10144,1.53369,1.75989,0,0.2903,0.31818,0.19908,0.08626,0.16675,0.04545,0.01476,0.00419,2.00755,1.6879,2.35835,2.3007,0,0.00160598,0.00160598,0.00160598
201,909.363,1.62072,2.02141,1.52782,1.77393,0,0.32424,0.31818,0.21773,0.08724,0.26372,0.04545,0.02433,0.00425,1.95356,1.67281,2.1981,2.27877,0,0.001604,0.001604,0.001604
202,913.708,1.67263,2.09694,1.61248,1.76796,0,0.32829,0.34091,0.21144,0.07885,0.06582,0.06818,0.02634,0.00407,1.97462,1.66481,2.29386,2.2738,0,0.00160202,0.00160202,0.00160202
203,918.112,1.66403,2.06404,1.53894,1.78426,0,0.32829,0.34091,0.21144,0.07885,0.06582,0.06818,0.02634,0.00407,1.97462,1.66481,2.29386,2.2738,0,0.00160004,0.00160004,0.00160004
204,922.67,1.68246,1.99102,1.586,1.81409,0,0.3443,0.26271,0.2375,0.07749,0.05961,0.04545,0.01229,0.0019,2.08562,1.64943,2.44432,2.30604,0,0.00159806,0.00159806,0.00159806
205,927.302,1.67787,2.05731,1.49984,1.74671,0,0.40425,0.25,0.21236,0.08134,0.04163,0.18182,0.01192,0.0028,2.23139,1.61712,2.32482,2.47424,0,0.00159608,0.00159608,0.00159608
206,931.63,1.66891,2.07583,1.53359,1.74245,0,0.39953,0.31818,0.22306,0.07806,0.03889,0.11866,0.01012,0.00195,2.42425,1.6604,2.38321,2.624,0,0.0015941,0.0015941,0.0015941
207,935.913,1.74246,2.16002,1.65993,1.79902,0,0.41776,0.27273,0.21805,0.07541,0.03249,0.11364,0.00795,0.00166,2.37134,1.70232,2.45539,2.55158,0,0.00159212,0.00159212,0.00159212
208,940.286,1.58529,2.10349,1.47786,1.71758,0,0.41776,0.27273,0.21805,0.07541,0.03249,0.11364,0.00795,0.00166,2.37134,1.70232,2.45539,2.55158,0,0.00159014,0.00159014,0.00159014
209,944.73,1.65908,2.13962,1.52192,1.75118,0,0.41847,0.27273,0.23159,0.08825,0.04761,0.13636,0.01107,0.00219,2.43323,1.70494,2.50436,2.60216,0,0.00158816,0.00158816,0.00158816
210,949.133,1.6197,1.96914,1.54179,1.74821,0,0.44724,0.27273,0.2378,0.09346,0.02608,0.13636,0.00673,0.00162,2.24457,1.68191,2.398,2.43628,0,0.00158618,0.00158618,0.00158618
211,953.661,1.7241,2.09333,1.53016,1.81446,0,0.29517,0.29545,0.20618,0.09158,0.08108,0.02273,0.00572,0.0016,2.10328,1.75477,2.38722,2.30929,0,0.0015842,0.0015842,0.0015842
212,958.094,1.69977,2.11212,1.55991,1.77539,0,0.24121,0.25,0.19721,0.08686,0.07942,0.06818,0.00859,0.00185,2.02194,1.71596,2.29594,2.24007,0,0.00158222,0.00158222,0.00158222
213,962.631,1.603,2.08507,1.42791,1.70245,0,0.36657,0.20455,0.19852,0.08094,0.06211,0.04545,0.00796,0.00159,2.15858,1.68757,2.26131,2.36044,0,0.00158024,0.00158024,0.00158024
214,967.071,1.6651,2.04597,1.52461,1.81207,0,0.36657,0.20455,0.19852,0.08094,0.06211,0.04545,0.00796,0.00159,2.15858,1.68757,2.26131,2.36044,0,0.00157826,0.00157826,0.00157826
215,971.543,1.63613,2.04799,1.48233,1.76829,0,0.21932,0.45333,0.23396,0.09257,0.0497,0.04545,0.00767,0.00146,1.96526,1.64154,2.34267,2.25203,0,0.00157628,0.00157628,0.00157628
216,975.985,1.66014,2.10698,1.50155,1.74073,0,0.26465,0.38636,0.25383,0.08938,0.15232,0.06818,0.02037,0.00344,2.00411,1.59961,2.40633,2.29114,0,0.0015743,0.0015743,0.0015743
217,980.265,1.67201,2.19436,1.56925,1.78281,0,0.35496,0.32529,0.24679,0.09793,0.11808,0.06818,0.01363,0.00314,2.07751,1.66448,2.45584,2.31829,0,0.00157232,0.00157232,0.00157232
218,984.726,1.65802,2.06377,1.52929,1.74943,0,0.28903,0.36965,0.24792,0.09373,0.07008,0.06818,0.0097,0.00158,2.01431,1.67396,2.38118,2.27064,0,0.00157034,0.00157034,0.00157034
219,989.01,1.67232,2.19124,1.53699,1.74534,0,0.28903,0.36965,0.24792,0.09373,0.07008,0.06818,0.0097,0.00158,2.01431,1.67396,2.38118,2.27064,0,0.00156836,0.00156836,0.00156836
220,993.516,1.60691,2.10933,1.44118,1.74118,0,0.28828,0.40909,0.22886,0.09062,0.06137,0.06818,0.01065,0.00197,2.05021,1.67716,2.31945,2.28694,0,0.00156638,0.00156638,0.00156638
221,998.021,1.68584,2.07611,1.48724,1.75107,0,0.26736,0.36364,0.24397,0.09016,0.06866,0.13636,0.01759,0.00313,2.06363,1.65312,2.18101,2.29996,0,0.0015644,0.0015644,0.0015644
222,1002.51,1.64717,2.01096,1.43997,1.72293,0,0.26501,0.38636,0.24457,0.09711,0.07879,0.04545,0.01488,0.00312,1.94793,1.62402,2.17892,2.20301,0,0.00156242,0.00156242,0.00156242
223,1006.9,1.60261,2.09876,1.4426,1.70253,0,0.2344,0.40909,0.23974,0.09464,0.09815,0.06818,0.02291,0.00351,1.89728,1.59545,2.25775,2.21254,0,0.00156044,0.00156044,0.00156044
224,1011.3,1.66399,2.09365,1.50586,1.74039,0,0.2344,0.40909,0.23974,0.09464,0.09815,0.06818,0.02291,0.00351,1.89728,1.59545,2.25775,2.21254,0,0.00155846,0.00155846,0.00155846
225,1015.93,1.6095,2.11316,1.45073,1.70618,0,0.3085,0.31818,0.24406,0.09988,0.10477,0.06818,0.01831,0.00438,1.85705,1.63048,2.21528,2.1868,0,0.00155648,0.00155648,0.00155648
226,1020.24,1.62436,2.15535,1.51159,1.71833,0,0.27782,0.38636,0.24198,0.09849,0.12558,0.06818,0.0156,0.00232,1.91955,1.71321,2.30531,2.22809,0,0.0015545,0.0015545,0.0015545
227,1024.71,1.61417,2.11948,1.47337,1.71926,0,0.3744,0.27205,0.23127,0.09352,0.06056,0.04545,0.00931,0.00169,2.10464,1.77347,2.33402,2.32897,0,0.00155252,0.00155252,0.00155252
228,1029.17,1.61099,2.11172,1.45865,1.75303,0,0.44417,0.22727,0.24368,0.10292,0.07073,0.09091,0.01677,0.00352,2.07769,1.70451,2.36724,2.29708,0,0.00155054,0.00155054,0.00155054
229,1033.59,1.65634,2.14338,1.49509,1.75526,0,0.38827,0.27273,0.25812,0.11738,0.13579,0.06818,0.02402,0.00787,2.07097,1.61502,2.21883,2.3075,0,0.00154856,0.00154856,0.00154856
230,1038.04,1.54539,2.05426,1.35512,1.65749,0,0.38827,0.27273,0.25812,0.11738,0.13579,0.06818,0.02402,0.00787,2.07097,1.61502,2.21883,2.3075,0,0.00154658,0.00154658,0.00154658
231,1042.64,1.65616,2.13332,1.47263,1.75514,0,0.29064,0.3446,0.2593,0.1137,0.23133,0.06818,0.02492,0.00844,2.03762,1.60241,2.13333,2.277,0,0.0015446,0.0015446,0.0015446
232,1047.24,1.63174,2.14549,1.457,1.76686,0,0.32985,0.3916,0.33115,0.14166,0.11731,0.06818,0.03824,0.0095,1.96337,1.59913,1.98141,2.23906,0,0.00154262,0.00154262,0.00154262
233,1051.66,1.66768,2.13042,1.49252,1.78774,0,0.35205,0.47727,0.32178,0.13415,0.0582,0.11364,0.02712,0.00786,1.93284,1.62006,2.01718,2.23204,0,0.00154064,0.00154064,0.00154064
234,1056.05,1.63118,2.06004,1.42844,1.69267,0,0.30174,0.38636,0.25362,0.10673,0.10448,0.06818,0.01966,0.00555,2.00808,1.66243,2.14996,2.26413,0,0.00153866,0.00153866,0.00153866
235,1060.47,1.69252,2.0152,1.54495,1.7932,0,0.30174,0.38636,0.25362,0.10673,0.10448,0.06818,0.01966,0.00555,2.00808,1.66243,2.14996,2.26413,0,0.00153668,0.00153668,0.00153668
236,1064.72,1.70296,2.03833,1.47519,1.75229,0,0.29202,0.36364,0.24655,0.0997,0.13191,0.11364,0.03302,0.00751,2.04417,1.65317,2.24111,2.27233,0,0.0015347,0.0015347,0.0015347
237,1069.14,1.66683,2.00475,1.45583,1.73094,0,0.25983,0.45455,0.29063,0.11339,0.20567,0.09091,0.04942,0.00853,2.06946,1.65678,2.1579,2.2873,0,0.00153272,0.00153272,0.00153272
238,1073.79,1.70532,2.12217,1.49913,1.72551,0,0.34989,0.28149,0.2668,0.1043,0.09049,0.04545,0.00876,0.00172,2.06885,1.6536,2.21437,2.29752,0,0.00153074,0.00153074,0.00153074
239,1078.09,1.62657,2.07408,1.49759,1.70388,0,0.36647,0.40909,0.27709,0.10684,0.18767,0.02273,0.01579,0.00438,2.00346,1.64908,2.31067,2.25543,0,0.00152876,0.00152876,0.00152876
240,1082.47,1.6366,2.15027,1.42001,1.71863,0,0.36647,0.40909,0.27709,0.10684,0.18767,0.02273,0.01579,0.00438,2.00346,1.64908,2.31067,2.25543,0,0.00152678,0.00152678,0.00152678
241,1086.85,1.61613,1.99776,1.45905,1.74854,0,0.39913,0.36364,0.30529,0.1143,0.13851,0.04545,0.02034,0.00479,1.92917,1.6142,2.24668,2.20612,0,0.0015248,0.0015248,0.0015248
242,1091.43,1.64341,2.16451,1.44375,1.73563,0,0.44241,0.38636,0.38053,0.15158,0.33833,0.04545,0.03029,0.00739,2.00727,1.61585,2.1248,2.25141,0,0.00152282,0.00152282,0.00152282
243,1095.97,1.66329,2.06148,1.52704,1.74786,0,0.27339,0.54545,0.34445,0.1287,0.06302,0.20455,0.03831,0.0106,2.05425,1.62661,2.11585,2.28472,0,0.00152084,0.00152084,0.00152084
244,1100.35,1.59317,1.99437,1.39334,1.6855,0,0.38522,0.25649,0.28414,0.10634,0.21893,0.04545,0.03197,0.00702,2.14631,1.61031,2.22937,2.36279,0,0.00151886,0.00151886,0.00151886
245,1104.92,1.61405,2.12105,1.50986,1.73718,0,0.36656,0.34091,0.28987,0.11759,0.10073,0.06818,0.04585,0.00949,2.15186,1.65964,2.24942,2.38376,0,0.00151688,0.00151688,0.00151688
246,1109.3,1.60355,2.0264,1.44704,1.69988,0,0.36656,0.34091,0.28987,0.11759,0.10073,0.06818,0.04585,0.00949,2.15186,1.65964,2.24942,2.38376,0,0.0015149,0.0015149,0.0015149
247,1113.72,1.60617,2.00084,1.44566,1.70204,0,0.33026,0.36364,0.29055,0.12553,0.16401,0.09091,0.06787,0.01759,2.07871,1.59849,2.18512,2.35323,0,0.00151292,0.00151292,0.00151292
248,1118.16,1.56627,2.07039,1.312,1.6467,0,0.31098,0.45455,0.32645,0.12428,0.23243,0.09091,0.07143,0.01629,1.99751,1.58808,2.12247,2.29649,0,0.00151094,0.00151094,0.00151094
249,1122.53,1.63924,2.10827,1.43488,1.72468,0,0.38269,0.43182,0.33958,0.11437,0.10462,0.06818,0.04319,0.00756,2.15689,1.58001,2.12845,2.46519,0,0.00150896,0.00150896,0.00150896
250,1126.91,1.64148,2.08788,1.41987,1.69425,0,0.34998,0.33052,0.33479,0.10674,0.0506,0.04545,0.00619,0.00115,2.28658,1.61467,2.38405,2.62774,0,0.00150698,0.00150698,0.00150698
251,1131.34,1.56909,2.1033,1.38511,1.69261,0,0.34998,0.33052,0.33479,0.10674,0.0506,0.04545,0.00619,0.00115,2.28658,1.61467,2.38405,2.62774,0,0.001505,0.001505,0.001505
252,1135.99,1.56994,2.0201,1.38978,1.65813,0,0.33783,0.29545,0.25018,0.08903,0.07336,0.06818,0.03069,0.00596,2.26839,1.64388,2.41474,2.56925,0,0.00150302,0.00150302,0.00150302
253,1140.42,1.54465,2.07547,1.32738,1.65782,0,0.35014,0.40909,0.30015,0.12322,0.03565,0.20455,0.03296,0.01105,2.21706,1.6738,2.27523,2.41308,0,0.00150104,0.00150104,0.00150104
254,1144.86,1.47306,1.93253,1.33153,1.64456,0,0.33194,0.40909,0.31186,0.12716,0.05574,0.04545,0.01923,0.0066,2.0037,1.6398,2.17157,2.25038,0,0.00149906,0.00149906,0.00149906
255,1149.24,1.5412,2.09692,1.39329,1.68447,0,0.32484,0.29545,0.2961,0.12699,0.04109,0.20455,0.029,0.00682,1.99228,1.60806,2.17726,2.28305,0,0.00149708,0.00149708,0.00149708
256,1153.67,1.53977,1.89747,1.30697,1.66156,0,0.32484,0.29545,0.2961,0.12699,0.04109,0.20455,0.029,0.00682,1.99228,1.60806,2.17726,2.28305,0,0.0014951,0.0014951,0.0014951
257,1158.1,1.64266,2.04563,1.4177,1.7216,0,0.25358,0.45455,0.27986,0.10424,0.24162,0.04545,0.02515,0.00521,2.05462,1.59697,2.11834,2.27201,0,0.00149312,0.00149312,0.00149312
258,1162.6,1.59299,2.05478,1.35295,1.66692,0,0.23037,0.5,0.22364,0.08259,0.14784,0.09091,0.0277,0.00518,2.01746,1.60842,2.16766,2.22382,0,0.00149114,0.00149114,0.00149114
259,1167.08,1.62417,2.08595,1.4437,1.71108,0,0.2274,0.45455,0.19552,0.06611,0.05104,0.11364,0.01641,0.00462,2.05189,1.63071,2.34089,2.25543,0,0.00148916,0.00148916,0.00148916
260,1171.44,1.5903,2.11849,1.4335,1.69311,0,0.33452,0.34091,0.24982,0.08193,0.04089,0.11364,0.01106,0.00303,1.99664,1.67247,2.33352,2.29402,0,0.00148718,0.00148718,0.00148718
261,1175.8,1.57646,2.01689,1.38006,1.65622,0,0.38943,0.36242,0.29036,0.10438,0.13726,0.02273,0.0128,0.00399,2.0265,1.71031,2.31925,2.32146,0,0.0014852,0.0014852,0.0014852
262,1180.27,1.6106,2.05703,1.40903,1.68507,0,0.38943,0.36242,0.29036,0.10438,0.13726,0.02273,0.0128,0.00399,2.0265,1.71031,2.31925,2.32146,0,0.00148322,0.00148322,0.00148322
263,1184.74,1.57617,2.02038,1.35445,1.66514,0,0.4327,0.36364,0.29485,0.11381,0.18267,0.02273,0.01004,0.00247,1.95515,1.67367,2.41412,2.23178,0,0.00148124,0.00148124,0.00148124
264,1189.17,1.52407,2.00507,1.29897,1.62323,0,0.37317,0.27273,0.24514,0.09859,0.21086,0.02273,0.0158,0.00302,2.0102,1.67746,2.49068,2.16996,0,0.00147926,0.00147926,0.00147926
265,1193.66,1.56999,2.0178,1.37237,1.67033,0,0.35357,0.25,0.2313,0.09959,0.23027,0.02273,0.0161,0.00308,2.09182,1.66476,2.44018,2.23168,0,0.00147728,0.00147728,0.00147728
266,1198.07,1.56164,2.04405,1.34678,1.66518,0,0.32906,0.40909,0.27615,0.11833,0.23898,0.04545,0.02855,0.00463,2.03395,1.64044,2.39314,2.23322,0,0.0014753,0.0014753,0.0014753
267,1202.35,1.51675,1.91821,1.33162,1.6595,0,0.32906,0.40909,0.27615,0.11833,0.23898,0.04545,0.02855,0.00463,2.03395,1.64044,2.39314,2.23322,0,0.00147332,0.00147332,0.00147332
268,1206.73,1.54089,1.98486,1.355,1.69269,0,0.34224,0.3193,0.30018,0.13498,0.03576,0.09091,0.02312,0.0059,2.06301,1.61227,2.34048,2.27301,0,0.00147134,0.00147134,0.00147134
269,1211.21,1.59445,2.03334,1.39345,1.71261,0,0.39972,0.38636,0.32621,0.14885,0.15338,0.06818,0.03619,0.00769,2.03931,1.61808,2.28623,2.28045,0,0.00146936,0.00146936,0.00146936
270,1215.67,1.59445,2.11165,1.33103,1.67811,0,0.41629,0.36364,0.29151,0.1354,0.10902,0.09091,0.0485,0.0127,2.02252,1.61784,2.31242,2.28013,0,0.00146738,0.00146738,0.00146738
271,1220.15,1.58298,2.02074,1.36028,1.70366,0,0.35809,0.34091,0.24512,0.11511,0.07623,0.09191,0.04915,0.0175,2.03607,1.63414,2.41139,2.31582,0,0.0014654,0.0014654,0.0014654
272,1224.87,1.59601,2.13374,1.31285,1.67272,0,0.35809,0.34091,0.24512,0.11511,0.07623,0.09191,0.04915,0.0175,2.03607,1.63414,2.41139,2.31582,0,0.00146342,0.00146342,0.00146342
273,1229.26,1.59543,2.07487,1.43475,1.71263,0,0.21104,0.45455,0.2078,0.1027,0.06561,0.04545,0.03121,0.0138,1.98736,1.65801,2.4324,2.28985,0,0.00146144,0.00146144,0.00146144
274,1233.59,1.48551,1.97213,1.30161,1.6062,0,0.20907,0.40909,0.25846,0.11989,0.07949,0.04545,0.03425,0.01213,2.00707,1.66442,2.33191,2.27858,0,0.00145946,0.00145946,0.00145946
275,1238.12,1.59792,2.03972,1.42196,1.72477,0,0.32512,0.43802,0.33118,0.12047,0.0748,0.04545,0.03221,0.01176,2.2245,1.64242,2.22284,2.47308,0,0.00145748,0.00145748,0.00145748
276,1242.6,1.55107,1.98458,1.33778,1.63595,0,0.38726,0.34091,0.3026,0.11305,0.0479,0.04545,0.03163,0.0089,2.22019,1.68897,2.35632,2.45322,0,0.0014555,0.0014555,0.0014555
277,1247.03,1.57671,1.99617,1.31904,1.67317,0,0.36183,0.45455,0.30195,0.13997,0.02508,0.13636,0.0302,0.01083,2.22624,1.82868,2.22829,2.36835,0,0.00145352,0.00145352,0.00145352
278,1251.38,1.5462,2.11234,1.37682,1.67867,0,0.36183,0.45455,0.30195,0.13997,0.02508,0.13636,0.0302,0.01083,2.22624,1.82868,2.22829,2.36835,0,0.00145154,0.00145154,0.00145154
279,1255.96,1.5627,1.98843,1.37873,1.64506,0,0.36991,0.27273,0.29214,0.12254,0.09248,0.06818,0.02659,0.00634,2.19628,1.78215,2.2042,2.33078,0,0.00144956,0.00144956,0.00144956
280,1260.41,1.52064,1.89929,1.27569,1.61075,0,0.267,0.43182,0.30759,0.1379,0.08113,0.20455,0.03027,0.00639,2.0334,1.7434,2.17542,2.25115,0,0.00144758,0.00144758,0.00144758
281,1264.76,1.51131,1.93375,1.30696,1.5997,0,0.39497,0.31818,0.3145,0.13374,0.08711,0.15909,0.03086,0.00767,2.01589,1.69777,2.10107,2.21754,0,0.0014456,0.0014456,0.0014456
282,1269.23,1.51294,1.99862,1.33161,1.61607,0,0.27996,0.44192,0.36017,0.14317,0.09556,0.13636,0.03906,0.01052,2.09207,1.66907,2.08701,2.27256,0,0.00144362,0.00144362,0.00144362
283,1273.62,1.55745,2.06176,1.35402,1.65583,0,0.27996,0.44192,0.36017,0.14317,0.09556,0.13636,0.03906,0.01052,2.09207,1.66907,2.08701,2.27256,0,0.00144164,0.00144164,0.00144164
284,1277.95,1.57078,2.01762,1.33998,1.6601,0,0.34131,0.38636,0.39782,0.13985,0.03784,0.18182,0.02246,0.00732,2.12291,1.63508,2.21701,2.30286,0,0.00143966,0.00143966,0.00143966
285,1282.39,1.53508,1.97639,1.31896,1.63585,0,0.65379,0.29545,0.37554,0.14872,0.08602,0.09091,0.02664,0.00794,2.07617,1.61026,2.16435,2.27546,0,0.00143768,0.00143768,0.00143768
286,1286.91,1.55515,1.90964,1.36523,1.64782,0,0.32952,0.47727,0.36276,0.14829,0.049,0.06818,0.02515,0.00733,2.0281,1.62464,2.0869,2.25457,0,0.0014357,0.0014357,0.0014357
287,1291.29,1.50607,1.90091,1.30851,1.59835,0,0.32288,0.46609,0.37387,0.14978,0.0569,0.25,0.03005,0.00788,2.07829,1.62588,2.0361,2.28943,0,0.00143372,0.00143372,0.00143372
288,1295.78,1.64264,2.00908,1.38175,1.67479,0,0.32288,0.46609,0.37387,0.14978,0.0569,0.25,0.03005,0.00788,2.07829,1.62588,2.0361,2.28943,0,0.00143174,0.00143174,0.00143174
289,1300.16,1.5289,2.03774,1.27342,1.65614,0,0.38152,0.34091,0.2883,0.11775,0.03472,0.14635,0.01605,0.00451,2.14895,1.6614,2.26515,2.35364,0,0.00142976,0.00142976,0.00142976
290,1304.55,1.52628,2.05168,1.37464,1.6411,0,0.4708,0.27273,0.26663,0.10358,0.11688,0.02273,0.00934,0.00304,2.20999,1.67159,2.42732,2.40796,0,0.00142778,0.00142778,0.00142778
291,1308.93,1.49726,1.99886,1.33026,1.59763,0,0.27174,0.40909,0.30705,0.12263,0.07331,0.09091,0.01312,0.00264,2.15726,1.67269,2.40993,2.37392,0,0.0014258,0.0014258,0.0014258
292,1313.62,1.54311,1.98241,1.37018,1.66672,0,0.46019,0.40909,0.35695,0.12362,0.07827,0.04545,0.01023,0.0025,2.11566,1.72457,2.25269,2.32521,0,0.00142382,0.00142382,0.00142382
293,1318.06,1.52317,2.00256,1.31571,1.64544,0,0.42425,0.38636,0.34346,0.1274,0.12888,0.06818,0.01665,0.00338,2.14044,1.71179,2.11848,2.33783,0,0.00142184,0.00142184,0.00142184
294,1322.42,1.49646,1.91836,1.2555,1.59216,0,0.42425,0.38636,0.34346,0.1274,0.12888,0.06818,0.01665,0.00338,2.14044,1.71179,2.11848,2.33783,0,0.00141986,0.00141986,0.00141986
295,1326.85,1.51258,1.9901,1.33539,1.65322,0,0.40662,0.40909,0.35862,0.13339,0.115,0.09091,0.02497,0.00685,2.06673,1.64284,2.0749,2.25779,0,0.00141788,0.00141788,0.00141788
296,1331.21,1.59462,1.93711,1.32126,1.66918,0,0.44952,0.37132,0.38147,0.15447,0.11935,0.15909,0.04896,0.01229,2.00259,1.60326,2.02591,2.19157,0,0.0014159,0.0014159,0.0014159
297,1335.69,1.51486,2.0335,1.32292,1.62238,0,0.27657,0.34091,0.27017,0.12793,0.15039,0.11364,0.04361,0.01354,2.06598,1.58436,2.20594,2.23989,0,0.00141392,0.00141392,0.00141392
298,1340.18,1.47787,1.90823,1.27467,1.59956,0,0.40908,0.26761,0.25686,0.11978,0.12641,0.13636,0.03421,0.00658,2.08882,1.56858,2.23046,2.23224,0,0.00141194,0.00141194,0.00141194
299,1344.67,1.52479,2.02448,1.3169,1.64069,0,0.40908,0.26761,0.25686,0.11978,0.12641,0.13636,0.03421,0.00658,2.08882,1.56858,2.23046,2.23224,0,0.00140996,0.00140996,0.00140996
300,1349.04,1.46843,1.96328,1.24944,1.59928,0,0.50141,0.27433,0.31424,0.14261,0.07798,0.09091,0.02088,0.00639,2.0079,1.57802,2.17212,2.20924,0,0.00140798,0.00140798,0.00140798
301,1353.46,1.5402,2.06609,1.38437,1.6437,0,0.33183,0.36364,0.33282,0.13145,0.28313,0.06818,0.03462,0.00743,1.98472,1.56978,2.06806,2.21667,0,0.001406,0.001406,0.001406
302,1358.07,1.43841,1.91205,1.2696,1.60354,0,0.39557,0.36364,0.34449,0.13335,0.18518,0.11364,0.04298,0.00927,1.9627,1.60219,2.00598,2.20179,0,0.00140402,0.00140402,0.00140402
303,1362.39,1.4731,1.96435,1.32448,1.63517,0,0.45149,0.31818,0.28736,0.12359,0.13148,0.18182,0.03987,0.00861,1.95601,1.64257,2.15074,2.22101,0,0.00140204,0.00140204,0.00140204
304,1366.78,1.57179,2.0122,1.35976,1.68405,0,0.45149,0.31818,0.28736,0.12359,0.13148,0.18182,0.03987,0.00861,1.95601,1.64257,2.15074,2.22101,0,0.00140006,0.00140006,0.00140006
305,1371.16,1.488,1.9248,1.33675,1.62645,0,0.36591,0.40909,0.28212,0.13383,0.10287,0.15909,0.06011,0.01876,1.95988,1.70132,2.37457,2.22598,0,0.00139808,0.00139808,0.00139808
306,1375.71,1.55623,1.97612,1.37925,1.66621,0,0.47918,0.29284,0.26065,0.12098,0.1012,0.09091,0.04395,0.01349,1.99992,1.77977,2.35514,2.22465,0,0.0013961,0.0013961,0.0013961
307,1380.14,1.5282,2.00435,1.35075,1.64021,0,0.34123,0.31818,0.25844,0.11774,0.0689,0.15909,0.02365,0.00855,2.09273,1.6873,2.17855,2.35819,0,0.00139412,0.00139412,0.00139412
308,1384.57,1.51263,1.95441,1.30387,1.62972,0,0.24737,0.5,0.25541,0.11602,0.0825,0.13636,0.02722,0.00614,2.10686,1.65118,2.15256,2.33718,0,0.00139214,0.00139214,0.00139214
309,1389.02,1.52825,1.99754,1.31898,1.61387,0,0.35124,0.30776,0.31076,0.12547,0.14471,0.17695,0.06913,0.01061,2.06006,1.63457,2.16035,2.25468,0,0.00139016,0.00139016,0.00139016
310,1393.48,1.54101,1.985,1.34639,1.6132,0,0.35124,0.30776,0.31076,0.12547,0.14471,0.17695,0.06913,0.01061,2.06006,1.63457,2.16035,2.25468,0,0.00138818,0.00138818,0.00138818
311,1398.07,1.49022,1.96339,1.25775,1.58589,0,0.24744,0.39612,0.23997,0.10108,0.07141,0.11364,0.03297,0.00944,2.13196,1.63399,2.29381,2.30527,0,0.0013862,0.0013862,0.0013862
312,1402.55,1.50345,1.96267,1.28699,1.62695,0,0.2513,0.5,0.24822,0.10161,0.04248,0.11364,0.0186,0.00519,2.11338,1.64506,2.28372,2.33697,0,0.00138422,0.00138422,0.00138422
313,1406.97,1.44873,1.87988,1.20283,1.54849,0,0.38189,0.40909,0.3304,0.13155,0.07008,0.06818,0.03761,0.00734,2.05756,1.6304,2.229,2.31786,0,0.00138224,0.00138224,0.00138224
314,1411.47,1.54936,1.92665,1.23549,1.63455,0,0.3521,0.52273,0.37789,0.14159,0.09148,0.06818,0.01483,0.00278,2.04007,1.60625,2.16847,2.30363,0,0.00138026,0.00138026,0.00138026
315,1415.87,1.49613,1.93985,1.33582,1.6044,0,0.3521,0.52273,0.37789,0.14159,0.09148,0.06818,0.01483,0.00278,2.04007,1.60625,2.16847,2.30363,0,0.00137828,0.00137828,0.00137828
316,1420.21,1.5081,1.98025,1.31093,1.63748,0,0.42728,0.36364,0.38913,0.14897,0.06717,0.15909,0.02368,0.00411,2.01927,1.59253,2.06293,2.26567,0,0.0013763,0.0013763,0.0013763
317,1424.61,1.43928,1.88798,1.25584,1.59871,0,0.47527,0.40909,0.42774,0.16787,0.08575,0.20455,0.05528,0.01638,1.96846,1.58508,1.92634,2.19396,0,0.00137432,0.00137432,0.00137432
318,1429.17,1.48888,1.95099,1.23429,1.58033,0,0.46114,0.38636,0.40378,0.1679,0.1029,0.18182,0.04425,0.01032,2.04517,1.6077,1.93872,2.26362,0,0.00137234,0.00137234,0.00137234
319,1433.75,1.447,1.99805,1.31137,1.58477,0,0.42302,0.45455,0.39004,0.16945,0.10474,0.15909,0.05154,0.01652,2.04297,1.62377,1.96614,2.25448,0,0.00137036,0.00137036,0.00137036
320,1438.45,1.52124,1.9801,1.25113,1.63721,0,0.42302,0.45455,0.39004,0.16945,0.10474,0.15909,0.05154,0.01652,2.04297,1.62377,1.96614,2.25448,0,0.00136838,0.00136838,0.00136838
321,1443.01,1.45558,1.87339,1.19868,1.56389,0,0.41227,0.44649,0.3692,0.16582,0.08754,0.11364,0.04901,0.01561,2.16552,1.72599,2.18683,2.31558,0,0.0013664,0.0013664,0.0013664
322,1447.44,1.46684,1.86611,1.2417,1.63896,0,0.35463,0.40909,0.31559,0.14541,0.04785,0.13636,0.04111,0.0141,2.11288,1.75704,2.25384,2.29426,0,0.00136442,0.00136442,0.00136442
323,1451.92,1.50355,1.95741,1.2233,1.63599,0,0.4326,0.31818,0.34696,0.1537,0.08148,0.18182,0.05458,0.01723,2.07538,1.65714,2.13271,2.25631,0,0.00136244,0.00136244,0.00136244
324,1456.33,1.43701,1.85892,1.20229,1.56522,0,0.34904,0.29545,0.30752,0.14649,0.07629,0.15909,0.06004,0.01985,2.05917,1.60976,2.05352,2.2482,0,0.00136046,0.00136046,0.00136046
325,1460.78,1.42635,1.82776,1.19719,1.5758,0,0.28108,0.38636,0.32795,0.14867,0.1109,0.15909,0.07074,0.01677,2.06359,1.5897,2.00075,2.25906,0,0.00135848,0.00135848,0.00135848
326,1465.36,1.44048,1.87235,1.15938,1.53331,0,0.28108,0.38636,0.32795,0.14867,0.1109,0.15909,0.07074,0.01677,2.06359,1.5897,2.00075,2.25906,0,0.0013565,0.0013565,0.0013565
327,1469.76,1.45858,1.88645,1.23356,1.5743,0,0.33628,0.47727,0.39311,0.16011,0.10969,0.15909,0.05865,0.01067,2.03254,1.59021,1.90556,2.23668,0,0.00135452,0.00135452,0.00135452
328,1474.13,1.52432,2.01911,1.31606,1.63911,0,0.38613,0.40909,0.37672,0.15955,0.1229,0.20455,0.06545,0.015,2.00521,1.58132,1.89892,2.24121,0,0.00135254,0.00135254,0.00135254
329,1478.52,1.45566,1.89205,1.20473,1.55077,0,0.37882,0.40909,0.35104,0.15573,0.11142,0.13636,0.06046,0.01578,1.98315,1.57366,1.89496,2.2388,0,0.00135056,0.00135056,0.00135056
330,1483.01,1.5099,1.99553,1.22485,1.59885,0,0.3485,0.43182,0.31292,0.14871,0.11763,0.13636,0.04631,0.01511,1.96482,1.60152,1.99751,2.22101,0,0.00134858,0.00134858,0.00134858
331,1487.43,1.44273,1.85812,1.14679,1.5329,0,0.3485,0.43182,0.31292,0.14871,0.11763,0.13636,0.04631,0.01511,1.96482,1.60152,1.99751,2.22101,0,0.0013466,0.0013466,0.0013466
332,1491.94,1.43641,1.88669,1.22127,1.53929,0,0.33325,0.5,0.33451,0.14802,0.09417,0.13636,0.04894,0.0175,1.89055,1.58708,1.97348,2.12894,0,0.00134462,0.00134462,0.00134462
333,1496.52,1.45343,1.95292,1.23194,1.59234,0,0.42057,0.38636,0.38793,0.15704,0.17092,0.06818,0.04879,0.01668,1.90025,1.60181,1.91372,2.12858,0,0.00134264,0.00134264,0.00134264
334,1500.97,1.42553,1.87088,1.17753,1.56409,0,0.61517,0.34091,0.41926,0.16916,0.16736,0.09091,0.05011,0.01131,1.96207,1.63108,1.95963,2.15328,0,0.00134066,0.00134066,0.00134066
335,1505.35,1.48469,1.85569,1.29087,1.61595,0,0.49377,0.43182,0.43472,0.17642,0.16492,0.09091,0.04791,0.00658,1.99673,1.64246,1.90943,2.14944,0,0.00133868,0.00133868,0.00133868
336,1509.88,1.48867,1.9113,1.24891,1.64289,0,0.49377,0.43182,0.43472,0.17642,0.16492,0.09091,0.04791,0.00658,1.99673,1.64246,1.90943,2.14944,0,0.0013367,0.0013367,0.0013367
337,1514.37,1.45625,1.88618,1.23516,1.58412,0,0.41682,0.43182,0.40023,0.15802,0.08285,0.11915,0.04718,0.00961,2.03012,1.62258,2.03232,2.18811,0,0.00133472,0.00133472,0.00133472
338,1518.78,1.394,1.86153,1.16473,1.53963,0,0.40173,0.47727,0.3642,0.15699,0.10007,0.13636,0.02982,0.00853,2.04335,1.62023,2.18079,2.18768,0,0.00133274,0.00133274,0.00133274
339,1523.38,1.40836,1.87046,1.16147,1.55916,0,0.39421,0.50289,0.35319,0.15423,0.10597,0.09091,0.02511,0.00731,2.05072,1.60525,2.16276,2.19833,0,0.00133076,0.00133076,0.00133076
340,1527.88,1.47721,1.91263,1.25182,1.60995,0,0.35759,0.49346,0.33302,0.15809,0.1292,0.11364,0.04899,0.0165,2.04385,1.59197,2.04703,2.26111,0,0.00132878,0.00132878,0.00132878
341,1532.4,1.46811,1.98452,1.23021,1.59097,0,0.45311,0.45198,0.32657,0.14989,0.13665,0.11364,0.05097,0.01884,2.01354,1.65173,2.11238,2.22876,0,0.0013268,0.0013268,0.0013268
342,1536.83,1.39702,1.89727,1.21764,1.56507,0,0.45311,0.45198,0.32657,0.14989,0.13665,0.11364,0.05097,0.01884,2.01354,1.65173,2.11238,2.22876,0,0.00132482,0.00132482,0.00132482
343,1541.32,1.38658,1.91256,1.22443,1.53362,0,0.39977,0.47727,0.36895,0.17731,0.15373,0.09091,0.05776,0.02122,2.02957,1.71955,2.07956,2.26404,0,0.00132284,0.00132284,0.00132284
344,1546.03,1.4552,1.83324,1.24391,1.56098,0,0.45992,0.45455,0.43631,0.20209,0.22286,0.09091,0.0518,0.02028,2.05807,1.72856,2.01366,2.31108,0,0.00132086,0.00132086,0.00132086
345,1550.59,1.44358,1.89655,1.19364,1.57543,0,0.589,0.36364,0.44365,0.19644,0.18962,0.09091,0.04636,0.00864,2.14538,1.71992,1.94874,2.3667,0,0.00131888,0.00131888,0.00131888
346,1555.08,1.40111,1.78833,1.18766,1.54359,0,0.69704,0.29545,0.43141,0.19449,0.16436,0.06818,0.02716,0.00639,2.17316,1.72719,1.98015,2.35365,0,0.0013169,0.0013169,0.0013169
347,1559.54,1.35617,1.87987,1.15591,1.49844,0,0.69704,0.29545,0.43141,0.19449,0.16436,0.06818,0.02716,0.00639,2.17316,1.72719,1.98015,2.35365,0,0.00131492,0.00131492,0.00131492
348,1563.92,1.41277,1.86134,1.21283,1.56736,0,0.46874,0.38636,0.43329,0.20614,0.12425,0.09091,0.03456,0.00851,2.08455,1.66484,1.87951,2.25129,0,0.00131294,0.00131294,0.00131294
349,1568.32,1.3653,1.82625,1.12397,1.51369,0,0.67826,0.38636,0.47192,0.22705,0.2039,0.09091,0.06799,0.01175,1.94348,1.6158,1.902,2.19025,0,0.00131096,0.00131096,0.00131096
350,1572.85,1.43618,1.95077,1.19213,1.56417,0,0.56953,0.38636,0.47569,0.20691,0.16811,0.11364,0.05697,0.0134,2.03171,1.58358,1.90894,2.26676,0,0.00130898,0.00130898,0.00130898
351,1577.28,1.43364,1.94178,1.22672,1.56801,0,0.7132,0.38636,0.49497,0.20466,0.29592,0.11364,0.06738,0.01772,2.03138,1.54752,1.91729,2.19133,0,0.001307,0.001307,0.001307
352,1581.72,1.45737,1.9556,1.24433,1.59672,0,0.7132,0.38636,0.49497,0.20466,0.29592,0.11364,0.06738,0.01772,2.03138,1.54752,1.91729,2.19133,0,0.00130502,0.00130502,0.00130502
353,1586.36,1.49813,1.97954,1.23825,1.56549,0,0.50433,0.40909,0.40961,0.19052,0.12446,0.25,0.05306,0.01354,1.89867,1.54361,1.9038,2.10003,0,0.00130304,0.00130304,0.00130304
354,1590.86,1.4972,1.92402,1.20396,1.58459,0,0.48134,0.42199,0.4143,0.17453,0.13381,0.13636,0.04389,0.0093,1.93729,1.57222,1.95981,2.18246,0,0.00130106,0.00130106,0.00130106
355,1595.26,1.48083,1.99881,1.24821,1.59647,0,0.43501,0.43182,0.42087,0.17798,0.10394,0.18182,0.04124,0.01005,1.99856,1.61188,1.99344,2.26118,0,0.00129908,0.00129908,0.00129908
356,1599.73,1.5258,1.99252,1.30236,1.69926,0,0.41667,0.45455,0.43095,0.17063,0.17371,0.20455,0.05008,0.011,2.03373,1.65191,1.93164,2.25821,0,0.0012971,0.0012971,0.0012971
357,1604.04,1.4879,1.92084,1.29563,1.58985,0,0.53584,0.34091,0.42535,0.17023,0.09201,0.20455,0.04129,0.01326,2.00741,1.6673,1.89745,2.25395,0,0.00129512,0.00129512,0.00129512
358,1608.5,1.48633,1.9262,1.21926,1.60493,0,0.53584,0.34091,0.42535,0.17023,0.09201,0.20455,0.04129,0.01326,2.00741,1.6673,1.89745,2.25395,0,0.00129314,0.00129314,0.00129314
359,1612.99,1.52248,1.9624,1.27126,1.6149,0,0.58815,0.25,0.38629,0.15248,0.07438,0.09091,0.0337,0.00894,2.00981,1.65818,1.90788,2.24776,0,0.00129116,0.00129116,0.00129116
360,1617.48,1.36914,1.76554,1.09758,1.49987,0,0.41203,0.34091,0.39396,0.15915,0.14096,0.09091,0.03161,0.00632,2.04665,1.69436,2.03221,2.27297,0,0.00128918,0.00128918,0.00128918
361,1621.94,1.53893,1.98068,1.27352,1.66784,0,0.4243,0.36364,0.35412,0.1427,0.11395,0.06818,0.04565,0.00699,2.13995,1.6969,2.05276,2.31318,0,0.0012872,0.0012872,0.0012872
362,1626.35,1.44715,1.91076,1.21266,1.59537,0,0.43623,0.31818,0.37087,0.14845,0.05664,0.20455,0.0351,0.00918,2.12659,1.62426,1.91634,2.28502,0,0.00128522,0.00128522,0.00128522
363,1631,1.45732,1.9214,1.20573,1.59862,0,0.43623,0.31818,0.37087,0.14845,0.05664,0.20455,0.0351,0.00918,2.12659,1.62426,1.91634,2.28502,0,0.00128324,0.00128324,0.00128324
364,1635.5,1.45886,1.93338,1.24515,1.5738,0,0.34613,0.5,0.36434,0.14439,0.09253,0.15909,0.0449,0.01308,2.01248,1.58028,1.86923,2.20394,0,0.00128126,0.00128126,0.00128126
365,1639.92,1.47882,1.97343,1.22301,1.61353,0,0.31857,0.47727,0.35401,0.16422,0.09231,0.15909,0.03765,0.01449,1.99797,1.57974,1.97578,2.22018,0,0.00127928,0.00127928,0.00127928
366,1644.66,1.41632,1.86977,1.23714,1.53779,0,0.34605,0.43182,0.35143,0.16358,0.07839,0.22727,0.03517,0.01163,2.06307,1.61312,1.98417,2.26239,0,0.0012773,0.0012773,0.0012773
367,1649.16,1.47691,2.01899,1.23373,1.62877,0,0.4722,0.52273,0.45806,0.17534,0.12812,0.13636,0.03037,0.00639,2.04,1.67854,1.9825,2.25991,0,0.00127532,0.00127532,0.00127532
368,1653.48,1.37875,1.86845,1.12246,1.55459,0,0.4722,0.52273,0.45806,0.17534,0.12812,0.13636,0.03037,0.00639,2.04,1.67854,1.9825,2.25991,0,0.00127334,0.00127334,0.00127334
369,1658.04,1.40289,1.81782,1.13586,1.53868,0,0.62807,0.38388,0.45797,0.17463,0.11762,0.13636,0.03287,0.00686,2.08487,1.69551,2.06981,2.29309,0,0.00127136,0.00127136,0.00127136
370,1662.45,1.44222,1.78357,1.2132,1.58026,0,0.42947,0.34091,0.32766,0.15405,0.08566,0.13636,0.03509,0.00897,2.11064,1.6939,2.15914,2.25468,0,0.00126938,0.00126938,0.00126938
371,1666.89,1.36704,1.83559,1.14898,1.52091,0,0.35787,0.38636,0.28955,0.12942,0.14736,0.15909,0.04814,0.01251,2.09641,1.63064,2.11658,2.23986,0,0.0012674,0.0012674,0.0012674
372,1671.27,1.44656,1.89836,1.20647,1.56263,0,0.3849,0.36364,0.31844,0.14294,0.10504,0.16275,0.06077,0.01424,2.0683,1.57501,1.89202,2.23099,0,0.00126542,0.00126542,0.00126542
373,1675.9,1.43491,1.94838,1.21073,1.574,0,0.55487,0.29545,0.34785,0.15535,0.1316,0.15909,0.06766,0.01677,2.02836,1.58344,1.93785,2.16386,0,0.00126344,0.00126344,0.00126344
374,1680.26,1.44023,1.94504,1.18924,1.52932,0,0.55487,0.29545,0.34785,0.15535,0.1316,0.15909,0.06766,0.01677,2.02836,1.58344,1.93785,2.16386,0,0.00126146,0.00126146,0.00126146
375,1684.64,1.37185,1.88414,1.13335,1.51298,0,0.48596,0.38636,0.35571,0.16442,0.16626,0.18182,0.07335,0.01907,2.10768,1.62056,1.9588,2.22032,0,0.00125948,0.00125948,0.00125948
376,1689.06,1.4251,1.84992,1.15483,1.56796,0,0.54593,0.32811,0.33185,0.16373,0.15045,0.20455,0.08039,0.02032,2.10219,1.6518,1.93341,2.22542,0,0.0012575,0.0012575,0.0012575
377,1693.46,1.38486,1.81048,1.12908,1.49637,0,0.38984,0.36364,0.33289,0.16662,0.16805,0.15909,0.06115,0.01167,2.04055,1.6294,1.84792,2.20441,0,0.00125552,0.00125552,0.00125552
378,1697.92,1.38328,1.93181,1.12505,1.5164,0,0.41559,0.36364,0.37939,0.17843,0.13195,0.20455,0.05805,0.01162,2.04185,1.64421,1.8364,2.23679,0,0.00125354,0.00125354,0.00125354
379,1702.34,1.42596,1.93614,1.20822,1.52459,0,0.41559,0.36364,0.37939,0.17843,0.13195,0.20455,0.05805,0.01162,2.04185,1.64421,1.8364,2.23679,0,0.00125156,0.00125156,0.00125156
380,1706.93,1.46362,1.93674,1.20627,1.57556,0,0.47527,0.31818,0.4048,0.1781,0.12219,0.15909,0.03258,0.00554,2.05794,1.65476,1.82622,2.2569,0,0.00124958,0.00124958,0.00124958
381,1711.37,1.40228,1.93702,1.19998,1.53205,0,0.46935,0.36364,0.41721,0.18416,0.1119,0.11364,0.0259,0.00442,2.02158,1.66655,1.85962,2.21491,0,0.0012476,0.0012476,0.0012476
382,1715.81,1.35379,1.86686,1.12749,1.51758,0,0.45389,0.36364,0.38223,0.16293,0.12933,0.09091,0.0251,0.00457,1.9921,1.65844,1.88186,2.19618,0,0.00124562,0.00124562,0.00124562
383,1720.41,1.3865,1.85425,1.11578,1.52035,0,0.44566,0.34091,0.33242,0.15258,0.08517,0.06818,0.02528,0.00531,2.0594,1.66952,2.00609,2.24463,0,0.00124364,0.00124364,0.00124364
384,1724.83,1.39247,1.88772,1.09553,1.52719,0,0.44566,0.34091,0.33242,0.15258,0.08517,0.06818,0.02528,0.00531,2.0594,1.66952,2.00609,2.24463,0,0.00124166,0.00124166,0.00124166
385,1729.29,1.38943,1.93578,1.15447,1.53539,0,0.28617,0.34091,0.27551,0.1253,0.29941,0.04545,0.02835,0.00549,2.06593,1.74567,2.19183,2.2288,0,0.00123968,0.00123968,0.00123968
386,1733.89,1.33334,1.88047,1.13447,1.52979,0,0.24581,0.43182,0.27154,0.12645,0.15054,0.06818,0.03223,0.00876,1.98474,1.7134,2.144,2.18295,0,0.0012377,0.0012377,0.0012377
387,1738.33,1.40749,1.98558,1.1645,1.53041,0,0.35501,0.47727,0.34597,0.17737,0.11828,0.20455,0.07093,0.01751,1.92886,1.61084,1.93745,2.15194,0,0.00123572,0.00123572,0.00123572
388,1742.82,1.45663,1.92361,1.17419,1.54926,0,0.47818,0.43182,0.45242,0.24018,0.19353,0.22727,0.11483,0.02412,1.91068,1.61187,1.69334,2.12445,0,0.00123374,0.00123374,0.00123374
389,1747.32,1.39497,1.80799,1.13553,1.53889,0,0.6025,0.40909,0.48328,0.24832,0.18369,0.20455,0.11639,0.02392,1.99465,1.61202,1.69757,2.21119,0,0.00123176,0.00123176,0.00123176
390,1751.83,1.39167,1.8333,1.1142,1.51961,0,0.6025,0.40909,0.48328,0.24832,0.18369,0.20455,0.11639,0.02392,1.99465,1.61202,1.69757,2.21119,0,0.00122978,0.00122978,0.00122978
391,1756.34,1.35001,1.73768,1.1044,1.52532,0,0.61993,0.38636,0.44972,0.22787,0.21545,0.15909,0.10093,0.02218,2.09024,1.61198,1.77416,2.29832,0,0.0012278,0.0012278,0.0012278
392,1760.78,1.43621,1.92666,1.17808,1.56276,0,0.66429,0.44985,0.46457,0.23024,0.1814,0.20455,0.08481,0.02545,2.08907,1.59874,1.84765,2.29958,0,0.00122582,0.00122582,0.00122582
393,1765.34,1.47266,2.04187,1.23512,1.61835,0,0.72889,0.36673,0.46552,0.21965,0.28369,0.20455,0.07774,0.01987,1.94828,1.55816,1.78704,2.18421,0,0.00122384,0.00122384,0.00122384
394,1769.95,1.36776,1.86189,1.10832,1.48799,0,0.55142,0.3632,0.45694,0.19496,0.26277,0.18182,0.06418,0.0155,1.92843,1.54929,1.78694,2.15646,0,0.00122186,0.00122186,0.00122186
395,1774.39,1.39565,1.85495,1.09818,1.52518,0,0.55142,0.3632,0.45694,0.19496,0.26277,0.18182,0.06418,0.0155,1.92843,1.54929,1.78694,2.15646,0,0.00121988,0.00121988,0.00121988
396,1778.78,1.3701,1.77541,1.1131,1.53872,0,0.37379,0.36364,0.39679,0.17306,0.19803,0.18182,0.06269,0.01724,1.94708,1.57996,1.93063,2.17553,0,0.0012179,0.0012179,0.0012179
397,1783.3,1.47064,1.9416,1.18902,1.59208,0,0.39896,0.36364,0.38147,0.1757,0.16375,0.15909,0.06324,0.02518,1.94725,1.61391,1.89525,2.19789,0,0.00121592,0.00121592,0.00121592
398,1787.71,1.37312,1.82223,1.09334,1.49703,0,0.40086,0.38025,0.40626,0.18601,0.13506,0.15909,0.06236,0.02095,1.90256,1.64493,1.74813,2.14997,0,0.00121394,0.00121394,0.00121394
399,1792.15,1.37886,1.81092,1.10162,1.53963,0,0.38457,0.47727,0.42305,0.19626,0.09468,0.13636,0.05659,0.02291,1.8653,1.63626,1.80513,2.13932,0,0.00121196,0.00121196,0.00121196
400,1796.67,1.40442,1.90156,1.15284,1.56548,0,0.38457,0.47727,0.42305,0.19626,0.09468,0.13636,0.05659,0.02291,1.8653,1.63626,1.80513,2.13932,0,0.00120998,0.00120998,0.00120998
401,1801.1,1.42571,1.87047,1.15458,1.5225,0,0.50841,0.31818,0.3746,0.17067,0.09402,0.13636,0.0557,0.02241,1.98382,1.64558,1.98603,2.28814,0,0.001208,0.001208,0.001208
402,1805.62,1.33673,1.74978,1.04026,1.49054,0,0.47706,0.34091,0.35786,0.17244,0.10777,0.09091,0.0606,0.02511,2.06212,1.66437,2.09531,2.2817,0,0.00120602,0.00120602,0.00120602
403,1810.19,1.35464,1.85735,1.12181,1.53101,0,0.47901,0.31357,0.36465,0.17986,0.13893,0.09091,0.06404,0.02224,2.02955,1.63944,2.05279,2.29573,0,0.00120404,0.00120404,0.00120404
404,1814.66,1.39035,1.77233,1.18724,1.5044,0,0.65731,0.34091,0.44618,0.22556,0.11227,0.09091,0.06028,0.02082,1.96026,1.62858,1.92709,2.23105,0,0.00120206,0.00120206,0.00120206
405,1819.1,1.34421,1.8631,1.13186,1.4839,0,0.47618,0.37203,0.43334,0.19164,0.11641,0.09091,0.05627,0.01648,1.9619,1.6378,1.88552,2.21788,0,0.00120008,0.00120008,0.00120008
406,1823.74,1.40944,1.80944,1.1619,1.54031,0,0.47618,0.37203,0.43334,0.19164,0.11641,0.09091,0.05627,0.01648,1.9619,1.6378,1.88552,2.21788,0,0.0011981,0.0011981,0.0011981
407,1828.28,1.46769,1.95591,1.25593,1.59141,0,0.63266,0.38636,0.4433,0.19734,0.19078,0.11364,0.06393,0.01061,1.95661,1.68178,2.00127,2.24329,0,0.00119612,0.00119612,0.00119612
408,1832.76,1.2922,1.80565,1.07749,1.46983,0,0.54768,0.38636,0.46084,0.21808,0.12205,0.15909,0.03541,0.00641,1.90644,1.67913,2.07175,2.20623,0,0.00119414,0.00119414,0.00119414
409,1837.3,1.34954,1.83249,1.11542,1.51752,0,0.53267,0.38636,0.47121,0.2205,0.13118,0.20455,0.03779,0.00686,1.87426,1.64081,1.92469,2.13797,0,0.00119216,0.00119216,0.00119216
410,1841.8,1.37128,1.78837,1.11663,1.49545,0,0.43069,0.47727,0.47183,0.22536,0.11007,0.20455,0.06023,0.01145,1.86822,1.62392,1.85635,2.09857,0,0.00119018,0.00119018,0.00119018
411,1846.32,1.29142,1.83974,1.0924,1.48332,0,0.43069,0.47727,0.47183,0.22536,0.11007,0.20455,0.06023,0.01145,1.86822,1.62392,1.85635,2.09857,0,0.0011882,0.0011882,0.0011882
412,1850.71,1.31185,1.76707,1.0968,1.49815,0,0.66329,0.31818,0.41117,0.20596,0.08089,0.22727,0.07328,0.02161,1.93403,1.65117,1.92532,2.16333,0,0.00118622,0.00118622,0.00118622
413,1855.36,1.36792,1.82796,1.12429,1.51136,0,0.37447,0.43182,0.40455,0.21405,0.15145,0.11364,0.07798,0.02969,1.91951,1.6302,1.98676,2.16146,0,0.00118424,0.00118424,0.00118424
414,1859.81,1.33145,1.80425,1.08354,1.48028,0,0.4414,0.43103,0.40447,0.21829,0.10987,0.22165,0.08327,0.02609,1.90013,1.60411,1.94203,2.17118,0,0.00118226,0.00118226,0.00118226
415,1864.27,1.41005,1.92123,1.16536,1.53306,0,0.63833,0.31818,0.42578,0.21122,0.1471,0.20455,0.07929,0.02313,1.88775,1.59145,1.85466,2.14662,0,0.00118028,0.00118028,0.00118028
416,1868.67,1.27365,1.7635,1.05171,1.46616,0,0.63833,0.31818,0.42578,0.21122,0.1471,0.20455,0.07929,0.02313,1.88775,1.59145,1.85466,2.14662,0,0.0011783,0.0011783,0.0011783
417,1873.11,1.29209,1.78685,1.07203,1.50334,0,0.43075,0.45455,0.4852,0.21555,0.14961,0.15909,0.06021,0.01528,1.88754,1.58917,1.84407,2.1168,0,0.00117632,0.00117632,0.00117632
418,1877.6,1.28768,1.77665,1.0871,1.50234,0,0.72505,0.29545,0.4596,0.20881,0.1189,0.20455,0.06438,0.01949,1.91887,1.58055,1.79561,2.13759,0,0.00117434,0.00117434,0.00117434
419,1882.07,1.28927,1.73193,1.04986,1.46369,0,0.64598,0.332,0.46643,0.21967,0.17175,0.20455,0.07736,0.02358,1.95296,1.60214,1.84469,2.18279,0,0.00117236,0.00117236,0.00117236
420,1886.62,1.32325,1.74523,1.07855,1.45678,0,0.56305,0.40909,0.42912,0.21606,0.18814,0.13179,0.0828,0.02114,1.96852,1.60162,1.91122,2.19739,0,0.00117038,0.00117038,0.00117038
421,1891.11,1.31163,1.74718,1.07877,1.46506,0,0.52334,0.40909,0.371,0.17816,0.17351,0.13636,0.07882,0.02282,2.12111,1.57678,2.123,2.33027,0,0.0011684,0.0011684,0.0011684
422,1895.55,1.35446,1.83272,1.13943,1.4799,0,0.52334,0.40909,0.371,0.17816,0.17351,0.13636,0.07882,0.02282,2.12111,1.57678,2.123,2.33027,0,0.00116642,0.00116642,0.00116642
423,1900.2,1.38539,1.79251,1.11668,1.55176,0,0.56705,0.36364,0.35885,0.16858,0.19935,0.13636,0.07739,0.02346,2.12246,1.59316,2.13643,2.38953,0,0.00116444,0.00116444,0.00116444
424,1904.6,1.33933,1.80722,1.094,1.47012,0,0.57779,0.38636,0.37145,0.181,0.28611,0.13636,0.08055,0.02442,1.91644,1.59484,1.93018,2.15035,0,0.00116246,0.00116246,0.00116246
425,1909.1,1.39878,1.90218,1.08728,1.51689,0,0.43242,0.45455,0.41214,0.19438,0.17514,0.11588,0.07355,0.02319,1.89551,1.64384,1.79263,2.1273,0,0.00116048,0.00116048,0.00116048
426,1913.65,1.37108,1.85816,1.13446,1.546,0,0.46379,0.45455,0.44039,0.20088,0.10803,0.25,0.07095,0.02259,1.87218,1.68112,1.77201,2.11246,0,0.0011585,0.0011585,0.0011585
427,1918.13,1.3528,1.77571,1.15518,1.50916,0,0.46379,0.45455,0.44039,0.20088,0.10803,0.25,0.07095,0.02259,1.87218,1.68112,1.77201,2.11246,0,0.00115652,0.00115652,0.00115652
428,1922.43,1.35067,1.80249,1.10495,1.50605,0,0.62468,0.38636,0.46661,0.20183,0.17473,0.11364,0.0683,0.02175,1.88283,1.68462,1.80784,2.15966,0,0.00115454,0.00115454,0.00115454
429,1926.98,1.32934,1.76851,1.07548,1.5015,0,0.58557,0.38539,0.42365,0.21395,0.09574,0.15909,0.06249,0.02198,1.91544,1.69255,1.94657,2.207,0,0.00115256,0.00115256,0.00115256
430,1931.41,1.28081,1.78582,1.05505,1.44386,0,0.57855,0.34091,0.4176,0.21928,0.09913,0.15909,0.06709,0.02496,1.95719,1.65256,1.98356,2.23581,0,0.00115058,0.00115058,0.00115058
431,1935.85,1.30305,1.81037,1.0719,1.48099,0,0.59494,0.36364,0.43451,0.21798,0.13427,0.22727,0.08309,0.0255,1.97488,1.63067,1.89614,2.23813,0,0.0011486,0.0011486,0.0011486
432,1940.28,1.32254,1.77818,1.08173,1.48843,0,0.59494,0.36364,0.43451,0.21798,0.13427,0.22727,0.08309,0.0255,1.97488,1.63067,1.89614,2.23813,0,0.00114662,0.00114662,0.00114662
433,1944.89,1.3228,1.74311,1.07084,1.4637,0,0.64987,0.37983,0.50292,0.25197,0.16864,0.20455,0.09602,0.02296,1.93651,1.61508,1.76141,2.17636,0,0.00114464,0.00114464,0.00114464
434,1949.39,1.36105,1.79224,1.09683,1.5285,0,0.53691,0.47727,0.52826,0.25232,0.17077,0.27273,0.08372,0.01754,1.93101,1.62755,1.68112,2.11281,0,0.00114266,0.00114266,0.00114266
435,1953.82,1.37499,1.75116,1.12544,1.48865,0,0.51599,0.5,0.54434,0.25216,0.21954,0.25,0.09992,0.02022,1.92112,1.57882,1.617,2.13111,0,0.00114068,0.00114068,0.00114068
436,1958.27,1.29017,1.78538,1.03924,1.45651,0,0.53268,0.47727,0.53379,0.23834,0.22366,0.22727,0.10265,0.0275,1.95748,1.54475,1.62323,2.18724,0,0.0011387,0.0011387,0.0011387
437,1962.66,1.32195,1.76959,1.05782,1.43646,0,0.53912,0.39895,0.50591,0.23184,0.26543,0.25,0.10233,0.02944,1.99471,1.52707,1.68934,2.24027,0,0.00113672,0.00113672,0.00113672
438,1967.09,1.30909,1.74223,1.03397,1.46707,0,0.53912,0.39895,0.50591,0.23184,0.26543,0.25,0.10233,0.02944,1.99471,1.52707,1.68934,2.24027,0,0.00113474,0.00113474,0.00113474
439,1971.57,1.29618,1.83625,1.03554,1.4326,0,0.66137,0.34091,0.48104,0.24085,0.23434,0.15909,0.08398,0.02463,1.93511,1.52024,1.78519,2.18836,0,0.00113276,0.00113276,0.00113276
440,1976.16,1.27059,1.74179,0.99307,1.41762,0,0.59243,0.40909,0.50427,0.25938,0.20865,0.13636,0.07408,0.02427,1.88051,1.54538,1.78265,2.13303,0,0.00113078,0.00113078,0.00113078
441,1980.64,1.3317,1.89904,1.08905,1.48858,0,0.57087,0.45455,0.4834,0.25331,0.23119,0.15055,0.09582,0.02882,1.90568,1.59333,1.82464,2.17295,0,0.0011288,0.0011288,0.0011288
442,1985.01,1.39928,1.75096,1.11111,1.57692,0,0.71091,0.38636,0.50603,0.2529,0.30162,0.15909,0.09218,0.02526,1.86275,1.63269,1.73035,2.15524,0,0.00112682,0.00112682,0.00112682
443,1989.41,1.29355,1.79486,1.05558,1.45715,0,0.71091,0.38636,0.50603,0.2529,0.30162,0.15909,0.09218,0.02526,1.86275,1.63269,1.73035,2.15524,0,0.00112484,0.00112484,0.00112484
444,1994.04,1.25821,1.76023,1.00067,1.42785,0,0.7385,0.45455,0.53556,0.25482,0.30573,0.18182,0.09926,0.02577,1.93002,1.62144,1.77046,2.19311,0,0.00112286,0.00112286,0.00112286
445,1998.46,1.30339,1.83369,1.033,1.46142,0,0.65933,0.40909,0.50228,0.22756,0.25696,0.15909,0.08251,0.02356,2.04491,1.61646,1.76463,2.26109,0,0.00112088,0.00112088,0.00112088
446,2002.99,1.38329,1.8303,1.0815,1.5049,0,0.54796,0.44095,0.44088,0.20657,0.19259,0.20455,0.07793,0.02294,1.96384,1.61647,1.85225,2.17622,0,0.0011189,0.0011189,0.0011189
447,2007.64,1.40063,1.93323,1.08763,1.49066,0,0.36273,0.36364,0.34976,0.16763,0.09753,0.22727,0.05857,0.0205,2.00523,1.71504,2.07565,2.24938,0,0.00111692,0.00111692,0.00111692
448,2011.99,1.32817,1.83107,1.0858,1.46503,0,0.36273,0.36364,0.34976,0.16763,0.09753,0.22727,0.05857,0.0205,2.00523,1.71504,2.07565,2.24938,0,0.00111494,0.00111494,0.00111494
449,2016.44,1.2738,1.73828,1.01988,1.42383,0,0.30308,0.34091,0.29289,0.14674,0.12423,0.15909,0.05931,0.01954,2.02072,1.73693,2.33637,2.31465,0,0.00111296,0.00111296,0.00111296
450,2020.89,1.31,1.80108,1.06746,1.46561,0,0.46245,0.31818,0.31016,0.1588,0.11071,0.11364,0.04485,0.01683,2.07119,1.70739,2.19669,2.3897,0,0.00111098,0.00111098,0.00111098
451,2025.32,1.30444,1.79697,1.08689,1.45516,0,0.56419,0.32381,0.38036,0.19451,0.09792,0.25,0.06369,0.02188,2.16486,1.60841,2.00851,2.47161,0,0.001109,0.001109,0.001109
452,2029.78,1.29839,1.80103,1.00976,1.46975,0,0.49965,0.38636,0.38742,0.20031,0.11027,0.22727,0.07488,0.02358,2.02285,1.58941,2.07738,2.26501,0,0.00110702,0.00110702,0.00110702
453,2034.27,1.33637,1.82015,1.0729,1.46636,0,0.55477,0.36827,0.4123,0.21974,0.18967,0.15909,0.08598,0.02581,1.98266,1.59539,2.05633,2.22829,0,0.00110504,0.00110504,0.00110504
454,2038.84,1.23731,1.73437,0.9765,1.40836,0,0.55477,0.36827,0.4123,0.21974,0.18967,0.15909,0.08598,0.02581,1.98266,1.59539,2.05633,2.22829,0,0.00110306,0.00110306,0.00110306
455,2043.24,1.25851,1.80434,0.99978,1.42342,0,0.47242,0.38636,0.39832,0.20675,0.1647,0.13636,0.08132,0.02613,1.91757,1.57745,1.9165,2.16693,0,0.00110108,0.00110108,0.00110108
456,2047.67,1.31969,1.81058,1.03175,1.46241,0,0.41199,0.43182,0.44907,0.19539,0.12382,0.25,0.0866,0.02633,1.9814,1.57274,1.8734,2.21254,0,0.0010991,0.0010991,0.0010991
457,2052.1,1.34749,1.87478,1.09628,1.46989,0,0.71743,0.34091,0.51362,0.23193,0.15978,0.25,0.1062,0.02939,2.01934,1.57694,1.77511,2.21618,0,0.00109712,0.00109712,0.00109712
458,2056.51,1.26847,1.83242,0.99647,1.43593,0,0.69518,0.40909,0.48403,0.23777,0.12316,0.20455,0.10009,0.03014,2.01413,1.59127,1.76638,2.20719,0,0.00109514,0.00109514,0.00109514
459,2060.95,1.32055,1.71906,1.02126,1.43954,0,0.69518,0.40909,0.48403,0.23777,0.12316,0.20455,0.10009,0.03014,2.01413,1.59127,1.76638,2.20719,0,0.00109316,0.00109316,0.00109316
460,2065.46,1.3047,1.77384,1.01487,1.4612,0,0.59905,0.4416,0.4501,0.2189,0.16684,0.13636,0.0936,0.03512,2.02014,1.63679,1.91363,2.24026,0,0.00109118,0.00109118,0.00109118
461,2069.8,1.2823,1.72599,1.02825,1.45526,0,0.59653,0.45455,0.45194,0.21058,0.13555,0.15909,0.08672,0.03906,2.01843,1.68146,1.86091,2.27776,0,0.0010892,0.0010892,0.0010892
462,2074.3,1.30884,1.84588,1.01487,1.46294,0,0.53315,0.43182,0.47587,0.23033,0.15389,0.20455,0.09202,0.03491,1.98873,1.66559,1.7936,2.24963,0,0.00108722,0.00108722,0.00108722
463,2078.75,1.32127,1.77703,1.0016,1.43094,0,0.49738,0.40909,0.4371,0.22054,0.12528,0.15909,0.0771,0.02901,2.02145,1.64211,1.74217,2.31822,0,0.00108524,0.00108524,0.00108524
464,2083.23,1.31483,1.86481,1.03442,1.4422,0,0.49738,0.40909,0.4371,0.22054,0.12528,0.15909,0.0771,0.02901,2.02145,1.64211,1.74217,2.31822,0,0.00108326,0.00108326,0.00108326
465,2087.73,1.2981,1.87645,0.9975,1.4312,0,0.32612,0.54545,0.44788,0.2066,0.154,0.27273,0.08447,0.02441,2.06148,1.63431,1.74635,2.39394,0,0.00108128,0.00108128,0.00108128
466,2092.15,1.31063,1.72284,1.02797,1.43221,0,0.31425,0.56818,0.45405,0.2199,0.12865,0.18182,0.08086,0.02553,2.0692,1.5997,1.75694,2.3719,0,0.0010793,0.0010793,0.0010793
467,2096.85,1.27881,1.81897,1.00419,1.4369,0,0.43835,0.5,0.49303,0.2341,0.18198,0.22727,0.09031,0.02607,2.03719,1.57885,1.74782,2.28426,0,0.00107732,0.00107732,0.00107732
468,2101.29,1.27895,1.75173,1.02396,1.445,0,0.53756,0.47558,0.49339,0.23884,0.22618,0.15909,0.08774,0.02436,2.09437,1.57077,1.77934,2.30302,0,0.00107534,0.00107534,0.00107534
469,2105.65,1.26082,1.71126,0.98625,1.41135,0,0.57874,0.53092,0.5194,0.23877,0.18643,0.18182,0.07793,0.01558,2.10915,1.5615,1.78872,2.23765,0,0.00107336,0.00107336,0.00107336
470,2110.19,1.30475,1.76897,1.0101,1.45633,0,0.57874,0.53092,0.5194,0.23877,0.18643,0.18182,0.07793,0.01558,2.10915,1.5615,1.78872,2.23765,0,0.00107138,0.00107138,0.00107138
471,2114.63,1.257,1.76494,0.99148,1.40777,0,0.42827,0.5,0.50315,0.24266,0.15866,0.22727,0.07439,0.01557,2.02127,1.59529,1.77402,2.12685,0,0.0010694,0.0010694,0.0010694
472,2118.97,1.29896,1.80132,1.04357,1.43445,0,0.39969,0.5,0.46337,0.23447,0.16465,0.22727,0.08401,0.01933,1.95857,1.59911,1.70134,2.12416,0,0.00106742,0.00106742,0.00106742
473,2123.61,1.23982,1.74014,0.96383,1.39975,0,0.69211,0.40873,0.49857,0.25261,0.28136,0.18182,0.12411,0.03229,1.95458,1.61181,1.65728,2.15918,0,0.00106544,0.00106544,0.00106544
474,2128.1,1.25208,1.73733,1.00565,1.44552,0,0.66574,0.47727,0.55232,0.25971,0.2167,0.20455,0.11657,0.03021,1.95571,1.61774,1.66066,2.19821,0,0.00106346,0.00106346,0.00106346
475,2132.61,1.30255,1.82363,1.07914,1.47797,0,0.66574,0.47727,0.55232,0.25971,0.2167,0.20455,0.11657,0.03021,1.95571,1.61774,1.66066,2.19821,0,0.00106148,0.00106148,0.00106148
476,2137.03,1.28941,1.82291,1.03361,1.44482,0,0.39418,0.59151,0.50861,0.2447,0.17654,0.13636,0.10263,0.0318,1.93467,1.62459,1.74308,2.18979,0,0.0010595,0.0010595,0.0010595
477,2141.43,1.33377,1.91047,1.05607,1.47727,0,0.39088,0.52273,0.44728,0.22383,0.15004,0.22727,0.10488,0.03311,1.93354,1.58982,1.76002,2.17251,0,0.00105752,0.00105752,0.00105752
478,2145.84,1.26966,1.75941,0.97915,1.41055,0,0.52796,0.36364,0.45044,0.24354,0.12332,0.27273,0.09436,0.02953,1.89825,1.55564,1.70649,2.17211,0,0.00105554,0.00105554,0.00105554
479,2150.28,1.27651,1.7853,0.96816,1.43007,0,0.51709,0.40909,0.46795,0.24077,0.10093,0.18182,0.072,0.02837,1.89495,1.55843,1.71694,2.15441,0,0.00105356,0.00105356,0.00105356
480,2154.83,1.29504,1.82673,1.01109,1.4574,0,0.51709,0.40909,0.46795,0.24077,0.10093,0.18182,0.072,0.02837,1.89495,1.55843,1.71694,2.15441,0,0.00105158,0.00105158,0.00105158
481,2159.25,1.22215,1.73884,0.98382,1.4159,0,0.49603,0.5,0.48176,0.24517,0.20387,0.11364,0.06127,0.01508,1.8648,1.57834,1.78638,2.12268,0,0.0010496,0.0010496,0.0010496
482,2163.67,1.26735,1.7304,1.00507,1.40663,0,0.61979,0.44476,0.4877,0.24776,0.18115,0.11364,0.04591,0.01376,1.85714,1.59608,1.90019,2.12129,0,0.00104762,0.00104762,0.00104762
483,2168.15,1.21375,1.68631,0.97997,1.40677,0,0.63463,0.43182,0.49854,0.24592,0.14394,0.09091,0.03953,0.01364,1.90497,1.62592,1.94102,2.16177,0,0.00104564,0.00104564,0.00104564
484,2172.65,1.25285,1.71951,0.98649,1.41633,0,0.52761,0.5,0.49605,0.24274,0.12002,0.15909,0.05318,0.01672,1.86498,1.61411,1.85954,2.1347,0,0.00104366,0.00104366,0.00104366
485,2177.17,1.32248,1.77876,1.03928,1.45504,0,0.44237,0.50491,0.45886,0.21751,0.14884,0.20455,0.06661,0.01844,1.86028,1.62667,1.8756,2.20275,0,0.00104168,0.00104168,0.00104168
486,2181.54,1.29137,1.7718,1.03638,1.41943,0,0.44237,0.50491,0.45886,0.21751,0.14884,0.20455,0.06661,0.01844,1.86028,1.62667,1.8756,2.20275,0,0.0010397,0.0010397,0.0010397
487,2186.16,1.26464,1.7562,1.00469,1.40347,0,0.42132,0.46342,0.42152,0.21252,0.11467,0.22727,0.08107,0.02707,1.87888,1.63795,1.86396,2.24812,0,0.00103772,0.00103772,0.00103772
488,2190.63,1.27722,1.72901,1.05072,1.44584,0,0.49932,0.43182,0.44056,0.22481,0.36724,0.09091,0.07875,0.02578,1.94254,1.62287,1.77159,2.26427,0,0.00103574,0.00103574,0.00103574
489,2195.13,1.27326,1.85261,1.00183,1.41107,0,0.3897,0.47727,0.41537,0.21462,0.15284,0.18182,0.07445,0.02634,1.9549,1.62619,1.82243,2.22073,0,0.00103376,0.00103376,0.00103376
490,2199.49,1.26983,1.78334,1.05284,1.44603,0,0.51413,0.47727,0.42881,0.22152,0.21499,0.15909,0.08578,0.02712,2.01121,1.6098,1.78762,2.26521,0,0.00103178,0.00103178,0.00103178
491,2203.95,1.29578,1.75944,1.05205,1.46385,0,0.51413,0.47727,0.42881,0.22152,0.21499,0.15909,0.08578,0.02712,2.01121,1.6098,1.78762,2.26521,0,0.0010298,0.0010298,0.0010298
492,2208.34,1.28174,1.76737,1.03906,1.43311,0,0.50989,0.47298,0.46339,0.24802,0.17386,0.18182,0.09218,0.02983,1.97431,1.58945,1.70684,2.23442,0,0.00102782,0.00102782,0.00102782
493,2213.06,1.25929,1.77495,1.01885,1.42725,0,0.42196,0.47727,0.46405,0.25513,0.14087,0.18182,0.10998,0.03114,1.99541,1.58437,1.68334,2.28932,0,0.00102584,0.00102584,0.00102584
494,2217.55,1.21569,1.72806,0.96237,1.40351,0,0.6506,0.38103,0.45671,0.24016,0.13512,0.29545,0.11374,0.02887,1.97434,1.63299,1.68101,2.31089,0,0.00102386,0.00102386,0.00102386
495,2221.91,1.28739,1.80872,1.00949,1.42377,0,0.6034,0.38636,0.44035,0.23313,0.27161,0.11364,0.11032,0.03586,1.95919,1.65709,1.68761,2.3452,0,0.00102188,0.00102188,0.00102188
496,2226.35,1.24034,1.72309,0.97913,1.40541,0,0.6034,0.38636,0.44035,0.23313,0.27161,0.11364,0.11032,0.03586,1.95919,1.65709,1.68761,2.3452,0,0.0010199,0.0010199,0.0010199
497,2230.74,1.27259,1.79722,0.97131,1.43038,0,0.57212,0.43182,0.46323,0.25587,0.20783,0.15909,0.09399,0.03087,1.84428,1.62216,1.73486,2.17607,0,0.00101792,0.00101792,0.00101792
498,2235.12,1.34093,1.82763,1.06685,1.49768,0,0.6917,0.38636,0.51917,0.27431,0.14188,0.27273,0.09629,0.02805,1.80587,1.60972,1.71464,2.07168,0,0.00101594,0.00101594,0.00101594
499,2239.66,1.18794,1.73146,0.93631,1.3839,0,0.53473,0.54545,0.54146,0.27137,0.16427,0.25,0.11849,0.03795,1.85464,1.59435,1.70188,2.08145,0,0.00101396,0.00101396,0.00101396
500,2244.39,1.2802,1.80734,1.02802,1.43743,0,0.56116,0.5,0.52583,0.28376,0.14906,0.20455,0.09106,0.03104,1.86673,1.59593,1.75924,2.09081,0,0.00101198,0.00101198,0.00101198
501,2248.82,1.23488,1.74047,0.98131,1.42101,0,0.54044,0.52273,0.49786,0.28267,0.1247,0.20455,0.09122,0.02747,1.8049,1.63088,1.82395,2.05507,0,0.00101,0.00101,0.00101
502,2253.14,1.21319,1.71788,1.00017,1.43482,0,0.54044,0.52273,0.49786,0.28267,0.1247,0.20455,0.09122,0.02747,1.8049,1.63088,1.82395,2.05507,0,0.00100802,0.00100802,0.00100802
503,2257.51,1.24833,1.70636,0.97934,1.4223,0,0.52276,0.56818,0.46317,0.25465,0.18485,0.11364,0.07669,0.02626,1.83821,1.6967,1.87454,2.11759,0,0.00100604,0.00100604,0.00100604
504,2262.03,1.23519,1.70248,0.97729,1.38781,0,0.52216,0.43182,0.44304,0.2412,0.20648,0.15909,0.08523,0.027,1.87939,1.68891,1.85562,2.13926,0,0.00100406,0.00100406,0.00100406
505,2266.41,1.25917,1.73282,0.98127,1.39262,0,0.5376,0.43182,0.45691,0.2571,0.14921,0.20455,0.10677,0.03036,1.84253,1.64322,1.85763,2.10371,0,0.00100208,0.00100208,0.00100208
506,2270.78,1.22603,1.70841,0.94992,1.39055,0,0.6408,0.40556,0.4502,0.24402,0.15932,0.27273,0.11604,0.03203,1.81869,1.61094,1.88891,2.10547,0,0.0010001,0.0010001,0.0010001
507,2275.35,1.21478,1.79771,0.95792,1.39745,0,0.6408,0.40556,0.4502,0.24402,0.15932,0.27273,0.11604,0.03203,1.81869,1.61094,1.88891,2.10547,0,0.00099812,0.00099812,0.00099812
508,2279.7,1.20529,1.74963,0.99531,1.37844,0,0.6299,0.34091,0.46487,0.24649,0.14777,0.29545,0.10449,0.02846,1.85693,1.57461,1.87399,2.13268,0,0.00099614,0.00099614,0.00099614
509,2284.2,1.26065,1.71678,0.9604,1.41925,0,0.72244,0.35519,0.45938,0.24257,0.15924,0.20455,0.09396,0.0287,1.87736,1.55946,1.88932,2.19528,0,0.00099416,0.00099416,0.00099416
510,2288.52,1.22481,1.6953,0.97053,1.37802,0,0.42566,0.52273,0.44914,0.22641,0.14673,0.18182,0.07912,0.02766,2.02853,1.56161,1.96445,2.38542,0,0.00099218,0.00099218,0.00099218
511,2293.07,1.23483,1.72326,0.92198,1.40978,0,0.44098,0.36364,0.37858,0.20577,0.07867,0.20455,0.06125,0.02578,1.99888,1.58289,2.0712,2.34491,0,0.0009902,0.0009902,0.0009902
512,2297.56,1.29947,1.7901,0.99854,1.45855,0,0.44098,0.36364,0.37858,0.20577,0.07867,0.20455,0.06125,0.02578,1.99888,1.58289,2.0712,2.34491,0,0.00098822,0.00098822,0.00098822
513,2301.87,1.23957,1.65499,0.95989,1.40719,0,0.40382,0.35421,0.37742,0.20598,0.18782,0.13636,0.08596,0.02753,1.97089,1.58231,1.93626,2.30393,0,0.00098624,0.00098624,0.00098624
514,2306.56,1.2325,1.76881,0.9307,1.43395,0,0.43125,0.36364,0.39619,0.20983,0.24408,0.11364,0.09472,0.02882,1.95956,1.59859,1.85889,2.30358,0,0.00098426,0.00098426,0.00098426
515,2310.93,1.25452,1.7591,0.9862,1.4376,0,0.35265,0.43182,0.40015,0.1963,0.17118,0.22727,0.09925,0.02777,1.86193,1.62475,1.84663,2.26774,0,0.00098228,0.00098228,0.00098228
516,2315.37,1.29665,1.75591,0.99848,1.4719,0,0.45271,0.47727,0.41176,0.21069,0.24348,0.25,0.11122,0.02716,1.83253,1.64125,1.87099,2.25434,0,0.0009803,0.0009803,0.0009803
517,2319.99,1.26158,1.73242,0.98855,1.42627,0,0.49739,0.45455,0.43848,0.23174,0.20742,0.27273,0.10894,0.02818,1.90057,1.6156,1.86319,2.20514,0,0.00097832,0.00097832,0.00097832
518,2324.32,1.22205,1.68849,0.98229,1.40433,0,0.49739,0.45455,0.43848,0.23174,0.20742,0.27273,0.10894,0.02818,1.90057,1.6156,1.86319,2.20514,0,0.00097634,0.00097634,0.00097634
519,2328.77,1.22053,1.64495,0.93656,1.3892,0,0.50299,0.38636,0.41546,0.21806,0.1894,0.25,0.10131,0.03007,1.89403,1.60048,1.94093,2.18595,0,0.00097436,0.00097436,0.00097436
520,2333.3,1.24642,1.73728,0.94284,1.40303,0,0.43948,0.36364,0.39015,0.21295,0.16563,0.20455,0.1012,0.03252,1.9344,1.61927,1.98481,2.20667,0,0.00097238,0.00097238,0.00097238
521,2337.79,1.24751,1.80116,0.96342,1.44919,0,0.42751,0.36364,0.3606,0.19288,0.19443,0.18182,0.09893,0.02998,1.90563,1.61661,2.01283,2.14996,0,0.0009704,0.0009704,0.0009704
522,2342.24,1.21929,1.61695,0.94566,1.39816,0,0.47277,0.38636,0.41054,0.22102,0.20199,0.16112,0.10783,0.02657,1.81456,1.58868,1.86001,2.08739,0,0.00096842,0.00096842,0.00096842
523,2346.61,1.28193,1.69329,0.9891,1.44534,0,0.47277,0.38636,0.41054,0.22102,0.20199,0.16112,0.10783,0.02657,1.81456,1.58868,1.86001,2.08739,0,0.00096644,0.00096644,0.00096644
524,2351.13,1.26456,1.77464,1.00388,1.43409,0,0.62242,0.45455,0.47811,0.24764,0.2054,0.15909,0.11169,0.02621,1.78742,1.56798,1.61242,2.06796,0,0.00096446,0.00096446,0.00096446
525,2355.56,1.23303,1.72474,0.95202,1.44008,0,0.70351,0.45455,0.56127,0.30721,0.16023,0.18182,0.10425,0.02483,1.77774,1.60816,1.60185,2.06021,0,0.00096248,0.00096248,0.00096248
526,2360.01,1.28643,1.74568,1.01043,1.45106,0,0.58305,0.4451,0.56095,0.30369,0.16781,0.18182,0.09477,0.02714,1.7451,1.66548,1.6789,2.05173,0,0.0009605,0.0009605,0.0009605
527,2364.6,1.16689,1.59333,0.88934,1.38473,0,0.55825,0.47727,0.51912,0.27755,0.18519,0.15909,0.09341,0.03136,1.73512,1.66241,1.77541,2.0282,0,0.00095852,0.00095852,0.00095852
528,2369.01,1.31057,1.8539,1.01711,1.4727,0,0.55825,0.47727,0.51912,0.27755,0.18519,0.15909,0.09341,0.03136,1.73512,1.66241,1.77541,2.0282,0,0.00095654,0.00095654,0.00095654
529,2373.48,1.15919,1.57168,0.91561,1.35342,0,0.45522,0.45582,0.47409,0.25941,0.20612,0.11364,0.09277,0.03583,1.78364,1.64704,1.8724,2.0424,0,0.00095456,0.00095456,0.00095456
530,2377.84,1.20743,1.65156,0.95527,1.36733,0,0.52356,0.43182,0.50496,0.2804,0.3102,0.11364,0.10178,0.03725,1.78516,1.58329,1.83794,2.07532,0,0.00095258,0.00095258,0.00095258
531,2382.31,1.20753,1.6387,0.90986,1.35556,0,0.57947,0.38636,0.5024,0.27472,0.24641,0.15909,0.1189,0.03799,1.80453,1.57226,1.79806,2.08578,0,0.0009506,0.0009506,0.0009506
532,2386.78,1.22527,1.69828,0.96504,1.41458,0,0.60787,0.42295,0.49399,0.27347,0.24192,0.21773,0.11343,0.03481,1.78619,1.54954,1.6993,2.05134,0,0.00094862,0.00094862,0.00094862
533,2391.17,1.21761,1.66088,0.93302,1.4195,0,0.65754,0.45455,0.49872,0.27289,0.32732,0.18182,0.11929,0.03275,1.84023,1.56863,1.71797,2.10693,0,0.00094664,0.00094664,0.00094664
534,2395.87,1.19441,1.70728,0.93685,1.35032,0,0.65754,0.45455,0.49872,0.27289,0.32732,0.18182,0.11929,0.03275,1.84023,1.56863,1.71797,2.10693,0,0.00094466,0.00094466,0.00094466
535,2400.33,1.29005,1.73844,0.96297,1.40407,0,0.56441,0.40909,0.47992,0.25186,0.33743,0.15909,0.11624,0.03697,1.9095,1.61109,1.72421,2.15685,0,0.00094268,0.00094268,0.00094268
536,2404.69,1.21259,1.65893,0.91766,1.4014,0,0.61883,0.40597,0.48551,0.24651,0.22356,0.11364,0.0821,0.0344,1.95531,1.64717,1.69735,2.21386,0,0.0009407,0.0009407,0.0009407
537,2409.07,1.19202,1.71806,0.94241,1.40479,0,0.6657,0.38636,0.53048,0.27161,0.13774,0.22727,0.08198,0.02843,1.95288,1.64394,1.69547,2.23645,0,0.00093872,0.00093872,0.00093872
538,2413.46,1.30107,1.75526,0.99608,1.44406,0,0.66743,0.43182,0.5283,0.28369,0.20824,0.13636,0.06404,0.01884,1.92864,1.63537,1.78458,2.24162,0,0.00093674,0.00093674,0.00093674
539,2417.92,1.24568,1.6415,0.9695,1.42125,0,0.66743,0.43182,0.5283,0.28369,0.20824,0.13636,0.06404,0.01884,1.92864,1.63537,1.78458,2.24162,0,0.00093476,0.00093476,0.00093476
540,2422.31,1.28766,1.76609,0.94502,1.42477,0,0.6522,0.43182,0.51408,0.29011,0.22238,0.11364,0.08683,0.02335,1.92769,1.60886,1.85429,2.21868,0,0.00093278,0.00093278,0.00093278
541,2426.88,1.30273,1.77872,0.99108,1.4508,0,0.52382,0.47727,0.55456,0.29627,0.12126,0.27273,0.08834,0.01999,1.89543,1.58731,1.78977,2.16202,0,0.0009308,0.0009308,0.0009308
542,2431.22,1.26914,1.70055,1.00757,1.4218,0,0.44099,0.6813,0.57471,0.30547,0.16475,0.34091,0.11106,0.02224,1.89884,1.57638,1.66753,2.11837,0,0.00092882,0.00092882,0.00092882
543,2435.59,1.27301,1.69476,0.95907,1.41095,0,0.45673,0.43959,0.47081,0.2432,0.09157,0.29545,0.08742,0.01983,1.95422,1.57108,1.64863,2.19304,0,0.00092684,0.00092684,0.00092684
544,2440.04,1.21986,1.71645,0.9227,1.38454,0,0.45673,0.43959,0.47081,0.2432,0.09157,0.29545,0.08742,0.01983,1.95422,1.57108,1.64863,2.19304,0,0.00092486,0.00092486,0.00092486
545,2444.4,1.23149,1.7018,0.95492,1.39874,0,0.35504,0.59091,0.4803,0.25322,0.30326,0.09091,0.10395,0.02421,1.96044,1.61539,1.70811,2.21269,0,0.00092288,0.00092288,0.00092288
546,2449.1,1.18346,1.66463,0.93924,1.35938,0,0.6262,0.38636,0.52892,0.28474,0.26389,0.13636,0.11543,0.02753,1.92704,1.63481,1.67286,2.16606,0,0.0009209,0.0009209,0.0009209
547,2453.54,1.1759,1.71959,0.97119,1.34499,0,0.44319,0.68182,0.59573,0.31997,0.21747,0.27273,0.15361,0.03263,1.89179,1.62658,1.55621,2.15383,0,0.00091892,0.00091892,0.00091892
548,2458,1.22069,1.7052,0.92666,1.40152,0,0.49884,0.72727,0.64961,0.3541,0.1971,0.29545,0.15899,0.03655,1.84508,1.60555,1.46767,2.1077,0,0.00091694,0.00091694,0.00091694
549,2462.5,1.23676,1.71296,0.98198,1.41015,0,0.62014,0.66799,0.66622,0.35578,0.20196,0.31818,0.14101,0.03066,1.8207,1.60447,1.51557,2.06,0,0.00091496,0.00091496,0.00091496
550,2466.9,1.22908,1.67743,0.9979,1.3967,0,0.62014,0.66799,0.66622,0.35578,0.20196,0.31818,0.14101,0.03066,1.8207,1.60447,1.51557,2.06,0,0.00091298,0.00091298,0.00091298
551,2471.27,1.21329,1.63001,0.91887,1.34956,0,0.72109,0.56818,0.65766,0.34855,0.19013,0.19752,0.10573,0.02964,1.76781,1.59493,1.62339,2.01025,0,0.000911,0.000911,0.000911
552,2475.68,1.15913,1.59469,0.88438,1.35286,0,0.62792,0.56818,0.60289,0.32029,0.22939,0.20455,0.09611,0.0299,1.73938,1.60836,1.6539,2.01118,0,0.00090902,0.00090902,0.00090902
553,2480.08,1.24951,1.66828,0.94536,1.42085,0,0.65349,0.47162,0.55773,0.30631,0.20947,0.20455,0.08718,0.02811,1.73166,1.64655,1.69871,2.02397,0,0.00090704,0.00090704,0.00090704
554,2484.74,1.20378,1.63332,0.89834,1.37025,0,0.56474,0.45455,0.52411,0.29365,0.22271,0.22727,0.09704,0.02786,1.72916,1.6673,1.75555,2.03213,0,0.00090506,0.00090506,0.00090506
555,2489.09,1.16802,1.65672,0.9321,1.3704,0,0.56474,0.45455,0.52411,0.29365,0.22271,0.22727,0.09704,0.02786,1.72916,1.6673,1.75555,2.03213,0,0.00090308,0.00090308,0.00090308
556,2493.57,1.24794,1.71756,0.97633,1.37855,0,0.52305,0.49852,0.51058,0.27971,0.21337,0.22727,0.10748,0.02806,1.74424,1.64341,1.7959,2.04548,0,0.0009011,0.0009011,0.0009011
557,2497.97,1.19917,1.73511,0.95674,1.39338,0,0.45169,0.56818,0.49444,0.27593,0.21619,0.22727,0.10265,0.02588,1.791,1.64039,1.92132,2.09516,0,0.00089912,0.00089912,0.00089912
558,2502.37,1.13889,1.62351,0.89812,1.35045,0,0.53194,0.45455,0.50981,0.28811,0.1722,0.27273,0.10834,0.02932,1.81824,1.60554,1.93857,2.09786,0,0.00089714,0.00089714,0.00089714
559,2506.74,1.28101,1.76322,0.99609,1.41475,0,0.64195,0.38636,0.50419,0.28192,0.29505,0.20455,0.13417,0.03687,1.84382,1.54962,1.86787,2.15253,0,0.00089516,0.00089516,0.00089516
560,2511.18,1.15808,1.73096,0.95011,1.40492,0,0.64195,0.38636,0.50419,0.28192,0.29505,0.20455,0.13417,0.03687,1.84382,1.54962,1.86787,2.15253,0,0.00089318,0.00089318,0.00089318
561,2515.73,1.1373,1.61594,0.88023,1.32035,0,0.77619,0.43182,0.52724,0.29435,0.33697,0.15909,0.13113,0.03855,1.84435,1.53499,1.7703,2.15252,0,0.0008912,0.0008912,0.0008912
562,2520.25,1.2246,1.72306,0.93961,1.36397,0,0.67724,0.40909,0.54398,0.30442,0.17935,0.22358,0.10735,0.03411,1.84782,1.52715,1.73989,2.17154,0,0.00088922,0.00088922,0.00088922
563,2524.6,1.19042,1.58572,0.89208,1.35326,0,0.58761,0.4859,0.54814,0.29896,0.19573,0.20455,0.12228,0.03769,1.85237,1.54641,1.77286,2.20901,0,0.00088724,0.00088724,0.00088724
564,2529.09,1.268,1.71151,0.95948,1.44127,0,0.58552,0.47727,0.5358,0.29482,0.21175,0.20455,0.12701,0.0392,1.85576,1.55795,1.84578,2.20076,0,0.00088526,0.00088526,0.00088526
565,2533.47,1.20846,1.73642,0.96237,1.3904,0,0.60119,0.4797,0.52748,0.27063,0.21117,0.20455,0.12097,0.03419,1.84058,1.58692,1.80116,2.17841,0,0.00088328,0.00088328,0.00088328
566,2537.87,1.22614,1.67385,0.96853,1.40454,0,0.60119,0.4797,0.52748,0.27063,0.21117,0.20455,0.12097,0.03419,1.84058,1.58692,1.80116,2.17841,0,0.0008813,0.0008813,0.0008813
567,2542.31,1.18535,1.61104,0.91448,1.3983,0,0.45908,0.56818,0.50472,0.27592,0.18652,0.22727,0.10795,0.03456,1.87564,1.58679,1.75814,2.18907,0,0.00087932,0.00087932,0.00087932
568,2546.99,1.15524,1.68503,0.91385,1.36845,0,0.42908,0.59091,0.47899,0.25058,0.21933,0.22727,0.10866,0.03539,1.93998,1.60323,1.80745,2.21109,0,0.00087734,0.00087734,0.00087734
569,2551.37,1.13988,1.65159,0.88572,1.35897,0,0.48967,0.41445,0.43573,0.22872,0.27573,0.15909,0.09923,0.03327,1.94485,1.61616,1.89406,2.21168,0,0.00087536,0.00087536,0.00087536
570,2555.78,1.23478,1.66199,0.97667,1.39382,0,0.37525,0.5,0.39423,0.20849,0.18309,0.15909,0.08489,0.02862,1.91797,1.62006,1.91984,2.17197,0,0.00087338,0.00087338,0.00087338
571,2560.11,1.23136,1.59034,0.89283,1.37948,0,0.37525,0.5,0.39423,0.20849,0.18309,0.15909,0.08489,0.02862,1.91797,1.62006,1.91984,2.17197,0,0.0008714,0.0008714,0.0008714
572,2564.46,1.18506,1.69555,0.93278,1.36504,0,0.40298,0.47727,0.37225,0.19285,0.13321,0.15376,0.07375,0.02566,1.85756,1.62363,1.94296,2.11937,0,0.00086942,0.00086942,0.00086942
573,2568.94,1.24477,1.66429,0.95588,1.41049,0,0.49639,0.36364,0.37623,0.20266,0.14623,0.15909,0.07372,0.02878,1.83168,1.60213,1.99156,2.08214,0,0.00086744,0.00086744,0.00086744
574,2573.67,1.18675,1.72583,0.92432,1.37744,0,0.47093,0.44518,0.42602,0.23573,0.15328,0.13636,0.08513,0.02713,1.75977,1.55151,1.94091,2.01457,0,0.00086546,0.00086546,0.00086546
575,2578.09,1.15911,1.66475,0.92117,1.34716,0,0.52951,0.45455,0.47726,0.26731,0.1954,0.15909,0.10256,0.03212,1.76259,1.53109,1.83342,2.01331,0,0.00086348,0.00086348,0.00086348
576,2582.52,1.09266,1.5433,0.87574,1.29004,0,0.52951,0.45455,0.47726,0.26731,0.1954,0.15909,0.10256,0.03212,1.76259,1.53109,1.83342,2.01331,0,0.0008615,0.0008615,0.0008615
577,2586.89,1.20398,1.72047,0.9605,1.40438,0,0.47045,0.47727,0.50242,0.28299,0.1824,0.22727,0.09072,0.02945,1.7826,1.52125,1.77402,2.02041,0,0.00085952,0.00085952,0.00085952
578,2591.36,1.14879,1.64487,0.91217,1.35805,0,0.43028,0.54545,0.4831,0.27159,0.2119,0.26893,0.10347,0.03302,1.78968,1.56273,1.85004,2.04583,0,0.00085754,0.00085754,0.00085754
579,2595.72,1.18725,1.7137,0.94715,1.35362,0,0.4445,0.54545,0.46017,0.25802,0.22559,0.27273,0.10693,0.03926,1.80316,1.59639,1.85051,2.08082,0,0.00085556,0.00085556,0.00085556
580,2600.1,1.09347,1.60314,0.87867,1.35684,0,0.48236,0.52273,0.52216,0.29242,0.21655,0.22727,0.11302,0.0354,1.81815,1.5825,1.79093,2.08612,0,0.00085358,0.00085358,0.00085358
581,2604.83,1.14693,1.66208,0.90013,1.33295,0,0.48006,0.56818,0.5083,0.29277,0.16329,0.27273,0.11387,0.03771,1.76811,1.57238,1.68045,2.03143,0,0.0008516,0.0008516,0.0008516
582,2609.17,1.18661,1.64994,0.98344,1.40596,0,0.48006,0.56818,0.5083,0.29277,0.16329,0.27273,0.11387,0.03771,1.76811,1.57238,1.68045,2.03143,0,0.00084962,0.00084962,0.00084962
583,2613.53,1.13652,1.64163,0.88152,1.34573,0,0.50298,0.54545,0.52183,0.28539,0.20446,0.29545,0.1389,0.03773,1.76371,1.5432,1.58911,2.01912,0,0.00084764,0.00084764,0.00084764
584,2618.05,1.18885,1.70066,0.91623,1.38308,0,0.67624,0.42737,0.51803,0.28689,0.1966,0.27273,0.1377,0.04244,1.80732,1.54057,1.60605,2.03475,0,0.00084566,0.00084566,0.00084566
585,2622.46,1.30812,1.74318,1.00335,1.43665,0,0.57401,0.43182,0.51146,0.28777,0.34021,0.18182,0.14744,0.0385,1.82226,1.56181,1.66102,2.03664,0,0.00084368,0.00084368,0.00084368
586,2626.85,1.15158,1.65089,0.838,1.34035,0,0.55172,0.52273,0.51345,0.29062,0.27869,0.22727,0.16838,0.04584,1.83548,1.58763,1.68812,2.04456,0,0.0008417,0.0008417,0.0008417
587,2631.25,1.14498,1.68213,0.90027,1.39322,0,0.55172,0.52273,0.51345,0.29062,0.27869,0.22727,0.16838,0.04584,1.83548,1.58763,1.68812,2.04456,0,0.00083972,0.00083972,0.00083972
588,2635.77,1.14749,1.67716,0.8781,1.33571,0,0.52376,0.64996,0.5523,0.30248,0.2527,0.27273,0.14917,0.03854,1.78394,1.57432,1.62695,2.02167,0,0.00083774,0.00083774,0.00083774
589,2640.13,1.20428,1.64917,0.91606,1.40133,0,0.53455,0.59091,0.54333,0.28636,0.26956,0.25,0.16259,0.03602,1.78754,1.55204,1.63276,2.04168,0,0.00083576,0.00083576,0.00083576
590,2644.59,1.19796,1.64882,0.89249,1.39258,0,0.48765,0.61364,0.50904,0.26541,0.16209,0.20455,0.09585,0.03144,1.80555,1.56365,1.69041,2.07503,0,0.00083378,0.00083378,0.00083378
591,2648.97,1.22286,1.71214,0.93029,1.4312,0,0.39735,0.56818,0.45163,0.22904,0.11899,0.22727,0.06903,0.02325,1.81713,1.56845,1.75229,2.08369,0,0.0008318,0.0008318,0.0008318
592,2653.38,1.20744,1.64159,0.8958,1.39405,0,0.39735,0.56818,0.45163,0.22904,0.11899,0.22727,0.06903,0.02325,1.81713,1.56845,1.75229,2.08369,0,0.00082982,0.00082982,0.00082982
593,2657.97,1.19823,1.75901,0.90644,1.37864,0,0.40829,0.61364,0.4947,0.25035,0.17302,0.15909,0.06065,0.01961,1.809,1.56546,1.76576,2.07529,0,0.00082784,0.00082784,0.00082784
594,2662.32,1.16138,1.60897,0.88962,1.36874,0,0.53704,0.55376,0.51281,0.25645,0.24024,0.22727,0.08433,0.02295,1.82725,1.55824,1.82047,2.1007,0,0.00082586,0.00082586,0.00082586
595,2666.87,1.21752,1.73255,0.95557,1.39518,0,0.40686,0.63636,0.47762,0.25473,0.17675,0.2831,0.08418,0.02442,1.8569,1.57895,1.83874,2.14626,0,0.00082388,0.00082388,0.00082388
596,2671.29,1.12232,1.62707,0.85819,1.31306,0,0.42829,0.63636,0.42574,0.21772,0.21526,0.31818,0.10592,0.02635,1.88899,1.60137,1.91932,2.185,0,0.0008219,0.0008219,0.0008219
597,2675.69,1.18105,1.63072,0.93633,1.38636,0,0.44033,0.56818,0.41779,0.2226,0.26338,0.34091,0.12712,0.03012,1.83197,1.59085,1.86911,2.13394,0,0.00081992,0.00081992,0.00081992
598,2680.02,1.17716,1.5785,0.95734,1.37207,0,0.44033,0.56818,0.41779,0.2226,0.26338,0.34091,0.12712,0.03012,1.83197,1.59085,1.86911,2.13394,0,0.00081794,0.00081794,0.00081794
599,2684.43,1.12219,1.58186,0.85899,1.32691,0,0.64235,0.40822,0.43454,0.23043,0.28654,0.20455,0.12335,0.03123,1.78175,1.59474,1.77954,2.09712,0,0.00081596,0.00081596,0.00081596
600,2688.86,1.2107,1.67775,0.96149,1.38885,0,0.45656,0.59091,0.51636,0.26646,0.33585,0.15909,0.11455,0.02984,1.79877,1.58794,1.64254,2.11709,0,0.00081398,0.00081398,0.00081398
601,2693.39,1.18722,1.61843,0.88038,1.36685,0,0.52817,0.52273,0.54607,0.2701,0.30153,0.15909,0.11815,0.02909,1.80972,1.59871,1.57207,2.13456,0,0.000812,0.000812,0.000812
602,2697.98,1.16252,1.61686,0.87404,1.32434,0,0.62151,0.45455,0.54666,0.27738,0.18446,0.13636,0.07498,0.02173,1.78522,1.63773,1.58173,2.12942,0,0.00081002,0.00081002,0.00081002
603,2702.4,1.12522,1.59531,0.89048,1.30688,0,0.62151,0.45455,0.54666,0.27738,0.18446,0.13636,0.07498,0.02173,1.78522,1.63773,1.58173,2.12942,0,0.00080804,0.00080804,0.00080804
604,2706.85,1.17503,1.60113,0.90785,1.36408,0,0.57536,0.47727,0.51104,0.26279,0.15804,0.13636,0.07836,0.02637,1.7744,1.68227,1.59726,2.13733,0,0.00080606,0.00080606,0.00080606
605,2711.34,1.20827,1.76417,0.91934,1.356,0,0.58363,0.47727,0.50242,0.27459,0.19666,0.15909,0.09541,0.02685,1.80215,1.68646,1.62569,2.14351,0,0.00080408,0.00080408,0.00080408
606,2715.77,1.14928,1.65895,0.88943,1.33163,0,0.59856,0.45455,0.4764,0.27436,0.26581,0.20455,0.11455,0.02987,1.80663,1.63653,1.63188,2.10116,0,0.0008021,0.0008021,0.0008021
607,2720.25,1.14858,1.63372,0.85189,1.34981,0,0.59223,0.54545,0.54907,0.29812,0.26988,0.25,0.1259,0.03217,1.77207,1.60219,1.60522,2.03991,0,0.00080012,0.00080012,0.00080012
608,2724.79,1.13704,1.72081,0.89508,1.36115,0,0.59223,0.54545,0.54907,0.29812,0.26988,0.25,0.1259,0.03217,1.77207,1.60219,1.60522,2.03991,0,0.00079814,0.00079814,0.00079814
609,2729.16,1.2125,1.66268,0.91437,1.38314,0,0.57034,0.56818,0.5487,0.30554,0.25322,0.25,0.14286,0.03402,1.76211,1.60156,1.565,2.01676,0,0.00079616,0.00079616,0.00079616
610,2733.55,1.15566,1.58217,0.88379,1.32683,0,0.57284,0.54545,0.55703,0.31628,0.21729,0.20455,0.13045,0.02753,1.75995,1.59243,1.60691,2.00938,0,0.00079418,0.00079418,0.00079418
611,2738.11,1.22377,1.72964,0.94306,1.39849,0,0.60913,0.52273,0.52374,0.29986,0.2787,0.20455,0.10941,0.03148,1.75189,1.57287,1.65559,2.00332,0,0.0007922,0.0007922,0.0007922
612,2742.48,1.12698,1.59438,0.8492,1.33314,0,0.57705,0.38636,0.48651,0.27474,0.35798,0.24096,0.14634,0.0436,1.7561,1.57341,1.7603,2.01413,0,0.00079022,0.00079022,0.00079022
613,2747.03,1.15078,1.70144,0.88047,1.37822,0,0.54241,0.36364,0.45581,0.26196,0.27043,0.22746,0.13185,0.04843,1.79001,1.58966,1.85526,2.02874,0,0.00078824,0.00078824,0.00078824
614,2751.3,1.16777,1.69095,0.90602,1.38333,0,0.54241,0.36364,0.45581,0.26196,0.27043,0.22746,0.13185,0.04843,1.79001,1.58966,1.85526,2.02874,0,0.00078626,0.00078626,0.00078626
615,2755.94,1.15044,1.73648,0.88012,1.33337,0,0.33944,0.68182,0.46461,0.26058,0.26661,0.24791,0.14169,0.04468,1.78532,1.60156,1.82682,2.01204,0,0.00078428,0.00078428,0.00078428
616,2760.4,1.12559,1.58311,0.88205,1.33577,0,0.40076,0.61364,0.4879,0.27226,0.18173,0.27273,0.14644,0.04297,1.79017,1.59504,1.76209,2.02665,0,0.0007823,0.0007823,0.0007823
617,2764.79,1.20079,1.62634,0.88445,1.359,0,0.46133,0.54545,0.5352,0.3113,0.33038,0.15909,0.1246,0.03415,1.78614,1.59717,1.71175,2.02932,0,0.00078032,0.00078032,0.00078032
618,2769.26,1.17021,1.78425,0.92691,1.37781,0,0.62755,0.49787,0.57845,0.32825,0.40124,0.18182,0.15804,0.0385,1.80388,1.57882,1.60435,2.05822,0,0.00077834,0.00077834,0.00077834
619,2773.73,1.08844,1.56477,0.84523,1.29773,0,0.62755,0.49787,0.57845,0.32825,0.40124,0.18182,0.15804,0.0385,1.80388,1.57882,1.60435,2.05822,0,0.00077636,0.00077636,0.00077636
620,2778.2,1.18453,1.67656,0.92698,1.35105,0,0.48727,0.54545,0.54779,0.30927,0.29953,0.22727,0.14928,0.03877,1.85422,1.55723,1.57385,2.09076,0,0.00077438,0.00077438,0.00077438
621,2782.54,1.13559,1.60889,0.85734,1.35027,0,0.74073,0.45453,0.59214,0.31161,0.35982,0.20455,0.14037,0.03456,1.85855,1.55201,1.52922,2.0979,0,0.0007724,0.0007724,0.0007724
622,2787.13,1.12392,1.58774,0.86179,1.30642,0,0.68934,0.5,0.5699,0.29889,0.30305,0.27273,0.14511,0.03486,1.84897,1.54208,1.56718,2.08258,0,0.00077042,0.00077042,0.00077042
623,2791.59,1.18582,1.67624,0.94089,1.37056,0,0.5224,0.5,0.5286,0.29691,0.27896,0.24628,0.1473,0.04296,1.80756,1.54066,1.56096,2.04078,0,0.00076844,0.00076844,0.00076844
624,2795.97,1.13779,1.6527,0.87439,1.32494,0,0.5224,0.5,0.5286,0.29691,0.27896,0.24628,0.1473,0.04296,1.80756,1.54066,1.56096,2.04078,0,0.00076646,0.00076646,0.00076646
625,2800.4,1.08226,1.55845,0.83694,1.3087,0,0.64959,0.52273,0.58115,0.31179,0.40044,0.20455,0.15928,0.04118,1.75461,1.55177,1.64734,2.02142,0,0.00076448,0.00076448,0.00076448
626,2804.84,1.14356,1.61678,0.84914,1.33052,0,0.75314,0.5,0.55353,0.31886,0.34029,0.20455,0.14714,0.03956,1.74851,1.5728,1.69829,2.04041,0,0.0007625,0.0007625,0.0007625
627,2809.22,1.14829,1.63687,0.87832,1.34805,0,0.60063,0.43182,0.53852,0.32169,0.31655,0.20455,0.12952,0.03449,1.77921,1.57851,1.73278,2.09997,0,0.00076052,0.00076052,0.00076052
628,2813.87,1.14531,1.67517,0.9025,1.34451,0,0.57811,0.45455,0.54347,0.31302,0.19255,0.27273,0.12835,0.03466,1.76923,1.53495,1.71571,2.07595,0,0.00075854,0.00075854,0.00075854
629,2818.26,1.07326,1.47383,0.84084,1.32573,0,0.49833,0.40909,0.50206,0.27646,0.17245,0.29545,0.14916,0.04519,1.83195,1.49198,1.70183,2.09793,0,0.00075656,0.00075656,0.00075656
630,2822.64,1.2284,1.78234,0.92566,1.39022,0,0.49833,0.40909,0.50206,0.27646,0.17245,0.29545,0.14916,0.04519,1.83195,1.49198,1.70183,2.09793,0,0.00075458,0.00075458,0.00075458
631,2827.21,1.13976,1.63447,0.88419,1.32961,0,0.43384,0.61364,0.4967,0.27395,0.18854,0.31818,0.15503,0.04561,1.93966,1.45865,1.58285,2.29851,0,0.0007526,0.0007526,0.0007526
632,2831.66,1.12423,1.58948,0.82698,1.34683,0,0.42958,0.61364,0.4905,0.28356,0.35017,0.18182,0.15703,0.05454,1.85801,1.4645,1.59051,2.18495,0,0.00075062,0.00075062,0.00075062
633,2836.04,1.20514,1.6944,0.91577,1.40915,0,0.48961,0.61364,0.52097,0.29096,0.3778,0.18182,0.14938,0.04552,1.90966,1.47496,1.57543,2.27887,0,0.00074864,0.00074864,0.00074864
634,2840.41,1.20415,1.75453,0.93365,1.38257,0,0.49962,0.63636,0.53096,0.28308,0.23197,0.29545,0.16891,0.0508,1.86995,1.49007,1.62912,2.19433,0,0.00074666,0.00074666,0.00074666
635,2844.94,1.14688,1.60015,0.87887,1.33266,0,0.49962,0.63636,0.53096,0.28308,0.23197,0.29545,0.16891,0.0508,1.86995,1.49007,1.62912,2.19433,0,0.00074468,0.00074468,0.00074468
636,2849.4,1.19827,1.65777,0.89417,1.3504,0,0.44973,0.55735,0.50299,0.27193,0.23371,0.2843,0.15628,0.04515,1.80745,1.50746,1.65197,2.07878,0,0.0007427,0.0007427,0.0007427
637,2853.76,1.1605,1.63697,0.8765,1.35192,0,0.58355,0.41414,0.46768,0.26331,0.25068,0.29545,0.14398,0.04555,1.79862,1.53128,1.61165,2.07259,0,0.00074072,0.00074072,0.00074072
638,2858.14,1.14136,1.66899,0.8607,1.32851,0,0.51905,0.47727,0.47307,0.25574,0.27315,0.27273,0.13581,0.04477,1.80764,1.56264,1.60793,2.07401,0,0.00073874,0.00073874,0.00073874
639,2862.55,1.14325,1.56682,0.87087,1.34925,0,0.44474,0.49161,0.46326,0.25297,0.22855,0.27273,0.1367,0.04063,1.81674,1.58672,1.62728,2.09105,0,0.00073676,0.00073676,0.00073676
640,2866.98,1.1581,1.743,0.87545,1.38211,0,0.44474,0.49161,0.46326,0.25297,0.22855,0.27273,0.1367,0.04063,1.81674,1.58672,1.62728,2.09105,0,0.00073478,0.00073478,0.00073478
641,2871.37,1.12332,1.64323,0.85218,1.34632,0,0.42798,0.59091,0.49436,0.26503,0.26747,0.24079,0.14339,0.03894,1.78744,1.61447,1.66788,2.08168,0,0.0007328,0.0007328,0.0007328
642,2875.94,1.13301,1.66437,0.8632,1.325,0,0.66524,0.38636,0.47485,0.25197,0.30286,0.25,0.15341,0.0391,1.77671,1.65665,1.71451,2.0703,0,0.00073082,0.00073082,0.00073082
643,2880.29,1.15626,1.60886,0.87325,1.35298,0,0.48694,0.5,0.44452,0.24764,0.2188,0.22727,0.12115,0.03293,1.8004,1.71105,1.75849,2.09082,0,0.00072884,0.00072884,0.00072884
644,2884.61,1.17013,1.55706,0.90666,1.34138,0,0.53592,0.43182,0.43539,0.24567,0.27194,0.18182,0.11678,0.03445,1.82212,1.74076,1.76426,2.13348,0,0.00072686,0.00072686,0.00072686
645,2889.07,1.15963,1.63276,0.91328,1.41119,0,0.49499,0.40909,0.41952,0.24122,0.25058,0.22727,0.10427,0.03174,1.84348,1.72092,1.77991,2.15444,0,0.00072488,0.00072488,0.00072488
646,2893.5,1.0994,1.60764,0.83888,1.31744,0,0.49499,0.40909,0.41952,0.24122,0.25058,0.22727,0.10427,0.03174,1.84348,1.72092,1.77991,2.15444,0,0.0007229,0.0007229,0.0007229
647,2897.94,1.12087,1.66764,0.85196,1.33851,0,0.51882,0.45455,0.44738,0.24868,0.25848,0.22727,0.10997,0.02893,1.81808,1.67717,1.79984,2.12499,0,0.00072092,0.00072092,0.00072092
648,2902.35,1.19291,1.65287,0.90029,1.38122,0,0.60346,0.5,0.50232,0.27677,0.34156,0.25,0.14123,0.03614,1.7866,1.61644,1.77669,2.07565,0,0.00071894,0.00071894,0.00071894
649,2906.8,1.21828,1.67165,0.97146,1.38194,0,0.65129,0.45455,0.55113,0.31261,0.39293,0.29545,0.16584,0.03992,1.78473,1.58597,1.68215,2.05036,0,0.00071696,0.00071696,0.00071696
650,2911.2,1.13136,1.60349,0.89526,1.3246,0,0.65407,0.45455,0.53621,0.29187,0.26878,0.27273,0.16272,0.03774,1.84987,1.57553,1.61248,2.10598,0,0.00071498,0.00071498,0.00071498
651,2915.74,1.1133,1.66727,0.89317,1.32837,0,0.65407,0.45455,0.53621,0.29187,0.26878,0.27273,0.16272,0.03774,1.84987,1.57553,1.61248,2.10598,0,0.000713,0.000713,0.000713
652,2920.1,1.20509,1.66696,0.91481,1.37383,0,0.58269,0.47727,0.53449,0.29073,0.27703,0.31818,0.15402,0.03561,1.83707,1.55914,1.59351,2.10089,0,0.00071102,0.00071102,0.00071102
653,2924.55,1.08573,1.56729,0.83512,1.30534,0,0.72139,0.47094,0.5672,0.3091,0.28578,0.31818,0.15406,0.03299,1.78363,1.55105,1.53674,2.0569,0,0.00070904,0.00070904,0.00070904
654,2928.99,1.13092,1.54807,0.86596,1.30272,0,0.61549,0.54571,0.60492,0.33133,0.33842,0.31398,0.17214,0.04001,1.75239,1.54282,1.4931,2.03048,0,0.00070706,0.00070706,0.00070706
655,2933.49,1.0769,1.58781,0.87072,1.31543,0,0.5746,0.61364,0.60272,0.33906,0.32123,0.31818,0.17118,0.03546,1.72234,1.55939,1.5409,2.0205,0,0.00070508,0.00070508,0.00070508
656,2937.81,1.03511,1.46448,0.82401,1.27351,0,0.5746,0.61364,0.60272,0.33906,0.32123,0.31818,0.17118,0.03546,1.72234,1.55939,1.5409,2.0205,0,0.0007031,0.0007031,0.0007031
657,2942.16,1.10019,1.55745,0.82762,1.30486,0,0.51569,0.60511,0.53091,0.30739,0.22653,0.29545,0.13719,0.03803,1.69059,1.59593,1.64241,2.02558,0,0.00070112,0.00070112,0.00070112
658,2946.63,1.08861,1.52603,0.79305,1.26549,0,0.45489,0.56818,0.51903,0.3054,0.42196,0.15909,0.13389,0.03897,1.74156,1.6115,1.75081,2.07717,0,0.00069914,0.00069914,0.00069914
659,2950.97,1.01952,1.52278,0.80021,1.25814,0,0.7518,0.38636,0.5357,0.30672,0.35147,0.18182,0.14147,0.03865,1.81506,1.60243,1.75297,2.11783,0,0.00069716,0.00069716,0.00069716
660,2955.43,1.1853,1.67373,0.88225,1.33749,0,0.72766,0.38636,0.52698,0.27894,0.4711,0.15909,0.13921,0.0416,1.90263,1.57203,1.70742,2.14997,0,0.00069518,0.00069518,0.00069518
661,2960,1.11096,1.61147,0.86471,1.31343,0,0.77837,0.36364,0.53829,0.27944,0.4469,0.15909,0.15222,0.04073,1.9027,1.56319,1.66711,2.17015,0,0.0006932,0.0006932,0.0006932
662,2964.52,1.0963,1.5834,0.86837,1.32507,0,0.77837,0.36364,0.53829,0.27944,0.4469,0.15909,0.15222,0.04073,1.9027,1.56319,1.66711,2.17015,0,0.00069122,0.00069122,0.00069122
663,2968.96,1.07062,1.59436,0.80906,1.28679,0,0.57581,0.52273,0.56199,0.29939,0.40758,0.15909,0.15122,0.04238,1.89301,1.55787,1.64534,2.16773,0,0.00068924,0.00068924,0.00068924
664,2973.33,1.17009,1.62386,0.8847,1.37522,0,0.49413,0.55511,0.54895,0.29499,0.33073,0.18182,0.14693,0.03933,1.91609,1.57792,1.65559,2.20346,0,0.00068726,0.00068726,0.00068726
665,2977.72,1.12225,1.64265,0.8791,1.32617,0,0.52253,0.52273,0.54784,0.29848,0.2412,0.25,0.15821,0.04028,1.91436,1.59899,1.64099,2.22486,0,0.00068528,0.00068528,0.00068528
666,2982.2,1.13318,1.61476,0.84819,1.3126,0,0.56297,0.5,0.53835,0.29077,0.36842,0.20455,0.15936,0.03771,1.93827,1.61851,1.67532,2.24007,0,0.0006833,0.0006833,0.0006833
667,2986.63,1.08721,1.53499,0.81829,1.27857,0,0.56297,0.5,0.53835,0.29077,0.36842,0.20455,0.15936,0.03771,1.93827,1.61851,1.67532,2.24007,0,0.00068132,0.00068132,0.00068132
668,2990.99,1.13305,1.65818,0.8658,1.347,0,0.62645,0.54545,0.60669,0.3131,0.38092,0.20455,0.17727,0.0424,1.91025,1.62657,1.6203,2.20225,0,0.00067934,0.00067934,0.00067934
669,2995.41,1.03551,1.55524,0.79605,1.28369,0,0.62307,0.54545,0.58881,0.31283,0.35098,0.22727,0.18041,0.05104,1.89415,1.63386,1.6239,2.1889,0,0.00067736,0.00067736,0.00067736
670,2999.94,1.1245,1.63692,0.90892,1.32013,0,0.75641,0.40909,0.53001,0.29692,0.31919,0.25,0.17238,0.05589,1.8601,1.65025,1.69514,2.18569,0,0.00067538,0.00067538,0.00067538
671,3004.3,1.12071,1.57797,0.86962,1.3228,0,0.43145,0.63816,0.54506,0.29877,0.44566,0.18182,0.16275,0.05265,1.8907,1.64248,1.74597,2.21744,0,0.0006734,0.0006734,0.0006734
672,3008.62,1.08909,1.54047,0.84117,1.28214,0,0.43145,0.63816,0.54506,0.29877,0.44566,0.18182,0.16275,0.05265,1.8907,1.64248,1.74597,2.21744,0,0.00067142,0.00067142,0.00067142
673,3012.96,1.09336,1.65471,0.85469,1.31551,0,0.50637,0.54545,0.49543,0.27506,0.40522,0.18182,0.14812,0.05266,1.89894,1.66346,1.81388,2.23652,0,0.00066944,0.00066944,0.00066944
674,3017.44,1.11867,1.54245,0.85141,1.32655,0,0.58117,0.56818,0.52992,0.28478,0.36926,0.18182,0.14105,0.04737,1.94071,1.66625,1.84058,2.2957,0,0.00066746,0.00066746,0.00066746
675,3021.87,1.10936,1.63277,0.85986,1.32674,0,0.58166,0.54545,0.53866,0.28876,0.25543,0.27273,0.14055,0.04646,1.93021,1.62066,1.84526,2.25206,0,0.00066548,0.00066548,0.00066548
676,3026.45,1.11396,1.61627,0.83616,1.30262,0,0.60916,0.45455,0.5194,0.28158,0.2858,0.27273,0.15092,0.04388,1.88706,1.57086,1.7525,2.16291,0,0.0006635,0.0006635,0.0006635
677,3030.95,1.07175,1.53749,0.82436,1.29759,0,0.6537,0.54545,0.57128,0.29776,0.30019,0.25,0.15036,0.04936,1.92411,1.57792,1.73682,2.18331,0,0.00066152,0.00066152,0.00066152
678,3035.31,1.13081,1.58832,0.85165,1.31092,0,0.6537,0.54545,0.57128,0.29776,0.30019,0.25,0.15036,0.04936,1.92411,1.57792,1.73682,2.18331,0,0.00065954,0.00065954,0.00065954
679,3039.72,1.07001,1.49693,0.81632,1.3053,0,0.68143,0.52273,0.5674,0.29035,0.3035,0.27273,0.14878,0.05029,1.96213,1.59278,1.73105,2.1937,0,0.00065756,0.00065756,0.00065756
680,3044.27,1.12661,1.62507,0.85451,1.3299,0,0.54974,0.54545,0.54173,0.28708,0.28536,0.29545,0.14085,0.04531,1.8994,1.59546,1.73346,2.11553,0,0.00065558,0.00065558,0.00065558
681,3048.64,1.06851,1.49472,0.80922,1.27042,0,0.63604,0.52273,0.60328,0.31248,0.31414,0.34091,0.17609,0.05004,1.83351,1.56769,1.70143,2.06452,0,0.0006536,0.0006536,0.0006536
682,3053.13,1.07175,1.55968,0.83721,1.27419,0,0.62046,0.52022,0.59854,0.3356,0.30387,0.31818,0.18834,0.05166,1.77507,1.55744,1.63921,2.03192,0,0.00065162,0.00065162,0.00065162
683,3057.62,1.10138,1.61483,0.8144,1.32807,0,0.62046,0.52022,0.59854,0.3356,0.30387,0.31818,0.18834,0.05166,1.77507,1.55744,1.63921,2.03192,0,0.00064964,0.00064964,0.00064964
684,3062.15,1.12261,1.55121,0.84499,1.33269,0,0.68377,0.47727,0.6004,0.3468,0.2597,0.31893,0.18892,0.05129,1.7883,1.56846,1.57907,2.06759,0,0.00064766,0.00064766,0.00064766
685,3066.63,1.08602,1.57515,0.83388,1.32431,0,0.67123,0.47727,0.55791,0.32481,0.46197,0.18182,0.17824,0.04849,1.83108,1.5833,1.6329,2.12233,0,0.00064568,0.00064568,0.00064568
686,3071.04,1.08275,1.58199,0.85035,1.31089,0,0.54166,0.47727,0.53318,0.31128,0.37473,0.15909,0.15957,0.04256,1.85883,1.62566,1.68936,2.14128,0,0.0006437,0.0006437,0.0006437
687,3075.42,1.12585,1.58199,0.81955,1.30653,0,0.55844,0.54545,0.55632,0.30315,0.2951,0.25,0.16838,0.04468,1.84675,1.64333,1.73682,2.15515,0,0.00064172,0.00064172,0.00064172
688,3079.78,1.07916,1.51404,0.81018,1.2924,0,0.55844,0.54545,0.55632,0.30315,0.2951,0.25,0.16838,0.04468,1.84675,1.64333,1.73682,2.15515,0,0.00063974,0.00063974,0.00063974
689,3084.35,1.0932,1.5467,0.79027,1.30707,0,0.54099,0.56818,0.5711,0.30087,0.341,0.20455,0.16327,0.04207,1.87103,1.6509,1.66939,2.17548,0,0.00063776,0.00063776,0.00063776
690,3088.87,1.08806,1.57337,0.86886,1.32181,0,0.50894,0.56818,0.56629,0.29799,0.25445,0.27273,0.16136,0.03956,1.88757,1.64359,1.66205,2.18295,0,0.00063578,0.00063578,0.00063578
691,3093.34,1.06748,1.50734,0.79811,1.28087,0,0.46396,0.54545,0.56081,0.29827,0.39766,0.18182,0.14892,0.03573,1.90069,1.64991,1.66598,2.18521,0,0.0006338,0.0006338,0.0006338
692,3097.69,1.10413,1.57174,0.82563,1.33085,0,0.46199,0.59091,0.5608,0.313,0.23537,0.25,0.1442,0.0393,1.88342,1.63472,1.6656,2.18327,0,0.00063182,0.00063182,0.00063182
693,3102.16,1.00592,1.49997,0.77837,1.24092,0,0.47343,0.61364,0.55613,0.30369,0.23559,0.27273,0.14337,0.03825,1.88021,1.62529,1.7117,2.18066,0,0.00062984,0.00062984,0.00062984
694,3106.54,1.06221,1.57903,0.81391,1.28399,0,0.47343,0.61364,0.55613,0.30369,0.23559,0.27273,0.14337,0.03825,1.88021,1.62529,1.7117,2.18066,0,0.00062786,0.00062786,0.00062786
695,3111.01,1.07811,1.53643,0.78637,1.29526,0,0.45805,0.59091,0.56168,0.31301,0.22524,0.29737,0.14828,0.0397,1.90055,1.61102,1.73038,2.19509,0,0.00062588,0.00062588,0.00062588
696,3115.53,1.15694,1.6853,0.90557,1.35953,0,0.4598,0.59091,0.54978,0.29209,0.34227,0.15909,0.1317,0.03489,1.87882,1.59353,1.68006,2.20339,0,0.0006239,0.0006239,0.0006239
697,3119.89,1.14049,1.47592,0.81838,1.3184,0,0.4435,0.63636,0.54567,0.29041,0.37737,0.15909,0.12311,0.03277,1.86683,1.57798,1.60528,2.19263,0,0.00062192,0.00062192,0.00062192
698,3124.3,1.08078,1.54828,0.81222,1.31991,0,0.44634,0.64134,0.56431,0.30373,0.31787,0.18182,0.1306,0.03444,1.86482,1.55591,1.53534,2.16194,0,0.00061994,0.00061994,0.00061994
699,3128.8,1.07659,1.57261,0.83006,1.2901,0,0.44634,0.64134,0.56431,0.30373,0.31787,0.18182,0.1306,0.03444,1.86482,1.55591,1.53534,2.16194,0,0.00061796,0.00061796,0.00061796
700,3133.14,1.04222,1.58881,0.79458,1.2666,0,0.66234,0.5,0.59082,0.33032,0.29518,0.18182,0.13037,0.03377,1.84889,1.52422,1.48602,2.11222,0,0.00061598,0.00061598,0.00061598
701,3137.55,1.02324,1.42564,0.77262,1.23883,0,0.65776,0.5,0.61547,0.33667,0.29095,0.27273,0.14884,0.03804,1.85156,1.51329,1.46542,2.0657,0,0.000614,0.000614,0.000614
702,3141.96,1.11656,1.48817,0.87713,1.28668,0,0.65745,0.47989,0.59986,0.34015,0.27377,0.20455,0.14825,0.03836,1.81043,1.5188,1.48916,2.03744,0,0.00061202,0.00061202,0.00061202
703,3146.54,1.14524,1.64685,0.85167,1.32837,0,0.61615,0.52273,0.58313,0.33135,0.23261,0.27273,0.1593,0.03704,1.76823,1.53986,1.5357,2.05111,0,0.00061004,0.00061004,0.00061004
704,3150.96,1.05998,1.52849,0.799,1.28135,0,0.61615,0.52273,0.58313,0.33135,0.23261,0.27273,0.1593,0.03704,1.76823,1.53986,1.5357,2.05111,0,0.00060806,0.00060806,0.00060806
705,3155.43,1.08097,1.5124,0.81425,1.28231,0,0.56355,0.52833,0.58152,0.33117,0.22932,0.27273,0.16827,0.03605,1.73925,1.55764,1.54071,2.06293,0,0.00060608,0.00060608,0.00060608
706,3159.9,1.04066,1.53199,0.80626,1.27477,0,0.55687,0.65694,0.5955,0.33789,0.25347,0.34091,0.17712,0.04056,1.7521,1.57301,1.49696,2.0822,0,0.0006041,0.0006041,0.0006041
707,3164.31,1.083,1.51395,0.77468,1.30673,0,0.69156,0.56066,0.61625,0.33617,0.25474,0.38636,0.17631,0.03657,1.77885,1.58178,1.4974,2.08551,0,0.00060212,0.00060212,0.00060212
708,3168.84,1.10183,1.62493,0.87367,1.33068,0,0.71115,0.54545,0.62646,0.33174,0.21622,0.31818,0.15894,0.03684,1.80698,1.57388,1.4841,2.09859,0,0.00060014,0.00060014,0.00060014
709,3173.45,1.12463,1.58868,0.81086,1.31649,0,0.63444,0.5,0.56558,0.29731,0.39331,0.15909,0.13086,0.0354,1.8331,1.56985,1.49528,2.11825,0,0.00059816,0.00059816,0.00059816
710,3177.86,1.03157,1.5342,0.79048,1.25637,0,0.63444,0.5,0.56558,0.29731,0.39331,0.15909,0.13086,0.0354,1.8331,1.56985,1.49528,2.11825,0,0.00059618,0.00059618,0.00059618
711,3182.28,1.05578,1.46873,0.78593,1.29441,0,0.42071,0.63636,0.51768,0.27789,0.18586,0.27273,0.12153,0.03681,1.84254,1.57833,1.53593,2.15611,0,0.0005942,0.0005942,0.0005942
712,3186.71,1.09099,1.51987,0.80609,1.28738,0,0.40902,0.63636,0.49164,0.26542,0.23119,0.29545,0.14571,0.03626,1.82583,1.58925,1.55688,2.15102,0,0.00059222,0.00059222,0.00059222
713,3191.25,1.14177,1.59354,0.84842,1.33334,0,0.58608,0.48281,0.51848,0.285,0.21574,0.20455,0.11859,0.03169,1.82219,1.59388,1.57506,2.14089,0,0.00059024,0.00059024,0.00059024
714,3195.55,1.09033,1.48695,0.80619,1.31016,0,0.58187,0.5,0.57269,0.30907,0.23919,0.25,0.13604,0.03562,1.84229,1.59768,1.57945,2.11556,0,0.00058826,0.00058826,0.00058826
715,3199.84,1.11649,1.55758,0.84297,1.30458,0,0.58187,0.5,0.57269,0.30907,0.23919,0.25,0.13604,0.03562,1.84229,1.59768,1.57945,2.11556,0,0.00058628,0.00058628,0.00058628
716,3204.46,1.12361,1.50563,0.83044,1.29261,0,0.58906,0.55396,0.61081,0.32631,0.28369,0.25,0.12623,0.02882,1.8322,1.60406,1.63569,2.09508,0,0.0005843,0.0005843,0.0005843
717,3208.91,1.09805,1.54336,0.81138,1.29428,0,0.57328,0.5,0.57804,0.31647,0.3786,0.22727,0.15938,0.03137,1.82455,1.57344,1.67802,2.10681,0,0.00058232,0.00058232,0.00058232
718,3213.3,1.15392,1.61079,0.85642,1.32494,0,0.63382,0.43276,0.54079,0.29878,0.40314,0.20455,0.13713,0.03718,1.84751,1.59195,1.74124,2.15763,0,0.00058034,0.00058034,0.00058034
719,3217.84,1.09325,1.57165,0.80648,1.29879,0,0.70103,0.38636,0.5071,0.26649,0.32639,0.18182,0.12283,0.03609,1.91255,1.59603,1.83113,2.19693,0,0.00057836,0.00057836,0.00057836
720,3222.15,1.14509,1.56885,0.86188,1.3529,0,0.70103,0.38636,0.5071,0.26649,0.32639,0.18182,0.12283,0.03609,1.91255,1.59603,1.83113,2.19693,0,0.00057638,0.00057638,0.00057638
721,3226.58,1.05955,1.48925,0.77827,1.27905,0,0.64961,0.38636,0.49041,0.25702,0.3063,0.18182,0.11753,0.03474,2.01265,1.61759,1.88083,2.24948,0,0.0005744,0.0005744,0.0005744
722,3230.95,1.05658,1.52408,0.80156,1.22758,0,0.51764,0.51232,0.50607,0.27234,0.1625,0.25,0.10266,0.03319,1.98869,1.60033,1.90461,2.22541,0,0.00057242,0.00057242,0.00057242
723,3235.44,1.08636,1.5184,0.81481,1.27743,0,0.49682,0.52273,0.51507,0.26846,0.20757,0.31818,0.11645,0.03395,1.90859,1.59674,1.82115,2.1547,0,0.00057044,0.00057044,0.00057044
724,3239.86,1.08477,1.55619,0.79051,1.30822,0,0.66149,0.45455,0.56867,0.29061,0.2696,0.31818,0.136,0.0346,1.85571,1.59774,1.64955,2.09803,0,0.00056846,0.00056846,0.00056846
725,3244.23,1.14908,1.61294,0.88401,1.33154,0,0.57235,0.54756,0.61878,0.33137,0.21611,0.27273,0.13646,0.03536,1.82796,1.56094,1.54666,2.07179,0,0.00056648,0.00056648,0.00056648
726,3248.63,1.11344,1.54695,0.79984,1.32168,0,0.57235,0.54756,0.61878,0.33137,0.21611,0.27273,0.13646,0.03536,1.82796,1.56094,1.54666,2.07179,0,0.0005645,0.0005645,0.0005645
727,3253.23,1.09493,1.50999,0.80371,1.26924,0,0.54789,0.56818,0.59246,0.33652,0.36738,0.15909,0.12841,0.03528,1.86618,1.54862,1.55041,2.08912,0,0.00056252,0.00056252,0.00056252
728,3257.58,1.08058,1.51398,0.81469,1.28549,0,0.60097,0.52273,0.57243,0.33275,0.34092,0.15909,0.15612,0.04354,1.85628,1.55123,1.5018,2.08967,0,0.00056054,0.00056054,0.00056054
729,3261.94,1.09607,1.54985,0.84234,1.31255,0,0.63159,0.50665,0.5783,0.33293,0.23924,0.22727,0.16951,0.04359,1.86556,1.55543,1.53023,2.11405,0,0.00055856,0.00055856,0.00055856
730,3266.5,1.1201,1.61667,0.85968,1.32234,0,0.69437,0.51648,0.59868,0.31846,0.21693,0.27273,0.17334,0.04422,1.88643,1.56151,1.51619,2.14663,0,0.00055658,0.00055658,0.00055658
731,3270.85,1.10742,1.60324,0.80381,1.33252,0,0.69437,0.51648,0.59868,0.31846,0.21693,0.27273,0.17334,0.04422,1.88643,1.56151,1.51619,2.14663,0,0.0005546,0.0005546,0.0005546
732,3275.31,1.07227,1.49585,0.79237,1.27734,0,0.63367,0.61364,0.62335,0.32356,0.29468,0.30397,0.19801,0.04074,1.86538,1.55957,1.5084,2.15592,0,0.00055262,0.00055262,0.00055262
733,3279.76,1.04922,1.5191,0.79822,1.26387,0,0.60487,0.59091,0.60149,0.30182,0.2798,0.27273,0.17012,0.03886,1.88156,1.56817,1.59397,2.15355,0,0.00055064,0.00055064,0.00055064
734,3284.14,1.09346,1.55429,0.80731,1.30961,0,0.58077,0.56675,0.57092,0.29678,0.27899,0.29545,0.16232,0.03797,1.85524,1.56723,1.66861,2.1116,0,0.00054866,0.00054866,0.00054866
735,3288.53,1.09479,1.58651,0.80545,1.29538,0,0.60322,0.56818,0.55073,0.30037,0.22451,0.25,0.14754,0.04335,1.83971,1.59063,1.6791,2.13946,0,0.00054668,0.00054668,0.00054668
736,3293.11,1.0127,1.4821,0.7665,1.251,0,0.60322,0.56818,0.55073,0.30037,0.22451,0.25,0.14754,0.04335,1.83971,1.59063,1.6791,2.13946,0,0.0005447,0.0005447,0.0005447
737,3297.74,1.04717,1.48697,0.75171,1.30612,0,0.56363,0.56818,0.54091,0.2923,0.23052,0.20455,0.12403,0.03344,1.81523,1.60121,1.7319,2.15988,0,0.00054272,0.00054272,0.00054272
738,3302.2,1.08418,1.55811,0.8145,1.31514,0,0.54802,0.56818,0.54562,0.30182,0.24524,0.25,0.13758,0.03719,1.77292,1.57266,1.71008,2.14267,0,0.00054074,0.00054074,0.00054074
739,3306.63,1.07282,1.53508,0.7872,1.2858,0,0.57138,0.60606,0.58099,0.3209,0.2972,0.25,0.15674,0.04492,1.79052,1.55226,1.63856,2.11878,0,0.00053876,0.00053876,0.00053876
740,3310.94,1.08996,1.57339,0.82886,1.28483,0,0.51856,0.63636,0.59124,0.33851,0.32162,0.27273,0.17826,0.04705,1.79135,1.54535,1.5851,2.08033,0,0.00053678,0.00053678,0.00053678
741,3315.32,1.06447,1.55987,0.82279,1.29789,0,0.50493,0.70455,0.57891,0.32451,0.33364,0.29545,0.1824,0.04725,1.77787,1.55369,1.57842,2.07105,0,0.0005348,0.0005348,0.0005348
742,3319.59,1.11658,1.64681,0.87033,1.30848,0,0.50493,0.70455,0.57891,0.32451,0.33364,0.29545,0.1824,0.04725,1.77787,1.55369,1.57842,2.07105,0,0.00053282,0.00053282,0.00053282
743,3324.23,1.03784,1.52482,0.77783,1.25728,0,0.43714,0.59091,0.54925,0.30818,0.34386,0.27273,0.17391,0.04645,1.80417,1.57993,1.62074,2.09739,0,0.00053084,0.00053084,0.00053084
744,3328.65,1.06443,1.48512,0.80767,1.28357,0,0.39684,0.70455,0.5403,0.30072,0.32105,0.29545,0.17062,0.04627,1.81861,1.6192,1.65606,2.11294,0,0.00052886,0.00052886,0.00052886
745,3332.99,1.03779,1.52892,0.77485,1.25504,0,0.56227,0.5,0.55505,0.30471,0.3166,0.25,0.16763,0.04695,1.82077,1.63989,1.61038,2.1033,0,0.00052688,0.00052688,0.00052688
746,3337.45,1.02344,1.53847,0.77939,1.24555,0,0.57358,0.5,0.5725,0.31164,0.2882,0.25,0.16783,0.04346,1.83121,1.64685,1.53524,2.11663,0,0.0005249,0.0005249,0.0005249
747,3341.98,1.07689,1.59002,0.83299,1.29909,0,0.57358,0.5,0.5725,0.31164,0.2882,0.25,0.16783,0.04346,1.83121,1.64685,1.53524,2.11663,0,0.00052292,0.00052292,0.00052292
748,3346.41,1.03453,1.5791,0.78465,1.25278,0,0.50932,0.59091,0.59273,0.32205,0.34315,0.22727,0.17271,0.04524,1.81731,1.62628,1.47364,2.10826,0,0.00052094,0.00052094,0.00052094
749,3350.98,1.02662,1.51667,0.78241,1.25521,0,0.60971,0.5,0.6061,0.33261,0.33803,0.25,0.17086,0.04691,1.82432,1.62986,1.45627,2.1265,0,0.00051896,0.00051896,0.00051896
750,3355.62,1.04098,1.56454,0.79321,1.28185,0,0.64733,0.5,0.6012,0.32943,0.3312,0.25,0.16994,0.04677,1.8143,1.6218,1.47554,2.12339,0,0.00051698,0.00051698,0.00051698
751,3360.07,1.08201,1.57921,0.82506,1.29859,0,0.55456,0.56818,0.58481,0.32688,0.28217,0.29545,0.1853,0.04892,1.7694,1.6039,1.51876,2.09373,0,0.000515,0.000515,0.000515
752,3364.42,1.04215,1.55129,0.77242,1.288,0,0.55456,0.56818,0.58481,0.32688,0.28217,0.29545,0.1853,0.04892,1.7694,1.6039,1.51876,2.09373,0,0.00051302,0.00051302,0.00051302
753,3368.82,1.06058,1.52541,0.79044,1.25413,0,0.54197,0.59091,0.56137,0.31097,0.29276,0.31818,0.18861,0.04933,1.76442,1.58673,1.54952,2.07513,0,0.00051104,0.00051104,0.00051104
754,3373.23,1.08331,1.46937,0.77315,1.27433,0,0.57044,0.52273,0.56209,0.31838,0.33335,0.29545,0.19776,0.04883,1.7743,1.58203,1.55767,2.08216,0,0.00050906,0.00050906,0.00050906
755,3377.69,1.10331,1.64306,0.82868,1.32941,0,0.5326,0.56818,0.54156,0.31324,0.34537,0.29545,0.19464,0.05047,1.73939,1.55521,1.58361,2.05755,0,0.00050708,0.00050708,0.00050708
756,3382.18,1.07677,1.53475,0.80935,1.28548,0,0.57364,0.55049,0.56946,0.32751,0.31144,0.29545,0.18638,0.04972,1.72276,1.54016,1.59108,2.03322,0,0.0005051,0.0005051,0.0005051
757,3386.59,1.06542,1.54638,0.79019,1.2727,0,0.59739,0.56818,0.56134,0.32436,0.24486,0.25,0.16244,0.0448,1.72747,1.53857,1.65528,2.01436,0,0.00050312,0.00050312,0.00050312
758,3391,1.10386,1.49444,0.81021,1.33083,0,0.59739,0.56818,0.56134,0.32436,0.24486,0.25,0.16244,0.0448,1.72747,1.53857,1.65528,2.01436,0,0.00050114,0.00050114,0.00050114
759,3395.36,1.05027,1.49417,0.78684,1.27572,0,0.55914,0.51894,0.52399,0.30777,0.26989,0.18491,0.15462,0.043,1.78131,1.55124,1.72968,2.05178,0,0.00049916,0.00049916,0.00049916
760,3399.7,1.00817,1.45421,0.74961,1.24969,0,0.55178,0.47727,0.49553,0.29426,0.26666,0.20455,0.14371,0.03892,1.83051,1.59066,1.93968,2.0803,0,0.00049718,0.00049718,0.00049718
761,3404.11,1.04564,1.52834,0.77704,1.27982,0,0.53596,0.47259,0.47573,0.27815,0.28917,0.15909,0.14174,0.03891,1.82757,1.62211,2.00375,2.07617,0,0.0004952,0.0004952,0.0004952
762,3408.42,1.05372,1.538,0.80502,1.26903,0,0.51282,0.40909,0.46119,0.26377,0.28105,0.15909,0.14548,0.03984,1.83409,1.62227,1.94994,2.08711,0,0.00049322,0.00049322,0.00049322
763,3412.9,1.0047,1.50644,0.76197,1.25016,0,0.51282,0.40909,0.46119,0.26377,0.28105,0.15909,0.14548,0.03984,1.83409,1.62227,1.94994,2.08711,0,0.00049124,0.00049124,0.00049124
764,3417.4,1.03029,1.47724,0.75693,1.24367,0,0.39127,0.62823,0.50239,0.27644,0.31524,0.178,0.14899,0.04351,1.79997,1.60627,1.81947,2.07346,0,0.00048926,0.00048926,0.00048926
765,3421.85,1.03858,1.50687,0.79742,1.29508,0,0.56323,0.5,0.53667,0.29532,0.3019,0.15909,0.14345,0.03979,1.76536,1.59881,1.70499,2.07076,0,0.00048728,0.00048728,0.00048728
766,3426.25,1.05151,1.55806,0.77292,1.26003,0,0.56418,0.50015,0.5524,0.30351,0.29105,0.27273,0.1733,0.04531,1.76246,1.5861,1.6408,2.07473,0,0.0004853,0.0004853,0.0004853
767,3430.73,1.0515,1.57635,0.78417,1.2824,0,0.63988,0.52273,0.59032,0.32436,0.32558,0.25,0.18221,0.04416,1.78851,1.57978,1.61853,2.09517,0,0.00048332,0.00048332,0.00048332
768,3435.16,1.0788,1.51817,0.76581,1.31223,0,0.63988,0.52273,0.59032,0.32436,0.32558,0.25,0.18221,0.04416,1.78851,1.57978,1.61853,2.09517,0,0.00048134,0.00048134,0.00048134
769,3439.46,1.07073,1.54948,0.77785,1.26341,0,0.588,0.59091,0.58986,0.31927,0.29001,0.29545,0.18785,0.04922,1.79466,1.56936,1.63237,2.1183,0,0.00047936,0.00047936,0.00047936
770,3444.09,1.06907,1.64375,0.80433,1.29424,0,0.62332,0.59091,0.61673,0.33939,0.2948,0.29545,0.19062,0.052,1.7954,1.57196,1.68343,2.13438,0,0.00047738,0.00047738,0.00047738
771,3448.48,0.97486,1.45688,0.74463,1.23995,0,0.66619,0.54545,0.63241,0.34962,0.33697,0.25,0.19552,0.04788,1.79832,1.57615,1.76559,2.13276,0,0.0004754,0.0004754,0.0004754
772,3452.91,1.06658,1.5488,0.8162,1.26833,0,0.64647,0.56818,0.61664,0.34122,0.31223,0.25809,0.18161,0.04601,1.82817,1.62101,1.77743,2.14814,0,0.00047342,0.00047342,0.00047342
773,3457.33,1.04153,1.56074,0.78629,1.28564,0,0.57027,0.61364,0.59663,0.33297,0.39062,0.22727,0.18517,0.04576,1.83954,1.64286,1.70123,2.14865,0,0.00047144,0.00047144,0.00047144
774,3461.82,1.08969,1.60018,0.83042,1.2659,0,0.57027,0.61364,0.59663,0.33297,0.39062,0.22727,0.18517,0.04576,1.83954,1.64286,1.70123,2.14865,0,0.00046946,0.00046946,0.00046946
775,3466.19,1.0236,1.55458,0.79812,1.26821,0,0.54151,0.59091,0.58308,0.30556,0.51429,0.19286,0.18821,0.04396,1.89003,1.66837,1.63143,2.21484,0,0.00046748,0.00046748,0.00046748
776,3470.74,1.06704,1.49283,0.77804,1.29538,0,0.44714,0.55152,0.52543,0.3039,0.54475,0.21788,0.18557,0.04356,1.8993,1.65096,1.58838,2.25147,0,0.0004655,0.0004655,0.0004655
777,3475.22,1.05382,1.54407,0.77592,1.27243,0,0.58859,0.5203,0.55676,0.30448,0.34871,0.20455,0.15776,0.04078,1.93863,1.63379,1.60213,2.283,0,0.00046352,0.00046352,0.00046352
778,3479.56,1.11225,1.52824,0.8574,1.34742,0,0.62538,0.53131,0.57775,0.31111,0.30428,0.25858,0.15938,0.03495,1.90477,1.58543,1.60957,2.26304,0,0.00046154,0.00046154,0.00046154
779,3484.03,0.98649,1.39016,0.72702,1.24293,0,0.62538,0.53131,0.57775,0.31111,0.30428,0.25858,0.15938,0.03495,1.90477,1.58543,1.60957,2.26304,0,0.00045956,0.00045956,0.00045956
780,3488.41,1.06575,1.61369,0.81608,1.29938,0,0.51937,0.56818,0.56236,0.31229,0.2675,0.25,0.16397,0.03846,1.89312,1.53865,1.64053,2.24031,0,0.00045758,0.00045758,0.00045758
781,3492.89,1.02783,1.53104,0.7741,1.25712,0,0.58504,0.52273,0.54229,0.30895,0.25563,0.25,0.17032,0.0374,1.88264,1.50347,1.64398,2.2215,0,0.0004556,0.0004556,0.0004556
782,3497.37,1.01496,1.44063,0.75418,1.24724,0,0.55838,0.47727,0.53409,0.29931,0.29368,0.26472,0.18422,0.03655,1.85961,1.50387,1.67988,2.19223,0,0.00045362,0.00045362,0.00045362
783,3501.75,0.99791,1.47108,0.74915,1.24331,0,0.50423,0.54545,0.54357,0.29431,0.51804,0.22012,0.23221,0.04075,1.87513,1.51783,1.65701,2.2041,0,0.00045164,0.00045164,0.00045164
784,3506.22,1.02242,1.47671,0.77738,1.22693,0,0.50423,0.54545,0.54357,0.29431,0.51804,0.22012,0.23221,0.04075,1.87513,1.51783,1.65701,2.2041,0,0.00044966,0.00044966,0.00044966
785,3510.67,1.0339,1.50536,0.79173,1.25274,0,0.57728,0.5588,0.5456,0.28752,0.34701,0.36364,0.24416,0.04688,1.88962,1.55843,1.65787,2.22473,0,0.00044768,0.00044768,0.00044768
786,3515.11,1.04997,1.47602,0.7782,1.26432,0,0.54976,0.58288,0.52627,0.27401,0.33491,0.36364,0.23342,0.04232,1.92169,1.62558,1.63432,2.2352,0,0.0004457,0.0004457,0.0004457
787,3519.66,1.03505,1.51256,0.77308,1.25289,0,0.5284,0.61364,0.52876,0.27144,0.28293,0.31818,0.15437,0.03652,1.92343,1.68037,1.6106,2.25548,0,0.00044372,0.00044372,0.00044372
788,3524.01,1.02248,1.46816,0.75624,1.24136,0,0.52981,0.61364,0.5362,0.27545,0.31762,0.31818,0.1651,0.03199,1.90615,1.69701,1.61925,2.23548,0,0.00044174,0.00044174,0.00044174
789,3528.5,1.02367,1.57101,0.78831,1.24925,0,0.49469,0.6231,0.52706,0.27435,0.31052,0.27273,0.15726,0.03463,1.8759,1.68686,1.64843,2.1986,0,0.00043976,0.00043976,0.00043976
790,3532.91,0.95721,1.46535,0.74591,1.21758,0,0.49469,0.6231,0.52706,0.27435,0.31052,0.27273,0.15726,0.03463,1.8759,1.68686,1.64843,2.1986,0,0.00043778,0.00043778,0.00043778
791,3537.46,0.99445,1.44285,0.75329,1.26281,0,0.59443,0.5,0.54099,0.30416,0.31381,0.20455,0.15174,0.03321,1.82608,1.65842,1.67639,2.15878,0,0.0004358,0.0004358,0.0004358
792,3541.78,1.06088,1.51907,0.77748,1.28154,0,0.55527,0.56818,0.53088,0.29681,0.3383,0.22727,0.14522,0.03705,1.80744,1.63576,1.68987,2.13238,0,0.00043382,0.00043382,0.00043382
793,3546.3,1.03202,1.62741,0.77078,1.26549,0,0.63697,0.47727,0.52097,0.28727,0.27299,0.20455,0.12806,0.03504,1.80685,1.62242,1.63778,2.14184,0,0.00043184,0.00043184,0.00043184
794,3550.71,1.04798,1.56462,0.75492,1.28476,0,0.5585,0.56818,0.52759,0.29421,0.28621,0.18182,0.13667,0.03429,1.81825,1.60618,1.63828,2.16192,0,0.00042986,0.00042986,0.00042986
795,3555.03,1.05904,1.48863,0.7902,1.25056,0,0.5585,0.56818,0.52759,0.29421,0.28621,0.18182,0.13667,0.03429,1.81825,1.60618,1.63828,2.16192,0,0.00042788,0.00042788,0.00042788
796,3559.46,1.03001,1.50905,0.79395,1.26626,0,0.47929,0.61364,0.51658,0.28455,0.25019,0.27273,0.15074,0.03501,1.81506,1.59293,1.64487,2.17974,0,0.0004259,0.0004259,0.0004259
797,3564.17,1.0137,1.50143,0.77269,1.2684,0,0.50816,0.52273,0.49604,0.27127,0.22967,0.29545,0.14609,0.03444,1.84706,1.59135,1.67131,2.21259,0,0.00042392,0.00042392,0.00042392
798,3568.55,1.01609,1.43132,0.76143,1.26195,0,0.43435,0.59091,0.47057,0.26357,0.19877,0.27273,0.12691,0.03339,1.85751,1.59367,1.71878,2.22748,0,0.00042194,0.00042194,0.00042194
799,3572.95,1.03203,1.49649,0.76021,1.24208,0,0.4269,0.55877,0.45396,0.25693,0.44206,0.15909,0.12353,0.0325,1.88442,1.59554,1.75253,2.27085,0,0.00041996,0.00041996,0.00041996
800,3577.35,1.0308,1.48655,0.7838,1.26105,0,0.4269,0.55877,0.45396,0.25693,0.44206,0.15909,0.12353,0.0325,1.88442,1.59554,1.75253,2.27085,0,0.00041798,0.00041798,0.00041798
801,3581.81,1.01934,1.47462,0.76463,1.26803,0,0.43511,0.5,0.44729,0.25582,0.44094,0.15909,0.13322,0.03523,1.90289,1.5925,1.78569,2.32423,0,0.000416,0.000416,0.000416
802,3586.14,0.97349,1.41273,0.73247,1.2077,0,0.4653,0.54545,0.45938,0.27384,0.21118,0.29545,0.15331,0.0416,1.87285,1.55864,1.75617,2.2989,0,0.00041402,0.00041402,0.00041402
803,3590.55,1.02664,1.54077,0.78167,1.26279,0,0.51815,0.61103,0.46971,0.27697,0.27288,0.31818,0.18287,0.04798,1.86208,1.54812,1.72942,2.28407,0,0.00041204,0.00041204,0.00041204
804,3594.96,1.06476,1.57918,0.80846,1.27815,0,0.5311,0.56818,0.48858,0.28733,0.27111,0.29545,0.16361,0.04206,1.85971,1.55489,1.73989,2.26286,0,0.00041006,0.00041006,0.00041006
805,3599.43,1.03029,1.53217,0.77237,1.26106,0,0.53953,0.59091,0.52552,0.30445,0.3255,0.36364,0.20264,0.04841,1.84681,1.56286,1.67431,2.22923,0,0.00040808,0.00040808,0.00040808
806,3603.82,1.02137,1.46629,0.78654,1.27089,0,0.53953,0.59091,0.52552,0.30445,0.3255,0.36364,0.20264,0.04841,1.84681,1.56286,1.67431,2.22923,0,0.0004061,0.0004061,0.0004061
807,3608.21,0.96915,1.3936,0.7293,1.21559,0,0.64985,0.5,0.54696,0.3229,0.36523,0.34091,0.21882,0.05229,1.86116,1.56157,1.64275,2.22379,0,0.00040412,0.00040412,0.00040412
808,3612.75,1.03542,1.53633,0.75903,1.26119,0,0.63753,0.5,0.56464,0.33087,0.2736,0.29545,0.18663,0.05195,1.8617,1.59868,1.67101,2.23114,0,0.00040214,0.00040214,0.00040214
809,3617.12,1.056,1.53801,0.8081,1.29144,0,0.59311,0.56818,0.5835,0.33273,0.22825,0.29545,0.17653,0.05245,1.82987,1.61409,1.56632,2.23741,0,0.00040016,0.00040016,0.00040016
810,3621.61,1.00747,1.43976,0.7556,1.24888,0,0.62785,0.6135,0.59789,0.32053,0.22298,0.27273,0.17751,0.05431,1.85693,1.6119,1.53492,2.28235,0,0.00039818,0.00039818,0.00039818
811,3626.16,1.00228,1.47914,0.7836,1.23837,0,0.62785,0.6135,0.59789,0.32053,0.22298,0.27273,0.17751,0.05431,1.85693,1.6119,1.53492,2.28235,0,0.0003962,0.0003962,0.0003962
812,3630.59,1.04118,1.41097,0.76283,1.24468,0,0.62383,0.63636,0.59429,0.31887,0.25092,0.27273,0.17756,0.05367,1.88711,1.64004,1.49961,2.30383,0,0.00039422,0.00039422,0.00039422
813,3634.96,1.0323,1.452,0.79292,1.27071,0,0.59513,0.61364,0.5718,0.30694,0.24727,0.27273,0.17605,0.04928,1.89901,1.65936,1.46402,2.31378,0,0.00039224,0.00039224,0.00039224
814,3639.31,1.04085,1.44272,0.74077,1.23212,0,0.55934,0.61364,0.53256,0.29245,0.22913,0.25,0.16331,0.04646,1.86247,1.62666,1.48767,2.26868,0,0.00039026,0.00039026,0.00039026
815,3643.75,0.9971,1.50123,0.74018,1.18714,0,0.56925,0.57072,0.51652,0.28295,0.24782,0.27273,0.16829,0.04628,1.85955,1.61999,1.56089,2.25613,0,0.00038828,0.00038828,0.00038828
816,3648.19,0.99533,1.58579,0.76029,1.26701,0,0.56925,0.57072,0.51652,0.28295,0.24782,0.27273,0.16829,0.04628,1.85955,1.61999,1.56089,2.25613,0,0.0003863,0.0003863,0.0003863
817,3652.62,1.01676,1.49335,0.76982,1.23276,0,0.55062,0.5849,0.49322,0.27695,0.33116,0.27273,0.18625,0.04727,1.85637,1.59761,1.62075,2.2353,0,0.00038432,0.00038432,0.00038432
818,3657.27,1.08375,1.61576,0.83335,1.27674,0,0.58357,0.61364,0.52321,0.29433,0.33664,0.34091,0.20761,0.05018,1.85338,1.57858,1.69331,2.22608,0,0.00038234,0.00038234,0.00038234
819,3661.68,0.9978,1.43793,0.73956,1.25701,0,0.52089,0.6178,0.50626,0.29411,0.30067,0.31818,0.19401,0.04753,1.83616,1.56573,1.72581,2.20254,0,0.00038036,0.00038036,0.00038036
820,3665.95,1.05174,1.60224,0.77898,1.25702,0,0.51079,0.59328,0.49795,0.29957,0.29529,0.27273,0.16891,0.04616,1.81003,1.55375,1.69721,2.17492,0,0.00037838,0.00037838,0.00037838
821,3670.33,0.98178,1.49657,0.72385,1.23804,0,0.55757,0.56818,0.51431,0.30118,0.27722,0.27273,0.16509,0.04255,1.809,1.55029,1.68464,2.16539,0,0.0003764,0.0003764,0.0003764
822,3674.82,0.96177,1.39179,0.70621,1.21416,0,0.55757,0.56818,0.51431,0.30118,0.27722,0.27273,0.16509,0.04255,1.809,1.55029,1.68464,2.16539,0,0.00037442,0.00037442,0.00037442
823,3679.24,1.04782,1.5945,0.79091,1.29274,0,0.5249,0.59091,0.53938,0.30765,0.28469,0.29545,0.17628,0.04502,1.82014,1.56316,1.70988,2.16903,0,0.00037244,0.00037244,0.00037244
824,3683.78,0.99848,1.49427,0.74175,1.23259,0,0.54197,0.61364,0.52831,0.29619,0.26787,0.29545,0.16911,0.04412,1.8146,1.57346,1.6959,2.18685,0,0.00037046,0.00037046,0.00037046
825,3688.25,1.07354,1.46769,0.79312,1.27781,0,0.56676,0.61364,0.55134,0.31357,0.3019,0.31458,0.21749,0.0471,1.80149,1.58431,1.72541,2.19875,0,0.00036848,0.00036848,0.00036848
826,3692.67,0.96272,1.42847,0.73666,1.24555,0,0.59449,0.63311,0.56063,0.3069,0.32418,0.27273,0.2112,0.04737,1.80721,1.5849,1.68506,2.21887,0,0.0003665,0.0003665,0.0003665
827,3696.98,1.00874,1.41555,0.75015,1.26887,0,0.59449,0.63311,0.56063,0.3069,0.32418,0.27273,0.2112,0.04737,1.80721,1.5849,1.68506,2.21887,0,0.00036452,0.00036452,0.00036452
828,3701.56,1.0261,1.41353,0.75823,1.25907,0,0.55226,0.64486,0.57687,0.30748,0.30199,0.27273,0.20562,0.04747,1.85556,1.58062,1.62044,2.30054,0,0.00036254,0.00036254,0.00036254
829,3705.97,1.04148,1.5568,0.79792,1.23725,0,0.61551,0.61859,0.59288,0.31505,0.23535,0.2799,0.16572,0.0457,1.87578,1.57924,1.62166,2.32773,0,0.00036056,0.00036056,0.00036056
830,3710.36,0.9977,1.53139,0.74887,1.25824,0,0.60887,0.61364,0.55579,0.28982,0.22981,0.27273,0.14641,0.04375,1.89186,1.58549,1.66013,2.32997,0,0.00035858,0.00035858,0.00035858
831,3714.82,0.99324,1.4502,0.75303,1.24084,0,0.54583,0.59091,0.52965,0.29037,0.29783,0.20455,0.14782,0.04214,1.91826,1.601,1.69746,2.32963,0,0.0003566,0.0003566,0.0003566
832,3719.29,1.05738,1.45086,0.77426,1.24152,0,0.54583,0.59091,0.52965,0.29037,0.29783,0.20455,0.14782,0.04214,1.91826,1.601,1.69746,2.32963,0,0.00035462,0.00035462,0.00035462
833,3723.69,0.9668,1.44113,0.76016,1.22127,0,0.4907,0.56818,0.48561,0.26368,0.28157,0.27273,0.15861,0.04245,1.888,1.61445,1.72846,2.27065,0,0.00035264,0.00035264,0.00035264
834,3728.07,1.01911,1.52313,0.7464,1.27576,0,0.4066,0.59178,0.48962,0.25295,0.25007,0.25,0.14644,0.03713,1.87891,1.62773,1.7172,2.24195,0,0.00035066,0.00035066,0.00035066
835,3732.51,0.99281,1.37037,0.73687,1.24376,0,0.44236,0.61364,0.51084,0.26389,0.2793,0.25,0.15453,0.03872,1.88216,1.63676,1.7044,2.27724,0,0.00034868,0.00034868,0.00034868
836,3737,1.05118,1.48472,0.77066,1.29257,0,0.49441,0.59091,0.53689,0.27709,0.25656,0.22727,0.15473,0.03731,1.86747,1.63291,1.71672,2.26632,0,0.0003467,0.0003467,0.0003467
837,3741.43,1.04862,1.55347,0.77987,1.29095,0,0.54397,0.56818,0.55486,0.28685,0.25091,0.25,0.15183,0.03893,1.87932,1.61701,1.78623,2.27412,0,0.00034472,0.00034472,0.00034472
838,3745.97,1.07586,1.50828,0.76688,1.27991,0,0.54397,0.56818,0.55486,0.28685,0.25091,0.25,0.15183,0.03893,1.87932,1.61701,1.78623,2.27412,0,0.00034274,0.00034274,0.00034274
839,3750.4,1.02783,1.46491,0.7518,1.23487,0,0.5606,0.56818,0.5516,0.29864,0.28789,0.27273,0.1611,0.03877,1.83669,1.59124,1.75191,2.23118,0,0.00034076,0.00034076,0.00034076
840,3754.82,1.03407,1.51823,0.76361,1.24743,0,0.5226,0.61364,0.56599,0.30623,0.25337,0.25,0.16061,0.03833,1.81844,1.58669,1.72738,2.23833,0,0.00033878,0.00033878,0.00033878
841,3759.12,0.94176,1.4213,0.73809,1.21258,0,0.62226,0.48687,0.5402,0.28549,0.32737,0.29545,0.18415,0.04593,1.83753,1.5808,1.70395,2.25653,0,0.0003368,0.0003368,0.0003368
842,3763.55,1.00446,1.47339,0.79342,1.275,0,0.65518,0.5615,0.56428,0.29898,0.34704,0.27273,0.17736,0.04471,1.84818,1.58957,1.68339,2.23712,0,0.00033482,0.00033482,0.00033482
843,3767.93,0.97552,1.4774,0.71428,1.22188,0,0.65518,0.5615,0.56428,0.29898,0.34704,0.27273,0.17736,0.04471,1.84818,1.58957,1.68339,2.23712,0,0.00033284,0.00033284,0.00033284
844,3772.35,1.10215,1.52198,0.77778,1.3006,0,0.64635,0.56818,0.56588,0.2967,0.27498,0.29545,0.15526,0.04192,1.86007,1.58889,1.69829,2.1958,0,0.00033086,0.00033086,0.00033086
845,3777.02,1.00613,1.57375,0.77235,1.23351,0,0.58987,0.56818,0.56044,0.30028,0.27572,0.29545,0.16118,0.03976,1.89427,1.60009,1.72747,2.20089,0,0.00032888,0.00032888,0.00032888
846,3781.53,0.96641,1.43706,0.72036,1.19757,0,0.62931,0.61364,0.56179,0.29892,0.30016,0.31203,0.17086,0.04396,1.90793,1.63447,1.72507,2.23391,0,0.0003269,0.0003269,0.0003269
847,3785.92,0.99794,1.47025,0.76274,1.2701,0,0.61856,0.58971,0.56908,0.30062,0.28939,0.31474,0.1672,0.0374,1.88105,1.65275,1.64854,2.23716,0,0.00032492,0.00032492,0.00032492
848,3790.31,0.99392,1.43013,0.72768,1.25636,0,0.61856,0.58971,0.56908,0.30062,0.28939,0.31474,0.1672,0.0374,1.88105,1.65275,1.64854,2.23716,0,0.00032294,0.00032294,0.00032294
849,3794.66,1.01801,1.60911,0.77992,1.25683,0,0.54102,0.64304,0.55905,0.29445,0.24477,0.29545,0.14172,0.03801,1.85987,1.65944,1.60067,2.23544,0,0.00032096,0.00032096,0.00032096
850,3799.01,0.99272,1.46057,0.7512,1.23582,0,0.60153,0.56818,0.55707,0.29563,0.24926,0.27273,0.12885,0.03897,1.88996,1.67198,1.62681,2.28201,0,0.00031898,0.00031898,0.00031898
851,3803.44,1.02334,1.50826,0.74936,1.24713,0,0.58789,0.55126,0.55262,0.29004,0.2485,0.23308,0.12149,0.0379,1.89637,1.65932,1.65561,2.28338,0,0.000317,0.000317,0.000317
852,3807.87,0.98588,1.40917,0.72319,1.2006,0,0.62027,0.59091,0.55906,0.30007,0.24521,0.24376,0.13111,0.03975,1.87485,1.65586,1.66847,2.266,0,0.00031502,0.00031502,0.00031502
853,3812.36,0.94486,1.36179,0.70383,1.21131,0,0.63828,0.60169,0.56155,0.29333,0.26273,0.27273,0.15682,0.03856,1.85029,1.64445,1.70594,2.22518,0,0.00031304,0.00031304,0.00031304
854,3816.64,0.98105,1.42146,0.74205,1.23029,0,0.63828,0.60169,0.56155,0.29333,0.26273,0.27273,0.15682,0.03856,1.85029,1.64445,1.70594,2.22518,0,0.00031106,0.00031106,0.00031106
855,3821.06,1.03381,1.55324,0.75729,1.25786,0,0.62515,0.60657,0.55434,0.29623,0.28087,0.29545,0.14169,0.03782,1.83357,1.63252,1.67151,2.2047,0,0.00030908,0.00030908,0.00030908
856,3825.52,1.01392,1.46258,0.77246,1.27113,0,0.57181,0.57677,0.5191,0.28877,0.35198,0.29545,0.18393,0.0444,1.81646,1.62019,1.66703,2.15876,0,0.0003071,0.0003071,0.0003071
857,3830.07,1.02157,1.52536,0.7498,1.25926,0,0.51977,0.59091,0.51363,0.29557,0.25789,0.29545,0.1466,0.03911,1.80675,1.60853,1.67629,2.16159,0,0.00030512,0.00030512,0.00030512
858,3834.58,0.96562,1.41271,0.75354,1.24299,0,0.51032,0.59216,0.51917,0.29933,0.26811,0.29545,0.15089,0.04159,1.83079,1.60107,1.68337,2.1962,0,0.00030314,0.00030314,0.00030314
859,3838.86,0.99727,1.47527,0.73528,1.20606,0,0.51032,0.59216,0.51917,0.29933,0.26811,0.29545,0.15089,0.04159,1.83079,1.60107,1.68337,2.1962,0,0.00030116,0.00030116,0.00030116
860,3843.29,0.9761,1.37741,0.73039,1.22443,0,0.53298,0.63636,0.52985,0.3058,0.2401,0.29545,0.14844,0.03798,1.80105,1.60813,1.63811,2.16966,0,0.00029918,0.00029918,0.00029918
861,3847.64,0.96963,1.43837,0.72754,1.21778,0,0.5495,0.63636,0.5738,0.32374,0.29135,0.29545,0.17829,0.03951,1.78731,1.61063,1.6215,2.15295,0,0.0002972,0.0002972,0.0002972
862,3852.04,0.98326,1.50194,0.74323,1.24205,0,0.50085,0.63636,0.56789,0.3198,0.2769,0.27273,0.17126,0.03964,1.80957,1.59734,1.6026,2.16195,0,0.00029522,0.00029522,0.00029522
863,3856.54,0.9451,1.40602,0.70044,1.18303,0,0.53439,0.61364,0.55645,0.3108,0.51685,0.20455,0.17231,0.03988,1.8343,1.5942,1.6244,2.18505,0,0.00029324,0.00029324,0.00029324
864,3860.94,0.99332,1.48194,0.74602,1.23785,0,0.53439,0.61364,0.55645,0.3108,0.51685,0.20455,0.17231,0.03988,1.8343,1.5942,1.6244,2.18505,0,0.00029126,0.00029126,0.00029126
865,3865.53,1.01616,1.52744,0.76817,1.24032,0,0.46851,0.54545,0.53309,0.30733,0.25665,0.27273,0.13429,0.03878,1.83009,1.61982,1.61986,2.19412,0,0.00028928,0.00028928,0.00028928
866,3869.96,1.0084,1.49829,0.73749,1.2302,0,0.51744,0.5,0.52979,0.30817,0.31253,0.22727,0.12933,0.03831,1.82503,1.64079,1.61017,2.19866,0,0.0002873,0.0002873,0.0002873
867,3874.5,0.99574,1.49318,0.71545,1.23136,0,0.62348,0.45169,0.51539,0.29395,0.28402,0.22727,0.10864,0.03539,1.81421,1.63279,1.60616,2.20913,0,0.00028532,0.00028532,0.00028532
868,3878.94,0.98532,1.36183,0.73058,1.23274,0,0.49956,0.61364,0.53559,0.29969,0.29296,0.25,0.12679,0.03847,1.81685,1.63042,1.60889,2.22582,0,0.00028334,0.00028334,0.00028334
869,3883.33,1.01598,1.53736,0.72982,1.23811,0,0.53556,0.65525,0.56863,0.31972,0.31861,0.25,0.12714,0.03563,1.81034,1.60796,1.61075,2.23497,0,0.00028136,0.00028136,0.00028136
870,3887.65,0.99257,1.48971,0.75221,1.22244,0,0.53556,0.65525,0.56863,0.31972,0.31861,0.25,0.12714,0.03563,1.81034,1.60796,1.61075,2.23497,0,0.00027938,0.00027938,0.00027938
871,3892.08,0.99818,1.55733,0.75644,1.23487,0,0.57746,0.63636,0.58223,0.32342,0.25558,0.20455,0.1129,0.03499,1.79479,1.59286,1.63916,2.21567,0,0.0002774,0.0002774,0.0002774
872,3896.66,0.96118,1.36671,0.70981,1.21856,0,0.58692,0.63636,0.58269,0.32399,0.25809,0.26103,0.11983,0.03214,1.7888,1.58578,1.63243,2.20155,0,0.00027542,0.00027542,0.00027542
873,3901.17,1.01563,1.46579,0.73945,1.24304,0,0.61164,0.61364,0.58247,0.32415,0.26475,0.27273,0.1307,0.0332,1.79671,1.58822,1.62232,2.18846,0,0.00027344,0.00027344,0.00027344
874,3905.59,0.98929,1.47292,0.70136,1.23414,0,0.61558,0.61364,0.57398,0.3242,0.26529,0.27273,0.125,0.03019,1.80444,1.59892,1.57817,2.18286,0,0.00027146,0.00027146,0.00027146
875,3909.86,0.99223,1.40918,0.74507,1.24068,0,0.61558,0.61364,0.57398,0.3242,0.26529,0.27273,0.125,0.03019,1.80444,1.59892,1.57817,2.18286,0,0.00026948,0.00026948,0.00026948
876,3914.28,0.99272,1.56062,0.74294,1.23602,0,0.5559,0.62599,0.57624,0.32326,0.2726,0.29545,0.14718,0.032,1.8031,1.60784,1.56737,2.17277,0,0.0002675,0.0002675,0.0002675
877,3918.63,0.96022,1.423,0.72398,1.22135,0,0.47237,0.65909,0.54788,0.31731,0.19393,0.25,0.12693,0.03049,1.791,1.62512,1.57008,2.15162,0,0.00026552,0.00026552,0.00026552
878,3923.18,0.98425,1.45042,0.74343,1.23122,0,0.51282,0.72727,0.56722,0.32282,0.20259,0.27273,0.15025,0.03576,1.80644,1.6302,1.5828,2.16128,0,0.00026354,0.00026354,0.00026354
879,3927.6,0.99617,1.41735,0.7137,1.22289,0,0.51833,0.68182,0.56563,0.31815,0.22619,0.29545,0.16383,0.03957,1.82088,1.64827,1.60301,2.16806,0,0.00026156,0.00026156,0.00026156
880,3932.05,0.96025,1.40434,0.7045,1.19594,0,0.51833,0.68182,0.56563,0.31815,0.22619,0.29545,0.16383,0.03957,1.82088,1.64827,1.60301,2.16806,0,0.00025958,0.00025958,0.00025958
881,3936.47,1.00496,1.48825,0.72682,1.21534,0,0.52216,0.65909,0.53555,0.31184,0.23884,0.29545,0.16534,0.04242,1.83549,1.65144,1.66453,2.1543,0,0.0002576,0.0002576,0.0002576
882,3940.88,1.0386,1.54771,0.7627,1.23185,0,0.50193,0.65909,0.52378,0.30093,0.3529,0.20455,0.15462,0.03908,1.84363,1.65406,1.73901,2.15276,0,0.00025562,0.00025562,0.00025562
883,3945.25,0.97478,1.43478,0.7268,1.20584,0,0.4974,0.62986,0.51609,0.29527,0.26958,0.27273,0.14614,0.0385,1.85123,1.65356,1.78953,2.171,0,0.00025364,0.00025364,0.00025364
884,3949.69,0.99796,1.46599,0.78046,1.24043,0,0.56963,0.54153,0.49544,0.2644,0.31235,0.29545,0.15507,0.0385,1.82809,1.63439,1.81099,2.16277,0,0.00025166,0.00025166,0.00025166
885,3954.24,0.96365,1.44335,0.71473,1.19929,0,0.57683,0.52273,0.50718,0.27916,0.30348,0.27273,0.14032,0.03609,1.80583,1.62838,1.80333,2.13676,0,0.00024968,0.00024968,0.00024968
886,3958.77,0.92213,1.38769,0.69396,1.19422,0,0.57683,0.52273,0.50718,0.27916,0.30348,0.27273,0.14032,0.03609,1.80583,1.62838,1.80333,2.13676,0,0.0002477,0.0002477,0.0002477
887,3963.26,0.96117,1.45915,0.71313,1.22582,0,0.59686,0.56818,0.51919,0.28754,0.3087,0.27273,0.14261,0.03618,1.80944,1.63,1.79144,2.14469,0,0.00024572,0.00024572,0.00024572
888,3967.58,0.94964,1.38347,0.69563,1.18561,0,0.57825,0.59207,0.5267,0.29348,0.31212,0.25,0.15052,0.03973,1.80163,1.63167,1.79072,2.13894,0,0.00024374,0.00024374,0.00024374
889,3971.92,0.9047,1.31717,0.66204,1.19822,0,0.63888,0.59091,0.54091,0.30193,0.35554,0.27273,0.17511,0.04334,1.79896,1.60145,1.78187,2.13043,0,0.00024176,0.00024176,0.00024176
890,3976.41,0.97283,1.5249,0.73674,1.23182,0,0.59085,0.59091,0.54057,0.30888,0.36704,0.25,0.18376,0.04764,1.77127,1.57716,1.76606,2.11272,0,0.00023978,0.00023978,0.00023978
891,3980.73,1.00689,1.47961,0.731,1.23503,0,0.59085,0.59091,0.54057,0.30888,0.36704,0.25,0.18376,0.04764,1.77127,1.57716,1.76606,2.11272,0,0.0002378,0.0002378,0.0002378
892,3985.33,0.96371,1.45883,0.72388,1.20954,0,0.55516,0.59091,0.55245,0.31487,0.34906,0.25,0.18452,0.04816,1.77704,1.56735,1.79225,2.13584,0,0.00023582,0.00023582,0.00023582
893,3989.7,0.9642,1.37218,0.70231,1.20604,0,0.5541,0.56818,0.55837,0.32578,0.30791,0.29545,0.18236,0.04969,1.78645,1.55909,1.79221,2.14282,0,0.00023384,0.00023384,0.00023384
894,3994.2,1.0135,1.47462,0.74465,1.23437,0,0.56483,0.59091,0.57568,0.32834,0.3463,0.29545,0.18338,0.04903,1.81003,1.56653,1.76256,2.15283,0,0.00023186,0.00023186,0.00023186
895,3998.59,0.99681,1.43113,0.72019,1.22829,0,0.62325,0.56405,0.57497,0.32035,0.32333,0.25,0.1667,0.04607,1.7937,1.58226,1.74428,2.12248,0,0.00022988,0.00022988,0.00022988
896,4002.97,0.99298,1.47998,0.71465,1.22645,0,0.62325,0.56405,0.57497,0.32035,0.32333,0.25,0.1667,0.04607,1.7937,1.58226,1.74428,2.12248,0,0.0002279,0.0002279,0.0002279
897,4007.51,0.97266,1.41181,0.74279,1.24067,0,0.60769,0.59858,0.5601,0.31328,0.35614,0.25,0.16123,0.03963,1.78763,1.58532,1.67198,2.1052,0,0.00022592,0.00022592,0.00022592
898,4012.05,0.95649,1.43629,0.70788,1.22567,0,0.59059,0.61364,0.56283,0.31302,0.32222,0.25,0.15975,0.03746,1.78838,1.61357,1.63584,2.11596,0,0.00022394,0.00022394,0.00022394
899,4016.66,0.95739,1.43548,0.71688,1.22113,0,0.55037,0.61364,0.52829,0.29069,0.3175,0.22727,0.14764,0.0367,1.81197,1.62376,1.65358,2.14837,0,0.00022196,0.00022196,0.00022196
900,4021.08,0.93324,1.30703,0.69191,1.18512,0,0.51759,0.61364,0.50731,0.27874,0.30203,0.22727,0.14114,0.03442,1.80316,1.61438,1.66845,2.14114,0,0.00021998,0.00021998,0.00021998
901,4025.52,0.95607,1.43751,0.71497,1.21047,0,0.4839,0.57545,0.49173,0.27268,0.29348,0.22727,0.13865,0.03697,1.82752,1.60924,1.71339,2.15782,0,0.000218,0.000218,0.000218
902,4029.91,0.97002,1.4126,0.72099,1.23349,0,0.4839,0.57545,0.49173,0.27268,0.29348,0.22727,0.13865,0.03697,1.82752,1.60924,1.71339,2.15782,0,0.00021602,0.00021602,0.00021602
903,4034.25,0.94332,1.46422,0.71754,1.19766,0,0.47271,0.57053,0.49358,0.27117,0.28319,0.22727,0.14784,0.04071,1.82926,1.60361,1.72186,2.17875,0,0.00021404,0.00021404,0.00021404
904,4038.56,0.9542,1.41106,0.69998,1.21401,0,0.49419,0.62185,0.51222,0.28296,0.29274,0.27273,0.16993,0.0368,1.80215,1.58273,1.69996,2.15644,0,0.00021206,0.00021206,0.00021206
905,4042.95,0.90306,1.30655,0.67063,1.17174,0,0.46862,0.70455,0.51538,0.28948,0.29496,0.29545,0.16583,0.04137,1.79345,1.57169,1.71012,2.1427,0,0.00021008,0.00021008,0.00021008
906,4047.68,1.04901,1.48381,0.76288,1.27141,0,0.52856,0.61364,0.51001,0.29504,0.30102,0.29545,0.16452,0.03874,1.79735,1.57193,1.72038,2.13267,0,0.0002081,0.0002081,0.0002081
907,4052.1,1.02298,1.53915,0.74496,1.24524,0,0.52856,0.61364,0.51001,0.29504,0.30102,0.29545,0.16452,0.03874,1.79735,1.57193,1.72038,2.13267,0,0.00020612,0.00020612,0.00020612
908,4056.48,0.96766,1.40689,0.72158,1.22729,0,0.53225,0.61364,0.51807,0.29608,0.2738,0.29545,0.16215,0.03927,1.77601,1.57107,1.70825,2.11017,0,0.00020414,0.00020414,0.00020414
909,4060.85,0.96864,1.46065,0.69975,1.23398,0,0.50848,0.59091,0.5167,0.29984,0.31446,0.25,0.15324,0.03844,1.7381,1.58494,1.69679,2.0832,0,0.00020216,0.00020216,0.00020216
910,4065.32,0.93239,1.36189,0.68738,1.20138,0,0.4988,0.59091,0.52323,0.30789,0.3618,0.27273,0.17148,0.0404,1.72733,1.59929,1.67176,2.08312,0,0.00020018,0.00020018,0.00020018
911,4069.69,0.89309,1.38223,0.6947,1.18496,0,0.62203,0.52273,0.53487,0.30542,0.31544,0.24103,0.1581,0.04368,1.70661,1.61054,1.64872,2.06882,0,0.0001982,0.0001982,0.0001982
912,4074.17,0.93946,1.37851,0.69074,1.22468,0,0.62203,0.52273,0.53487,0.30542,0.31544,0.24103,0.1581,0.04368,1.70661,1.61054,1.64872,2.06882,0,0.00019622,0.00019622,0.00019622
913,4078.5,0.97258,1.44471,0.72918,1.23449,0,0.58533,0.54537,0.52861,0.29944,0.36842,0.27273,0.17539,0.04515,1.69659,1.61423,1.62684,2.08001,0,0.00019424,0.00019424,0.00019424
914,4082.83,0.95343,1.47497,0.72504,1.24436,0,0.53166,0.54545,0.4949,0.2865,0.36478,0.27273,0.17837,0.04098,1.68777,1.61865,1.60111,2.0916,0,0.00019226,0.00019226,0.00019226
915,4087.29,0.96496,1.48349,0.71408,1.19461,0,0.58147,0.52273,0.52353,0.30655,0.37935,0.27273,0.1828,0.043,1.71447,1.62287,1.57619,2.13333,0,0.00019028,0.00019028,0.00019028
916,4091.78,0.94482,1.41115,0.70884,1.19413,0,0.5993,0.52273,0.52887,0.3126,0.37016,0.27273,0.18389,0.0421,1.69925,1.61843,1.55502,2.11749,0,0.0001883,0.0001883,0.0001883
917,4096.15,0.97355,1.47421,0.72508,1.19193,0,0.59791,0.52273,0.52751,0.31605,0.30588,0.22727,0.13031,0.03426,1.70737,1.62225,1.56029,2.12033,0,0.00018632,0.00018632,0.00018632
918,4100.7,0.97155,1.4504,0.71657,1.22703,0,0.59791,0.52273,0.52751,0.31605,0.30588,0.22727,0.13031,0.03426,1.70737,1.62225,1.56029,2.12033,0,0.00018434,0.00018434,0.00018434
919,4105.32,0.9147,1.44377,0.70475,1.19721,0,0.5643,0.52996,0.51703,0.30702,0.23233,0.25,0.12404,0.03789,1.71777,1.61715,1.53173,2.12789,0,0.00018236,0.00018236,0.00018236
920,4109.69,0.96781,1.43264,0.74241,1.19766,0,0.62837,0.53813,0.52223,0.30868,0.30772,0.29545,0.14755,0.04017,1.75281,1.61275,1.54341,2.16205,0,0.00018038,0.00018038,0.00018038
921,4114.12,0.91073,1.40588,0.68442,1.18993,0,0.62546,0.52273,0.53079,0.31023,0.3119,0.27273,0.15619,0.0454,1.76371,1.59823,1.53561,2.17628,0,0.0001784,0.0001784,0.0001784
922,4118.52,0.99234,1.47179,0.74068,1.26379,0,0.61332,0.52273,0.53982,0.3147,0.34028,0.31654,0.15563,0.04462,1.76418,1.60314,1.54317,2.18302,0,0.00017642,0.00017642,0.00017642
923,4122.99,0.97432,1.47863,0.74123,1.21513,0,0.61332,0.52273,0.53982,0.3147,0.34028,0.31654,0.15563,0.04462,1.76418,1.60314,1.54317,2.18302,0,0.00017444,0.00017444,0.00017444
924,4127.38,0.91279,1.3299,0.65908,1.18025,0,0.59081,0.59091,0.53699,0.31112,0.31697,0.34091,0.20212,0.04752,1.77046,1.60824,1.50558,2.18404,0,0.00017246,0.00017246,0.00017246
925,4131.85,0.95417,1.4084,0.6936,1.20935,0,0.54697,0.54545,0.53826,0.30776,0.39037,0.24749,0.18729,0.04569,1.76954,1.62175,1.50747,2.18724,0,0.00017048,0.00017048,0.00017048
926,4136.4,0.95914,1.37239,0.71839,1.19561,0,0.54809,0.54545,0.52784,0.3042,0.34508,0.22727,0.18484,0.04429,1.75266,1.62714,1.51583,2.16321,0,0.0001685,0.0001685,0.0001685
927,4141.01,0.96362,1.35277,0.71516,1.19953,0,0.57598,0.58666,0.54591,0.3123,0.34239,0.25,0.18925,0.04392,1.75184,1.62513,1.56401,2.1447,0,0.00016652,0.00016652,0.00016652
928,4145.34,1.06221,1.63658,0.82037,1.30579,0,0.57598,0.58666,0.54591,0.3123,0.34239,0.25,0.18925,0.04392,1.75184,1.62513,1.56401,2.1447,0,0.00016454,0.00016454,0.00016454
929,4149.71,0.96315,1.50753,0.74168,1.22338,0,0.53588,0.54545,0.52599,0.30394,0.24561,0.25161,0.17883,0.04215,1.76858,1.63177,1.63701,2.1547,0,0.00016256,0.00016256,0.00016256
930,4154.17,1.03588,1.49154,0.75083,1.27883,0,0.54105,0.54545,0.5228,0.30522,0.31039,0.25,0.18227,0.04297,1.76922,1.62686,1.64021,2.14211,0,0.00016058,0.00016058,0.00016058
931,4158.59,0.94239,1.34058,0.6894,1.19975,0,0.51468,0.54545,0.51518,0.30755,0.33492,0.27273,0.19068,0.04473,1.75948,1.61247,1.61849,2.12649,0,0.0001586,0.0001586,0.0001586
932,4162.96,0.94635,1.3657,0.70927,1.20665,0,0.5576,0.52273,0.53446,0.31834,0.33677,0.27273,0.19142,0.04483,1.73827,1.59675,1.59934,2.09549,0,0.00015662,0.00015662,0.00015662
933,4167.52,0.95188,1.37103,0.7152,1.22146,0,0.60572,0.5,0.54231,0.31745,0.32071,0.31818,0.2141,0.047,1.72188,1.57667,1.55583,2.0884,0,0.00015464,0.00015464,0.00015464
934,4172.03,0.96953,1.41649,0.73992,1.22849,0,0.60572,0.5,0.54231,0.31745,0.32071,0.31818,0.2141,0.047,1.72188,1.57667,1.55583,2.0884,0,0.00015266,0.00015266,0.00015266
935,4176.64,0.98695,1.44287,0.7397,1.21598,0,0.63922,0.56818,0.56034,0.32857,0.34923,0.28067,0.21204,0.04542,1.71446,1.55845,1.51191,2.07397,0,0.00015068,0.00015068,0.00015068
936,4181.06,0.92044,1.4342,0.70095,1.18621,0,0.67984,0.56818,0.57588,0.33763,0.35993,0.29545,0.21194,0.05206,1.7112,1.57018,1.46761,2.08635,0,0.0001487,0.0001487,0.0001487
937,4185.5,0.92841,1.39145,0.71658,1.19776,0,0.66794,0.54545,0.58742,0.33843,0.36276,0.29545,0.21544,0.04843,1.71073,1.55814,1.4289,2.07556,0,0.00014672,0.00014672,0.00014672
938,4189.82,0.97009,1.44683,0.70574,1.21675,0,0.66986,0.54545,0.59303,0.34415,0.3343,0.27273,0.19289,0.04737,1.71577,1.56841,1.4126,2.08444,0,0.00014474,0.00014474,0.00014474
939,4194.41,0.99951,1.44119,0.75263,1.25104,0,0.66986,0.54545,0.59303,0.34415,0.3343,0.27273,0.19289,0.04737,1.71577,1.56841,1.4126,2.08444,0,0.00014276,0.00014276,0.00014276
940,4198.84,0.98245,1.39951,0.71363,1.20327,0,0.68647,0.54545,0.60952,0.35456,0.34162,0.27273,0.19551,0.04837,1.71098,1.5739,1.41417,2.07796,0,0.00014078,0.00014078,0.00014078
941,4203.34,0.98575,1.44433,0.71402,1.23068,0,0.64314,0.54545,0.60194,0.34693,0.32805,0.27273,0.18437,0.04496,1.71419,1.57349,1.45096,2.09023,0,0.0001388,0.0001388,0.0001388
942,4207.72,0.96352,1.39582,0.68767,1.22146,0,0.54327,0.62187,0.58907,0.33845,0.35388,0.27273,0.18098,0.04341,1.73121,1.59195,1.45826,2.10251,0,0.00013682,0.00013682,0.00013682
943,4212.12,0.95658,1.45071,0.724,1.22485,0,0.5639,0.59091,0.57072,0.32406,0.35978,0.27273,0.18073,0.0422,1.75084,1.59791,1.48055,2.11744,0,0.00013484,0.00013484,0.00013484
944,4216.43,0.92505,1.40893,0.73794,1.19889,0,0.5639,0.59091,0.57072,0.32406,0.35978,0.27273,0.18073,0.0422,1.75084,1.59791,1.48055,2.11744,0,0.00013286,0.00013286,0.00013286
945,4220.92,0.93127,1.44434,0.71208,1.18139,0,0.604,0.62408,0.57491,0.32741,0.33547,0.25,0.18041,0.04122,1.78066,1.60316,1.52404,2.15018,0,0.00013088,0.00013088,0.00013088
946,4225.44,0.95831,1.46339,0.72455,1.21154,0,0.65003,0.63636,0.57868,0.3241,0.31095,0.29545,0.18716,0.03844,1.81556,1.6103,1.55802,2.18299,0,0.0001289,0.0001289,0.0001289
947,4229.87,0.99042,1.49227,0.7383,1.24097,0,0.62533,0.64497,0.5821,0.32195,0.31709,0.31818,0.18676,0.03995,1.81204,1.60951,1.57203,2.17257,0,0.00012692,0.00012692,0.00012692
948,4234.29,0.92382,1.34463,0.71897,1.18642,0,0.59237,0.66057,0.58084,0.3222,0.30664,0.29545,0.18762,0.04061,1.82512,1.6122,1.60652,2.1846,0,0.00012494,0.00012494,0.00012494
949,4238.67,0.91718,1.34622,0.69957,1.19643,0,0.55333,0.65909,0.55718,0.31888,0.29849,0.27273,0.18529,0.0382,1.81671,1.60951,1.61325,2.16716,0,0.00012296,0.00012296,0.00012296
950,4243.07,0.9464,1.39216,0.68131,1.19786,0,0.55333,0.65909,0.55718,0.31888,0.29849,0.27273,0.18529,0.0382,1.81671,1.60951,1.61325,2.16716,0,0.00012098,0.00012098,0.00012098
951,4247.02,0.83237,1.18223,0.74461,1.18428,0,0.55763,0.61364,0.54708,0.3166,0.30523,0.27273,0.19181,0.04153,1.8104,1.61425,1.61054,2.17495,0,0.000119,0.000119,0.000119
952,4250.82,0.85735,1.18705,0.71902,1.19598,0,0.55698,0.56818,0.55106,0.30632,0.29268,0.29545,0.19616,0.04399,1.82323,1.62978,1.70831,2.19444,0,0.00011702,0.00011702,0.00011702
953,4255,0.8796,1.22308,0.69729,1.20827,0,0.55738,0.54545,0.54132,0.3084,0.40042,0.20455,0.18063,0.04356,1.82427,1.64252,1.76337,2.20794,0,0.00011504,0.00011504,0.00011504
954,4258.93,0.87865,1.20688,0.66359,1.17996,0,0.43572,0.66696,0.52065,0.29848,0.33274,0.22727,0.17186,0.0457,1.81275,1.65258,1.7814,2.20232,0,0.00011306,0.00011306,0.00011306
955,4262.76,0.86425,1.22973,0.69455,1.21329,0,0.43572,0.66696,0.52065,0.29848,0.33274,0.22727,0.17186,0.0457,1.81275,1.65258,1.7814,2.20232,0,0.00011108,0.00011108,0.00011108
956,4266.48,0.88191,1.19208,0.69458,1.24249,0,0.47937,0.62787,0.51307,0.29107,0.33728,0.25,0.19361,0.04451,1.78275,1.6538,1.7468,2.17085,0,0.0001091,0.0001091,0.0001091
957,4270.26,0.8179,1.20956,0.65394,1.15081,0,0.5096,0.61364,0.53812,0.30828,0.2425,0.29545,0.175,0.04776,1.76335,1.65647,1.69309,2.15462,0,0.00010712,0.00010712,0.00010712
958,4274.09,0.85064,1.16184,0.67752,1.1921,0,0.53668,0.63636,0.56301,0.32602,0.2401,0.27273,0.17344,0.04393,1.75748,1.65676,1.65356,2.15187,0,0.00010514,0.00010514,0.00010514
959,4277.83,0.82966,1.12587,0.63131,1.1635,0,0.56782,0.59091,0.58403,0.33717,0.23994,0.25,0.16161,0.04145,1.75885,1.65145,1.65133,2.15159,0,0.00010316,0.00010316,0.00010316
960,4281.62,0.82265,1.12305,0.63687,1.16806,0,0.56782,0.59091,0.58403,0.33717,0.23994,0.25,0.16161,0.04145,1.75885,1.65145,1.65133,2.15159,0,0.00010118,0.00010118,0.00010118
961,4285.53,0.85215,1.21166,0.64451,1.18257,0,0.55065,0.64065,0.58226,0.32649,0.31527,0.27273,0.17522,0.04171,1.76488,1.65368,1.63378,2.15486,0,9.92e-05,9.92e-05,9.92e-05
962,4289.36,0.81932,1.14795,0.63148,1.21482,0,0.59518,0.63636,0.5938,0.33232,0.30047,0.25,0.15926,0.04046,1.76218,1.64493,1.60673,2.15896,0,9.722e-05,9.722e-05,9.722e-05
963,4293.15,0.87606,1.20376,0.68334,1.23547,0,0.61655,0.63636,0.57973,0.32526,0.30173,0.27273,0.16123,0.04074,1.76208,1.63357,1.57809,2.15047,0,9.524e-05,9.524e-05,9.524e-05
964,4296.98,0.8074,1.12941,0.64106,1.17891,0,0.62625,0.6094,0.58133,0.31898,0.29968,0.27273,0.16,0.04037,1.76023,1.63776,1.57789,2.14804,0,9.326e-05,9.326e-05,9.326e-05
965,4300.91,0.85725,1.21525,0.65798,1.215,0,0.58283,0.63636,0.56925,0.31652,0.29437,0.25,0.16273,0.04229,1.75848,1.63723,1.56894,2.15112,0,9.128e-05,9.128e-05,9.128e-05
966,4304.69,0.90052,1.24346,0.69204,1.24517,0,0.58283,0.63636,0.56925,0.31652,0.29437,0.25,0.16273,0.04229,1.75848,1.63723,1.56894,2.15112,0,8.93e-05,8.93e-05,8.93e-05
967,4308.45,0.81494,1.17119,0.65572,1.17202,0,0.61489,0.63636,0.59382,0.3288,0.32366,0.27273,0.16443,0.04138,1.7572,1.64073,1.54755,2.1656,0,8.732e-05,8.732e-05,8.732e-05
968,4312.24,0.82709,1.14427,0.62546,1.15558,0,0.62667,0.61364,0.59113,0.32598,0.32801,0.27273,0.16583,0.0412,1.7525,1.64407,1.54551,2.16264,0,8.534e-05,8.534e-05,8.534e-05
969,4316.18,0.81505,1.11925,0.62124,1.16692,0,0.63517,0.63315,0.59026,0.32577,0.36193,0.29545,0.17598,0.04066,1.74574,1.63957,1.54939,2.15611,0,8.336e-05,8.336e-05,8.336e-05
970,4319.96,0.84586,1.16958,0.65667,1.22017,0,0.63582,0.63491,0.59425,0.32858,0.3563,0.27273,0.18259,0.04162,1.74413,1.63075,1.53829,2.14537,0,8.138e-05,8.138e-05,8.138e-05
971,4323.75,0.83832,1.20738,0.63969,1.20351,0,0.63582,0.63491,0.59425,0.32858,0.3563,0.27273,0.18259,0.04162,1.74413,1.63075,1.53829,2.14537,0,7.94e-05,7.94e-05,7.94e-05
972,4327.45,0.77785,1.14374,0.61519,1.16792,0,0.61993,0.63636,0.60188,0.33679,0.36093,0.27273,0.18465,0.0425,1.74107,1.62751,1.52547,2.14465,0,7.742e-05,7.742e-05,7.742e-05
973,4331.27,0.82813,1.17194,0.63981,1.14837,0,0.62971,0.65909,0.61146,0.34141,0.39559,0.27273,0.16948,0.04234,1.7206,1.62607,1.54118,2.13721,0,7.544e-05,7.544e-05,7.544e-05
974,4335.16,0.81901,1.08954,0.6245,1.18946,0,0.67301,0.68182,0.63068,0.34639,0.36133,0.25,0.17767,0.04373,1.71784,1.63311,1.51744,2.14509,0,7.346e-05,7.346e-05,7.346e-05
975,4339.01,0.8123,1.14644,0.6137,1.17773,0,0.69489,0.68182,0.63487,0.35905,0.34962,0.31767,0.19163,0.04283,1.70297,1.6289,1.49604,2.13009,0,7.148e-05,7.148e-05,7.148e-05
976,4342.84,0.83886,1.13218,0.66657,1.19015,0,0.69489,0.68182,0.63487,0.35905,0.34962,0.31767,0.19163,0.04283,1.70297,1.6289,1.49604,2.13009,0,6.95e-05,6.95e-05,6.95e-05
977,4346.79,0.78427,1.11516,0.60134,1.15302,0,0.66425,0.68182,0.62057,0.34111,0.39411,0.27273,0.19405,0.0425,1.69636,1.6298,1.53956,2.12451,0,6.752e-05,6.752e-05,6.752e-05
978,4350.52,0.76859,1.16929,0.63078,1.14021,0,0.64421,0.65909,0.60791,0.34298,0.40706,0.27273,0.20152,0.04608,1.69914,1.62702,1.51803,2.12922,0,6.554e-05,6.554e-05,6.554e-05
979,4354.37,0.88413,1.18606,0.65565,1.20363,0,0.63712,0.63636,0.60645,0.33729,0.41356,0.27273,0.20162,0.04478,1.68917,1.63353,1.50778,2.11735,0,6.356e-05,6.356e-05,6.356e-05
980,4358.26,0.83691,1.18331,0.65565,1.18962,0,0.65551,0.63636,0.61147,0.332,0.43631,0.27273,0.19676,0.04413,1.70183,1.63505,1.51465,2.12075,0,6.158e-05,6.158e-05,6.158e-05
981,4362.09,0.85095,1.15303,0.65863,1.20372,0,0.65969,0.63636,0.60973,0.33644,0.45698,0.27273,0.19488,0.04887,1.70579,1.63929,1.52271,2.11556,0,5.96e-05,5.96e-05,5.96e-05
982,4365.91,0.82468,1.13341,0.62561,1.17519,0,0.65969,0.63636,0.60973,0.33644,0.45698,0.27273,0.19488,0.04887,1.70579,1.63929,1.52271,2.11556,0,5.762e-05,5.762e-05,5.762e-05
983,4369.68,0.85591,1.19295,0.66101,1.21162,0,0.61914,0.63636,0.61823,0.33831,0.41912,0.25,0.1741,0.04509,1.71379,1.64146,1.52281,2.12121,0,5.564e-05,5.564e-05,5.564e-05
984,4373.64,0.83679,1.18254,0.64016,1.19099,0,0.58699,0.63636,0.6208,0.34452,0.42365,0.25,0.17346,0.04245,1.70264,1.64251,1.48298,2.1058,0,5.366e-05,5.366e-05,5.366e-05
985,4377.55,0.77845,1.075,0.58809,1.16006,0,0.59857,0.63636,0.62716,0.34337,0.40534,0.25,0.1708,0.04157,1.70233,1.64556,1.48306,2.10732,0,5.168e-05,5.168e-05,5.168e-05
986,4381.34,0.78956,1.09206,0.59984,1.17083,0,0.61049,0.63636,0.63019,0.34601,0.40568,0.25,0.17119,0.04555,1.68855,1.64711,1.46676,2.09838,0,4.97e-05,4.97e-05,4.97e-05
987,4385.09,0.80876,1.20433,0.63955,1.2082,0,0.61049,0.63636,0.63019,0.34601,0.40568,0.25,0.17119,0.04555,1.68855,1.64711,1.46676,2.09838,0,4.772e-05,4.772e-05,4.772e-05
988,4388.95,0.85568,1.20116,0.64309,1.21249,0,0.60329,0.61364,0.60312,0.33283,0.37193,0.22727,0.15581,0.04363,1.68557,1.63567,1.46419,2.09389,0,4.574e-05,4.574e-05,4.574e-05
989,4392.72,0.84188,1.162,0.63896,1.19703,0,0.64077,0.61364,0.60798,0.34335,0.37142,0.22727,0.16015,0.03774,1.69145,1.63885,1.48778,2.09864,0,4.376e-05,4.376e-05,4.376e-05
990,4396.53,0.80426,1.13611,0.63367,1.18959,0,0.6481,0.628,0.6229,0.35806,0.36709,0.22727,0.16362,0.03841,1.68606,1.63688,1.46255,2.08909,0,4.178e-05,4.178e-05,4.178e-05
991,4400.41,0.81727,1.16462,0.63873,1.20192,0,0.65092,0.63636,0.62203,0.35062,0.36011,0.22727,0.15876,0.04372,1.69037,1.63524,1.43373,2.09079,0,3.98e-05,3.98e-05,3.98e-05
992,4404.32,0.78471,1.1546,0.60457,1.17133,0,0.65092,0.63636,0.62203,0.35062,0.36011,0.22727,0.15876,0.04372,1.69037,1.63524,1.43373,2.09079,0,3.782e-05,3.782e-05,3.782e-05
993,4408.11,0.80014,1.08175,0.60567,1.16051,0,0.67998,0.63636,0.6256,0.35849,0.35769,0.22727,0.15942,0.04393,1.69357,1.63324,1.44242,2.09623,0,3.584e-05,3.584e-05,3.584e-05
994,4411.9,0.80728,1.11398,0.63019,1.18935,0,0.68284,0.63636,0.62346,0.35747,0.3528,0.22727,0.15839,0.04379,1.70244,1.6368,1.46613,2.11795,0,3.386e-05,3.386e-05,3.386e-05
995,4415.69,0.81412,1.13131,0.63282,1.17279,0,0.71008,0.63636,0.62697,0.35387,0.40705,0.25,0.17653,0.04602,1.70013,1.64362,1.47462,2.11388,0,3.188e-05,3.188e-05,3.188e-05
996,4419.45,0.83524,1.11498,0.63005,1.20797,0,0.71598,0.63636,0.62801,0.34765,0.44869,0.27273,0.19844,0.04597,1.70595,1.65031,1.48607,2.12032,0,2.99e-05,2.99e-05,2.99e-05
997,4423.19,0.79505,1.11732,0.59491,1.16415,0,0.70539,0.61364,0.62104,0.35002,0.44737,0.27273,0.19522,0.04254,1.71221,1.6495,1.49247,2.12907,0,2.792e-05,2.792e-05,2.792e-05
998,4426.98,0.82682,1.15134,0.6499,1.19353,0,0.70539,0.61364,0.62104,0.35002,0.44737,0.27273,0.19522,0.04254,1.71221,1.6495,1.49247,2.12907,0,2.594e-05,2.594e-05,2.594e-05
999,4430.79,0.80206,1.14971,0.62315,1.158,0,0.71497,0.62724,0.62411,0.34691,0.4368,0.27273,0.19925,0.04935,1.7107,1.64228,1.52368,2.12456,0,2.396e-05,2.396e-05,2.396e-05
1000,4434.76,0.83553,1.13218,0.64138,1.213,0,0.69939,0.63457,0.61995,0.34919,0.47176,0.29545,0.2209,0.05161,1.70887,1.64381,1.52071,2.12755,0,2.198e-05,2.198e-05,2.198e-05
